---------------------------------------------------------------
[2026-04-02T13:56:52+08:00] 127.0.0.1 GET www.jiwankang.com/manage
[运行时间：0.040016s] [吞吐率：24.99req/s] [内存消耗：4,895.18kb] [文件加载：114]
[ error ] [8]未定义数组索引: selected[E:\wwwroot\2026\04\jiwankang\runtime\temp\0ebc0da97c722c413af6448a150993b9.php:118]
[ error ] [8]未定义数组索引: selected[E:\wwwroot\2026\04\jiwankang\runtime\temp\0ebc0da97c722c413af6448a150993b9.php:118]
[ error ] [8]未定义数组索引: selected[E:\wwwroot\2026\04\jiwankang\runtime\temp\0ebc0da97c722c413af6448a150993b9.php:118]
[ error ] [8]未定义数组索引: selected[E:\wwwroot\2026\04\jiwankang\runtime\temp\0ebc0da97c722c413af6448a150993b9.php:118]
[ error ] [8]未定义数组索引: selected[E:\wwwroot\2026\04\jiwankang\runtime\temp\0ebc0da97c722c413af6448a150993b9.php:118]
[ error ] [8]未定义数组索引: selected[E:\wwwroot\2026\04\jiwankang\runtime\temp\0ebc0da97c722c413af6448a150993b9.php:118]
[ error ] [8]未定义数组索引: selected[E:\wwwroot\2026\04\jiwankang\runtime\temp\0ebc0da97c722c413af6448a150993b9.php:118]
[ error ] [8]未定义数组索引: selected[E:\wwwroot\2026\04\jiwankang\runtime\temp\0ebc0da97c722c413af6448a150993b9.php:118]
[ error ] [8]未定义数组索引: selected[E:\wwwroot\2026\04\jiwankang\runtime\temp\0ebc0da97c722c413af6448a150993b9.php:118]
[ error ] [8]未定义数组索引: selected[E:\wwwroot\2026\04\jiwankang\runtime\temp\0ebc0da97c722c413af6448a150993b9.php:118]
[ error ] [8]未定义数组索引: selected[E:\wwwroot\2026\04\jiwankang\runtime\temp\0ebc0da97c722c413af6448a150993b9.php:118]
[ error ] [8]未定义数组索引: selected[E:\wwwroot\2026\04\jiwankang\runtime\temp\0ebc0da97c722c413af6448a150993b9.php:118]
[ error ] [8]未定义数组索引: selected[E:\wwwroot\2026\04\jiwankang\runtime\temp\0ebc0da97c722c413af6448a150993b9.php:118]
[ error ] [8]未定义数组索引: selected[E:\wwwroot\2026\04\jiwankang\runtime\temp\0ebc0da97c722c413af6448a150993b9.php:118]
[ error ] [8]未定义数组索引: selected[E:\wwwroot\2026\04\jiwankang\runtime\temp\0ebc0da97c722c413af6448a150993b9.php:118]
[ error ] [8]未定义数组索引: selected[E:\wwwroot\2026\04\jiwankang\runtime\temp\0ebc0da97c722c413af6448a150993b9.php:118]
[ error ] [8]未定义数组索引: selected[E:\wwwroot\2026\04\jiwankang\runtime\temp\0ebc0da97c722c413af6448a150993b9.php:118]
[ error ] [8]未定义数组索引: selected[E:\wwwroot\2026\04\jiwankang\runtime\temp\0ebc0da97c722c413af6448a150993b9.php:118]
[ error ] [8]未定义数组索引: selected[E:\wwwroot\2026\04\jiwankang\runtime\temp\0ebc0da97c722c413af6448a150993b9.php:118]
[ error ] [8]未定义数组索引: selected[E:\wwwroot\2026\04\jiwankang\runtime\temp\0ebc0da97c722c413af6448a150993b9.php:118]
---------------------------------------------------------------
[2026-04-02T14:58:06+08:00] 127.0.0.1 GET www.jiwankang.com/manage
[运行时间：0.041636s] [吞吐率：24.02req/s] [内存消耗：4,895.27kb] [文件加载：114]
[ error ] [8]未定义数组索引: selected[E:\wwwroot\2026\04\jiwankang\runtime\temp\0ebc0da97c722c413af6448a150993b9.php:118]
[ error ] [8]未定义数组索引: selected[E:\wwwroot\2026\04\jiwankang\runtime\temp\0ebc0da97c722c413af6448a150993b9.php:118]
[ error ] [8]未定义数组索引: selected[E:\wwwroot\2026\04\jiwankang\runtime\temp\0ebc0da97c722c413af6448a150993b9.php:118]
[ error ] [8]未定义数组索引: selected[E:\wwwroot\2026\04\jiwankang\runtime\temp\0ebc0da97c722c413af6448a150993b9.php:118]
[ error ] [8]未定义数组索引: selected[E:\wwwroot\2026\04\jiwankang\runtime\temp\0ebc0da97c722c413af6448a150993b9.php:118]
[ error ] [8]未定义数组索引: selected[E:\wwwroot\2026\04\jiwankang\runtime\temp\0ebc0da97c722c413af6448a150993b9.php:118]
[ error ] [8]未定义数组索引: selected[E:\wwwroot\2026\04\jiwankang\runtime\temp\0ebc0da97c722c413af6448a150993b9.php:118]
[ error ] [8]未定义数组索引: selected[E:\wwwroot\2026\04\jiwankang\runtime\temp\0ebc0da97c722c413af6448a150993b9.php:118]
[ error ] [8]未定义数组索引: selected[E:\wwwroot\2026\04\jiwankang\runtime\temp\0ebc0da97c722c413af6448a150993b9.php:118]
[ error ] [8]未定义数组索引: selected[E:\wwwroot\2026\04\jiwankang\runtime\temp\0ebc0da97c722c413af6448a150993b9.php:118]
[ error ] [8]未定义数组索引: selected[E:\wwwroot\2026\04\jiwankang\runtime\temp\0ebc0da97c722c413af6448a150993b9.php:118]
[ error ] [8]未定义数组索引: selected[E:\wwwroot\2026\04\jiwankang\runtime\temp\0ebc0da97c722c413af6448a150993b9.php:118]
[ error ] [8]未定义数组索引: selected[E:\wwwroot\2026\04\jiwankang\runtime\temp\0ebc0da97c722c413af6448a150993b9.php:118]
[ error ] [8]未定义数组索引: selected[E:\wwwroot\2026\04\jiwankang\runtime\temp\0ebc0da97c722c413af6448a150993b9.php:118]
[ error ] [8]未定义数组索引: selected[E:\wwwroot\2026\04\jiwankang\runtime\temp\0ebc0da97c722c413af6448a150993b9.php:118]
[ error ] [8]未定义数组索引: selected[E:\wwwroot\2026\04\jiwankang\runtime\temp\0ebc0da97c722c413af6448a150993b9.php:118]
[ error ] [8]未定义数组索引: selected[E:\wwwroot\2026\04\jiwankang\runtime\temp\0ebc0da97c722c413af6448a150993b9.php:118]
[ error ] [8]未定义数组索引: selected[E:\wwwroot\2026\04\jiwankang\runtime\temp\0ebc0da97c722c413af6448a150993b9.php:118]
[ error ] [8]未定义数组索引: selected[E:\wwwroot\2026\04\jiwankang\runtime\temp\0ebc0da97c722c413af6448a150993b9.php:118]
[ error ] [8]未定义数组索引: selected[E:\wwwroot\2026\04\jiwankang\runtime\temp\0ebc0da97c722c413af6448a150993b9.php:118]
---------------------------------------------------------------
[2026-04-02T14:59:12+08:00] 127.0.0.1 GET www.jiwankang.com/manage
[运行时间：0.029968s] [吞吐率：33.37req/s] [内存消耗：4,608.66kb] [文件加载：110]
[ error ] [8]未定义数组索引: selected[E:\wwwroot\2026\04\jiwankang\runtime\temp\0ebc0da97c722c413af6448a150993b9.php:118]
[ error ] [8]未定义数组索引: selected[E:\wwwroot\2026\04\jiwankang\runtime\temp\0ebc0da97c722c413af6448a150993b9.php:118]
[ error ] [8]未定义数组索引: selected[E:\wwwroot\2026\04\jiwankang\runtime\temp\0ebc0da97c722c413af6448a150993b9.php:118]
[ error ] [8]未定义数组索引: selected[E:\wwwroot\2026\04\jiwankang\runtime\temp\0ebc0da97c722c413af6448a150993b9.php:118]
[ error ] [8]未定义数组索引: selected[E:\wwwroot\2026\04\jiwankang\runtime\temp\0ebc0da97c722c413af6448a150993b9.php:118]
[ error ] [8]未定义数组索引: selected[E:\wwwroot\2026\04\jiwankang\runtime\temp\0ebc0da97c722c413af6448a150993b9.php:118]
[ error ] [8]未定义数组索引: selected[E:\wwwroot\2026\04\jiwankang\runtime\temp\0ebc0da97c722c413af6448a150993b9.php:118]
[ error ] [8]未定义数组索引: selected[E:\wwwroot\2026\04\jiwankang\runtime\temp\0ebc0da97c722c413af6448a150993b9.php:118]
[ error ] [8]未定义数组索引: selected[E:\wwwroot\2026\04\jiwankang\runtime\temp\0ebc0da97c722c413af6448a150993b9.php:118]
[ error ] [8]未定义数组索引: selected[E:\wwwroot\2026\04\jiwankang\runtime\temp\0ebc0da97c722c413af6448a150993b9.php:118]
[ error ] [8]未定义数组索引: selected[E:\wwwroot\2026\04\jiwankang\runtime\temp\0ebc0da97c722c413af6448a150993b9.php:118]
[ error ] [8]未定义数组索引: selected[E:\wwwroot\2026\04\jiwankang\runtime\temp\0ebc0da97c722c413af6448a150993b9.php:118]
[ error ] [8]未定义数组索引: selected[E:\wwwroot\2026\04\jiwankang\runtime\temp\0ebc0da97c722c413af6448a150993b9.php:118]
[ error ] [8]未定义数组索引: selected[E:\wwwroot\2026\04\jiwankang\runtime\temp\0ebc0da97c722c413af6448a150993b9.php:118]
[ error ] [8]未定义数组索引: selected[E:\wwwroot\2026\04\jiwankang\runtime\temp\0ebc0da97c722c413af6448a150993b9.php:118]
[ error ] [8]未定义数组索引: selected[E:\wwwroot\2026\04\jiwankang\runtime\temp\0ebc0da97c722c413af6448a150993b9.php:118]
[ error ] [8]未定义数组索引: selected[E:\wwwroot\2026\04\jiwankang\runtime\temp\0ebc0da97c722c413af6448a150993b9.php:118]
[ error ] [8]未定义数组索引: selected[E:\wwwroot\2026\04\jiwankang\runtime\temp\0ebc0da97c722c413af6448a150993b9.php:118]
[ error ] [8]未定义数组索引: selected[E:\wwwroot\2026\04\jiwankang\runtime\temp\0ebc0da97c722c413af6448a150993b9.php:118]
[ error ] [8]未定义数组索引: selected[E:\wwwroot\2026\04\jiwankang\runtime\temp\0ebc0da97c722c413af6448a150993b9.php:118]
---------------------------------------------------------------
[2026-04-02T15:09:01+08:00] 127.0.0.1 GET www.jiwankang.com/b2c/index/ceshi
[运行时间：0.041153s] [吞吐率：24.30req/s] [内存消耗：4,190.13kb] [文件加载：101]
[ error ] [8]Array to string conversion[E:\wwwroot\2026\04\jiwankang\thinkphp\library\think\db\Builder.php:653]
[ error ] 三人团订单处理失败：Object of class think\db\Query could not be converted to string
[ error ] [4096]Object of class think\db\Query could not be converted to string[E:\wwwroot\2026\04\jiwankang\thinkphp\library\think\db\Builder.php:659]
---------------------------------------------------------------
[2026-04-02T15:10:16+08:00] 127.0.0.1 GET www.jiwankang.com/b2c/index/ceshi
[运行时间：0.042109s] [吞吐率：23.75req/s] [内存消耗：4,190.19kb] [文件加载：101]
[ error ] [8]Array to string conversion[E:\wwwroot\2026\04\jiwankang\thinkphp\library\think\db\Builder.php:653]
[ error ] 三人团订单处理失败：Object of class think\db\Query could not be converted to string
[ error ] [4096]Object of class think\db\Query could not be converted to string[E:\wwwroot\2026\04\jiwankang\thinkphp\library\think\db\Builder.php:659]
---------------------------------------------------------------
[2026-04-02T15:10:38+08:00] 127.0.0.1 GET www.jiwankang.com/b2c/index/ceshi
[运行时间：0.032172s] [吞吐率：31.08req/s] [内存消耗：4,190.19kb] [文件加载：101]
[ error ] [8]Array to string conversion[E:\wwwroot\2026\04\jiwankang\thinkphp\library\think\db\Builder.php:653]
[ error ] 三人团订单处理失败：Object of class think\db\Query could not be converted to string
[ error ] [4096]Object of class think\db\Query could not be converted to string[E:\wwwroot\2026\04\jiwankang\thinkphp\library\think\db\Builder.php:659]
---------------------------------------------------------------
[2026-04-02T15:11:05+08:00] 127.0.0.1 GET www.jiwankang.com/b2c/index/ceshi
[运行时间：0.033122s] [吞吐率：30.19req/s] [内存消耗：4,190.18kb] [文件加载：101]
[ error ] [8]Array to string conversion[E:\wwwroot\2026\04\jiwankang\thinkphp\library\think\db\Builder.php:653]
[ error ] 三人团订单处理失败：Object of class think\db\Query could not be converted to string
[ error ] [4096]Object of class think\db\Query could not be converted to string[E:\wwwroot\2026\04\jiwankang\thinkphp\library\think\db\Builder.php:659]
---------------------------------------------------------------
[2026-04-02T15:18:46+08:00] 127.0.0.1 GET www.jiwankang.com/b2c/index/ceshi
[运行时间：0.039120s] [吞吐率：25.56req/s] [内存消耗：4,186.69kb] [文件加载：101]
[ error ] [8]未定义变量: orderItemsModel[E:\wwwroot\2026\04\jiwankang\application\common\model\UserSanrentuan.php:66]
[ error ] [0]致命错误: Call to a member function where() on null[E:\wwwroot\2026\04\jiwankang\application\common\model\UserSanrentuan.php:66]
---------------------------------------------------------------
[2026-04-02T15:19:38+08:00] 127.0.0.1 GET www.jiwankang.com/b2c/index/ceshi
[运行时间：0.066908s] [吞吐率：14.95req/s] [内存消耗：4,186.69kb] [文件加载：101]
[ error ] [8]未定义变量: orderItemsModel[E:\wwwroot\2026\04\jiwankang\application\common\model\UserSanrentuan.php:66]
[ error ] [0]致命错误: Call to a member function where() on null[E:\wwwroot\2026\04\jiwankang\application\common\model\UserSanrentuan.php:66]
---------------------------------------------------------------
[2026-04-02T15:19:59+08:00] 127.0.0.1 GET www.jiwankang.com/b2c/index/ceshi
[运行时间：0.031562s] [吞吐率：31.68req/s] [内存消耗：4,189.23kb] [文件加载：102]
[ error ] [8]未定义变量: orderItemsModel[E:\wwwroot\2026\04\jiwankang\application\common\model\UserSanrentuan.php:68]
[ error ] [0]致命错误: Call to a member function where() on null[E:\wwwroot\2026\04\jiwankang\application\common\model\UserSanrentuan.php:68]
---------------------------------------------------------------
[2026-04-02T15:20:19+08:00] 127.0.0.1 GET www.jiwankang.com/b2c/index/ceshi
[运行时间：0.033717s] [吞吐率：29.66req/s] [内存消耗：4,189.23kb] [文件加载：102]
[ error ] [8]未定义变量: orderItemsModel[E:\wwwroot\2026\04\jiwankang\application\common\model\UserSanrentuan.php:68]
[ error ] [0]致命错误: Call to a member function where() on null[E:\wwwroot\2026\04\jiwankang\application\common\model\UserSanrentuan.php:68]
---------------------------------------------------------------
[2026-04-02T15:20:39+08:00] 127.0.0.1 GET www.jiwankang.com/b2c/index/ceshi
[运行时间：0.025658s] [吞吐率：38.97req/s] [内存消耗：4,189.18kb] [文件加载：102]
[ error ] [8]未定义变量: orderItemsModel[E:\wwwroot\2026\04\jiwankang\application\common\model\UserSanrentuan.php:68]
[ error ] [0]致命错误: Call to a member function where() on null[E:\wwwroot\2026\04\jiwankang\application\common\model\UserSanrentuan.php:68]
---------------------------------------------------------------
[2026-04-02T15:20:54+08:00] 127.0.0.1 GET www.jiwankang.com/b2c/index/ceshi
[运行时间：0.026841s] [吞吐率：37.26req/s] [内存消耗：4,189.18kb] [文件加载：102]
[ error ] [8]未定义变量: orderItemsModel[E:\wwwroot\2026\04\jiwankang\application\common\model\UserSanrentuan.php:70]
[ error ] [0]致命错误: Call to a member function where() on null[E:\wwwroot\2026\04\jiwankang\application\common\model\UserSanrentuan.php:70]
---------------------------------------------------------------
[2026-04-02T15:21:36+08:00] 127.0.0.1 GET www.jiwankang.com/b2c/index/ceshi
[运行时间：0.035208s] [吞吐率：28.40req/s] [内存消耗：4,182.32kb] [文件加载：100]
[ error ] [0]致命错误: Class 'app\common\model\orderItemsModel' not found[E:\wwwroot\2026\04\jiwankang\application\common\model\UserSanrentuan.php:68]
---------------------------------------------------------------
[2026-04-02T15:21:45+08:00] 127.0.0.1 GET www.jiwankang.com/b2c/index/ceshi
[运行时间：0.027431s] [吞吐率：36.46req/s] [内存消耗：4,120.76kb] [文件加载：99]
[ error ] [8]未定义变量: price[E:\wwwroot\2026\04\jiwankang\application\common\model\UserSanrentuan.php:76]
---------------------------------------------------------------
[2026-04-02T15:22:06+08:00] 127.0.0.1 GET www.jiwankang.com/b2c/index/ceshi
[运行时间：0.029044s] [吞吐率：34.43req/s] [内存消耗：4,124.37kb] [文件加载：98]
[ error ] [8]未定义变量: price[E:\wwwroot\2026\04\jiwankang\application\common\model\UserSanrentuan.php:71]
---------------------------------------------------------------
[2026-04-02T15:22:51+08:00] 127.0.0.1 GET www.jiwankang.com/b2c/index/ceshi
[运行时间：0.035223s] [吞吐率：28.39req/s] [内存消耗：4,121.77kb] [文件加载：97]
[ error ] [8]未定义变量: price[E:\wwwroot\2026\04\jiwankang\application\common\model\UserSanrentuan.php:71]
---------------------------------------------------------------
[2026-04-02T15:23:19+08:00] 127.0.0.1 GET www.jiwankang.com/b2c/index/ceshi
[运行时间：0.028269s] [吞吐率：35.37req/s] [内存消耗：4,121.77kb] [文件加载：97]
[ error ] [8]未定义变量: price[E:\wwwroot\2026\04\jiwankang\application\common\model\UserSanrentuan.php:71]
---------------------------------------------------------------
[2026-04-02T15:23:54+08:00] 127.0.0.1 GET www.jiwankang.com/b2c/index/ceshi
[运行时间：0.060643s] [吞吐率：16.49req/s] [内存消耗：4,190.54kb] [文件加载：101]
[ error ] [8]未定义变量: price[E:\wwwroot\2026\04\jiwankang\application\common\model\UserSanrentuan.php:71]
[ error ] [8]Array to string conversion[E:\wwwroot\2026\04\jiwankang\thinkphp\library\think\db\Builder.php:653]
[ error ] 三人团订单处理失败：Object of class think\db\Query could not be converted to string
[ error ] [4096]Object of class think\db\Query could not be converted to string[E:\wwwroot\2026\04\jiwankang\thinkphp\library\think\db\Builder.php:659]
---------------------------------------------------------------
[2026-04-02T15:24:30+08:00] 127.0.0.1 GET www.jiwankang.com/b2c/index/ceshi
[运行时间：0.035197s] [吞吐率：28.41req/s] [内存消耗：4,152.16kb] [文件加载：98]
[ error ] [8]未定义变量: price[E:\wwwroot\2026\04\jiwankang\application\common\model\UserSanrentuan.php:71]
---------------------------------------------------------------
[2026-04-02T15:24:53+08:00] 127.0.0.1 GET www.jiwankang.com/b2c/index/ceshi
[运行时间：0.031528s] [吞吐率：31.72req/s] [内存消耗：4,118.49kb] [文件加载：98]
[ error ] [8]未定义变量: price[E:\wwwroot\2026\04\jiwankang\application\common\model\UserSanrentuan.php:71]
---------------------------------------------------------------
[2026-04-02T15:27:07+08:00] 127.0.0.1 GET www.jiwankang.com/b2c/index/ceshi
[运行时间：0.039574s] [吞吐率：25.27req/s] [内存消耗：4,190.48kb] [文件加载：101]
[ error ] [8]未定义变量: price[E:\wwwroot\2026\04\jiwankang\application\common\model\UserSanrentuan.php:71]
[ error ] [8]Array to string conversion[E:\wwwroot\2026\04\jiwankang\thinkphp\library\think\db\Builder.php:653]
[ error ] 三人团订单处理失败：Object of class think\db\Query could not be converted to string
[ error ] [4096]Object of class think\db\Query could not be converted to string[E:\wwwroot\2026\04\jiwankang\thinkphp\library\think\db\Builder.php:659]
---------------------------------------------------------------
[2026-04-02T15:27:42+08:00] 127.0.0.1 GET www.jiwankang.com/b2c/index/ceshi
[运行时间：0.041859s] [吞吐率：23.89req/s] [内存消耗：4,190.48kb] [文件加载：101]
[ error ] [8]未定义变量: price[E:\wwwroot\2026\04\jiwankang\application\common\model\UserSanrentuan.php:71]
[ error ] [8]Array to string conversion[E:\wwwroot\2026\04\jiwankang\thinkphp\library\think\db\Builder.php:653]
[ error ] 三人团订单处理失败：Object of class think\db\Query could not be converted to string
[ error ] [4096]Object of class think\db\Query could not be converted to string[E:\wwwroot\2026\04\jiwankang\thinkphp\library\think\db\Builder.php:659]
---------------------------------------------------------------
[2026-04-02T15:28:34+08:00] 127.0.0.1 GET www.jiwankang.com/b2c/index/ceshi
[运行时间：0.048707s] [吞吐率：20.53req/s] [内存消耗：4,190.38kb] [文件加载：102]
[ error ] [8]未定义变量: price[E:\wwwroot\2026\04\jiwankang\application\common\model\UserSanrentuan.php:71]
[ error ] [8]Array to string conversion[E:\wwwroot\2026\04\jiwankang\thinkphp\library\think\db\Builder.php:653]
[ error ] 三人团订单处理失败：Object of class think\db\Query could not be converted to string
[ error ] [4096]Object of class think\db\Query could not be converted to string[E:\wwwroot\2026\04\jiwankang\thinkphp\library\think\db\Builder.php:659]
---------------------------------------------------------------
[2026-04-02T15:29:19+08:00] 127.0.0.1 GET www.jiwankang.com/b2c/index/ceshi
[运行时间：0.041501s] [吞吐率：24.10req/s] [内存消耗：4,117.46kb] [文件加载：99]
[ error ] [8]未定义变量: price[E:\wwwroot\2026\04\jiwankang\application\common\model\UserSanrentuan.php:71]
---------------------------------------------------------------
[2026-04-02T15:30:59+08:00] 127.0.0.1 GET www.jiwankang.com/b2c/index/ceshi
[运行时间：0.035871s] [吞吐率：27.88req/s] [内存消耗：4,117.76kb] [文件加载：99]
[ error ] [8]未定义变量: price[E:\wwwroot\2026\04\jiwankang\application\common\model\UserSanrentuan.php:71]
---------------------------------------------------------------
[2026-04-02T15:42:23+08:00] 127.0.0.1 GET www.jiwankang.com/b2c/index/ceshi
[运行时间：0.043868s] [吞吐率：22.80req/s] [内存消耗：4,125.45kb] [文件加载：99]
[ error ] [8]未定义变量: price[E:\wwwroot\2026\04\jiwankang\application\common\model\UserSanrentuan.php:71]
---------------------------------------------------------------
[2026-04-02T15:51:04+08:00] 127.0.0.1 GET www.jiwankang.com/b2c/index/ceshi
[运行时间：0.036512s] [吞吐率：27.39req/s] [内存消耗：4,125.14kb] [文件加载：99]
[ error ] [8]未定义变量: price[E:\wwwroot\2026\04\jiwankang\application\common\model\UserSanrentuan.php:71]
---------------------------------------------------------------
[2026-04-02T15:51:33+08:00] 127.0.0.1 GET www.jiwankang.com/b2c/index/ceshi
[运行时间：0.033284s] [吞吐率：30.04req/s] [内存消耗：4,125.14kb] [文件加载：99]
[ error ] [8]未定义变量: price[E:\wwwroot\2026\04\jiwankang\application\common\model\UserSanrentuan.php:71]
---------------------------------------------------------------
[2026-04-02T15:56:30+08:00] 127.0.0.1 GET www.jiwankang.com/b2c/index/ceshi
[运行时间：0.035366s] [吞吐率：28.28req/s] [内存消耗：4,126.39kb] [文件加载：99]
[ error ] [8]未定义变量: price[E:\wwwroot\2026\04\jiwankang\application\common\model\UserSanrentuan.php:71]
---------------------------------------------------------------
[2026-04-02T15:56:58+08:00] 127.0.0.1 GET www.jiwankang.com/b2c/index/ceshi
[运行时间：0.031380s] [吞吐率：31.87req/s] [内存消耗：4,154.33kb] [文件加载：98]
[ error ] [8]未定义变量: price[E:\wwwroot\2026\04\jiwankang\application\common\model\UserSanrentuan.php:71]
---------------------------------------------------------------
[2026-04-02T16:07:49+08:00] 127.0.0.1 GET www.jiwankang.com/manage
[运行时间：0.048821s] [吞吐率：20.48req/s] [内存消耗：4,895.27kb] [文件加载：114]
[ error ] [8]未定义数组索引: selected[E:\wwwroot\2026\04\jiwankang\runtime\temp\0ebc0da97c722c413af6448a150993b9.php:118]
[ error ] [8]未定义数组索引: selected[E:\wwwroot\2026\04\jiwankang\runtime\temp\0ebc0da97c722c413af6448a150993b9.php:118]
[ error ] [8]未定义数组索引: selected[E:\wwwroot\2026\04\jiwankang\runtime\temp\0ebc0da97c722c413af6448a150993b9.php:118]
[ error ] [8]未定义数组索引: selected[E:\wwwroot\2026\04\jiwankang\runtime\temp\0ebc0da97c722c413af6448a150993b9.php:118]
[ error ] [8]未定义数组索引: selected[E:\wwwroot\2026\04\jiwankang\runtime\temp\0ebc0da97c722c413af6448a150993b9.php:118]
[ error ] [8]未定义数组索引: selected[E:\wwwroot\2026\04\jiwankang\runtime\temp\0ebc0da97c722c413af6448a150993b9.php:118]
[ error ] [8]未定义数组索引: selected[E:\wwwroot\2026\04\jiwankang\runtime\temp\0ebc0da97c722c413af6448a150993b9.php:118]
[ error ] [8]未定义数组索引: selected[E:\wwwroot\2026\04\jiwankang\runtime\temp\0ebc0da97c722c413af6448a150993b9.php:118]
[ error ] [8]未定义数组索引: selected[E:\wwwroot\2026\04\jiwankang\runtime\temp\0ebc0da97c722c413af6448a150993b9.php:118]
[ error ] [8]未定义数组索引: selected[E:\wwwroot\2026\04\jiwankang\runtime\temp\0ebc0da97c722c413af6448a150993b9.php:118]
[ error ] [8]未定义数组索引: selected[E:\wwwroot\2026\04\jiwankang\runtime\temp\0ebc0da97c722c413af6448a150993b9.php:118]
[ error ] [8]未定义数组索引: selected[E:\wwwroot\2026\04\jiwankang\runtime\temp\0ebc0da97c722c413af6448a150993b9.php:118]
[ error ] [8]未定义数组索引: selected[E:\wwwroot\2026\04\jiwankang\runtime\temp\0ebc0da97c722c413af6448a150993b9.php:118]
[ error ] [8]未定义数组索引: selected[E:\wwwroot\2026\04\jiwankang\runtime\temp\0ebc0da97c722c413af6448a150993b9.php:118]
[ error ] [8]未定义数组索引: selected[E:\wwwroot\2026\04\jiwankang\runtime\temp\0ebc0da97c722c413af6448a150993b9.php:118]
[ error ] [8]未定义数组索引: selected[E:\wwwroot\2026\04\jiwankang\runtime\temp\0ebc0da97c722c413af6448a150993b9.php:118]
[ error ] [8]未定义数组索引: selected[E:\wwwroot\2026\04\jiwankang\runtime\temp\0ebc0da97c722c413af6448a150993b9.php:118]
[ error ] [8]未定义数组索引: selected[E:\wwwroot\2026\04\jiwankang\runtime\temp\0ebc0da97c722c413af6448a150993b9.php:118]
[ error ] [8]未定义数组索引: selected[E:\wwwroot\2026\04\jiwankang\runtime\temp\0ebc0da97c722c413af6448a150993b9.php:118]
[ error ] [8]未定义数组索引: selected[E:\wwwroot\2026\04\jiwankang\runtime\temp\0ebc0da97c722c413af6448a150993b9.php:118]
---------------------------------------------------------------
[2026-04-02T16:48:18+08:00] 127.0.0.1 GET www.jiwankang.com/manage
[运行时间：0.036192s] [吞吐率：27.63req/s] [内存消耗：4,608.66kb] [文件加载：110]
[ error ] [8]未定义数组索引: selected[E:\wwwroot\2026\04\jiwankang\runtime\temp\0ebc0da97c722c413af6448a150993b9.php:118]
[ error ] [8]未定义数组索引: selected[E:\wwwroot\2026\04\jiwankang\runtime\temp\0ebc0da97c722c413af6448a150993b9.php:118]
[ error ] [8]未定义数组索引: selected[E:\wwwroot\2026\04\jiwankang\runtime\temp\0ebc0da97c722c413af6448a150993b9.php:118]
[ error ] [8]未定义数组索引: selected[E:\wwwroot\2026\04\jiwankang\runtime\temp\0ebc0da97c722c413af6448a150993b9.php:118]
[ error ] [8]未定义数组索引: selected[E:\wwwroot\2026\04\jiwankang\runtime\temp\0ebc0da97c722c413af6448a150993b9.php:118]
[ error ] [8]未定义数组索引: selected[E:\wwwroot\2026\04\jiwankang\runtime\temp\0ebc0da97c722c413af6448a150993b9.php:118]
[ error ] [8]未定义数组索引: selected[E:\wwwroot\2026\04\jiwankang\runtime\temp\0ebc0da97c722c413af6448a150993b9.php:118]
[ error ] [8]未定义数组索引: selected[E:\wwwroot\2026\04\jiwankang\runtime\temp\0ebc0da97c722c413af6448a150993b9.php:118]
[ error ] [8]未定义数组索引: selected[E:\wwwroot\2026\04\jiwankang\runtime\temp\0ebc0da97c722c413af6448a150993b9.php:118]
[ error ] [8]未定义数组索引: selected[E:\wwwroot\2026\04\jiwankang\runtime\temp\0ebc0da97c722c413af6448a150993b9.php:118]
[ error ] [8]未定义数组索引: selected[E:\wwwroot\2026\04\jiwankang\runtime\temp\0ebc0da97c722c413af6448a150993b9.php:118]
[ error ] [8]未定义数组索引: selected[E:\wwwroot\2026\04\jiwankang\runtime\temp\0ebc0da97c722c413af6448a150993b9.php:118]
[ error ] [8]未定义数组索引: selected[E:\wwwroot\2026\04\jiwankang\runtime\temp\0ebc0da97c722c413af6448a150993b9.php:118]
[ error ] [8]未定义数组索引: selected[E:\wwwroot\2026\04\jiwankang\runtime\temp\0ebc0da97c722c413af6448a150993b9.php:118]
[ error ] [8]未定义数组索引: selected[E:\wwwroot\2026\04\jiwankang\runtime\temp\0ebc0da97c722c413af6448a150993b9.php:118]
[ error ] [8]未定义数组索引: selected[E:\wwwroot\2026\04\jiwankang\runtime\temp\0ebc0da97c722c413af6448a150993b9.php:118]
[ error ] [8]未定义数组索引: selected[E:\wwwroot\2026\04\jiwankang\runtime\temp\0ebc0da97c722c413af6448a150993b9.php:118]
[ error ] [8]未定义数组索引: selected[E:\wwwroot\2026\04\jiwankang\runtime\temp\0ebc0da97c722c413af6448a150993b9.php:118]
[ error ] [8]未定义数组索引: selected[E:\wwwroot\2026\04\jiwankang\runtime\temp\0ebc0da97c722c413af6448a150993b9.php:118]
[ error ] [8]未定义数组索引: selected[E:\wwwroot\2026\04\jiwankang\runtime\temp\0ebc0da97c722c413af6448a150993b9.php:118]
---------------------------------------------------------------
[2026-04-02T16:53:47+08:00] 127.0.0.1 GET www.jiwankang.com/manage
[运行时间：0.057699s] [吞吐率：17.33req/s] [内存消耗：4,608.66kb] [文件加载：110]
[ error ] [8]未定义数组索引: selected[E:\wwwroot\2026\04\jiwankang\runtime\temp\0ebc0da97c722c413af6448a150993b9.php:118]
[ error ] [8]未定义数组索引: selected[E:\wwwroot\2026\04\jiwankang\runtime\temp\0ebc0da97c722c413af6448a150993b9.php:118]
[ error ] [8]未定义数组索引: selected[E:\wwwroot\2026\04\jiwankang\runtime\temp\0ebc0da97c722c413af6448a150993b9.php:118]
[ error ] [8]未定义数组索引: selected[E:\wwwroot\2026\04\jiwankang\runtime\temp\0ebc0da97c722c413af6448a150993b9.php:118]
[ error ] [8]未定义数组索引: selected[E:\wwwroot\2026\04\jiwankang\runtime\temp\0ebc0da97c722c413af6448a150993b9.php:118]
[ error ] [8]未定义数组索引: selected[E:\wwwroot\2026\04\jiwankang\runtime\temp\0ebc0da97c722c413af6448a150993b9.php:118]
[ error ] [8]未定义数组索引: selected[E:\wwwroot\2026\04\jiwankang\runtime\temp\0ebc0da97c722c413af6448a150993b9.php:118]
[ error ] [8]未定义数组索引: selected[E:\wwwroot\2026\04\jiwankang\runtime\temp\0ebc0da97c722c413af6448a150993b9.php:118]
[ error ] [8]未定义数组索引: selected[E:\wwwroot\2026\04\jiwankang\runtime\temp\0ebc0da97c722c413af6448a150993b9.php:118]
[ error ] [8]未定义数组索引: selected[E:\wwwroot\2026\04\jiwankang\runtime\temp\0ebc0da97c722c413af6448a150993b9.php:118]
[ error ] [8]未定义数组索引: selected[E:\wwwroot\2026\04\jiwankang\runtime\temp\0ebc0da97c722c413af6448a150993b9.php:118]
[ error ] [8]未定义数组索引: selected[E:\wwwroot\2026\04\jiwankang\runtime\temp\0ebc0da97c722c413af6448a150993b9.php:118]
[ error ] [8]未定义数组索引: selected[E:\wwwroot\2026\04\jiwankang\runtime\temp\0ebc0da97c722c413af6448a150993b9.php:118]
[ error ] [8]未定义数组索引: selected[E:\wwwroot\2026\04\jiwankang\runtime\temp\0ebc0da97c722c413af6448a150993b9.php:118]
[ error ] [8]未定义数组索引: selected[E:\wwwroot\2026\04\jiwankang\runtime\temp\0ebc0da97c722c413af6448a150993b9.php:118]
[ error ] [8]未定义数组索引: selected[E:\wwwroot\2026\04\jiwankang\runtime\temp\0ebc0da97c722c413af6448a150993b9.php:118]
[ error ] [8]未定义数组索引: selected[E:\wwwroot\2026\04\jiwankang\runtime\temp\0ebc0da97c722c413af6448a150993b9.php:118]
[ error ] [8]未定义数组索引: selected[E:\wwwroot\2026\04\jiwankang\runtime\temp\0ebc0da97c722c413af6448a150993b9.php:118]
[ error ] [8]未定义数组索引: selected[E:\wwwroot\2026\04\jiwankang\runtime\temp\0ebc0da97c722c413af6448a150993b9.php:118]
[ error ] [8]未定义数组索引: selected[E:\wwwroot\2026\04\jiwankang\runtime\temp\0ebc0da97c722c413af6448a150993b9.php:118]
---------------------------------------------------------------
[2026-04-02T16:55:45+08:00] 127.0.0.1 GET www.jiwankang.com/manage/operation/add.html
[运行时间：0.044645s] [吞吐率：22.40req/s] [内存消耗：5,462.27kb] [文件加载：116]
[ error ] [8]未定义变量: info[E:\wwwroot\2026\04\jiwankang\runtime\temp\f01e142b625ceb6f33533b99f932e84b.php:3]
[ error ] [8]未定义变量: info[E:\wwwroot\2026\04\jiwankang\runtime\temp\f01e142b625ceb6f33533b99f932e84b.php:11]
[ error ] [8]未定义变量: info[E:\wwwroot\2026\04\jiwankang\runtime\temp\f01e142b625ceb6f33533b99f932e84b.php:13]
[ error ] [8]未定义变量: info[E:\wwwroot\2026\04\jiwankang\runtime\temp\f01e142b625ceb6f33533b99f932e84b.php:13]
[ error ] [8]未定义变量: info[E:\wwwroot\2026\04\jiwankang\runtime\temp\f01e142b625ceb6f33533b99f932e84b.php:13]
[ error ] [8]未定义变量: info[E:\wwwroot\2026\04\jiwankang\runtime\temp\f01e142b625ceb6f33533b99f932e84b.php:13]
[ error ] [8]未定义变量: info[E:\wwwroot\2026\04\jiwankang\runtime\temp\f01e142b625ceb6f33533b99f932e84b.php:15]
[ error ] [8]未定义变量: info[E:\wwwroot\2026\04\jiwankang\runtime\temp\f01e142b625ceb6f33533b99f932e84b.php:15]
[ error ] [8]未定义变量: info[E:\wwwroot\2026\04\jiwankang\runtime\temp\f01e142b625ceb6f33533b99f932e84b.php:13]
[ error ] [8]未定义变量: info[E:\wwwroot\2026\04\jiwankang\runtime\temp\f01e142b625ceb6f33533b99f932e84b.php:15]
[ error ] [8]未定义变量: info[E:\wwwroot\2026\04\jiwankang\runtime\temp\f01e142b625ceb6f33533b99f932e84b.php:13]
[ error ] [8]未定义变量: info[E:\wwwroot\2026\04\jiwankang\runtime\temp\f01e142b625ceb6f33533b99f932e84b.php:13]
[ error ] [8]未定义变量: info[E:\wwwroot\2026\04\jiwankang\runtime\temp\f01e142b625ceb6f33533b99f932e84b.php:13]
[ error ] [8]未定义变量: info[E:\wwwroot\2026\04\jiwankang\runtime\temp\f01e142b625ceb6f33533b99f932e84b.php:13]
[ error ] [8]未定义变量: info[E:\wwwroot\2026\04\jiwankang\runtime\temp\f01e142b625ceb6f33533b99f932e84b.php:13]
[ error ] [8]未定义变量: info[E:\wwwroot\2026\04\jiwankang\runtime\temp\f01e142b625ceb6f33533b99f932e84b.php:13]
[ error ] [8]未定义变量: info[E:\wwwroot\2026\04\jiwankang\runtime\temp\f01e142b625ceb6f33533b99f932e84b.php:13]
[ error ] [8]未定义变量: info[E:\wwwroot\2026\04\jiwankang\runtime\temp\f01e142b625ceb6f33533b99f932e84b.php:13]
[ error ] [8]未定义变量: info[E:\wwwroot\2026\04\jiwankang\runtime\temp\f01e142b625ceb6f33533b99f932e84b.php:13]
[ error ] [8]未定义变量: info[E:\wwwroot\2026\04\jiwankang\runtime\temp\f01e142b625ceb6f33533b99f932e84b.php:13]
[ error ] [8]未定义变量: info[E:\wwwroot\2026\04\jiwankang\runtime\temp\f01e142b625ceb6f33533b99f932e84b.php:13]
[ error ] [8]未定义变量: info[E:\wwwroot\2026\04\jiwankang\runtime\temp\f01e142b625ceb6f33533b99f932e84b.php:13]
[ error ] [8]未定义变量: info[E:\wwwroot\2026\04\jiwankang\runtime\temp\f01e142b625ceb6f33533b99f932e84b.php:13]
[ error ] [8]未定义变量: info[E:\wwwroot\2026\04\jiwankang\runtime\temp\f01e142b625ceb6f33533b99f932e84b.php:13]
[ error ] [8]未定义变量: info[E:\wwwroot\2026\04\jiwankang\runtime\temp\f01e142b625ceb6f33533b99f932e84b.php:13]
[ error ] [8]未定义变量: info[E:\wwwroot\2026\04\jiwankang\runtime\temp\f01e142b625ceb6f33533b99f932e84b.php:13]
[ error ] [8]未定义变量: info[E:\wwwroot\2026\04\jiwankang\runtime\temp\f01e142b625ceb6f33533b99f932e84b.php:13]
[ error ] [8]未定义变量: info[E:\wwwroot\2026\04\jiwankang\runtime\temp\f01e142b625ceb6f33533b99f932e84b.php:13]
[ error ] [8]未定义变量: info[E:\wwwroot\2026\04\jiwankang\runtime\temp\f01e142b625ceb6f33533b99f932e84b.php:13]
[ error ] [8]未定义变量: info[E:\wwwroot\2026\04\jiwankang\runtime\temp\f01e142b625ceb6f33533b99f932e84b.php:13]
[ error ] [8]未定义变量: info[E:\wwwroot\2026\04\jiwankang\runtime\temp\f01e142b625ceb6f33533b99f932e84b.php:13]
[ error ] [8]未定义变量: info[E:\wwwroot\2026\04\jiwankang\runtime\temp\f01e142b625ceb6f33533b99f932e84b.php:13]
[ error ] [8]未定义变量: info[E:\wwwroot\2026\04\jiwankang\runtime\temp\f01e142b625ceb6f33533b99f932e84b.php:13]
[ error ] [8]未定义变量: info[E:\wwwroot\2026\04\jiwankang\runtime\temp\f01e142b625ceb6f33533b99f932e84b.php:13]
[ error ] [8]未定义变量: info[E:\wwwroot\2026\04\jiwankang\runtime\temp\f01e142b625ceb6f33533b99f932e84b.php:13]
[ error ] [8]未定义变量: info[E:\wwwroot\2026\04\jiwankang\runtime\temp\f01e142b625ceb6f33533b99f932e84b.php:13]
[ error ] [8]未定义变量: info[E:\wwwroot\2026\04\jiwankang\runtime\temp\f01e142b625ceb6f33533b99f932e84b.php:13]
[ error ] [8]未定义变量: info[E:\wwwroot\2026\04\jiwankang\runtime\temp\f01e142b625ceb6f33533b99f932e84b.php:15]
[ error ] [8]未定义变量: info[E:\wwwroot\2026\04\jiwankang\runtime\temp\f01e142b625ceb6f33533b99f932e84b.php:13]
[ error ] [8]未定义变量: info[E:\wwwroot\2026\04\jiwankang\runtime\temp\f01e142b625ceb6f33533b99f932e84b.php:15]
[ error ] [8]未定义变量: info[E:\wwwroot\2026\04\jiwankang\runtime\temp\f01e142b625ceb6f33533b99f932e84b.php:15]
[ error ] [8]未定义变量: info[E:\wwwroot\2026\04\jiwankang\runtime\temp\f01e142b625ceb6f33533b99f932e84b.php:15]
[ error ] [8]未定义变量: info[E:\wwwroot\2026\04\jiwankang\runtime\temp\f01e142b625ceb6f33533b99f932e84b.php:15]
[ error ] [8]未定义变量: info[E:\wwwroot\2026\04\jiwankang\runtime\temp\f01e142b625ceb6f33533b99f932e84b.php:13]
[ error ] [8]未定义变量: info[E:\wwwroot\2026\04\jiwankang\runtime\temp\f01e142b625ceb6f33533b99f932e84b.php:13]
[ error ] [8]未定义变量: info[E:\wwwroot\2026\04\jiwankang\runtime\temp\f01e142b625ceb6f33533b99f932e84b.php:13]
[ error ] [8]未定义变量: info[E:\wwwroot\2026\04\jiwankang\runtime\temp\f01e142b625ceb6f33533b99f932e84b.php:13]
[ error ] [8]未定义变量: info[E:\wwwroot\2026\04\jiwankang\runtime\temp\f01e142b625ceb6f33533b99f932e84b.php:15]
[ error ] [8]未定义变量: info[E:\wwwroot\2026\04\jiwankang\runtime\temp\f01e142b625ceb6f33533b99f932e84b.php:15]
[ error ] [8]未定义变量: info[E:\wwwroot\2026\04\jiwankang\runtime\temp\f01e142b625ceb6f33533b99f932e84b.php:15]
[ error ] [8]未定义变量: info[E:\wwwroot\2026\04\jiwankang\runtime\temp\f01e142b625ceb6f33533b99f932e84b.php:13]
[ error ] [8]未定义变量: info[E:\wwwroot\2026\04\jiwankang\runtime\temp\f01e142b625ceb6f33533b99f932e84b.php:25]
[ error ] [8]未定义变量: info[E:\wwwroot\2026\04\jiwankang\runtime\temp\f01e142b625ceb6f33533b99f932e84b.php:32]
[ error ] [8]未定义变量: info[E:\wwwroot\2026\04\jiwankang\runtime\temp\f01e142b625ceb6f33533b99f932e84b.php:42]
[ error ] [8]未定义变量: info[E:\wwwroot\2026\04\jiwankang\runtime\temp\f01e142b625ceb6f33533b99f932e84b.php:44]
[ error ] [8]未定义变量: info[E:\wwwroot\2026\04\jiwankang\runtime\temp\f01e142b625ceb6f33533b99f932e84b.php:46]
[ error ] [8]未定义变量: info[E:\wwwroot\2026\04\jiwankang\runtime\temp\f01e142b625ceb6f33533b99f932e84b.php:48]
[ error ] [8]未定义变量: info[E:\wwwroot\2026\04\jiwankang\runtime\temp\f01e142b625ceb6f33533b99f932e84b.php:48]
[ error ] [8]未定义变量: info[E:\wwwroot\2026\04\jiwankang\runtime\temp\f01e142b625ceb6f33533b99f932e84b.php:48]
[ error ] [8]未定义变量: info[E:\wwwroot\2026\04\jiwankang\runtime\temp\f01e142b625ceb6f33533b99f932e84b.php:48]
[ error ] [8]未定义变量: info[E:\wwwroot\2026\04\jiwankang\runtime\temp\f01e142b625ceb6f33533b99f932e84b.php:48]
[ error ] [8]未定义变量: info[E:\wwwroot\2026\04\jiwankang\runtime\temp\f01e142b625ceb6f33533b99f932e84b.php:48]
[ error ] [8]未定义变量: info[E:\wwwroot\2026\04\jiwankang\runtime\temp\f01e142b625ceb6f33533b99f932e84b.php:48]
[ error ] [8]未定义变量: info[E:\wwwroot\2026\04\jiwankang\runtime\temp\f01e142b625ceb6f33533b99f932e84b.php:48]
[ error ] [8]未定义变量: info[E:\wwwroot\2026\04\jiwankang\runtime\temp\f01e142b625ceb6f33533b99f932e84b.php:46]
[ error ] [8]未定义变量: info[E:\wwwroot\2026\04\jiwankang\runtime\temp\f01e142b625ceb6f33533b99f932e84b.php:48]
[ error ] [8]未定义变量: info[E:\wwwroot\2026\04\jiwankang\runtime\temp\f01e142b625ceb6f33533b99f932e84b.php:48]
[ error ] [8]未定义变量: info[E:\wwwroot\2026\04\jiwankang\runtime\temp\f01e142b625ceb6f33533b99f932e84b.php:48]
[ error ] [8]未定义变量: info[E:\wwwroot\2026\04\jiwankang\runtime\temp\f01e142b625ceb6f33533b99f932e84b.php:48]
[ error ] [8]未定义变量: info[E:\wwwroot\2026\04\jiwankang\runtime\temp\f01e142b625ceb6f33533b99f932e84b.php:46]
[ error ] [8]未定义变量: info[E:\wwwroot\2026\04\jiwankang\runtime\temp\f01e142b625ceb6f33533b99f932e84b.php:48]
[ error ] [8]未定义变量: info[E:\wwwroot\2026\04\jiwankang\runtime\temp\f01e142b625ceb6f33533b99f932e84b.php:48]
[ error ] [8]未定义变量: info[E:\wwwroot\2026\04\jiwankang\runtime\temp\f01e142b625ceb6f33533b99f932e84b.php:48]
[ error ] [8]未定义变量: info[E:\wwwroot\2026\04\jiwankang\runtime\temp\f01e142b625ceb6f33533b99f932e84b.php:46]
[ error ] [8]未定义变量: info[E:\wwwroot\2026\04\jiwankang\runtime\temp\f01e142b625ceb6f33533b99f932e84b.php:46]
[ error ] [8]未定义变量: info[E:\wwwroot\2026\04\jiwankang\runtime\temp\f01e142b625ceb6f33533b99f932e84b.php:48]
[ error ] [8]未定义变量: info[E:\wwwroot\2026\04\jiwankang\runtime\temp\f01e142b625ceb6f33533b99f932e84b.php:48]
[ error ] [8]未定义变量: info[E:\wwwroot\2026\04\jiwankang\runtime\temp\f01e142b625ceb6f33533b99f932e84b.php:48]
[ error ] [8]未定义变量: info[E:\wwwroot\2026\04\jiwankang\runtime\temp\f01e142b625ceb6f33533b99f932e84b.php:46]
[ error ] [8]未定义变量: info[E:\wwwroot\2026\04\jiwankang\runtime\temp\f01e142b625ceb6f33533b99f932e84b.php:48]
[ error ] [8]未定义变量: info[E:\wwwroot\2026\04\jiwankang\runtime\temp\f01e142b625ceb6f33533b99f932e84b.php:48]
[ error ] [8]未定义变量: info[E:\wwwroot\2026\04\jiwankang\runtime\temp\f01e142b625ceb6f33533b99f932e84b.php:48]
[ error ] [8]未定义变量: info[E:\wwwroot\2026\04\jiwankang\runtime\temp\f01e142b625ceb6f33533b99f932e84b.php:46]
[ error ] [8]未定义变量: info[E:\wwwroot\2026\04\jiwankang\runtime\temp\f01e142b625ceb6f33533b99f932e84b.php:46]
[ error ] [8]未定义变量: info[E:\wwwroot\2026\04\jiwankang\runtime\temp\f01e142b625ceb6f33533b99f932e84b.php:44]
[ error ] [8]未定义变量: info[E:\wwwroot\2026\04\jiwankang\runtime\temp\f01e142b625ceb6f33533b99f932e84b.php:46]
[ error ] [8]未定义变量: info[E:\wwwroot\2026\04\jiwankang\runtime\temp\f01e142b625ceb6f33533b99f932e84b.php:48]
[ error ] [8]未定义变量: info[E:\wwwroot\2026\04\jiwankang\runtime\temp\f01e142b625ceb6f33533b99f932e84b.php:48]
[ error ] [8]未定义变量: info[E:\wwwroot\2026\04\jiwankang\runtime\temp\f01e142b625ceb6f33533b99f932e84b.php:48]
[ error ] [8]未定义变量: info[E:\wwwroot\2026\04\jiwankang\runtime\temp\f01e142b625ceb6f33533b99f932e84b.php:48]
[ error ] [8]未定义变量: info[E:\wwwroot\2026\04\jiwankang\runtime\temp\f01e142b625ceb6f33533b99f932e84b.php:48]
[ error ] [8]未定义变量: info[E:\wwwroot\2026\04\jiwankang\runtime\temp\f01e142b625ceb6f33533b99f932e84b.php:48]
[ error ] [8]未定义变量: info[E:\wwwroot\2026\04\jiwankang\runtime\temp\f01e142b625ceb6f33533b99f932e84b.php:48]
[ error ] [8]未定义变量: info[E:\wwwroot\2026\04\jiwankang\runtime\temp\f01e142b625ceb6f33533b99f932e84b.php:48]
[ error ] [8]未定义变量: info[E:\wwwroot\2026\04\jiwankang\runtime\temp\f01e142b625ceb6f33533b99f932e84b.php:46]
[ error ] [8]未定义变量: info[E:\wwwroot\2026\04\jiwankang\runtime\temp\f01e142b625ceb6f33533b99f932e84b.php:48]
[ error ] [8]未定义变量: info[E:\wwwroot\2026\04\jiwankang\runtime\temp\f01e142b625ceb6f33533b99f932e84b.php:46]
[ error ] [8]未定义变量: info[E:\wwwroot\2026\04\jiwankang\runtime\temp\f01e142b625ceb6f33533b99f932e84b.php:46]
[ error ] [8]未定义变量: info[E:\wwwroot\2026\04\jiwankang\runtime\temp\f01e142b625ceb6f33533b99f932e84b.php:44]
[ error ] [8]未定义变量: info[E:\wwwroot\2026\04\jiwankang\runtime\temp\f01e142b625ceb6f33533b99f932e84b.php:46]
[ error ] [8]未定义变量: info[E:\wwwroot\2026\04\jiwankang\runtime\temp\f01e142b625ceb6f33533b99f932e84b.php:48]
[ error ] [8]未定义变量: info[E:\wwwroot\2026\04\jiwankang\runtime\temp\f01e142b625ceb6f33533b99f932e84b.php:48]
[ error ] [8]未定义变量: info[E:\wwwroot\2026\04\jiwankang\runtime\temp\f01e142b625ceb6f33533b99f932e84b.php:48]
[ error ] [8]未定义变量: info[E:\wwwroot\2026\04\jiwankang\runtime\temp\f01e142b625ceb6f33533b99f932e84b.php:48]
[ error ] [8]未定义变量: info[E:\wwwroot\2026\04\jiwankang\runtime\temp\f01e142b625ceb6f33533b99f932e84b.php:48]
[ error ] [8]未定义变量: info[E:\wwwroot\2026\04\jiwankang\runtime\temp\f01e142b625ceb6f33533b99f932e84b.php:46]
[ error ] [8]未定义变量: info[E:\wwwroot\2026\04\jiwankang\runtime\temp\f01e142b625ceb6f33533b99f932e84b.php:48]
[ error ] [8]未定义变量: info[E:\wwwroot\2026\04\jiwankang\runtime\temp\f01e142b625ceb6f33533b99f932e84b.php:46]
[ error ] [8]未定义变量: info[E:\wwwroot\2026\04\jiwankang\runtime\temp\f01e142b625ceb6f33533b99f932e84b.php:46]
[ error ] [8]未定义变量: info[E:\wwwroot\2026\04\jiwankang\runtime\temp\f01e142b625ceb6f33533b99f932e84b.php:48]
[ error ] [8]未定义变量: info[E:\wwwroot\2026\04\jiwankang\runtime\temp\f01e142b625ceb6f33533b99f932e84b.php:48]
[ error ] [8]未定义变量: info[E:\wwwroot\2026\04\jiwankang\runtime\temp\f01e142b625ceb6f33533b99f932e84b.php:46]
[ error ] [8]未定义变量: info[E:\wwwroot\2026\04\jiwankang\runtime\temp\f01e142b625ceb6f33533b99f932e84b.php:48]
[ error ] [8]未定义变量: info[E:\wwwroot\2026\04\jiwankang\runtime\temp\f01e142b625ceb6f33533b99f932e84b.php:48]
[ error ] [8]未定义变量: info[E:\wwwroot\2026\04\jiwankang\runtime\temp\f01e142b625ceb6f33533b99f932e84b.php:46]
[ error ] [8]未定义变量: info[E:\wwwroot\2026\04\jiwankang\runtime\temp\f01e142b625ceb6f33533b99f932e84b.php:48]
[ error ] [8]未定义变量: info[E:\wwwroot\2026\04\jiwankang\runtime\temp\f01e142b625ceb6f33533b99f932e84b.php:48]
[ error ] [8]未定义变量: info[E:\wwwroot\2026\04\jiwankang\runtime\temp\f01e142b625ceb6f33533b99f932e84b.php:48]
[ error ] [8]未定义变量: info[E:\wwwroot\2026\04\jiwankang\runtime\temp\f01e142b625ceb6f33533b99f932e84b.php:46]
[ error ] [8]未定义变量: info[E:\wwwroot\2026\04\jiwankang\runtime\temp\f01e142b625ceb6f33533b99f932e84b.php:48]
[ error ] [8]未定义变量: info[E:\wwwroot\2026\04\jiwankang\runtime\temp\f01e142b625ceb6f33533b99f932e84b.php:48]
[ error ] [8]未定义变量: info[E:\wwwroot\2026\04\jiwankang\runtime\temp\f01e142b625ceb6f33533b99f932e84b.php:48]
[ error ] [8]未定义变量: info[E:\wwwroot\2026\04\jiwankang\runtime\temp\f01e142b625ceb6f33533b99f932e84b.php:44]
[ error ] [8]未定义变量: info[E:\wwwroot\2026\04\jiwankang\runtime\temp\f01e142b625ceb6f33533b99f932e84b.php:46]
[ error ] [8]未定义变量: info[E:\wwwroot\2026\04\jiwankang\runtime\temp\f01e142b625ceb6f33533b99f932e84b.php:48]
[ error ] [8]未定义变量: info[E:\wwwroot\2026\04\jiwankang\runtime\temp\f01e142b625ceb6f33533b99f932e84b.php:48]
[ error ] [8]未定义变量: info[E:\wwwroot\2026\04\jiwankang\runtime\temp\f01e142b625ceb6f33533b99f932e84b.php:46]
[ error ] [8]未定义变量: info[E:\wwwroot\2026\04\jiwankang\runtime\temp\f01e142b625ceb6f33533b99f932e84b.php:48]
[ error ] [8]未定义变量: info[E:\wwwroot\2026\04\jiwankang\runtime\temp\f01e142b625ceb6f33533b99f932e84b.php:48]
[ error ] [8]未定义变量: info[E:\wwwroot\2026\04\jiwankang\runtime\temp\f01e142b625ceb6f33533b99f932e84b.php:48]
[ error ] [8]未定义变量: info[E:\wwwroot\2026\04\jiwankang\runtime\temp\f01e142b625ceb6f33533b99f932e84b.php:46]
[ error ] [8]未定义变量: info[E:\wwwroot\2026\04\jiwankang\runtime\temp\f01e142b625ceb6f33533b99f932e84b.php:48]
[ error ] [8]未定义变量: info[E:\wwwroot\2026\04\jiwankang\runtime\temp\f01e142b625ceb6f33533b99f932e84b.php:48]
[ error ] [8]未定义变量: info[E:\wwwroot\2026\04\jiwankang\runtime\temp\f01e142b625ceb6f33533b99f932e84b.php:48]
[ error ] [8]未定义变量: info[E:\wwwroot\2026\04\jiwankang\runtime\temp\f01e142b625ceb6f33533b99f932e84b.php:48]
[ error ] [8]未定义变量: info[E:\wwwroot\2026\04\jiwankang\runtime\temp\f01e142b625ceb6f33533b99f932e84b.php:48]
[ error ] [8]未定义变量: info[E:\wwwroot\2026\04\jiwankang\runtime\temp\f01e142b625ceb6f33533b99f932e84b.php:48]
[ error ] [8]未定义变量: info[E:\wwwroot\2026\04\jiwankang\runtime\temp\f01e142b625ceb6f33533b99f932e84b.php:48]
[ error ] [8]未定义变量: info[E:\wwwroot\2026\04\jiwankang\runtime\temp\f01e142b625ceb6f33533b99f932e84b.php:48]
[ error ] [8]未定义变量: info[E:\wwwroot\2026\04\jiwankang\runtime\temp\f01e142b625ceb6f33533b99f932e84b.php:46]
[ error ] [8]未定义变量: info[E:\wwwroot\2026\04\jiwankang\runtime\temp\f01e142b625ceb6f33533b99f932e84b.php:48]
[ error ] [8]未定义变量: info[E:\wwwroot\2026\04\jiwankang\runtime\temp\f01e142b625ceb6f33533b99f932e84b.php:48]
[ error ] [8]未定义变量: info[E:\wwwroot\2026\04\jiwankang\runtime\temp\f01e142b625ceb6f33533b99f932e84b.php:48]
[ error ] [8]未定义变量: info[E:\wwwroot\2026\04\jiwankang\runtime\temp\f01e142b625ceb6f33533b99f932e84b.php:46]
[ error ] [8]未定义变量: info[E:\wwwroot\2026\04\jiwankang\runtime\temp\f01e142b625ceb6f33533b99f932e84b.php:48]
[ error ] [8]未定义变量: info[E:\wwwroot\2026\04\jiwankang\runtime\temp\f01e142b625ceb6f33533b99f932e84b.php:48]
[ error ] [8]未定义变量: info[E:\wwwroot\2026\04\jiwankang\runtime\temp\f01e142b625ceb6f33533b99f932e84b.php:48]
[ error ] [8]未定义变量: info[E:\wwwroot\2026\04\jiwankang\runtime\temp\f01e142b625ceb6f33533b99f932e84b.php:44]
[ error ] [8]未定义变量: info[E:\wwwroot\2026\04\jiwankang\runtime\temp\f01e142b625ceb6f33533b99f932e84b.php:46]
[ error ] [8]未定义变量: info[E:\wwwroot\2026\04\jiwankang\runtime\temp\f01e142b625ceb6f33533b99f932e84b.php:48]
[ error ] [8]未定义变量: info[E:\wwwroot\2026\04\jiwankang\runtime\temp\f01e142b625ceb6f33533b99f932e84b.php:46]
[ error ] [8]未定义变量: info[E:\wwwroot\2026\04\jiwankang\runtime\temp\f01e142b625ceb6f33533b99f932e84b.php:48]
[ error ] [8]未定义变量: info[E:\wwwroot\2026\04\jiwankang\runtime\temp\f01e142b625ceb6f33533b99f932e84b.php:48]
[ error ] [8]未定义变量: info[E:\wwwroot\2026\04\jiwankang\runtime\temp\f01e142b625ceb6f33533b99f932e84b.php:46]
[ error ] [8]未定义变量: info[E:\wwwroot\2026\04\jiwankang\runtime\temp\f01e142b625ceb6f33533b99f932e84b.php:48]
[ error ] [8]未定义变量: info[E:\wwwroot\2026\04\jiwankang\runtime\temp\f01e142b625ceb6f33533b99f932e84b.php:46]
[ error ] [8]未定义变量: info[E:\wwwroot\2026\04\jiwankang\runtime\temp\f01e142b625ceb6f33533b99f932e84b.php:46]
[ error ] [8]未定义变量: info[E:\wwwroot\2026\04\jiwankang\runtime\temp\f01e142b625ceb6f33533b99f932e84b.php:46]
[ error ] [8]未定义变量: info[E:\wwwroot\2026\04\jiwankang\runtime\temp\f01e142b625ceb6f33533b99f932e84b.php:44]
[ error ] [8]未定义变量: info[E:\wwwroot\2026\04\jiwankang\runtime\temp\f01e142b625ceb6f33533b99f932e84b.php:46]
[ error ] [8]未定义变量: info[E:\wwwroot\2026\04\jiwankang\runtime\temp\f01e142b625ceb6f33533b99f932e84b.php:46]
[ error ] [8]未定义变量: info[E:\wwwroot\2026\04\jiwankang\runtime\temp\f01e142b625ceb6f33533b99f932e84b.php:46]
[ error ] [8]未定义变量: info[E:\wwwroot\2026\04\jiwankang\runtime\temp\f01e142b625ceb6f33533b99f932e84b.php:44]
[ error ] [8]未定义变量: info[E:\wwwroot\2026\04\jiwankang\runtime\temp\f01e142b625ceb6f33533b99f932e84b.php:46]
[ error ] [8]未定义变量: info[E:\wwwroot\2026\04\jiwankang\runtime\temp\f01e142b625ceb6f33533b99f932e84b.php:46]
[ error ] [8]未定义变量: info[E:\wwwroot\2026\04\jiwankang\runtime\temp\f01e142b625ceb6f33533b99f932e84b.php:46]
[ error ] [8]未定义变量: info[E:\wwwroot\2026\04\jiwankang\runtime\temp\f01e142b625ceb6f33533b99f932e84b.php:44]
[ error ] [8]未定义变量: info[E:\wwwroot\2026\04\jiwankang\runtime\temp\f01e142b625ceb6f33533b99f932e84b.php:46]
[ error ] [8]未定义变量: info[E:\wwwroot\2026\04\jiwankang\runtime\temp\f01e142b625ceb6f33533b99f932e84b.php:48]
[ error ] [8]未定义变量: info[E:\wwwroot\2026\04\jiwankang\runtime\temp\f01e142b625ceb6f33533b99f932e84b.php:48]
[ error ] [8]未定义变量: info[E:\wwwroot\2026\04\jiwankang\runtime\temp\f01e142b625ceb6f33533b99f932e84b.php:46]
[ error ] [8]未定义变量: info[E:\wwwroot\2026\04\jiwankang\runtime\temp\f01e142b625ceb6f33533b99f932e84b.php:48]
[ error ] [8]未定义变量: info[E:\wwwroot\2026\04\jiwankang\runtime\temp\f01e142b625ceb6f33533b99f932e84b.php:48]
[ error ] [8]未定义变量: info[E:\wwwroot\2026\04\jiwankang\runtime\temp\f01e142b625ceb6f33533b99f932e84b.php:48]
[ error ] [8]未定义变量: info[E:\wwwroot\2026\04\jiwankang\runtime\temp\f01e142b625ceb6f33533b99f932e84b.php:46]
[ error ] [8]未定义变量: info[E:\wwwroot\2026\04\jiwankang\runtime\temp\f01e142b625ceb6f33533b99f932e84b.php:48]
[ error ] [8]未定义变量: info[E:\wwwroot\2026\04\jiwankang\runtime\temp\f01e142b625ceb6f33533b99f932e84b.php:48]
[ error ] [8]未定义变量: info[E:\wwwroot\2026\04\jiwankang\runtime\temp\f01e142b625ceb6f33533b99f932e84b.php:46]
[ error ] [8]未定义变量: info[E:\wwwroot\2026\04\jiwankang\runtime\temp\f01e142b625ceb6f33533b99f932e84b.php:48]
[ error ] [8]未定义变量: info[E:\wwwroot\2026\04\jiwankang\runtime\temp\f01e142b625ceb6f33533b99f932e84b.php:48]
[ error ] [8]未定义变量: info[E:\wwwroot\2026\04\jiwankang\runtime\temp\f01e142b625ceb6f33533b99f932e84b.php:46]
[ error ] [8]未定义变量: info[E:\wwwroot\2026\04\jiwankang\runtime\temp\f01e142b625ceb6f33533b99f932e84b.php:48]
[ error ] [8]未定义变量: info[E:\wwwroot\2026\04\jiwankang\runtime\temp\f01e142b625ceb6f33533b99f932e84b.php:48]
[ error ] [8]未定义变量: info[E:\wwwroot\2026\04\jiwankang\runtime\temp\f01e142b625ceb6f33533b99f932e84b.php:48]
[ error ] [8]未定义变量: info[E:\wwwroot\2026\04\jiwankang\runtime\temp\f01e142b625ceb6f33533b99f932e84b.php:46]
[ error ] [8]未定义变量: info[E:\wwwroot\2026\04\jiwankang\runtime\temp\f01e142b625ceb6f33533b99f932e84b.php:48]
[ error ] [8]未定义变量: info[E:\wwwroot\2026\04\jiwankang\runtime\temp\f01e142b625ceb6f33533b99f932e84b.php:46]
[ error ] [8]未定义变量: info[E:\wwwroot\2026\04\jiwankang\runtime\temp\f01e142b625ceb6f33533b99f932e84b.php:48]
[ error ] [8]未定义变量: info[E:\wwwroot\2026\04\jiwankang\runtime\temp\f01e142b625ceb6f33533b99f932e84b.php:48]
[ error ] [8]未定义变量: info[E:\wwwroot\2026\04\jiwankang\runtime\temp\f01e142b625ceb6f33533b99f932e84b.php:48]
[ error ] [8]未定义变量: info[E:\wwwroot\2026\04\jiwankang\runtime\temp\f01e142b625ceb6f33533b99f932e84b.php:46]
[ error ] [8]未定义变量: info[E:\wwwroot\2026\04\jiwankang\runtime\temp\f01e142b625ceb6f33533b99f932e84b.php:46]
[ error ] [8]未定义变量: info[E:\wwwroot\2026\04\jiwankang\runtime\temp\f01e142b625ceb6f33533b99f932e84b.php:48]
[ error ] [8]未定义变量: info[E:\wwwroot\2026\04\jiwankang\runtime\temp\f01e142b625ceb6f33533b99f932e84b.php:48]
[ error ] [8]未定义变量: info[E:\wwwroot\2026\04\jiwankang\runtime\temp\f01e142b625ceb6f33533b99f932e84b.php:44]
[ error ] [8]未定义变量: info[E:\wwwroot\2026\04\jiwankang\runtime\temp\f01e142b625ceb6f33533b99f932e84b.php:46]
[ error ] [8]未定义变量: info[E:\wwwroot\2026\04\jiwankang\runtime\temp\f01e142b625ceb6f33533b99f932e84b.php:46]
[ error ] [8]未定义变量: info[E:\wwwroot\2026\04\jiwankang\runtime\temp\f01e142b625ceb6f33533b99f932e84b.php:48]
[ error ] [8]未定义变量: info[E:\wwwroot\2026\04\jiwankang\runtime\temp\f01e142b625ceb6f33533b99f932e84b.php:46]
[ error ] [8]未定义变量: info[E:\wwwroot\2026\04\jiwankang\runtime\temp\f01e142b625ceb6f33533b99f932e84b.php:48]
[ error ] [8]未定义变量: info[E:\wwwroot\2026\04\jiwankang\runtime\temp\f01e142b625ceb6f33533b99f932e84b.php:48]
[ error ] [8]未定义变量: info[E:\wwwroot\2026\04\jiwankang\runtime\temp\f01e142b625ceb6f33533b99f932e84b.php:48]
[ error ] [8]未定义变量: info[E:\wwwroot\2026\04\jiwankang\runtime\temp\f01e142b625ceb6f33533b99f932e84b.php:48]
[ error ] [8]未定义变量: info[E:\wwwroot\2026\04\jiwankang\runtime\temp\f01e142b625ceb6f33533b99f932e84b.php:48]
[ error ] [8]未定义变量: info[E:\wwwroot\2026\04\jiwankang\runtime\temp\f01e142b625ceb6f33533b99f932e84b.php:48]
[ error ] [8]未定义变量: info[E:\wwwroot\2026\04\jiwankang\runtime\temp\f01e142b625ceb6f33533b99f932e84b.php:46]
[ error ] [8]未定义变量: info[E:\wwwroot\2026\04\jiwankang\runtime\temp\f01e142b625ceb6f33533b99f932e84b.php:48]
[ error ] [8]未定义变量: info[E:\wwwroot\2026\04\jiwankang\runtime\temp\f01e142b625ceb6f33533b99f932e84b.php:46]
[ error ] [8]未定义变量: info[E:\wwwroot\2026\04\jiwankang\runtime\temp\f01e142b625ceb6f33533b99f932e84b.php:48]
[ error ] [8]未定义变量: info[E:\wwwroot\2026\04\jiwankang\runtime\temp\f01e142b625ceb6f33533b99f932e84b.php:48]
[ error ] [8]未定义变量: info[E:\wwwroot\2026\04\jiwankang\runtime\temp\f01e142b625ceb6f33533b99f932e84b.php:48]
[ error ] [8]未定义变量: info[E:\wwwroot\2026\04\jiwankang\runtime\temp\f01e142b625ceb6f33533b99f932e84b.php:48]
[ error ] [8]未定义变量: info[E:\wwwroot\2026\04\jiwankang\runtime\temp\f01e142b625ceb6f33533b99f932e84b.php:46]
[ error ] [8]未定义变量: info[E:\wwwroot\2026\04\jiwankang\runtime\temp\f01e142b625ceb6f33533b99f932e84b.php:48]
[ error ] [8]未定义变量: info[E:\wwwroot\2026\04\jiwankang\runtime\temp\f01e142b625ceb6f33533b99f932e84b.php:46]
[ error ] [8]未定义变量: info[E:\wwwroot\2026\04\jiwankang\runtime\temp\f01e142b625ceb6f33533b99f932e84b.php:48]
[ error ] [8]未定义变量: info[E:\wwwroot\2026\04\jiwankang\runtime\temp\f01e142b625ceb6f33533b99f932e84b.php:46]
[ error ] [8]未定义变量: info[E:\wwwroot\2026\04\jiwankang\runtime\temp\f01e142b625ceb6f33533b99f932e84b.php:48]
[ error ] [8]未定义变量: info[E:\wwwroot\2026\04\jiwankang\runtime\temp\f01e142b625ceb6f33533b99f932e84b.php:48]
[ error ] [8]未定义变量: info[E:\wwwroot\2026\04\jiwankang\runtime\temp\f01e142b625ceb6f33533b99f932e84b.php:46]
[ error ] [8]未定义变量: info[E:\wwwroot\2026\04\jiwankang\runtime\temp\f01e142b625ceb6f33533b99f932e84b.php:48]
[ error ] [8]未定义变量: info[E:\wwwroot\2026\04\jiwankang\runtime\temp\f01e142b625ceb6f33533b99f932e84b.php:48]
[ error ] [8]未定义变量: info[E:\wwwroot\2026\04\jiwankang\runtime\temp\f01e142b625ceb6f33533b99f932e84b.php:46]
[ error ] [8]未定义变量: info[E:\wwwroot\2026\04\jiwankang\runtime\temp\f01e142b625ceb6f33533b99f932e84b.php:48]
[ error ] [8]未定义变量: info[E:\wwwroot\2026\04\jiwankang\runtime\temp\f01e142b625ceb6f33533b99f932e84b.php:46]
[ error ] [8]未定义变量: info[E:\wwwroot\2026\04\jiwankang\runtime\temp\f01e142b625ceb6f33533b99f932e84b.php:59]
[ error ] [8]未定义变量: info[E:\wwwroot\2026\04\jiwankang\runtime\temp\f01e142b625ceb6f33533b99f932e84b.php:60]
[ error ] [8]未定义变量: info[E:\wwwroot\2026\04\jiwankang\runtime\temp\f01e142b625ceb6f33533b99f932e84b.php:68]
[ error ] [8]未定义变量: info[E:\wwwroot\2026\04\jiwankang\runtime\temp\f01e142b625ceb6f33533b99f932e84b.php:69]
[ error ] [8]未定义变量: info[E:\wwwroot\2026\04\jiwankang\runtime\temp\f01e142b625ceb6f33533b99f932e84b.php:76]
---------------------------------------------------------------
[2026-04-02T16:56:11+08:00] 127.0.0.1 GET www.jiwankang.com/manage/operation/add.html
[运行时间：0.044771s] [吞吐率：22.34req/s] [内存消耗：5,173.23kb] [文件加载：113]
[ error ] [8]未定义变量: info[E:\wwwroot\2026\04\jiwankang\runtime\temp\f01e142b625ceb6f33533b99f932e84b.php:3]
[ error ] [8]未定义变量: info[E:\wwwroot\2026\04\jiwankang\runtime\temp\f01e142b625ceb6f33533b99f932e84b.php:11]
[ error ] [8]未定义变量: info[E:\wwwroot\2026\04\jiwankang\runtime\temp\f01e142b625ceb6f33533b99f932e84b.php:13]
[ error ] [8]未定义变量: info[E:\wwwroot\2026\04\jiwankang\runtime\temp\f01e142b625ceb6f33533b99f932e84b.php:13]
[ error ] [8]未定义变量: info[E:\wwwroot\2026\04\jiwankang\runtime\temp\f01e142b625ceb6f33533b99f932e84b.php:13]
[ error ] [8]未定义变量: info[E:\wwwroot\2026\04\jiwankang\runtime\temp\f01e142b625ceb6f33533b99f932e84b.php:13]
[ error ] [8]未定义变量: info[E:\wwwroot\2026\04\jiwankang\runtime\temp\f01e142b625ceb6f33533b99f932e84b.php:15]
[ error ] [8]未定义变量: info[E:\wwwroot\2026\04\jiwankang\runtime\temp\f01e142b625ceb6f33533b99f932e84b.php:15]
[ error ] [8]未定义变量: info[E:\wwwroot\2026\04\jiwankang\runtime\temp\f01e142b625ceb6f33533b99f932e84b.php:13]
[ error ] [8]未定义变量: info[E:\wwwroot\2026\04\jiwankang\runtime\temp\f01e142b625ceb6f33533b99f932e84b.php:15]
[ error ] [8]未定义变量: info[E:\wwwroot\2026\04\jiwankang\runtime\temp\f01e142b625ceb6f33533b99f932e84b.php:13]
[ error ] [8]未定义变量: info[E:\wwwroot\2026\04\jiwankang\runtime\temp\f01e142b625ceb6f33533b99f932e84b.php:13]
[ error ] [8]未定义变量: info[E:\wwwroot\2026\04\jiwankang\runtime\temp\f01e142b625ceb6f33533b99f932e84b.php:13]
[ error ] [8]未定义变量: info[E:\wwwroot\2026\04\jiwankang\runtime\temp\f01e142b625ceb6f33533b99f932e84b.php:13]
[ error ] [8]未定义变量: info[E:\wwwroot\2026\04\jiwankang\runtime\temp\f01e142b625ceb6f33533b99f932e84b.php:13]
[ error ] [8]未定义变量: info[E:\wwwroot\2026\04\jiwankang\runtime\temp\f01e142b625ceb6f33533b99f932e84b.php:13]
[ error ] [8]未定义变量: info[E:\wwwroot\2026\04\jiwankang\runtime\temp\f01e142b625ceb6f33533b99f932e84b.php:13]
[ error ] [8]未定义变量: info[E:\wwwroot\2026\04\jiwankang\runtime\temp\f01e142b625ceb6f33533b99f932e84b.php:13]
[ error ] [8]未定义变量: info[E:\wwwroot\2026\04\jiwankang\runtime\temp\f01e142b625ceb6f33533b99f932e84b.php:13]
[ error ] [8]未定义变量: info[E:\wwwroot\2026\04\jiwankang\runtime\temp\f01e142b625ceb6f33533b99f932e84b.php:13]
[ error ] [8]未定义变量: info[E:\wwwroot\2026\04\jiwankang\runtime\temp\f01e142b625ceb6f33533b99f932e84b.php:13]
[ error ] [8]未定义变量: info[E:\wwwroot\2026\04\jiwankang\runtime\temp\f01e142b625ceb6f33533b99f932e84b.php:13]
[ error ] [8]未定义变量: info[E:\wwwroot\2026\04\jiwankang\runtime\temp\f01e142b625ceb6f33533b99f932e84b.php:13]
[ error ] [8]未定义变量: info[E:\wwwroot\2026\04\jiwankang\runtime\temp\f01e142b625ceb6f33533b99f932e84b.php:13]
[ error ] [8]未定义变量: info[E:\wwwroot\2026\04\jiwankang\runtime\temp\f01e142b625ceb6f33533b99f932e84b.php:13]
[ error ] [8]未定义变量: info[E:\wwwroot\2026\04\jiwankang\runtime\temp\f01e142b625ceb6f33533b99f932e84b.php:13]
[ error ] [8]未定义变量: info[E:\wwwroot\2026\04\jiwankang\runtime\temp\f01e142b625ceb6f33533b99f932e84b.php:13]
[ error ] [8]未定义变量: info[E:\wwwroot\2026\04\jiwankang\runtime\temp\f01e142b625ceb6f33533b99f932e84b.php:13]
[ error ] [8]未定义变量: info[E:\wwwroot\2026\04\jiwankang\runtime\temp\f01e142b625ceb6f33533b99f932e84b.php:13]
[ error ] [8]未定义变量: info[E:\wwwroot\2026\04\jiwankang\runtime\temp\f01e142b625ceb6f33533b99f932e84b.php:13]
[ error ] [8]未定义变量: info[E:\wwwroot\2026\04\jiwankang\runtime\temp\f01e142b625ceb6f33533b99f932e84b.php:13]
[ error ] [8]未定义变量: info[E:\wwwroot\2026\04\jiwankang\runtime\temp\f01e142b625ceb6f33533b99f932e84b.php:13]
[ error ] [8]未定义变量: info[E:\wwwroot\2026\04\jiwankang\runtime\temp\f01e142b625ceb6f33533b99f932e84b.php:13]
[ error ] [8]未定义变量: info[E:\wwwroot\2026\04\jiwankang\runtime\temp\f01e142b625ceb6f33533b99f932e84b.php:13]
[ error ] [8]未定义变量: info[E:\wwwroot\2026\04\jiwankang\runtime\temp\f01e142b625ceb6f33533b99f932e84b.php:13]
[ error ] [8]未定义变量: info[E:\wwwroot\2026\04\jiwankang\runtime\temp\f01e142b625ceb6f33533b99f932e84b.php:13]
[ error ] [8]未定义变量: info[E:\wwwroot\2026\04\jiwankang\runtime\temp\f01e142b625ceb6f33533b99f932e84b.php:13]
[ error ] [8]未定义变量: info[E:\wwwroot\2026\04\jiwankang\runtime\temp\f01e142b625ceb6f33533b99f932e84b.php:15]
[ error ] [8]未定义变量: info[E:\wwwroot\2026\04\jiwankang\runtime\temp\f01e142b625ceb6f33533b99f932e84b.php:13]
[ error ] [8]未定义变量: info[E:\wwwroot\2026\04\jiwankang\runtime\temp\f01e142b625ceb6f33533b99f932e84b.php:15]
[ error ] [8]未定义变量: info[E:\wwwroot\2026\04\jiwankang\runtime\temp\f01e142b625ceb6f33533b99f932e84b.php:15]
[ error ] [8]未定义变量: info[E:\wwwroot\2026\04\jiwankang\runtime\temp\f01e142b625ceb6f33533b99f932e84b.php:15]
[ error ] [8]未定义变量: info[E:\wwwroot\2026\04\jiwankang\runtime\temp\f01e142b625ceb6f33533b99f932e84b.php:15]
[ error ] [8]未定义变量: info[E:\wwwroot\2026\04\jiwankang\runtime\temp\f01e142b625ceb6f33533b99f932e84b.php:13]
[ error ] [8]未定义变量: info[E:\wwwroot\2026\04\jiwankang\runtime\temp\f01e142b625ceb6f33533b99f932e84b.php:13]
[ error ] [8]未定义变量: info[E:\wwwroot\2026\04\jiwankang\runtime\temp\f01e142b625ceb6f33533b99f932e84b.php:13]
[ error ] [8]未定义变量: info[E:\wwwroot\2026\04\jiwankang\runtime\temp\f01e142b625ceb6f33533b99f932e84b.php:13]
[ error ] [8]未定义变量: info[E:\wwwroot\2026\04\jiwankang\runtime\temp\f01e142b625ceb6f33533b99f932e84b.php:15]
[ error ] [8]未定义变量: info[E:\wwwroot\2026\04\jiwankang\runtime\temp\f01e142b625ceb6f33533b99f932e84b.php:15]
[ error ] [8]未定义变量: info[E:\wwwroot\2026\04\jiwankang\runtime\temp\f01e142b625ceb6f33533b99f932e84b.php:15]
[ error ] [8]未定义变量: info[E:\wwwroot\2026\04\jiwankang\runtime\temp\f01e142b625ceb6f33533b99f932e84b.php:13]
[ error ] [8]未定义变量: info[E:\wwwroot\2026\04\jiwankang\runtime\temp\f01e142b625ceb6f33533b99f932e84b.php:25]
[ error ] [8]未定义变量: info[E:\wwwroot\2026\04\jiwankang\runtime\temp\f01e142b625ceb6f33533b99f932e84b.php:32]
[ error ] [8]未定义变量: info[E:\wwwroot\2026\04\jiwankang\runtime\temp\f01e142b625ceb6f33533b99f932e84b.php:42]
[ error ] [8]未定义变量: info[E:\wwwroot\2026\04\jiwankang\runtime\temp\f01e142b625ceb6f33533b99f932e84b.php:44]
[ error ] [8]未定义变量: info[E:\wwwroot\2026\04\jiwankang\runtime\temp\f01e142b625ceb6f33533b99f932e84b.php:46]
[ error ] [8]未定义变量: info[E:\wwwroot\2026\04\jiwankang\runtime\temp\f01e142b625ceb6f33533b99f932e84b.php:48]
[ error ] [8]未定义变量: info[E:\wwwroot\2026\04\jiwankang\runtime\temp\f01e142b625ceb6f33533b99f932e84b.php:48]
[ error ] [8]未定义变量: info[E:\wwwroot\2026\04\jiwankang\runtime\temp\f01e142b625ceb6f33533b99f932e84b.php:48]
[ error ] [8]未定义变量: info[E:\wwwroot\2026\04\jiwankang\runtime\temp\f01e142b625ceb6f33533b99f932e84b.php:48]
[ error ] [8]未定义变量: info[E:\wwwroot\2026\04\jiwankang\runtime\temp\f01e142b625ceb6f33533b99f932e84b.php:48]
[ error ] [8]未定义变量: info[E:\wwwroot\2026\04\jiwankang\runtime\temp\f01e142b625ceb6f33533b99f932e84b.php:48]
[ error ] [8]未定义变量: info[E:\wwwroot\2026\04\jiwankang\runtime\temp\f01e142b625ceb6f33533b99f932e84b.php:48]
[ error ] [8]未定义变量: info[E:\wwwroot\2026\04\jiwankang\runtime\temp\f01e142b625ceb6f33533b99f932e84b.php:48]
[ error ] [8]未定义变量: info[E:\wwwroot\2026\04\jiwankang\runtime\temp\f01e142b625ceb6f33533b99f932e84b.php:46]
[ error ] [8]未定义变量: info[E:\wwwroot\2026\04\jiwankang\runtime\temp\f01e142b625ceb6f33533b99f932e84b.php:48]
[ error ] [8]未定义变量: info[E:\wwwroot\2026\04\jiwankang\runtime\temp\f01e142b625ceb6f33533b99f932e84b.php:48]
[ error ] [8]未定义变量: info[E:\wwwroot\2026\04\jiwankang\runtime\temp\f01e142b625ceb6f33533b99f932e84b.php:48]
[ error ] [8]未定义变量: info[E:\wwwroot\2026\04\jiwankang\runtime\temp\f01e142b625ceb6f33533b99f932e84b.php:48]
[ error ] [8]未定义变量: info[E:\wwwroot\2026\04\jiwankang\runtime\temp\f01e142b625ceb6f33533b99f932e84b.php:46]
[ error ] [8]未定义变量: info[E:\wwwroot\2026\04\jiwankang\runtime\temp\f01e142b625ceb6f33533b99f932e84b.php:48]
[ error ] [8]未定义变量: info[E:\wwwroot\2026\04\jiwankang\runtime\temp\f01e142b625ceb6f33533b99f932e84b.php:48]
[ error ] [8]未定义变量: info[E:\wwwroot\2026\04\jiwankang\runtime\temp\f01e142b625ceb6f33533b99f932e84b.php:48]
[ error ] [8]未定义变量: info[E:\wwwroot\2026\04\jiwankang\runtime\temp\f01e142b625ceb6f33533b99f932e84b.php:46]
[ error ] [8]未定义变量: info[E:\wwwroot\2026\04\jiwankang\runtime\temp\f01e142b625ceb6f33533b99f932e84b.php:46]
[ error ] [8]未定义变量: info[E:\wwwroot\2026\04\jiwankang\runtime\temp\f01e142b625ceb6f33533b99f932e84b.php:48]
[ error ] [8]未定义变量: info[E:\wwwroot\2026\04\jiwankang\runtime\temp\f01e142b625ceb6f33533b99f932e84b.php:48]
[ error ] [8]未定义变量: info[E:\wwwroot\2026\04\jiwankang\runtime\temp\f01e142b625ceb6f33533b99f932e84b.php:48]
[ error ] [8]未定义变量: info[E:\wwwroot\2026\04\jiwankang\runtime\temp\f01e142b625ceb6f33533b99f932e84b.php:46]
[ error ] [8]未定义变量: info[E:\wwwroot\2026\04\jiwankang\runtime\temp\f01e142b625ceb6f33533b99f932e84b.php:48]
[ error ] [8]未定义变量: info[E:\wwwroot\2026\04\jiwankang\runtime\temp\f01e142b625ceb6f33533b99f932e84b.php:48]
[ error ] [8]未定义变量: info[E:\wwwroot\2026\04\jiwankang\runtime\temp\f01e142b625ceb6f33533b99f932e84b.php:48]
[ error ] [8]未定义变量: info[E:\wwwroot\2026\04\jiwankang\runtime\temp\f01e142b625ceb6f33533b99f932e84b.php:46]
[ error ] [8]未定义变量: info[E:\wwwroot\2026\04\jiwankang\runtime\temp\f01e142b625ceb6f33533b99f932e84b.php:46]
[ error ] [8]未定义变量: info[E:\wwwroot\2026\04\jiwankang\runtime\temp\f01e142b625ceb6f33533b99f932e84b.php:44]
[ error ] [8]未定义变量: info[E:\wwwroot\2026\04\jiwankang\runtime\temp\f01e142b625ceb6f33533b99f932e84b.php:46]
[ error ] [8]未定义变量: info[E:\wwwroot\2026\04\jiwankang\runtime\temp\f01e142b625ceb6f33533b99f932e84b.php:48]
[ error ] [8]未定义变量: info[E:\wwwroot\2026\04\jiwankang\runtime\temp\f01e142b625ceb6f33533b99f932e84b.php:48]
[ error ] [8]未定义变量: info[E:\wwwroot\2026\04\jiwankang\runtime\temp\f01e142b625ceb6f33533b99f932e84b.php:48]
[ error ] [8]未定义变量: info[E:\wwwroot\2026\04\jiwankang\runtime\temp\f01e142b625ceb6f33533b99f932e84b.php:48]
[ error ] [8]未定义变量: info[E:\wwwroot\2026\04\jiwankang\runtime\temp\f01e142b625ceb6f33533b99f932e84b.php:48]
[ error ] [8]未定义变量: info[E:\wwwroot\2026\04\jiwankang\runtime\temp\f01e142b625ceb6f33533b99f932e84b.php:48]
[ error ] [8]未定义变量: info[E:\wwwroot\2026\04\jiwankang\runtime\temp\f01e142b625ceb6f33533b99f932e84b.php:48]
[ error ] [8]未定义变量: info[E:\wwwroot\2026\04\jiwankang\runtime\temp\f01e142b625ceb6f33533b99f932e84b.php:48]
[ error ] [8]未定义变量: info[E:\wwwroot\2026\04\jiwankang\runtime\temp\f01e142b625ceb6f33533b99f932e84b.php:46]
[ error ] [8]未定义变量: info[E:\wwwroot\2026\04\jiwankang\runtime\temp\f01e142b625ceb6f33533b99f932e84b.php:48]
[ error ] [8]未定义变量: info[E:\wwwroot\2026\04\jiwankang\runtime\temp\f01e142b625ceb6f33533b99f932e84b.php:46]
[ error ] [8]未定义变量: info[E:\wwwroot\2026\04\jiwankang\runtime\temp\f01e142b625ceb6f33533b99f932e84b.php:46]
[ error ] [8]未定义变量: info[E:\wwwroot\2026\04\jiwankang\runtime\temp\f01e142b625ceb6f33533b99f932e84b.php:44]
[ error ] [8]未定义变量: info[E:\wwwroot\2026\04\jiwankang\runtime\temp\f01e142b625ceb6f33533b99f932e84b.php:46]
[ error ] [8]未定义变量: info[E:\wwwroot\2026\04\jiwankang\runtime\temp\f01e142b625ceb6f33533b99f932e84b.php:48]
[ error ] [8]未定义变量: info[E:\wwwroot\2026\04\jiwankang\runtime\temp\f01e142b625ceb6f33533b99f932e84b.php:48]
[ error ] [8]未定义变量: info[E:\wwwroot\2026\04\jiwankang\runtime\temp\f01e142b625ceb6f33533b99f932e84b.php:48]
[ error ] [8]未定义变量: info[E:\wwwroot\2026\04\jiwankang\runtime\temp\f01e142b625ceb6f33533b99f932e84b.php:48]
[ error ] [8]未定义变量: info[E:\wwwroot\2026\04\jiwankang\runtime\temp\f01e142b625ceb6f33533b99f932e84b.php:48]
[ error ] [8]未定义变量: info[E:\wwwroot\2026\04\jiwankang\runtime\temp\f01e142b625ceb6f33533b99f932e84b.php:46]
[ error ] [8]未定义变量: info[E:\wwwroot\2026\04\jiwankang\runtime\temp\f01e142b625ceb6f33533b99f932e84b.php:48]
[ error ] [8]未定义变量: info[E:\wwwroot\2026\04\jiwankang\runtime\temp\f01e142b625ceb6f33533b99f932e84b.php:46]
[ error ] [8]未定义变量: info[E:\wwwroot\2026\04\jiwankang\runtime\temp\f01e142b625ceb6f33533b99f932e84b.php:46]
[ error ] [8]未定义变量: info[E:\wwwroot\2026\04\jiwankang\runtime\temp\f01e142b625ceb6f33533b99f932e84b.php:48]
[ error ] [8]未定义变量: info[E:\wwwroot\2026\04\jiwankang\runtime\temp\f01e142b625ceb6f33533b99f932e84b.php:48]
[ error ] [8]未定义变量: info[E:\wwwroot\2026\04\jiwankang\runtime\temp\f01e142b625ceb6f33533b99f932e84b.php:46]
[ error ] [8]未定义变量: info[E:\wwwroot\2026\04\jiwankang\runtime\temp\f01e142b625ceb6f33533b99f932e84b.php:48]
[ error ] [8]未定义变量: info[E:\wwwroot\2026\04\jiwankang\runtime\temp\f01e142b625ceb6f33533b99f932e84b.php:48]
[ error ] [8]未定义变量: info[E:\wwwroot\2026\04\jiwankang\runtime\temp\f01e142b625ceb6f33533b99f932e84b.php:46]
[ error ] [8]未定义变量: info[E:\wwwroot\2026\04\jiwankang\runtime\temp\f01e142b625ceb6f33533b99f932e84b.php:48]
[ error ] [8]未定义变量: info[E:\wwwroot\2026\04\jiwankang\runtime\temp\f01e142b625ceb6f33533b99f932e84b.php:48]
[ error ] [8]未定义变量: info[E:\wwwroot\2026\04\jiwankang\runtime\temp\f01e142b625ceb6f33533b99f932e84b.php:48]
[ error ] [8]未定义变量: info[E:\wwwroot\2026\04\jiwankang\runtime\temp\f01e142b625ceb6f33533b99f932e84b.php:46]
[ error ] [8]未定义变量: info[E:\wwwroot\2026\04\jiwankang\runtime\temp\f01e142b625ceb6f33533b99f932e84b.php:48]
[ error ] [8]未定义变量: info[E:\wwwroot\2026\04\jiwankang\runtime\temp\f01e142b625ceb6f33533b99f932e84b.php:48]
[ error ] [8]未定义变量: info[E:\wwwroot\2026\04\jiwankang\runtime\temp\f01e142b625ceb6f33533b99f932e84b.php:48]
[ error ] [8]未定义变量: info[E:\wwwroot\2026\04\jiwankang\runtime\temp\f01e142b625ceb6f33533b99f932e84b.php:44]
[ error ] [8]未定义变量: info[E:\wwwroot\2026\04\jiwankang\runtime\temp\f01e142b625ceb6f33533b99f932e84b.php:46]
[ error ] [8]未定义变量: info[E:\wwwroot\2026\04\jiwankang\runtime\temp\f01e142b625ceb6f33533b99f932e84b.php:48]
[ error ] [8]未定义变量: info[E:\wwwroot\2026\04\jiwankang\runtime\temp\f01e142b625ceb6f33533b99f932e84b.php:48]
[ error ] [8]未定义变量: info[E:\wwwroot\2026\04\jiwankang\runtime\temp\f01e142b625ceb6f33533b99f932e84b.php:46]
[ error ] [8]未定义变量: info[E:\wwwroot\2026\04\jiwankang\runtime\temp\f01e142b625ceb6f33533b99f932e84b.php:48]
[ error ] [8]未定义变量: info[E:\wwwroot\2026\04\jiwankang\runtime\temp\f01e142b625ceb6f33533b99f932e84b.php:48]
[ error ] [8]未定义变量: info[E:\wwwroot\2026\04\jiwankang\runtime\temp\f01e142b625ceb6f33533b99f932e84b.php:48]
[ error ] [8]未定义变量: info[E:\wwwroot\2026\04\jiwankang\runtime\temp\f01e142b625ceb6f33533b99f932e84b.php:46]
[ error ] [8]未定义变量: info[E:\wwwroot\2026\04\jiwankang\runtime\temp\f01e142b625ceb6f33533b99f932e84b.php:48]
[ error ] [8]未定义变量: info[E:\wwwroot\2026\04\jiwankang\runtime\temp\f01e142b625ceb6f33533b99f932e84b.php:48]
[ error ] [8]未定义变量: info[E:\wwwroot\2026\04\jiwankang\runtime\temp\f01e142b625ceb6f33533b99f932e84b.php:48]
[ error ] [8]未定义变量: info[E:\wwwroot\2026\04\jiwankang\runtime\temp\f01e142b625ceb6f33533b99f932e84b.php:48]
[ error ] [8]未定义变量: info[E:\wwwroot\2026\04\jiwankang\runtime\temp\f01e142b625ceb6f33533b99f932e84b.php:48]
[ error ] [8]未定义变量: info[E:\wwwroot\2026\04\jiwankang\runtime\temp\f01e142b625ceb6f33533b99f932e84b.php:48]
[ error ] [8]未定义变量: info[E:\wwwroot\2026\04\jiwankang\runtime\temp\f01e142b625ceb6f33533b99f932e84b.php:48]
[ error ] [8]未定义变量: info[E:\wwwroot\2026\04\jiwankang\runtime\temp\f01e142b625ceb6f33533b99f932e84b.php:48]
[ error ] [8]未定义变量: info[E:\wwwroot\2026\04\jiwankang\runtime\temp\f01e142b625ceb6f33533b99f932e84b.php:46]
[ error ] [8]未定义变量: info[E:\wwwroot\2026\04\jiwankang\runtime\temp\f01e142b625ceb6f33533b99f932e84b.php:48]
[ error ] [8]未定义变量: info[E:\wwwroot\2026\04\jiwankang\runtime\temp\f01e142b625ceb6f33533b99f932e84b.php:48]
[ error ] [8]未定义变量: info[E:\wwwroot\2026\04\jiwankang\runtime\temp\f01e142b625ceb6f33533b99f932e84b.php:48]
[ error ] [8]未定义变量: info[E:\wwwroot\2026\04\jiwankang\runtime\temp\f01e142b625ceb6f33533b99f932e84b.php:46]
[ error ] [8]未定义变量: info[E:\wwwroot\2026\04\jiwankang\runtime\temp\f01e142b625ceb6f33533b99f932e84b.php:48]
[ error ] [8]未定义变量: info[E:\wwwroot\2026\04\jiwankang\runtime\temp\f01e142b625ceb6f33533b99f932e84b.php:48]
[ error ] [8]未定义变量: info[E:\wwwroot\2026\04\jiwankang\runtime\temp\f01e142b625ceb6f33533b99f932e84b.php:48]
[ error ] [8]未定义变量: info[E:\wwwroot\2026\04\jiwankang\runtime\temp\f01e142b625ceb6f33533b99f932e84b.php:44]
[ error ] [8]未定义变量: info[E:\wwwroot\2026\04\jiwankang\runtime\temp\f01e142b625ceb6f33533b99f932e84b.php:46]
[ error ] [8]未定义变量: info[E:\wwwroot\2026\04\jiwankang\runtime\temp\f01e142b625ceb6f33533b99f932e84b.php:48]
[ error ] [8]未定义变量: info[E:\wwwroot\2026\04\jiwankang\runtime\temp\f01e142b625ceb6f33533b99f932e84b.php:46]
[ error ] [8]未定义变量: info[E:\wwwroot\2026\04\jiwankang\runtime\temp\f01e142b625ceb6f33533b99f932e84b.php:48]
[ error ] [8]未定义变量: info[E:\wwwroot\2026\04\jiwankang\runtime\temp\f01e142b625ceb6f33533b99f932e84b.php:48]
[ error ] [8]未定义变量: info[E:\wwwroot\2026\04\jiwankang\runtime\temp\f01e142b625ceb6f33533b99f932e84b.php:46]
[ error ] [8]未定义变量: info[E:\wwwroot\2026\04\jiwankang\runtime\temp\f01e142b625ceb6f33533b99f932e84b.php:48]
[ error ] [8]未定义变量: info[E:\wwwroot\2026\04\jiwankang\runtime\temp\f01e142b625ceb6f33533b99f932e84b.php:46]
[ error ] [8]未定义变量: info[E:\wwwroot\2026\04\jiwankang\runtime\temp\f01e142b625ceb6f33533b99f932e84b.php:46]
[ error ] [8]未定义变量: info[E:\wwwroot\2026\04\jiwankang\runtime\temp\f01e142b625ceb6f33533b99f932e84b.php:46]
[ error ] [8]未定义变量: info[E:\wwwroot\2026\04\jiwankang\runtime\temp\f01e142b625ceb6f33533b99f932e84b.php:44]
[ error ] [8]未定义变量: info[E:\wwwroot\2026\04\jiwankang\runtime\temp\f01e142b625ceb6f33533b99f932e84b.php:46]
[ error ] [8]未定义变量: info[E:\wwwroot\2026\04\jiwankang\runtime\temp\f01e142b625ceb6f33533b99f932e84b.php:46]
[ error ] [8]未定义变量: info[E:\wwwroot\2026\04\jiwankang\runtime\temp\f01e142b625ceb6f33533b99f932e84b.php:46]
[ error ] [8]未定义变量: info[E:\wwwroot\2026\04\jiwankang\runtime\temp\f01e142b625ceb6f33533b99f932e84b.php:44]
[ error ] [8]未定义变量: info[E:\wwwroot\2026\04\jiwankang\runtime\temp\f01e142b625ceb6f33533b99f932e84b.php:46]
[ error ] [8]未定义变量: info[E:\wwwroot\2026\04\jiwankang\runtime\temp\f01e142b625ceb6f33533b99f932e84b.php:46]
[ error ] [8]未定义变量: info[E:\wwwroot\2026\04\jiwankang\runtime\temp\f01e142b625ceb6f33533b99f932e84b.php:46]
[ error ] [8]未定义变量: info[E:\wwwroot\2026\04\jiwankang\runtime\temp\f01e142b625ceb6f33533b99f932e84b.php:44]
[ error ] [8]未定义变量: info[E:\wwwroot\2026\04\jiwankang\runtime\temp\f01e142b625ceb6f33533b99f932e84b.php:46]
[ error ] [8]未定义变量: info[E:\wwwroot\2026\04\jiwankang\runtime\temp\f01e142b625ceb6f33533b99f932e84b.php:48]
[ error ] [8]未定义变量: info[E:\wwwroot\2026\04\jiwankang\runtime\temp\f01e142b625ceb6f33533b99f932e84b.php:48]
[ error ] [8]未定义变量: info[E:\wwwroot\2026\04\jiwankang\runtime\temp\f01e142b625ceb6f33533b99f932e84b.php:46]
[ error ] [8]未定义变量: info[E:\wwwroot\2026\04\jiwankang\runtime\temp\f01e142b625ceb6f33533b99f932e84b.php:48]
[ error ] [8]未定义变量: info[E:\wwwroot\2026\04\jiwankang\runtime\temp\f01e142b625ceb6f33533b99f932e84b.php:48]
[ error ] [8]未定义变量: info[E:\wwwroot\2026\04\jiwankang\runtime\temp\f01e142b625ceb6f33533b99f932e84b.php:48]
[ error ] [8]未定义变量: info[E:\wwwroot\2026\04\jiwankang\runtime\temp\f01e142b625ceb6f33533b99f932e84b.php:46]
[ error ] [8]未定义变量: info[E:\wwwroot\2026\04\jiwankang\runtime\temp\f01e142b625ceb6f33533b99f932e84b.php:48]
[ error ] [8]未定义变量: info[E:\wwwroot\2026\04\jiwankang\runtime\temp\f01e142b625ceb6f33533b99f932e84b.php:48]
[ error ] [8]未定义变量: info[E:\wwwroot\2026\04\jiwankang\runtime\temp\f01e142b625ceb6f33533b99f932e84b.php:46]
[ error ] [8]未定义变量: info[E:\wwwroot\2026\04\jiwankang\runtime\temp\f01e142b625ceb6f33533b99f932e84b.php:48]
[ error ] [8]未定义变量: info[E:\wwwroot\2026\04\jiwankang\runtime\temp\f01e142b625ceb6f33533b99f932e84b.php:48]
[ error ] [8]未定义变量: info[E:\wwwroot\2026\04\jiwankang\runtime\temp\f01e142b625ceb6f33533b99f932e84b.php:46]
[ error ] [8]未定义变量: info[E:\wwwroot\2026\04\jiwankang\runtime\temp\f01e142b625ceb6f33533b99f932e84b.php:48]
[ error ] [8]未定义变量: info[E:\wwwroot\2026\04\jiwankang\runtime\temp\f01e142b625ceb6f33533b99f932e84b.php:48]
[ error ] [8]未定义变量: info[E:\wwwroot\2026\04\jiwankang\runtime\temp\f01e142b625ceb6f33533b99f932e84b.php:48]
[ error ] [8]未定义变量: info[E:\wwwroot\2026\04\jiwankang\runtime\temp\f01e142b625ceb6f33533b99f932e84b.php:46]
[ error ] [8]未定义变量: info[E:\wwwroot\2026\04\jiwankang\runtime\temp\f01e142b625ceb6f33533b99f932e84b.php:48]
[ error ] [8]未定义变量: info[E:\wwwroot\2026\04\jiwankang\runtime\temp\f01e142b625ceb6f33533b99f932e84b.php:46]
[ error ] [8]未定义变量: info[E:\wwwroot\2026\04\jiwankang\runtime\temp\f01e142b625ceb6f33533b99f932e84b.php:48]
[ error ] [8]未定义变量: info[E:\wwwroot\2026\04\jiwankang\runtime\temp\f01e142b625ceb6f33533b99f932e84b.php:48]
[ error ] [8]未定义变量: info[E:\wwwroot\2026\04\jiwankang\runtime\temp\f01e142b625ceb6f33533b99f932e84b.php:48]
[ error ] [8]未定义变量: info[E:\wwwroot\2026\04\jiwankang\runtime\temp\f01e142b625ceb6f33533b99f932e84b.php:46]
[ error ] [8]未定义变量: info[E:\wwwroot\2026\04\jiwankang\runtime\temp\f01e142b625ceb6f33533b99f932e84b.php:46]
[ error ] [8]未定义变量: info[E:\wwwroot\2026\04\jiwankang\runtime\temp\f01e142b625ceb6f33533b99f932e84b.php:48]
[ error ] [8]未定义变量: info[E:\wwwroot\2026\04\jiwankang\runtime\temp\f01e142b625ceb6f33533b99f932e84b.php:48]
[ error ] [8]未定义变量: info[E:\wwwroot\2026\04\jiwankang\runtime\temp\f01e142b625ceb6f33533b99f932e84b.php:44]
[ error ] [8]未定义变量: info[E:\wwwroot\2026\04\jiwankang\runtime\temp\f01e142b625ceb6f33533b99f932e84b.php:46]
[ error ] [8]未定义变量: info[E:\wwwroot\2026\04\jiwankang\runtime\temp\f01e142b625ceb6f33533b99f932e84b.php:46]
[ error ] [8]未定义变量: info[E:\wwwroot\2026\04\jiwankang\runtime\temp\f01e142b625ceb6f33533b99f932e84b.php:48]
[ error ] [8]未定义变量: info[E:\wwwroot\2026\04\jiwankang\runtime\temp\f01e142b625ceb6f33533b99f932e84b.php:46]
[ error ] [8]未定义变量: info[E:\wwwroot\2026\04\jiwankang\runtime\temp\f01e142b625ceb6f33533b99f932e84b.php:48]
[ error ] [8]未定义变量: info[E:\wwwroot\2026\04\jiwankang\runtime\temp\f01e142b625ceb6f33533b99f932e84b.php:48]
[ error ] [8]未定义变量: info[E:\wwwroot\2026\04\jiwankang\runtime\temp\f01e142b625ceb6f33533b99f932e84b.php:48]
[ error ] [8]未定义变量: info[E:\wwwroot\2026\04\jiwankang\runtime\temp\f01e142b625ceb6f33533b99f932e84b.php:48]
[ error ] [8]未定义变量: info[E:\wwwroot\2026\04\jiwankang\runtime\temp\f01e142b625ceb6f33533b99f932e84b.php:48]
[ error ] [8]未定义变量: info[E:\wwwroot\2026\04\jiwankang\runtime\temp\f01e142b625ceb6f33533b99f932e84b.php:48]
[ error ] [8]未定义变量: info[E:\wwwroot\2026\04\jiwankang\runtime\temp\f01e142b625ceb6f33533b99f932e84b.php:46]
[ error ] [8]未定义变量: info[E:\wwwroot\2026\04\jiwankang\runtime\temp\f01e142b625ceb6f33533b99f932e84b.php:48]
[ error ] [8]未定义变量: info[E:\wwwroot\2026\04\jiwankang\runtime\temp\f01e142b625ceb6f33533b99f932e84b.php:46]
[ error ] [8]未定义变量: info[E:\wwwroot\2026\04\jiwankang\runtime\temp\f01e142b625ceb6f33533b99f932e84b.php:48]
[ error ] [8]未定义变量: info[E:\wwwroot\2026\04\jiwankang\runtime\temp\f01e142b625ceb6f33533b99f932e84b.php:48]
[ error ] [8]未定义变量: info[E:\wwwroot\2026\04\jiwankang\runtime\temp\f01e142b625ceb6f33533b99f932e84b.php:48]
[ error ] [8]未定义变量: info[E:\wwwroot\2026\04\jiwankang\runtime\temp\f01e142b625ceb6f33533b99f932e84b.php:48]
[ error ] [8]未定义变量: info[E:\wwwroot\2026\04\jiwankang\runtime\temp\f01e142b625ceb6f33533b99f932e84b.php:46]
[ error ] [8]未定义变量: info[E:\wwwroot\2026\04\jiwankang\runtime\temp\f01e142b625ceb6f33533b99f932e84b.php:48]
[ error ] [8]未定义变量: info[E:\wwwroot\2026\04\jiwankang\runtime\temp\f01e142b625ceb6f33533b99f932e84b.php:46]
[ error ] [8]未定义变量: info[E:\wwwroot\2026\04\jiwankang\runtime\temp\f01e142b625ceb6f33533b99f932e84b.php:48]
[ error ] [8]未定义变量: info[E:\wwwroot\2026\04\jiwankang\runtime\temp\f01e142b625ceb6f33533b99f932e84b.php:46]
[ error ] [8]未定义变量: info[E:\wwwroot\2026\04\jiwankang\runtime\temp\f01e142b625ceb6f33533b99f932e84b.php:48]
[ error ] [8]未定义变量: info[E:\wwwroot\2026\04\jiwankang\runtime\temp\f01e142b625ceb6f33533b99f932e84b.php:48]
[ error ] [8]未定义变量: info[E:\wwwroot\2026\04\jiwankang\runtime\temp\f01e142b625ceb6f33533b99f932e84b.php:46]
[ error ] [8]未定义变量: info[E:\wwwroot\2026\04\jiwankang\runtime\temp\f01e142b625ceb6f33533b99f932e84b.php:48]
[ error ] [8]未定义变量: info[E:\wwwroot\2026\04\jiwankang\runtime\temp\f01e142b625ceb6f33533b99f932e84b.php:48]
[ error ] [8]未定义变量: info[E:\wwwroot\2026\04\jiwankang\runtime\temp\f01e142b625ceb6f33533b99f932e84b.php:46]
[ error ] [8]未定义变量: info[E:\wwwroot\2026\04\jiwankang\runtime\temp\f01e142b625ceb6f33533b99f932e84b.php:48]
[ error ] [8]未定义变量: info[E:\wwwroot\2026\04\jiwankang\runtime\temp\f01e142b625ceb6f33533b99f932e84b.php:46]
[ error ] [8]未定义变量: info[E:\wwwroot\2026\04\jiwankang\runtime\temp\f01e142b625ceb6f33533b99f932e84b.php:59]
[ error ] [8]未定义变量: info[E:\wwwroot\2026\04\jiwankang\runtime\temp\f01e142b625ceb6f33533b99f932e84b.php:60]
[ error ] [8]未定义变量: info[E:\wwwroot\2026\04\jiwankang\runtime\temp\f01e142b625ceb6f33533b99f932e84b.php:68]
[ error ] [8]未定义变量: info[E:\wwwroot\2026\04\jiwankang\runtime\temp\f01e142b625ceb6f33533b99f932e84b.php:69]
[ error ] [8]未定义变量: info[E:\wwwroot\2026\04\jiwankang\runtime\temp\f01e142b625ceb6f33533b99f932e84b.php:76]
---------------------------------------------------------------
[2026-04-02T16:56:54+08:00] 127.0.0.1 GET www.jiwankang.com/manage
[运行时间：0.059989s] [吞吐率：16.67req/s] [内存消耗：5,234.28kb] [文件加载：120]
[ error ] [8]未定义数组索引: selected[E:\wwwroot\2026\04\jiwankang\runtime\temp\0ebc0da97c722c413af6448a150993b9.php:118]
[ error ] [8]未定义数组索引: selected[E:\wwwroot\2026\04\jiwankang\runtime\temp\0ebc0da97c722c413af6448a150993b9.php:118]
[ error ] [8]未定义数组索引: selected[E:\wwwroot\2026\04\jiwankang\runtime\temp\0ebc0da97c722c413af6448a150993b9.php:118]
[ error ] [8]未定义数组索引: selected[E:\wwwroot\2026\04\jiwankang\runtime\temp\0ebc0da97c722c413af6448a150993b9.php:118]
[ error ] [8]未定义数组索引: selected[E:\wwwroot\2026\04\jiwankang\runtime\temp\0ebc0da97c722c413af6448a150993b9.php:118]
[ error ] [8]未定义数组索引: selected[E:\wwwroot\2026\04\jiwankang\runtime\temp\0ebc0da97c722c413af6448a150993b9.php:118]
[ error ] [8]未定义数组索引: selected[E:\wwwroot\2026\04\jiwankang\runtime\temp\0ebc0da97c722c413af6448a150993b9.php:118]
[ error ] [8]未定义数组索引: selected[E:\wwwroot\2026\04\jiwankang\runtime\temp\0ebc0da97c722c413af6448a150993b9.php:118]
[ error ] [8]未定义数组索引: selected[E:\wwwroot\2026\04\jiwankang\runtime\temp\0ebc0da97c722c413af6448a150993b9.php:118]
[ error ] [8]未定义数组索引: selected[E:\wwwroot\2026\04\jiwankang\runtime\temp\0ebc0da97c722c413af6448a150993b9.php:118]
[ error ] [8]未定义数组索引: selected[E:\wwwroot\2026\04\jiwankang\runtime\temp\0ebc0da97c722c413af6448a150993b9.php:118]
[ error ] [8]未定义数组索引: selected[E:\wwwroot\2026\04\jiwankang\runtime\temp\0ebc0da97c722c413af6448a150993b9.php:118]
[ error ] [8]未定义数组索引: selected[E:\wwwroot\2026\04\jiwankang\runtime\temp\0ebc0da97c722c413af6448a150993b9.php:118]
[ error ] [8]未定义数组索引: selected[E:\wwwroot\2026\04\jiwankang\runtime\temp\0ebc0da97c722c413af6448a150993b9.php:118]
[ error ] [8]未定义数组索引: selected[E:\wwwroot\2026\04\jiwankang\runtime\temp\0ebc0da97c722c413af6448a150993b9.php:118]
[ error ] [8]未定义数组索引: selected[E:\wwwroot\2026\04\jiwankang\runtime\temp\0ebc0da97c722c413af6448a150993b9.php:118]
[ error ] [8]未定义数组索引: selected[E:\wwwroot\2026\04\jiwankang\runtime\temp\0ebc0da97c722c413af6448a150993b9.php:118]
[ error ] [8]未定义数组索引: selected[E:\wwwroot\2026\04\jiwankang\runtime\temp\0ebc0da97c722c413af6448a150993b9.php:118]
[ error ] [8]未定义数组索引: selected[E:\wwwroot\2026\04\jiwankang\runtime\temp\0ebc0da97c722c413af6448a150993b9.php:118]
[ error ] [8]未定义数组索引: selected[E:\wwwroot\2026\04\jiwankang\runtime\temp\0ebc0da97c722c413af6448a150993b9.php:118]
---------------------------------------------------------------
[2026-04-02T16:56:56+08:00] 127.0.0.1 GET www.jiwankang.com/manage/money/sanrenteam.html
[运行时间：0.029633s] [吞吐率：33.75req/s] [内存消耗：4,454.14kb] [文件加载：109]
[ error ] [0]模板文件不存在:E:\wwwroot\2026\04\jiwankang\application\manage\view\money\sanrenteam.html[E:\wwwroot\2026\04\jiwankang\thinkphp\library\think\view\driver\Think.php:86]
---------------------------------------------------------------
[2026-04-02T16:56:56+08:00] 127.0.0.1 GET www.jiwankang.com/manage/money/sanrenteam.html
[运行时间：0.035159s] [吞吐率：28.44req/s] [内存消耗：4,385.98kb] [文件加载：109]
[ error ] [0]模板文件不存在:E:\wwwroot\2026\04\jiwankang\application\manage\view\money\sanrenteam.html[E:\wwwroot\2026\04\jiwankang\thinkphp\library\think\view\driver\Think.php:86]
---------------------------------------------------------------
[2026-04-02T16:58:11+08:00] 127.0.0.1 GET www.jiwankang.com/manage
[运行时间：0.043431s] [吞吐率：23.03req/s] [内存消耗：4,609.47kb] [文件加载：110]
[ error ] [8]未定义数组索引: selected[E:\wwwroot\2026\04\jiwankang\runtime\temp\0ebc0da97c722c413af6448a150993b9.php:118]
[ error ] [8]未定义数组索引: selected[E:\wwwroot\2026\04\jiwankang\runtime\temp\0ebc0da97c722c413af6448a150993b9.php:118]
[ error ] [8]未定义数组索引: selected[E:\wwwroot\2026\04\jiwankang\runtime\temp\0ebc0da97c722c413af6448a150993b9.php:118]
[ error ] [8]未定义数组索引: selected[E:\wwwroot\2026\04\jiwankang\runtime\temp\0ebc0da97c722c413af6448a150993b9.php:118]
[ error ] [8]未定义数组索引: selected[E:\wwwroot\2026\04\jiwankang\runtime\temp\0ebc0da97c722c413af6448a150993b9.php:118]
[ error ] [8]未定义数组索引: selected[E:\wwwroot\2026\04\jiwankang\runtime\temp\0ebc0da97c722c413af6448a150993b9.php:118]
[ error ] [8]未定义数组索引: selected[E:\wwwroot\2026\04\jiwankang\runtime\temp\0ebc0da97c722c413af6448a150993b9.php:118]
[ error ] [8]未定义数组索引: selected[E:\wwwroot\2026\04\jiwankang\runtime\temp\0ebc0da97c722c413af6448a150993b9.php:118]
[ error ] [8]未定义数组索引: selected[E:\wwwroot\2026\04\jiwankang\runtime\temp\0ebc0da97c722c413af6448a150993b9.php:118]
[ error ] [8]未定义数组索引: selected[E:\wwwroot\2026\04\jiwankang\runtime\temp\0ebc0da97c722c413af6448a150993b9.php:118]
[ error ] [8]未定义数组索引: selected[E:\wwwroot\2026\04\jiwankang\runtime\temp\0ebc0da97c722c413af6448a150993b9.php:118]
[ error ] [8]未定义数组索引: selected[E:\wwwroot\2026\04\jiwankang\runtime\temp\0ebc0da97c722c413af6448a150993b9.php:118]
[ error ] [8]未定义数组索引: selected[E:\wwwroot\2026\04\jiwankang\runtime\temp\0ebc0da97c722c413af6448a150993b9.php:118]
[ error ] [8]未定义数组索引: selected[E:\wwwroot\2026\04\jiwankang\runtime\temp\0ebc0da97c722c413af6448a150993b9.php:118]
[ error ] [8]未定义数组索引: selected[E:\wwwroot\2026\04\jiwankang\runtime\temp\0ebc0da97c722c413af6448a150993b9.php:118]
[ error ] [8]未定义数组索引: selected[E:\wwwroot\2026\04\jiwankang\runtime\temp\0ebc0da97c722c413af6448a150993b9.php:118]
[ error ] [8]未定义数组索引: selected[E:\wwwroot\2026\04\jiwankang\runtime\temp\0ebc0da97c722c413af6448a150993b9.php:118]
[ error ] [8]未定义数组索引: selected[E:\wwwroot\2026\04\jiwankang\runtime\temp\0ebc0da97c722c413af6448a150993b9.php:118]
[ error ] [8]未定义数组索引: selected[E:\wwwroot\2026\04\jiwankang\runtime\temp\0ebc0da97c722c413af6448a150993b9.php:118]
[ error ] [8]未定义数组索引: selected[E:\wwwroot\2026\04\jiwankang\runtime\temp\0ebc0da97c722c413af6448a150993b9.php:118]
---------------------------------------------------------------
[2026-04-02T17:04:42+08:00] 127.0.0.1 GET www.jiwankang.com/manage/balance/index.html?_ajax=1&user_id=1&page=1&limit=20
[运行时间：0.049209s] [吞吐率：20.32req/s] [内存消耗：4,902.04kb] [文件加载：119]
[ error ] [8]未定义数组下标: 10[E:\wwwroot\2026\04\jiwankang\application\common\model\Balance.php:270]
[ error ] [8]未定义数组下标: 10[E:\wwwroot\2026\04\jiwankang\application\common\model\Balance.php:270]
---------------------------------------------------------------
[2026-04-02T17:10:31+08:00] 127.0.0.1 GET www.jiwankang.com/manage
[运行时间：0.035097s] [吞吐率：28.49req/s] [内存消耗：4,609.62kb] [文件加载：110]
[ error ] [8]未定义数组索引: selected[E:\wwwroot\2026\04\jiwankang\runtime\temp\0ebc0da97c722c413af6448a150993b9.php:118]
[ error ] [8]未定义数组索引: selected[E:\wwwroot\2026\04\jiwankang\runtime\temp\0ebc0da97c722c413af6448a150993b9.php:118]
[ error ] [8]未定义数组索引: selected[E:\wwwroot\2026\04\jiwankang\runtime\temp\0ebc0da97c722c413af6448a150993b9.php:118]
[ error ] [8]未定义数组索引: selected[E:\wwwroot\2026\04\jiwankang\runtime\temp\0ebc0da97c722c413af6448a150993b9.php:118]
[ error ] [8]未定义数组索引: selected[E:\wwwroot\2026\04\jiwankang\runtime\temp\0ebc0da97c722c413af6448a150993b9.php:118]
[ error ] [8]未定义数组索引: selected[E:\wwwroot\2026\04\jiwankang\runtime\temp\0ebc0da97c722c413af6448a150993b9.php:118]
[ error ] [8]未定义数组索引: selected[E:\wwwroot\2026\04\jiwankang\runtime\temp\0ebc0da97c722c413af6448a150993b9.php:118]
[ error ] [8]未定义数组索引: selected[E:\wwwroot\2026\04\jiwankang\runtime\temp\0ebc0da97c722c413af6448a150993b9.php:118]
[ error ] [8]未定义数组索引: selected[E:\wwwroot\2026\04\jiwankang\runtime\temp\0ebc0da97c722c413af6448a150993b9.php:118]
[ error ] [8]未定义数组索引: selected[E:\wwwroot\2026\04\jiwankang\runtime\temp\0ebc0da97c722c413af6448a150993b9.php:118]
[ error ] [8]未定义数组索引: selected[E:\wwwroot\2026\04\jiwankang\runtime\temp\0ebc0da97c722c413af6448a150993b9.php:118]
[ error ] [8]未定义数组索引: selected[E:\wwwroot\2026\04\jiwankang\runtime\temp\0ebc0da97c722c413af6448a150993b9.php:118]
[ error ] [8]未定义数组索引: selected[E:\wwwroot\2026\04\jiwankang\runtime\temp\0ebc0da97c722c413af6448a150993b9.php:118]
[ error ] [8]未定义数组索引: selected[E:\wwwroot\2026\04\jiwankang\runtime\temp\0ebc0da97c722c413af6448a150993b9.php:118]
[ error ] [8]未定义数组索引: selected[E:\wwwroot\2026\04\jiwankang\runtime\temp\0ebc0da97c722c413af6448a150993b9.php:118]
[ error ] [8]未定义数组索引: selected[E:\wwwroot\2026\04\jiwankang\runtime\temp\0ebc0da97c722c413af6448a150993b9.php:118]
[ error ] [8]未定义数组索引: selected[E:\wwwroot\2026\04\jiwankang\runtime\temp\0ebc0da97c722c413af6448a150993b9.php:118]
[ error ] [8]未定义数组索引: selected[E:\wwwroot\2026\04\jiwankang\runtime\temp\0ebc0da97c722c413af6448a150993b9.php:118]
[ error ] [8]未定义数组索引: selected[E:\wwwroot\2026\04\jiwankang\runtime\temp\0ebc0da97c722c413af6448a150993b9.php:118]
[ error ] [8]未定义数组索引: selected[E:\wwwroot\2026\04\jiwankang\runtime\temp\0ebc0da97c722c413af6448a150993b9.php:118]
---------------------------------------------------------------
[2026-04-02T17:11:10+08:00] 127.0.0.1 GET www.jiwankang.com/manage
[运行时间：0.045712s] [吞吐率：21.88req/s] [内存消耗：4,609.62kb] [文件加载：110]
[ error ] [8]未定义数组索引: selected[E:\wwwroot\2026\04\jiwankang\runtime\temp\0ebc0da97c722c413af6448a150993b9.php:118]
[ error ] [8]未定义数组索引: selected[E:\wwwroot\2026\04\jiwankang\runtime\temp\0ebc0da97c722c413af6448a150993b9.php:118]
[ error ] [8]未定义数组索引: selected[E:\wwwroot\2026\04\jiwankang\runtime\temp\0ebc0da97c722c413af6448a150993b9.php:118]
[ error ] [8]未定义数组索引: selected[E:\wwwroot\2026\04\jiwankang\runtime\temp\0ebc0da97c722c413af6448a150993b9.php:118]
[ error ] [8]未定义数组索引: selected[E:\wwwroot\2026\04\jiwankang\runtime\temp\0ebc0da97c722c413af6448a150993b9.php:118]
[ error ] [8]未定义数组索引: selected[E:\wwwroot\2026\04\jiwankang\runtime\temp\0ebc0da97c722c413af6448a150993b9.php:118]
[ error ] [8]未定义数组索引: selected[E:\wwwroot\2026\04\jiwankang\runtime\temp\0ebc0da97c722c413af6448a150993b9.php:118]
[ error ] [8]未定义数组索引: selected[E:\wwwroot\2026\04\jiwankang\runtime\temp\0ebc0da97c722c413af6448a150993b9.php:118]
[ error ] [8]未定义数组索引: selected[E:\wwwroot\2026\04\jiwankang\runtime\temp\0ebc0da97c722c413af6448a150993b9.php:118]
[ error ] [8]未定义数组索引: selected[E:\wwwroot\2026\04\jiwankang\runtime\temp\0ebc0da97c722c413af6448a150993b9.php:118]
[ error ] [8]未定义数组索引: selected[E:\wwwroot\2026\04\jiwankang\runtime\temp\0ebc0da97c722c413af6448a150993b9.php:118]
[ error ] [8]未定义数组索引: selected[E:\wwwroot\2026\04\jiwankang\runtime\temp\0ebc0da97c722c413af6448a150993b9.php:118]
[ error ] [8]未定义数组索引: selected[E:\wwwroot\2026\04\jiwankang\runtime\temp\0ebc0da97c722c413af6448a150993b9.php:118]
[ error ] [8]未定义数组索引: selected[E:\wwwroot\2026\04\jiwankang\runtime\temp\0ebc0da97c722c413af6448a150993b9.php:118]
[ error ] [8]未定义数组索引: selected[E:\wwwroot\2026\04\jiwankang\runtime\temp\0ebc0da97c722c413af6448a150993b9.php:118]
[ error ] [8]未定义数组索引: selected[E:\wwwroot\2026\04\jiwankang\runtime\temp\0ebc0da97c722c413af6448a150993b9.php:118]
[ error ] [8]未定义数组索引: selected[E:\wwwroot\2026\04\jiwankang\runtime\temp\0ebc0da97c722c413af6448a150993b9.php:118]
[ error ] [8]未定义数组索引: selected[E:\wwwroot\2026\04\jiwankang\runtime\temp\0ebc0da97c722c413af6448a150993b9.php:118]
[ error ] [8]未定义数组索引: selected[E:\wwwroot\2026\04\jiwankang\runtime\temp\0ebc0da97c722c413af6448a150993b9.php:118]
[ error ] [8]未定义数组索引: selected[E:\wwwroot\2026\04\jiwankang\runtime\temp\0ebc0da97c722c413af6448a150993b9.php:118]
---------------------------------------------------------------
[2026-04-02T17:17:28+08:00] 127.0.0.1 GET www.jiwankang.com/manage
[运行时间：0.041756s] [吞吐率：23.95req/s] [内存消耗：4,610.14kb] [文件加载：110]
[ error ] [8]未定义数组索引: selected[E:\wwwroot\2026\04\jiwankang\runtime\temp\0ebc0da97c722c413af6448a150993b9.php:118]
[ error ] [8]未定义数组索引: selected[E:\wwwroot\2026\04\jiwankang\runtime\temp\0ebc0da97c722c413af6448a150993b9.php:118]
[ error ] [8]未定义数组索引: selected[E:\wwwroot\2026\04\jiwankang\runtime\temp\0ebc0da97c722c413af6448a150993b9.php:118]
[ error ] [8]未定义数组索引: selected[E:\wwwroot\2026\04\jiwankang\runtime\temp\0ebc0da97c722c413af6448a150993b9.php:118]
[ error ] [8]未定义数组索引: selected[E:\wwwroot\2026\04\jiwankang\runtime\temp\0ebc0da97c722c413af6448a150993b9.php:118]
[ error ] [8]未定义数组索引: selected[E:\wwwroot\2026\04\jiwankang\runtime\temp\0ebc0da97c722c413af6448a150993b9.php:118]
[ error ] [8]未定义数组索引: selected[E:\wwwroot\2026\04\jiwankang\runtime\temp\0ebc0da97c722c413af6448a150993b9.php:118]
[ error ] [8]未定义数组索引: selected[E:\wwwroot\2026\04\jiwankang\runtime\temp\0ebc0da97c722c413af6448a150993b9.php:118]
[ error ] [8]未定义数组索引: selected[E:\wwwroot\2026\04\jiwankang\runtime\temp\0ebc0da97c722c413af6448a150993b9.php:118]
[ error ] [8]未定义数组索引: selected[E:\wwwroot\2026\04\jiwankang\runtime\temp\0ebc0da97c722c413af6448a150993b9.php:118]
[ error ] [8]未定义数组索引: selected[E:\wwwroot\2026\04\jiwankang\runtime\temp\0ebc0da97c722c413af6448a150993b9.php:118]
[ error ] [8]未定义数组索引: selected[E:\wwwroot\2026\04\jiwankang\runtime\temp\0ebc0da97c722c413af6448a150993b9.php:118]
[ error ] [8]未定义数组索引: selected[E:\wwwroot\2026\04\jiwankang\runtime\temp\0ebc0da97c722c413af6448a150993b9.php:118]
[ error ] [8]未定义数组索引: selected[E:\wwwroot\2026\04\jiwankang\runtime\temp\0ebc0da97c722c413af6448a150993b9.php:118]
[ error ] [8]未定义数组索引: selected[E:\wwwroot\2026\04\jiwankang\runtime\temp\0ebc0da97c722c413af6448a150993b9.php:118]
[ error ] [8]未定义数组索引: selected[E:\wwwroot\2026\04\jiwankang\runtime\temp\0ebc0da97c722c413af6448a150993b9.php:118]
[ error ] [8]未定义数组索引: selected[E:\wwwroot\2026\04\jiwankang\runtime\temp\0ebc0da97c722c413af6448a150993b9.php:118]
[ error ] [8]未定义数组索引: selected[E:\wwwroot\2026\04\jiwankang\runtime\temp\0ebc0da97c722c413af6448a150993b9.php:118]
[ error ] [8]未定义数组索引: selected[E:\wwwroot\2026\04\jiwankang\runtime\temp\0ebc0da97c722c413af6448a150993b9.php:118]
[ error ] [8]未定义数组索引: selected[E:\wwwroot\2026\04\jiwankang\runtime\temp\0ebc0da97c722c413af6448a150993b9.php:118]
---------------------------------------------------------------
[2026-04-02T17:36:25+08:00] 127.0.0.1 GET www.jiwankang.com/manage
[运行时间：0.047149s] [吞吐率：21.21req/s] [内存消耗：5,190.85kb] [文件加载：117]
[ error ] [8]未定义数组索引: selected[E:\wwwroot\2026\04\jiwankang\runtime\temp\0ebc0da97c722c413af6448a150993b9.php:118]
[ error ] [8]未定义数组索引: selected[E:\wwwroot\2026\04\jiwankang\runtime\temp\0ebc0da97c722c413af6448a150993b9.php:118]
[ error ] [8]未定义数组索引: selected[E:\wwwroot\2026\04\jiwankang\runtime\temp\0ebc0da97c722c413af6448a150993b9.php:118]
[ error ] [8]未定义数组索引: selected[E:\wwwroot\2026\04\jiwankang\runtime\temp\0ebc0da97c722c413af6448a150993b9.php:118]
[ error ] [8]未定义数组索引: selected[E:\wwwroot\2026\04\jiwankang\runtime\temp\0ebc0da97c722c413af6448a150993b9.php:118]
[ error ] [8]未定义数组索引: selected[E:\wwwroot\2026\04\jiwankang\runtime\temp\0ebc0da97c722c413af6448a150993b9.php:118]
[ error ] [8]未定义数组索引: selected[E:\wwwroot\2026\04\jiwankang\runtime\temp\0ebc0da97c722c413af6448a150993b9.php:118]
[ error ] [8]未定义数组索引: selected[E:\wwwroot\2026\04\jiwankang\runtime\temp\0ebc0da97c722c413af6448a150993b9.php:118]
[ error ] [8]未定义数组索引: selected[E:\wwwroot\2026\04\jiwankang\runtime\temp\0ebc0da97c722c413af6448a150993b9.php:118]
[ error ] [8]未定义数组索引: selected[E:\wwwroot\2026\04\jiwankang\runtime\temp\0ebc0da97c722c413af6448a150993b9.php:118]
[ error ] [8]未定义数组索引: selected[E:\wwwroot\2026\04\jiwankang\runtime\temp\0ebc0da97c722c413af6448a150993b9.php:118]
[ error ] [8]未定义数组索引: selected[E:\wwwroot\2026\04\jiwankang\runtime\temp\0ebc0da97c722c413af6448a150993b9.php:118]
[ error ] [8]未定义数组索引: selected[E:\wwwroot\2026\04\jiwankang\runtime\temp\0ebc0da97c722c413af6448a150993b9.php:118]
[ error ] [8]未定义数组索引: selected[E:\wwwroot\2026\04\jiwankang\runtime\temp\0ebc0da97c722c413af6448a150993b9.php:118]
[ error ] [8]未定义数组索引: selected[E:\wwwroot\2026\04\jiwankang\runtime\temp\0ebc0da97c722c413af6448a150993b9.php:118]
[ error ] [8]未定义数组索引: selected[E:\wwwroot\2026\04\jiwankang\runtime\temp\0ebc0da97c722c413af6448a150993b9.php:118]
[ error ] [8]未定义数组索引: selected[E:\wwwroot\2026\04\jiwankang\runtime\temp\0ebc0da97c722c413af6448a150993b9.php:118]
[ error ] [8]未定义数组索引: selected[E:\wwwroot\2026\04\jiwankang\runtime\temp\0ebc0da97c722c413af6448a150993b9.php:118]
[ error ] [8]未定义数组索引: selected[E:\wwwroot\2026\04\jiwankang\runtime\temp\0ebc0da97c722c413af6448a150993b9.php:118]
[ error ] [8]未定义数组索引: selected[E:\wwwroot\2026\04\jiwankang\runtime\temp\0ebc0da97c722c413af6448a150993b9.php:118]
---------------------------------------------------------------
[2026-04-02T17:39:50+08:00] 127.0.0.1 POST www.jiwankang.com/manage/addons/setting.html
[运行时间：0.035413s] [吞吐率：28.24req/s] [内存消耗：4,646.78kb] [文件加载：115]
[ error ] [8]未定义数组索引: level1[E:\wwwroot\2026\04\jiwankang\runtime\temp\06955244b815682495bb67389f3062cc.php:7]
[ error ] [8]未定义数组索引: level2[E:\wwwroot\2026\04\jiwankang\runtime\temp\06955244b815682495bb67389f3062cc.php:14]
[ error ] [8]未定义数组索引: dialog_width[E:\wwwroot\2026\04\jiwankang\vendor\myxland\think-addons\src\Addons.php:180]
[ error ] [8]未定义数组索引: dialog_height[E:\wwwroot\2026\04\jiwankang\vendor\myxland\think-addons\src\Addons.php:181]
---------------------------------------------------------------
[2026-04-02T18:25:07+08:00] 127.0.0.1 GET www.jiwankang.com/manage/goods/add.html
[运行时间：0.043610s] [吞吐率：22.93req/s] [内存消耗：5,323.21kb] [文件加载：121]
[ error ] [8]未定义数组索引: grade_price[E:\wwwroot\2026\04\jiwankang\runtime\temp\882de093369725e7f9c0e9901ca3b311.php:323]
[ error ] [8]未定义数组索引: grade_price[E:\wwwroot\2026\04\jiwankang\runtime\temp\882de093369725e7f9c0e9901ca3b311.php:323]
[ error ] [8]未定义数组索引: grade_price[E:\wwwroot\2026\04\jiwankang\runtime\temp\882de093369725e7f9c0e9901ca3b311.php:323]
[ error ] [8]未定义数组索引: grade_price[E:\wwwroot\2026\04\jiwankang\runtime\temp\882de093369725e7f9c0e9901ca3b311.php:323]
[ error ] [8]未定义数组索引: grade_price[E:\wwwroot\2026\04\jiwankang\runtime\temp\882de093369725e7f9c0e9901ca3b311.php:323]
---------------------------------------------------------------
[2026-04-02T18:30:52+08:00] 127.0.0.1 GET www.jiwankang.com/manage
[运行时间：0.063511s] [吞吐率：15.75req/s] [内存消耗：5,190.91kb] [文件加载：117]
[ error ] [8]未定义数组索引: selected[E:\wwwroot\2026\04\jiwankang\runtime\temp\0ebc0da97c722c413af6448a150993b9.php:118]
[ error ] [8]未定义数组索引: selected[E:\wwwroot\2026\04\jiwankang\runtime\temp\0ebc0da97c722c413af6448a150993b9.php:118]
[ error ] [8]未定义数组索引: selected[E:\wwwroot\2026\04\jiwankang\runtime\temp\0ebc0da97c722c413af6448a150993b9.php:118]
[ error ] [8]未定义数组索引: selected[E:\wwwroot\2026\04\jiwankang\runtime\temp\0ebc0da97c722c413af6448a150993b9.php:118]
[ error ] [8]未定义数组索引: selected[E:\wwwroot\2026\04\jiwankang\runtime\temp\0ebc0da97c722c413af6448a150993b9.php:118]
[ error ] [8]未定义数组索引: selected[E:\wwwroot\2026\04\jiwankang\runtime\temp\0ebc0da97c722c413af6448a150993b9.php:118]
[ error ] [8]未定义数组索引: selected[E:\wwwroot\2026\04\jiwankang\runtime\temp\0ebc0da97c722c413af6448a150993b9.php:118]
[ error ] [8]未定义数组索引: selected[E:\wwwroot\2026\04\jiwankang\runtime\temp\0ebc0da97c722c413af6448a150993b9.php:118]
[ error ] [8]未定义数组索引: selected[E:\wwwroot\2026\04\jiwankang\runtime\temp\0ebc0da97c722c413af6448a150993b9.php:118]
[ error ] [8]未定义数组索引: selected[E:\wwwroot\2026\04\jiwankang\runtime\temp\0ebc0da97c722c413af6448a150993b9.php:118]
[ error ] [8]未定义数组索引: selected[E:\wwwroot\2026\04\jiwankang\runtime\temp\0ebc0da97c722c413af6448a150993b9.php:118]
[ error ] [8]未定义数组索引: selected[E:\wwwroot\2026\04\jiwankang\runtime\temp\0ebc0da97c722c413af6448a150993b9.php:118]
[ error ] [8]未定义数组索引: selected[E:\wwwroot\2026\04\jiwankang\runtime\temp\0ebc0da97c722c413af6448a150993b9.php:118]
[ error ] [8]未定义数组索引: selected[E:\wwwroot\2026\04\jiwankang\runtime\temp\0ebc0da97c722c413af6448a150993b9.php:118]
[ error ] [8]未定义数组索引: selected[E:\wwwroot\2026\04\jiwankang\runtime\temp\0ebc0da97c722c413af6448a150993b9.php:118]
[ error ] [8]未定义数组索引: selected[E:\wwwroot\2026\04\jiwankang\runtime\temp\0ebc0da97c722c413af6448a150993b9.php:118]
[ error ] [8]未定义数组索引: selected[E:\wwwroot\2026\04\jiwankang\runtime\temp\0ebc0da97c722c413af6448a150993b9.php:118]
[ error ] [8]未定义数组索引: selected[E:\wwwroot\2026\04\jiwankang\runtime\temp\0ebc0da97c722c413af6448a150993b9.php:118]
[ error ] [8]未定义数组索引: selected[E:\wwwroot\2026\04\jiwankang\runtime\temp\0ebc0da97c722c413af6448a150993b9.php:118]
[ error ] [8]未定义数组索引: selected[E:\wwwroot\2026\04\jiwankang\runtime\temp\0ebc0da97c722c413af6448a150993b9.php:118]
---------------------------------------------------------------
[2026-04-02T18:34:32+08:00] 127.0.0.1 GET www.jiwankang.com/manage
[运行时间：0.029287s] [吞吐率：34.14req/s] [内存消耗：4,610.71kb] [文件加载：110]
[ error ] [8]未定义数组索引: selected[E:\wwwroot\2026\04\jiwankang\runtime\temp\0ebc0da97c722c413af6448a150993b9.php:118]
[ error ] [8]未定义数组索引: selected[E:\wwwroot\2026\04\jiwankang\runtime\temp\0ebc0da97c722c413af6448a150993b9.php:118]
[ error ] [8]未定义数组索引: selected[E:\wwwroot\2026\04\jiwankang\runtime\temp\0ebc0da97c722c413af6448a150993b9.php:118]
[ error ] [8]未定义数组索引: selected[E:\wwwroot\2026\04\jiwankang\runtime\temp\0ebc0da97c722c413af6448a150993b9.php:118]
[ error ] [8]未定义数组索引: selected[E:\wwwroot\2026\04\jiwankang\runtime\temp\0ebc0da97c722c413af6448a150993b9.php:118]
[ error ] [8]未定义数组索引: selected[E:\wwwroot\2026\04\jiwankang\runtime\temp\0ebc0da97c722c413af6448a150993b9.php:118]
[ error ] [8]未定义数组索引: selected[E:\wwwroot\2026\04\jiwankang\runtime\temp\0ebc0da97c722c413af6448a150993b9.php:118]
[ error ] [8]未定义数组索引: selected[E:\wwwroot\2026\04\jiwankang\runtime\temp\0ebc0da97c722c413af6448a150993b9.php:118]
[ error ] [8]未定义数组索引: selected[E:\wwwroot\2026\04\jiwankang\runtime\temp\0ebc0da97c722c413af6448a150993b9.php:118]
[ error ] [8]未定义数组索引: selected[E:\wwwroot\2026\04\jiwankang\runtime\temp\0ebc0da97c722c413af6448a150993b9.php:118]
[ error ] [8]未定义数组索引: selected[E:\wwwroot\2026\04\jiwankang\runtime\temp\0ebc0da97c722c413af6448a150993b9.php:118]
[ error ] [8]未定义数组索引: selected[E:\wwwroot\2026\04\jiwankang\runtime\temp\0ebc0da97c722c413af6448a150993b9.php:118]
[ error ] [8]未定义数组索引: selected[E:\wwwroot\2026\04\jiwankang\runtime\temp\0ebc0da97c722c413af6448a150993b9.php:118]
[ error ] [8]未定义数组索引: selected[E:\wwwroot\2026\04\jiwankang\runtime\temp\0ebc0da97c722c413af6448a150993b9.php:118]
[ error ] [8]未定义数组索引: selected[E:\wwwroot\2026\04\jiwankang\runtime\temp\0ebc0da97c722c413af6448a150993b9.php:118]
[ error ] [8]未定义数组索引: selected[E:\wwwroot\2026\04\jiwankang\runtime\temp\0ebc0da97c722c413af6448a150993b9.php:118]
[ error ] [8]未定义数组索引: selected[E:\wwwroot\2026\04\jiwankang\runtime\temp\0ebc0da97c722c413af6448a150993b9.php:118]
[ error ] [8]未定义数组索引: selected[E:\wwwroot\2026\04\jiwankang\runtime\temp\0ebc0da97c722c413af6448a150993b9.php:118]
[ error ] [8]未定义数组索引: selected[E:\wwwroot\2026\04\jiwankang\runtime\temp\0ebc0da97c722c413af6448a150993b9.php:118]
[ error ] [8]未定义数组索引: selected[E:\wwwroot\2026\04\jiwankang\runtime\temp\0ebc0da97c722c413af6448a150993b9.php:118]
---------------------------------------------------------------
[2026-04-02T18:39:34+08:00] 127.0.0.1 GET www.jiwankang.com/manage/goods/edit.html?id=3
[运行时间：0.078570s] [吞吐率：12.73req/s] [内存消耗：6,166.16kb] [文件加载：136]
[ error ] [8]未定义数组索引: isSelected[E:\wwwroot\2026\04\jiwankang\runtime\temp\7b22d62def5b43a957cad552a28a77b1.php:34]
[ error ] [8]未定义数组索引: isSelected[E:\wwwroot\2026\04\jiwankang\runtime\temp\7b22d62def5b43a957cad552a28a77b1.php:34]
[ error ] [8]未定义数组索引: isSelected[E:\wwwroot\2026\04\jiwankang\runtime\temp\7b22d62def5b43a957cad552a28a77b1.php:34]
[ error ] [8]未定义数组索引: isSelected[E:\wwwroot\2026\04\jiwankang\runtime\temp\7b22d62def5b43a957cad552a28a77b1.php:34]
[ error ] [8]未定义数组索引: isSelected[E:\wwwroot\2026\04\jiwankang\runtime\temp\7b22d62def5b43a957cad552a28a77b1.php:34]
[ error ] [8]未定义数组索引: isSelected[E:\wwwroot\2026\04\jiwankang\runtime\temp\7b22d62def5b43a957cad552a28a77b1.php:34]
[ error ] [8]未定义数组索引: isSelected[E:\wwwroot\2026\04\jiwankang\runtime\temp\7b22d62def5b43a957cad552a28a77b1.php:34]
[ error ] [8]未定义数组索引: isSelected[E:\wwwroot\2026\04\jiwankang\runtime\temp\7b22d62def5b43a957cad552a28a77b1.php:34]
[ error ] [8]未定义数组索引: isSelected[E:\wwwroot\2026\04\jiwankang\runtime\temp\7b22d62def5b43a957cad552a28a77b1.php:34]
[ error ] [8]未定义数组索引: isSelected[E:\wwwroot\2026\04\jiwankang\runtime\temp\7b22d62def5b43a957cad552a28a77b1.php:34]
[ error ] [8]未定义数组索引: isSelected[E:\wwwroot\2026\04\jiwankang\runtime\temp\7b22d62def5b43a957cad552a28a77b1.php:34]
[ error ] [8]未定义数组索引: isSelected[E:\wwwroot\2026\04\jiwankang\runtime\temp\7b22d62def5b43a957cad552a28a77b1.php:34]
[ error ] [8]未定义数组索引: isSelected[E:\wwwroot\2026\04\jiwankang\runtime\temp\7b22d62def5b43a957cad552a28a77b1.php:34]
[ error ] [8]未定义数组索引: isSelected[E:\wwwroot\2026\04\jiwankang\runtime\temp\7b22d62def5b43a957cad552a28a77b1.php:34]
[ error ] [8]未定义数组索引: isSelected[E:\wwwroot\2026\04\jiwankang\runtime\temp\7b22d62def5b43a957cad552a28a77b1.php:34]
[ error ] [8]未定义数组索引: isSelected[E:\wwwroot\2026\04\jiwankang\runtime\temp\7b22d62def5b43a957cad552a28a77b1.php:34]
[ error ] [8]未定义数组索引: isSelected[E:\wwwroot\2026\04\jiwankang\runtime\temp\7b22d62def5b43a957cad552a28a77b1.php:34]
[ error ] [8]未定义数组索引: isSelected[E:\wwwroot\2026\04\jiwankang\runtime\temp\7b22d62def5b43a957cad552a28a77b1.php:34]
[ error ] [8]未定义数组索引: isSelected[E:\wwwroot\2026\04\jiwankang\runtime\temp\7b22d62def5b43a957cad552a28a77b1.php:34]
[ error ] [8]未定义数组索引: isSelected[E:\wwwroot\2026\04\jiwankang\runtime\temp\7b22d62def5b43a957cad552a28a77b1.php:34]
[ error ] [8]未定义数组索引: isSelected[E:\wwwroot\2026\04\jiwankang\runtime\temp\7b22d62def5b43a957cad552a28a77b1.php:34]
[ error ] [8]未定义数组索引: isSelected[E:\wwwroot\2026\04\jiwankang\runtime\temp\7b22d62def5b43a957cad552a28a77b1.php:34]
[ error ] [8]未定义数组索引: isSelected[E:\wwwroot\2026\04\jiwankang\runtime\temp\7b22d62def5b43a957cad552a28a77b1.php:34]
[ error ] [8]未定义数组索引: isSelected[E:\wwwroot\2026\04\jiwankang\runtime\temp\7b22d62def5b43a957cad552a28a77b1.php:34]
[ error ] [8]未定义数组索引: isSelected[E:\wwwroot\2026\04\jiwankang\runtime\temp\7b22d62def5b43a957cad552a28a77b1.php:34]
[ error ] [8]未定义数组索引: isSelected[E:\wwwroot\2026\04\jiwankang\runtime\temp\7b22d62def5b43a957cad552a28a77b1.php:34]
[ error ] [8]未定义数组索引: isSelected[E:\wwwroot\2026\04\jiwankang\runtime\temp\7b22d62def5b43a957cad552a28a77b1.php:34]
[ error ] [8]未定义数组索引: isSelected[E:\wwwroot\2026\04\jiwankang\runtime\temp\7b22d62def5b43a957cad552a28a77b1.php:34]
[ error ] [8]未定义数组索引: isSelected[E:\wwwroot\2026\04\jiwankang\runtime\temp\7b22d62def5b43a957cad552a28a77b1.php:34]
[ error ] [8]未定义数组索引: isSelected[E:\wwwroot\2026\04\jiwankang\runtime\temp\7b22d62def5b43a957cad552a28a77b1.php:34]
[ error ] [8]未定义数组索引: isSelected[E:\wwwroot\2026\04\jiwankang\runtime\temp\7b22d62def5b43a957cad552a28a77b1.php:34]
[ error ] [8]未定义数组索引: isSelected[E:\wwwroot\2026\04\jiwankang\runtime\temp\7b22d62def5b43a957cad552a28a77b1.php:34]
[ error ] [8]未定义数组索引: isSelected[E:\wwwroot\2026\04\jiwankang\runtime\temp\7b22d62def5b43a957cad552a28a77b1.php:34]
[ error ] [8]未定义数组索引: isSelected[E:\wwwroot\2026\04\jiwankang\runtime\temp\7b22d62def5b43a957cad552a28a77b1.php:34]
[ error ] [8]未定义数组索引: isSelected[E:\wwwroot\2026\04\jiwankang\runtime\temp\7b22d62def5b43a957cad552a28a77b1.php:34]
[ error ] [8]未定义数组索引: isSelected[E:\wwwroot\2026\04\jiwankang\runtime\temp\7b22d62def5b43a957cad552a28a77b1.php:34]
[ error ] [8]未定义数组索引: isSelected[E:\wwwroot\2026\04\jiwankang\runtime\temp\7b22d62def5b43a957cad552a28a77b1.php:34]
[ error ] [8]未定义数组索引: isSelected[E:\wwwroot\2026\04\jiwankang\runtime\temp\7b22d62def5b43a957cad552a28a77b1.php:34]
[ error ] [8]未定义数组索引: isSelected[E:\wwwroot\2026\04\jiwankang\runtime\temp\7b22d62def5b43a957cad552a28a77b1.php:34]
[ error ] [8]未定义数组索引: isSelected[E:\wwwroot\2026\04\jiwankang\runtime\temp\7b22d62def5b43a957cad552a28a77b1.php:34]
[ error ] [8]未定义数组索引: 产地[E:\wwwroot\2026\04\jiwankang\runtime\temp\7b22d62def5b43a957cad552a28a77b1.php:215]
[ error ] [8]未定义数组索引: 材质[E:\wwwroot\2026\04\jiwankang\runtime\temp\7b22d62def5b43a957cad552a28a77b1.php:215]
[ error ] [8]未定义数组索引: 型号[E:\wwwroot\2026\04\jiwankang\runtime\temp\7b22d62def5b43a957cad552a28a77b1.php:215]
---------------------------------------------------------------
[2026-04-02T18:41:22+08:00] 127.0.0.1 GET www.jiwankang.com/manage
[运行时间：0.046190s] [吞吐率：21.65req/s] [内存消耗：5,191.42kb] [文件加载：117]
[ error ] [8]未定义数组索引: selected[E:\wwwroot\2026\04\jiwankang\runtime\temp\0ebc0da97c722c413af6448a150993b9.php:118]
[ error ] [8]未定义数组索引: selected[E:\wwwroot\2026\04\jiwankang\runtime\temp\0ebc0da97c722c413af6448a150993b9.php:118]
[ error ] [8]未定义数组索引: selected[E:\wwwroot\2026\04\jiwankang\runtime\temp\0ebc0da97c722c413af6448a150993b9.php:118]
[ error ] [8]未定义数组索引: selected[E:\wwwroot\2026\04\jiwankang\runtime\temp\0ebc0da97c722c413af6448a150993b9.php:118]
[ error ] [8]未定义数组索引: selected[E:\wwwroot\2026\04\jiwankang\runtime\temp\0ebc0da97c722c413af6448a150993b9.php:118]
[ error ] [8]未定义数组索引: selected[E:\wwwroot\2026\04\jiwankang\runtime\temp\0ebc0da97c722c413af6448a150993b9.php:118]
[ error ] [8]未定义数组索引: selected[E:\wwwroot\2026\04\jiwankang\runtime\temp\0ebc0da97c722c413af6448a150993b9.php:118]
[ error ] [8]未定义数组索引: selected[E:\wwwroot\2026\04\jiwankang\runtime\temp\0ebc0da97c722c413af6448a150993b9.php:118]
[ error ] [8]未定义数组索引: selected[E:\wwwroot\2026\04\jiwankang\runtime\temp\0ebc0da97c722c413af6448a150993b9.php:118]
[ error ] [8]未定义数组索引: selected[E:\wwwroot\2026\04\jiwankang\runtime\temp\0ebc0da97c722c413af6448a150993b9.php:118]
[ error ] [8]未定义数组索引: selected[E:\wwwroot\2026\04\jiwankang\runtime\temp\0ebc0da97c722c413af6448a150993b9.php:118]
[ error ] [8]未定义数组索引: selected[E:\wwwroot\2026\04\jiwankang\runtime\temp\0ebc0da97c722c413af6448a150993b9.php:118]
[ error ] [8]未定义数组索引: selected[E:\wwwroot\2026\04\jiwankang\runtime\temp\0ebc0da97c722c413af6448a150993b9.php:118]
[ error ] [8]未定义数组索引: selected[E:\wwwroot\2026\04\jiwankang\runtime\temp\0ebc0da97c722c413af6448a150993b9.php:118]
[ error ] [8]未定义数组索引: selected[E:\wwwroot\2026\04\jiwankang\runtime\temp\0ebc0da97c722c413af6448a150993b9.php:118]
[ error ] [8]未定义数组索引: selected[E:\wwwroot\2026\04\jiwankang\runtime\temp\0ebc0da97c722c413af6448a150993b9.php:118]
[ error ] [8]未定义数组索引: selected[E:\wwwroot\2026\04\jiwankang\runtime\temp\0ebc0da97c722c413af6448a150993b9.php:118]
[ error ] [8]未定义数组索引: selected[E:\wwwroot\2026\04\jiwankang\runtime\temp\0ebc0da97c722c413af6448a150993b9.php:118]
[ error ] [8]未定义数组索引: selected[E:\wwwroot\2026\04\jiwankang\runtime\temp\0ebc0da97c722c413af6448a150993b9.php:118]
[ error ] [8]未定义数组索引: selected[E:\wwwroot\2026\04\jiwankang\runtime\temp\0ebc0da97c722c413af6448a150993b9.php:118]
---------------------------------------------------------------
[2026-04-02T18:41:59+08:00] 127.0.0.1 GET www.jiwankang.com/manage
[运行时间：0.030370s] [吞吐率：32.93req/s] [内存消耗：4,610.71kb] [文件加载：110]
[ error ] [8]未定义数组索引: selected[E:\wwwroot\2026\04\jiwankang\runtime\temp\0ebc0da97c722c413af6448a150993b9.php:118]
[ error ] [8]未定义数组索引: selected[E:\wwwroot\2026\04\jiwankang\runtime\temp\0ebc0da97c722c413af6448a150993b9.php:118]
[ error ] [8]未定义数组索引: selected[E:\wwwroot\2026\04\jiwankang\runtime\temp\0ebc0da97c722c413af6448a150993b9.php:118]
[ error ] [8]未定义数组索引: selected[E:\wwwroot\2026\04\jiwankang\runtime\temp\0ebc0da97c722c413af6448a150993b9.php:118]
[ error ] [8]未定义数组索引: selected[E:\wwwroot\2026\04\jiwankang\runtime\temp\0ebc0da97c722c413af6448a150993b9.php:118]
[ error ] [8]未定义数组索引: selected[E:\wwwroot\2026\04\jiwankang\runtime\temp\0ebc0da97c722c413af6448a150993b9.php:118]
[ error ] [8]未定义数组索引: selected[E:\wwwroot\2026\04\jiwankang\runtime\temp\0ebc0da97c722c413af6448a150993b9.php:118]
[ error ] [8]未定义数组索引: selected[E:\wwwroot\2026\04\jiwankang\runtime\temp\0ebc0da97c722c413af6448a150993b9.php:118]
[ error ] [8]未定义数组索引: selected[E:\wwwroot\2026\04\jiwankang\runtime\temp\0ebc0da97c722c413af6448a150993b9.php:118]
[ error ] [8]未定义数组索引: selected[E:\wwwroot\2026\04\jiwankang\runtime\temp\0ebc0da97c722c413af6448a150993b9.php:118]
[ error ] [8]未定义数组索引: selected[E:\wwwroot\2026\04\jiwankang\runtime\temp\0ebc0da97c722c413af6448a150993b9.php:118]
[ error ] [8]未定义数组索引: selected[E:\wwwroot\2026\04\jiwankang\runtime\temp\0ebc0da97c722c413af6448a150993b9.php:118]
[ error ] [8]未定义数组索引: selected[E:\wwwroot\2026\04\jiwankang\runtime\temp\0ebc0da97c722c413af6448a150993b9.php:118]
[ error ] [8]未定义数组索引: selected[E:\wwwroot\2026\04\jiwankang\runtime\temp\0ebc0da97c722c413af6448a150993b9.php:118]
[ error ] [8]未定义数组索引: selected[E:\wwwroot\2026\04\jiwankang\runtime\temp\0ebc0da97c722c413af6448a150993b9.php:118]
[ error ] [8]未定义数组索引: selected[E:\wwwroot\2026\04\jiwankang\runtime\temp\0ebc0da97c722c413af6448a150993b9.php:118]
[ error ] [8]未定义数组索引: selected[E:\wwwroot\2026\04\jiwankang\runtime\temp\0ebc0da97c722c413af6448a150993b9.php:118]
[ error ] [8]未定义数组索引: selected[E:\wwwroot\2026\04\jiwankang\runtime\temp\0ebc0da97c722c413af6448a150993b9.php:118]
[ error ] [8]未定义数组索引: selected[E:\wwwroot\2026\04\jiwankang\runtime\temp\0ebc0da97c722c413af6448a150993b9.php:118]
[ error ] [8]未定义数组索引: selected[E:\wwwroot\2026\04\jiwankang\runtime\temp\0ebc0da97c722c413af6448a150993b9.php:118]
---------------------------------------------------------------
[2026-04-02T18:42:57+08:00] 127.0.0.1 GET www.jiwankang.com/manage
[运行时间：0.048657s] [吞吐率：20.55req/s] [内存消耗：5,191.42kb] [文件加载：117]
[ error ] [8]未定义数组索引: selected[E:\wwwroot\2026\04\jiwankang\runtime\temp\0ebc0da97c722c413af6448a150993b9.php:118]
[ error ] [8]未定义数组索引: selected[E:\wwwroot\2026\04\jiwankang\runtime\temp\0ebc0da97c722c413af6448a150993b9.php:118]
[ error ] [8]未定义数组索引: selected[E:\wwwroot\2026\04\jiwankang\runtime\temp\0ebc0da97c722c413af6448a150993b9.php:118]
[ error ] [8]未定义数组索引: selected[E:\wwwroot\2026\04\jiwankang\runtime\temp\0ebc0da97c722c413af6448a150993b9.php:118]
[ error ] [8]未定义数组索引: selected[E:\wwwroot\2026\04\jiwankang\runtime\temp\0ebc0da97c722c413af6448a150993b9.php:118]
[ error ] [8]未定义数组索引: selected[E:\wwwroot\2026\04\jiwankang\runtime\temp\0ebc0da97c722c413af6448a150993b9.php:118]
[ error ] [8]未定义数组索引: selected[E:\wwwroot\2026\04\jiwankang\runtime\temp\0ebc0da97c722c413af6448a150993b9.php:118]
[ error ] [8]未定义数组索引: selected[E:\wwwroot\2026\04\jiwankang\runtime\temp\0ebc0da97c722c413af6448a150993b9.php:118]
[ error ] [8]未定义数组索引: selected[E:\wwwroot\2026\04\jiwankang\runtime\temp\0ebc0da97c722c413af6448a150993b9.php:118]
[ error ] [8]未定义数组索引: selected[E:\wwwroot\2026\04\jiwankang\runtime\temp\0ebc0da97c722c413af6448a150993b9.php:118]
[ error ] [8]未定义数组索引: selected[E:\wwwroot\2026\04\jiwankang\runtime\temp\0ebc0da97c722c413af6448a150993b9.php:118]
[ error ] [8]未定义数组索引: selected[E:\wwwroot\2026\04\jiwankang\runtime\temp\0ebc0da97c722c413af6448a150993b9.php:118]
[ error ] [8]未定义数组索引: selected[E:\wwwroot\2026\04\jiwankang\runtime\temp\0ebc0da97c722c413af6448a150993b9.php:118]
[ error ] [8]未定义数组索引: selected[E:\wwwroot\2026\04\jiwankang\runtime\temp\0ebc0da97c722c413af6448a150993b9.php:118]
[ error ] [8]未定义数组索引: selected[E:\wwwroot\2026\04\jiwankang\runtime\temp\0ebc0da97c722c413af6448a150993b9.php:118]
[ error ] [8]未定义数组索引: selected[E:\wwwroot\2026\04\jiwankang\runtime\temp\0ebc0da97c722c413af6448a150993b9.php:118]
[ error ] [8]未定义数组索引: selected[E:\wwwroot\2026\04\jiwankang\runtime\temp\0ebc0da97c722c413af6448a150993b9.php:118]
[ error ] [8]未定义数组索引: selected[E:\wwwroot\2026\04\jiwankang\runtime\temp\0ebc0da97c722c413af6448a150993b9.php:118]
[ error ] [8]未定义数组索引: selected[E:\wwwroot\2026\04\jiwankang\runtime\temp\0ebc0da97c722c413af6448a150993b9.php:118]
[ error ] [8]未定义数组索引: selected[E:\wwwroot\2026\04\jiwankang\runtime\temp\0ebc0da97c722c413af6448a150993b9.php:118]
---------------------------------------------------------------
[2026-04-02T19:12:07+08:00] 127.0.0.1 GET www.jiwankang.com/manage
[运行时间：0.059942s] [吞吐率：16.68req/s] [内存消耗：5,191.42kb] [文件加载：117]
[ error ] [8]未定义数组索引: selected[E:\wwwroot\2026\04\jiwankang\runtime\temp\0ebc0da97c722c413af6448a150993b9.php:118]
[ error ] [8]未定义数组索引: selected[E:\wwwroot\2026\04\jiwankang\runtime\temp\0ebc0da97c722c413af6448a150993b9.php:118]
[ error ] [8]未定义数组索引: selected[E:\wwwroot\2026\04\jiwankang\runtime\temp\0ebc0da97c722c413af6448a150993b9.php:118]
[ error ] [8]未定义数组索引: selected[E:\wwwroot\2026\04\jiwankang\runtime\temp\0ebc0da97c722c413af6448a150993b9.php:118]
[ error ] [8]未定义数组索引: selected[E:\wwwroot\2026\04\jiwankang\runtime\temp\0ebc0da97c722c413af6448a150993b9.php:118]
[ error ] [8]未定义数组索引: selected[E:\wwwroot\2026\04\jiwankang\runtime\temp\0ebc0da97c722c413af6448a150993b9.php:118]
[ error ] [8]未定义数组索引: selected[E:\wwwroot\2026\04\jiwankang\runtime\temp\0ebc0da97c722c413af6448a150993b9.php:118]
[ error ] [8]未定义数组索引: selected[E:\wwwroot\2026\04\jiwankang\runtime\temp\0ebc0da97c722c413af6448a150993b9.php:118]
[ error ] [8]未定义数组索引: selected[E:\wwwroot\2026\04\jiwankang\runtime\temp\0ebc0da97c722c413af6448a150993b9.php:118]
[ error ] [8]未定义数组索引: selected[E:\wwwroot\2026\04\jiwankang\runtime\temp\0ebc0da97c722c413af6448a150993b9.php:118]
[ error ] [8]未定义数组索引: selected[E:\wwwroot\2026\04\jiwankang\runtime\temp\0ebc0da97c722c413af6448a150993b9.php:118]
[ error ] [8]未定义数组索引: selected[E:\wwwroot\2026\04\jiwankang\runtime\temp\0ebc0da97c722c413af6448a150993b9.php:118]
[ error ] [8]未定义数组索引: selected[E:\wwwroot\2026\04\jiwankang\runtime\temp\0ebc0da97c722c413af6448a150993b9.php:118]
[ error ] [8]未定义数组索引: selected[E:\wwwroot\2026\04\jiwankang\runtime\temp\0ebc0da97c722c413af6448a150993b9.php:118]
[ error ] [8]未定义数组索引: selected[E:\wwwroot\2026\04\jiwankang\runtime\temp\0ebc0da97c722c413af6448a150993b9.php:118]
[ error ] [8]未定义数组索引: selected[E:\wwwroot\2026\04\jiwankang\runtime\temp\0ebc0da97c722c413af6448a150993b9.php:118]
[ error ] [8]未定义数组索引: selected[E:\wwwroot\2026\04\jiwankang\runtime\temp\0ebc0da97c722c413af6448a150993b9.php:118]
[ error ] [8]未定义数组索引: selected[E:\wwwroot\2026\04\jiwankang\runtime\temp\0ebc0da97c722c413af6448a150993b9.php:118]
[ error ] [8]未定义数组索引: selected[E:\wwwroot\2026\04\jiwankang\runtime\temp\0ebc0da97c722c413af6448a150993b9.php:118]
[ error ] [8]未定义数组索引: selected[E:\wwwroot\2026\04\jiwankang\runtime\temp\0ebc0da97c722c413af6448a150993b9.php:118]
---------------------------------------------------------------
[2026-04-02T19:13:44+08:00] 127.0.0.1 GET www.jiwankang.com/manage
[运行时间：0.057808s] [吞吐率：17.30req/s] [内存消耗：4,611.23kb] [文件加载：110]
[ error ] [8]未定义数组索引: selected[E:\wwwroot\2026\04\jiwankang\runtime\temp\0ebc0da97c722c413af6448a150993b9.php:118]
[ error ] [8]未定义数组索引: selected[E:\wwwroot\2026\04\jiwankang\runtime\temp\0ebc0da97c722c413af6448a150993b9.php:118]
[ error ] [8]未定义数组索引: selected[E:\wwwroot\2026\04\jiwankang\runtime\temp\0ebc0da97c722c413af6448a150993b9.php:118]
[ error ] [8]未定义数组索引: selected[E:\wwwroot\2026\04\jiwankang\runtime\temp\0ebc0da97c722c413af6448a150993b9.php:118]
[ error ] [8]未定义数组索引: selected[E:\wwwroot\2026\04\jiwankang\runtime\temp\0ebc0da97c722c413af6448a150993b9.php:118]
[ error ] [8]未定义数组索引: selected[E:\wwwroot\2026\04\jiwankang\runtime\temp\0ebc0da97c722c413af6448a150993b9.php:118]
[ error ] [8]未定义数组索引: selected[E:\wwwroot\2026\04\jiwankang\runtime\temp\0ebc0da97c722c413af6448a150993b9.php:118]
[ error ] [8]未定义数组索引: selected[E:\wwwroot\2026\04\jiwankang\runtime\temp\0ebc0da97c722c413af6448a150993b9.php:118]
[ error ] [8]未定义数组索引: selected[E:\wwwroot\2026\04\jiwankang\runtime\temp\0ebc0da97c722c413af6448a150993b9.php:118]
[ error ] [8]未定义数组索引: selected[E:\wwwroot\2026\04\jiwankang\runtime\temp\0ebc0da97c722c413af6448a150993b9.php:118]
[ error ] [8]未定义数组索引: selected[E:\wwwroot\2026\04\jiwankang\runtime\temp\0ebc0da97c722c413af6448a150993b9.php:118]
[ error ] [8]未定义数组索引: selected[E:\wwwroot\2026\04\jiwankang\runtime\temp\0ebc0da97c722c413af6448a150993b9.php:118]
[ error ] [8]未定义数组索引: selected[E:\wwwroot\2026\04\jiwankang\runtime\temp\0ebc0da97c722c413af6448a150993b9.php:118]
[ error ] [8]未定义数组索引: selected[E:\wwwroot\2026\04\jiwankang\runtime\temp\0ebc0da97c722c413af6448a150993b9.php:118]
[ error ] [8]未定义数组索引: selected[E:\wwwroot\2026\04\jiwankang\runtime\temp\0ebc0da97c722c413af6448a150993b9.php:118]
[ error ] [8]未定义数组索引: selected[E:\wwwroot\2026\04\jiwankang\runtime\temp\0ebc0da97c722c413af6448a150993b9.php:118]
[ error ] [8]未定义数组索引: selected[E:\wwwroot\2026\04\jiwankang\runtime\temp\0ebc0da97c722c413af6448a150993b9.php:118]
[ error ] [8]未定义数组索引: selected[E:\wwwroot\2026\04\jiwankang\runtime\temp\0ebc0da97c722c413af6448a150993b9.php:118]
[ error ] [8]未定义数组索引: selected[E:\wwwroot\2026\04\jiwankang\runtime\temp\0ebc0da97c722c413af6448a150993b9.php:118]
[ error ] [8]未定义数组索引: selected[E:\wwwroot\2026\04\jiwankang\runtime\temp\0ebc0da97c722c413af6448a150993b9.php:118]
---------------------------------------------------------------
[2026-04-02T19:50:58+08:00] 127.0.0.1 GET www.jiwankang.com/manage
[运行时间：0.049953s] [吞吐率：20.02req/s] [内存消耗：5,191.94kb] [文件加载：117]
[ error ] [8]未定义数组索引: selected[E:\wwwroot\2026\04\jiwankang\runtime\temp\0ebc0da97c722c413af6448a150993b9.php:118]
[ error ] [8]未定义数组索引: selected[E:\wwwroot\2026\04\jiwankang\runtime\temp\0ebc0da97c722c413af6448a150993b9.php:118]
[ error ] [8]未定义数组索引: selected[E:\wwwroot\2026\04\jiwankang\runtime\temp\0ebc0da97c722c413af6448a150993b9.php:118]
[ error ] [8]未定义数组索引: selected[E:\wwwroot\2026\04\jiwankang\runtime\temp\0ebc0da97c722c413af6448a150993b9.php:118]
[ error ] [8]未定义数组索引: selected[E:\wwwroot\2026\04\jiwankang\runtime\temp\0ebc0da97c722c413af6448a150993b9.php:118]
[ error ] [8]未定义数组索引: selected[E:\wwwroot\2026\04\jiwankang\runtime\temp\0ebc0da97c722c413af6448a150993b9.php:118]
[ error ] [8]未定义数组索引: selected[E:\wwwroot\2026\04\jiwankang\runtime\temp\0ebc0da97c722c413af6448a150993b9.php:118]
[ error ] [8]未定义数组索引: selected[E:\wwwroot\2026\04\jiwankang\runtime\temp\0ebc0da97c722c413af6448a150993b9.php:118]
[ error ] [8]未定义数组索引: selected[E:\wwwroot\2026\04\jiwankang\runtime\temp\0ebc0da97c722c413af6448a150993b9.php:118]
[ error ] [8]未定义数组索引: selected[E:\wwwroot\2026\04\jiwankang\runtime\temp\0ebc0da97c722c413af6448a150993b9.php:118]
[ error ] [8]未定义数组索引: selected[E:\wwwroot\2026\04\jiwankang\runtime\temp\0ebc0da97c722c413af6448a150993b9.php:118]
[ error ] [8]未定义数组索引: selected[E:\wwwroot\2026\04\jiwankang\runtime\temp\0ebc0da97c722c413af6448a150993b9.php:118]
[ error ] [8]未定义数组索引: selected[E:\wwwroot\2026\04\jiwankang\runtime\temp\0ebc0da97c722c413af6448a150993b9.php:118]
[ error ] [8]未定义数组索引: selected[E:\wwwroot\2026\04\jiwankang\runtime\temp\0ebc0da97c722c413af6448a150993b9.php:118]
[ error ] [8]未定义数组索引: selected[E:\wwwroot\2026\04\jiwankang\runtime\temp\0ebc0da97c722c413af6448a150993b9.php:118]
[ error ] [8]未定义数组索引: selected[E:\wwwroot\2026\04\jiwankang\runtime\temp\0ebc0da97c722c413af6448a150993b9.php:118]
[ error ] [8]未定义数组索引: selected[E:\wwwroot\2026\04\jiwankang\runtime\temp\0ebc0da97c722c413af6448a150993b9.php:118]
[ error ] [8]未定义数组索引: selected[E:\wwwroot\2026\04\jiwankang\runtime\temp\0ebc0da97c722c413af6448a150993b9.php:118]
[ error ] [8]未定义数组索引: selected[E:\wwwroot\2026\04\jiwankang\runtime\temp\0ebc0da97c722c413af6448a150993b9.php:118]
[ error ] [8]未定义数组索引: selected[E:\wwwroot\2026\04\jiwankang\runtime\temp\0ebc0da97c722c413af6448a150993b9.php:118]
---------------------------------------------------------------
[2026-04-02T19:56:05+08:00] 127.0.0.1 GET www.jiwankang.com/manage
[运行时间：0.045769s] [吞吐率：21.85req/s] [内存消耗：4,612.80kb] [文件加载：110]
[ error ] [8]未定义数组索引: selected[E:\wwwroot\2026\04\jiwankang\runtime\temp\0ebc0da97c722c413af6448a150993b9.php:118]
[ error ] [8]未定义数组索引: selected[E:\wwwroot\2026\04\jiwankang\runtime\temp\0ebc0da97c722c413af6448a150993b9.php:118]
[ error ] [8]未定义数组索引: selected[E:\wwwroot\2026\04\jiwankang\runtime\temp\0ebc0da97c722c413af6448a150993b9.php:118]
[ error ] [8]未定义数组索引: selected[E:\wwwroot\2026\04\jiwankang\runtime\temp\0ebc0da97c722c413af6448a150993b9.php:118]
[ error ] [8]未定义数组索引: selected[E:\wwwroot\2026\04\jiwankang\runtime\temp\0ebc0da97c722c413af6448a150993b9.php:118]
[ error ] [8]未定义数组索引: selected[E:\wwwroot\2026\04\jiwankang\runtime\temp\0ebc0da97c722c413af6448a150993b9.php:118]
[ error ] [8]未定义数组索引: selected[E:\wwwroot\2026\04\jiwankang\runtime\temp\0ebc0da97c722c413af6448a150993b9.php:118]
[ error ] [8]未定义数组索引: selected[E:\wwwroot\2026\04\jiwankang\runtime\temp\0ebc0da97c722c413af6448a150993b9.php:118]
[ error ] [8]未定义数组索引: selected[E:\wwwroot\2026\04\jiwankang\runtime\temp\0ebc0da97c722c413af6448a150993b9.php:118]
[ error ] [8]未定义数组索引: selected[E:\wwwroot\2026\04\jiwankang\runtime\temp\0ebc0da97c722c413af6448a150993b9.php:118]
[ error ] [8]未定义数组索引: selected[E:\wwwroot\2026\04\jiwankang\runtime\temp\0ebc0da97c722c413af6448a150993b9.php:118]
[ error ] [8]未定义数组索引: selected[E:\wwwroot\2026\04\jiwankang\runtime\temp\0ebc0da97c722c413af6448a150993b9.php:118]
[ error ] [8]未定义数组索引: selected[E:\wwwroot\2026\04\jiwankang\runtime\temp\0ebc0da97c722c413af6448a150993b9.php:118]
[ error ] [8]未定义数组索引: selected[E:\wwwroot\2026\04\jiwankang\runtime\temp\0ebc0da97c722c413af6448a150993b9.php:118]
[ error ] [8]未定义数组索引: selected[E:\wwwroot\2026\04\jiwankang\runtime\temp\0ebc0da97c722c413af6448a150993b9.php:118]
[ error ] [8]未定义数组索引: selected[E:\wwwroot\2026\04\jiwankang\runtime\temp\0ebc0da97c722c413af6448a150993b9.php:118]
[ error ] [8]未定义数组索引: selected[E:\wwwroot\2026\04\jiwankang\runtime\temp\0ebc0da97c722c413af6448a150993b9.php:118]
[ error ] [8]未定义数组索引: selected[E:\wwwroot\2026\04\jiwankang\runtime\temp\0ebc0da97c722c413af6448a150993b9.php:118]
[ error ] [8]未定义数组索引: selected[E:\wwwroot\2026\04\jiwankang\runtime\temp\0ebc0da97c722c413af6448a150993b9.php:118]
[ error ] [8]未定义数组索引: selected[E:\wwwroot\2026\04\jiwankang\runtime\temp\0ebc0da97c722c413af6448a150993b9.php:118]
---------------------------------------------------------------
[2026-04-02T20:17:21+08:00] 127.0.0.1 GET www.jiwankang.com/manage
[运行时间：0.067201s] [吞吐率：14.88req/s] [内存消耗：5,195.68kb] [文件加载：117]
[ error ] [8]未定义数组索引: selected[E:\wwwroot\2026\04\jiwankang\runtime\temp\0ebc0da97c722c413af6448a150993b9.php:118]
[ error ] [8]未定义数组索引: selected[E:\wwwroot\2026\04\jiwankang\runtime\temp\0ebc0da97c722c413af6448a150993b9.php:118]
[ error ] [8]未定义数组索引: selected[E:\wwwroot\2026\04\jiwankang\runtime\temp\0ebc0da97c722c413af6448a150993b9.php:118]
[ error ] [8]未定义数组索引: selected[E:\wwwroot\2026\04\jiwankang\runtime\temp\0ebc0da97c722c413af6448a150993b9.php:118]
[ error ] [8]未定义数组索引: selected[E:\wwwroot\2026\04\jiwankang\runtime\temp\0ebc0da97c722c413af6448a150993b9.php:118]
[ error ] [8]未定义数组索引: selected[E:\wwwroot\2026\04\jiwankang\runtime\temp\0ebc0da97c722c413af6448a150993b9.php:118]
[ error ] [8]未定义数组索引: selected[E:\wwwroot\2026\04\jiwankang\runtime\temp\0ebc0da97c722c413af6448a150993b9.php:118]
[ error ] [8]未定义数组索引: selected[E:\wwwroot\2026\04\jiwankang\runtime\temp\0ebc0da97c722c413af6448a150993b9.php:118]
[ error ] [8]未定义数组索引: selected[E:\wwwroot\2026\04\jiwankang\runtime\temp\0ebc0da97c722c413af6448a150993b9.php:118]
[ error ] [8]未定义数组索引: selected[E:\wwwroot\2026\04\jiwankang\runtime\temp\0ebc0da97c722c413af6448a150993b9.php:118]
[ error ] [8]未定义数组索引: selected[E:\wwwroot\2026\04\jiwankang\runtime\temp\0ebc0da97c722c413af6448a150993b9.php:118]
[ error ] [8]未定义数组索引: selected[E:\wwwroot\2026\04\jiwankang\runtime\temp\0ebc0da97c722c413af6448a150993b9.php:118]
[ error ] [8]未定义数组索引: selected[E:\wwwroot\2026\04\jiwankang\runtime\temp\0ebc0da97c722c413af6448a150993b9.php:118]
[ error ] [8]未定义数组索引: selected[E:\wwwroot\2026\04\jiwankang\runtime\temp\0ebc0da97c722c413af6448a150993b9.php:118]
[ error ] [8]未定义数组索引: selected[E:\wwwroot\2026\04\jiwankang\runtime\temp\0ebc0da97c722c413af6448a150993b9.php:118]
[ error ] [8]未定义数组索引: selected[E:\wwwroot\2026\04\jiwankang\runtime\temp\0ebc0da97c722c413af6448a150993b9.php:118]
[ error ] [8]未定义数组索引: selected[E:\wwwroot\2026\04\jiwankang\runtime\temp\0ebc0da97c722c413af6448a150993b9.php:118]
[ error ] [8]未定义数组索引: selected[E:\wwwroot\2026\04\jiwankang\runtime\temp\0ebc0da97c722c413af6448a150993b9.php:118]
[ error ] [8]未定义数组索引: selected[E:\wwwroot\2026\04\jiwankang\runtime\temp\0ebc0da97c722c413af6448a150993b9.php:118]
[ error ] [8]未定义数组索引: selected[E:\wwwroot\2026\04\jiwankang\runtime\temp\0ebc0da97c722c413af6448a150993b9.php:118]
---------------------------------------------------------------
[2026-04-02T20:19:42+08:00] 127.0.0.1 GET www.jiwankang.com/manage
[运行时间：0.061188s] [吞吐率：16.34req/s] [内存消耗：5,196.20kb] [文件加载：117]
[ error ] [8]未定义数组索引: selected[E:\wwwroot\2026\04\jiwankang\runtime\temp\0ebc0da97c722c413af6448a150993b9.php:118]
[ error ] [8]未定义数组索引: selected[E:\wwwroot\2026\04\jiwankang\runtime\temp\0ebc0da97c722c413af6448a150993b9.php:118]
[ error ] [8]未定义数组索引: selected[E:\wwwroot\2026\04\jiwankang\runtime\temp\0ebc0da97c722c413af6448a150993b9.php:118]
[ error ] [8]未定义数组索引: selected[E:\wwwroot\2026\04\jiwankang\runtime\temp\0ebc0da97c722c413af6448a150993b9.php:118]
[ error ] [8]未定义数组索引: selected[E:\wwwroot\2026\04\jiwankang\runtime\temp\0ebc0da97c722c413af6448a150993b9.php:118]
[ error ] [8]未定义数组索引: selected[E:\wwwroot\2026\04\jiwankang\runtime\temp\0ebc0da97c722c413af6448a150993b9.php:118]
[ error ] [8]未定义数组索引: selected[E:\wwwroot\2026\04\jiwankang\runtime\temp\0ebc0da97c722c413af6448a150993b9.php:118]
[ error ] [8]未定义数组索引: selected[E:\wwwroot\2026\04\jiwankang\runtime\temp\0ebc0da97c722c413af6448a150993b9.php:118]
[ error ] [8]未定义数组索引: selected[E:\wwwroot\2026\04\jiwankang\runtime\temp\0ebc0da97c722c413af6448a150993b9.php:118]
[ error ] [8]未定义数组索引: selected[E:\wwwroot\2026\04\jiwankang\runtime\temp\0ebc0da97c722c413af6448a150993b9.php:118]
[ error ] [8]未定义数组索引: selected[E:\wwwroot\2026\04\jiwankang\runtime\temp\0ebc0da97c722c413af6448a150993b9.php:118]
[ error ] [8]未定义数组索引: selected[E:\wwwroot\2026\04\jiwankang\runtime\temp\0ebc0da97c722c413af6448a150993b9.php:118]
[ error ] [8]未定义数组索引: selected[E:\wwwroot\2026\04\jiwankang\runtime\temp\0ebc0da97c722c413af6448a150993b9.php:118]
[ error ] [8]未定义数组索引: selected[E:\wwwroot\2026\04\jiwankang\runtime\temp\0ebc0da97c722c413af6448a150993b9.php:118]
[ error ] [8]未定义数组索引: selected[E:\wwwroot\2026\04\jiwankang\runtime\temp\0ebc0da97c722c413af6448a150993b9.php:118]
[ error ] [8]未定义数组索引: selected[E:\wwwroot\2026\04\jiwankang\runtime\temp\0ebc0da97c722c413af6448a150993b9.php:118]
[ error ] [8]未定义数组索引: selected[E:\wwwroot\2026\04\jiwankang\runtime\temp\0ebc0da97c722c413af6448a150993b9.php:118]
[ error ] [8]未定义数组索引: selected[E:\wwwroot\2026\04\jiwankang\runtime\temp\0ebc0da97c722c413af6448a150993b9.php:118]
[ error ] [8]未定义数组索引: selected[E:\wwwroot\2026\04\jiwankang\runtime\temp\0ebc0da97c722c413af6448a150993b9.php:118]
[ error ] [8]未定义数组索引: selected[E:\wwwroot\2026\04\jiwankang\runtime\temp\0ebc0da97c722c413af6448a150993b9.php:118]
---------------------------------------------------------------
[2026-04-02T20:20:01+08:00] 127.0.0.1 GET www.jiwankang.com/manage
[运行时间：0.028076s] [吞吐率：35.62req/s] [内存消耗：4,615.49kb] [文件加载：110]
[ error ] [8]未定义数组索引: selected[E:\wwwroot\2026\04\jiwankang\runtime\temp\0ebc0da97c722c413af6448a150993b9.php:118]
[ error ] [8]未定义数组索引: selected[E:\wwwroot\2026\04\jiwankang\runtime\temp\0ebc0da97c722c413af6448a150993b9.php:118]
[ error ] [8]未定义数组索引: selected[E:\wwwroot\2026\04\jiwankang\runtime\temp\0ebc0da97c722c413af6448a150993b9.php:118]
[ error ] [8]未定义数组索引: selected[E:\wwwroot\2026\04\jiwankang\runtime\temp\0ebc0da97c722c413af6448a150993b9.php:118]
[ error ] [8]未定义数组索引: selected[E:\wwwroot\2026\04\jiwankang\runtime\temp\0ebc0da97c722c413af6448a150993b9.php:118]
[ error ] [8]未定义数组索引: selected[E:\wwwroot\2026\04\jiwankang\runtime\temp\0ebc0da97c722c413af6448a150993b9.php:118]
[ error ] [8]未定义数组索引: selected[E:\wwwroot\2026\04\jiwankang\runtime\temp\0ebc0da97c722c413af6448a150993b9.php:118]
[ error ] [8]未定义数组索引: selected[E:\wwwroot\2026\04\jiwankang\runtime\temp\0ebc0da97c722c413af6448a150993b9.php:118]
[ error ] [8]未定义数组索引: selected[E:\wwwroot\2026\04\jiwankang\runtime\temp\0ebc0da97c722c413af6448a150993b9.php:118]
[ error ] [8]未定义数组索引: selected[E:\wwwroot\2026\04\jiwankang\runtime\temp\0ebc0da97c722c413af6448a150993b9.php:118]
[ error ] [8]未定义数组索引: selected[E:\wwwroot\2026\04\jiwankang\runtime\temp\0ebc0da97c722c413af6448a150993b9.php:118]
[ error ] [8]未定义数组索引: selected[E:\wwwroot\2026\04\jiwankang\runtime\temp\0ebc0da97c722c413af6448a150993b9.php:118]
[ error ] [8]未定义数组索引: selected[E:\wwwroot\2026\04\jiwankang\runtime\temp\0ebc0da97c722c413af6448a150993b9.php:118]
[ error ] [8]未定义数组索引: selected[E:\wwwroot\2026\04\jiwankang\runtime\temp\0ebc0da97c722c413af6448a150993b9.php:118]
[ error ] [8]未定义数组索引: selected[E:\wwwroot\2026\04\jiwankang\runtime\temp\0ebc0da97c722c413af6448a150993b9.php:118]
[ error ] [8]未定义数组索引: selected[E:\wwwroot\2026\04\jiwankang\runtime\temp\0ebc0da97c722c413af6448a150993b9.php:118]
[ error ] [8]未定义数组索引: selected[E:\wwwroot\2026\04\jiwankang\runtime\temp\0ebc0da97c722c413af6448a150993b9.php:118]
[ error ] [8]未定义数组索引: selected[E:\wwwroot\2026\04\jiwankang\runtime\temp\0ebc0da97c722c413af6448a150993b9.php:118]
[ error ] [8]未定义数组索引: selected[E:\wwwroot\2026\04\jiwankang\runtime\temp\0ebc0da97c722c413af6448a150993b9.php:118]
[ error ] [8]未定义数组索引: selected[E:\wwwroot\2026\04\jiwankang\runtime\temp\0ebc0da97c722c413af6448a150993b9.php:118]
---------------------------------------------------------------
[2026-04-02T20:20:10+08:00] 127.0.0.1 GET www.jiwankang.com/manage
[运行时间：0.043506s] [吞吐率：22.99req/s] [内存消耗：5,196.20kb] [文件加载：117]
[ error ] [8]未定义数组索引: selected[E:\wwwroot\2026\04\jiwankang\runtime\temp\0ebc0da97c722c413af6448a150993b9.php:118]
[ error ] [8]未定义数组索引: selected[E:\wwwroot\2026\04\jiwankang\runtime\temp\0ebc0da97c722c413af6448a150993b9.php:118]
[ error ] [8]未定义数组索引: selected[E:\wwwroot\2026\04\jiwankang\runtime\temp\0ebc0da97c722c413af6448a150993b9.php:118]
[ error ] [8]未定义数组索引: selected[E:\wwwroot\2026\04\jiwankang\runtime\temp\0ebc0da97c722c413af6448a150993b9.php:118]
[ error ] [8]未定义数组索引: selected[E:\wwwroot\2026\04\jiwankang\runtime\temp\0ebc0da97c722c413af6448a150993b9.php:118]
[ error ] [8]未定义数组索引: selected[E:\wwwroot\2026\04\jiwankang\runtime\temp\0ebc0da97c722c413af6448a150993b9.php:118]
[ error ] [8]未定义数组索引: selected[E:\wwwroot\2026\04\jiwankang\runtime\temp\0ebc0da97c722c413af6448a150993b9.php:118]
[ error ] [8]未定义数组索引: selected[E:\wwwroot\2026\04\jiwankang\runtime\temp\0ebc0da97c722c413af6448a150993b9.php:118]
[ error ] [8]未定义数组索引: selected[E:\wwwroot\2026\04\jiwankang\runtime\temp\0ebc0da97c722c413af6448a150993b9.php:118]
[ error ] [8]未定义数组索引: selected[E:\wwwroot\2026\04\jiwankang\runtime\temp\0ebc0da97c722c413af6448a150993b9.php:118]
[ error ] [8]未定义数组索引: selected[E:\wwwroot\2026\04\jiwankang\runtime\temp\0ebc0da97c722c413af6448a150993b9.php:118]
[ error ] [8]未定义数组索引: selected[E:\wwwroot\2026\04\jiwankang\runtime\temp\0ebc0da97c722c413af6448a150993b9.php:118]
[ error ] [8]未定义数组索引: selected[E:\wwwroot\2026\04\jiwankang\runtime\temp\0ebc0da97c722c413af6448a150993b9.php:118]
[ error ] [8]未定义数组索引: selected[E:\wwwroot\2026\04\jiwankang\runtime\temp\0ebc0da97c722c413af6448a150993b9.php:118]
[ error ] [8]未定义数组索引: selected[E:\wwwroot\2026\04\jiwankang\runtime\temp\0ebc0da97c722c413af6448a150993b9.php:118]
[ error ] [8]未定义数组索引: selected[E:\wwwroot\2026\04\jiwankang\runtime\temp\0ebc0da97c722c413af6448a150993b9.php:118]
[ error ] [8]未定义数组索引: selected[E:\wwwroot\2026\04\jiwankang\runtime\temp\0ebc0da97c722c413af6448a150993b9.php:118]
[ error ] [8]未定义数组索引: selected[E:\wwwroot\2026\04\jiwankang\runtime\temp\0ebc0da97c722c413af6448a150993b9.php:118]
[ error ] [8]未定义数组索引: selected[E:\wwwroot\2026\04\jiwankang\runtime\temp\0ebc0da97c722c413af6448a150993b9.php:118]
[ error ] [8]未定义数组索引: selected[E:\wwwroot\2026\04\jiwankang\runtime\temp\0ebc0da97c722c413af6448a150993b9.php:118]
