---------------------------------------------------------------
[2026-04-01T14:27:30+08:00] 127.0.0.1 GET www.jiwankang.com/manage
[运行时间：0.022324s] [吞吐率：44.80req/s] [内存消耗：3,006.40kb] [文件加载：97]
[ info ] [ LANG ] E:\wwwroot\2026\04\jiwankang\thinkphp\lang\zh-cn.php
[ info ] [ ROUTE ] array (
)
[ info ] [ HEADER ] array (
  'upgrade-insecure-requests' => '1',
  'sec-purpose' => 'prefetch;prerender',
  'accept-language' => 'zh-CN,zh;q=0.9',
  'accept-encoding' => 'gzip, deflate',
  'accept' => 'text/html,application/xhtml+xml,application/xml;q=0.9,image/avif,image/webp,image/apng,*/*;q=0.8,application/signed-exchange;v=b3;q=0.7',
  'user-agent' => 'Mozilla/5.0 (Windows NT 10.0; Win64; x64) AppleWebKit/537.36 (KHTML, like Gecko) Chrome/146.0.0.0 Safari/537.36',
  'host' => 'www.jiwankang.com',
  'content-length' => '',
  'content-type' => '',
)
[ info ] [ PARAM ] array (
)
---------------------------------------------------------------
[2026-04-01T14:27:30+08:00] 127.0.0.1 GET www.jiwankang.com/manage/common/login.html
[运行时间：0.032443s] [吞吐率：30.82req/s] [内存消耗：4,439.04kb] [文件加载：106]
[ info ] [ LANG ] E:\wwwroot\2026\04\jiwankang\thinkphp\lang\zh-cn.php
[ info ] [ ROUTE ] array (
)
[ info ] [ HEADER ] array (
  'upgrade-insecure-requests' => '1',
  'sec-purpose' => 'prefetch;prerender',
  'cookie' => 'PHPSESSID=6ge3q9cob417ort2dkkl8j63da; jshop_redirect_url=%2Fmanage',
  'accept-language' => 'zh-CN,zh;q=0.9',
  'accept-encoding' => 'gzip, deflate',
  'accept' => 'text/html,application/xhtml+xml,application/xml;q=0.9,image/avif,image/webp,image/apng,*/*;q=0.8,application/signed-exchange;v=b3;q=0.7',
  'user-agent' => 'Mozilla/5.0 (Windows NT 10.0; Win64; x64) AppleWebKit/537.36 (KHTML, like Gecko) Chrome/146.0.0.0 Safari/537.36',
  'host' => 'www.jiwankang.com',
  'content-length' => '',
  'content-type' => '',
)
[ info ] [ PARAM ] array (
)
[ info ] [ DB ] INIT mysql
[ info ] [ VIEW ] E:\wwwroot\2026\04\jiwankang\application\manage\view\common\login.html [ array (
  0 => 'params',
  1 => 'shop_name',
) ]
[ sql ] [ DB ] CONNECT:[ UseTime:0.000734s ] mysql:host=127.0.0.1;port=3306;dbname=jiwankang;charset=utf8mb4
[ sql ] [ SQL ] SHOW COLUMNS FROM `wb_setting` [ RunTime:0.001029s ]
[ sql ] [ SQL ] SELECT * FROM `wb_setting` WHERE  `skey` = 'shop_name' LIMIT 1 [ RunTime:0.000273s ]
---------------------------------------------------------------
[2026-04-01T14:27:30+08:00] 127.0.0.1 GET www.jiwankang.com/captcha.html
[运行时间：0.027464s] [吞吐率：36.41req/s] [内存消耗：2,491.85kb] [文件加载：77]
[ info ] [ LANG ] E:\wwwroot\2026\04\jiwankang\thinkphp\lang\zh-cn.php
[ info ] [ ROUTE ] array (
  'rule' => 'captcha/<id?>',
  'route' => '\\think\\captcha\\CaptchaController@index',
  'option' => 
  array (
    'merge_rule_regex' => false,
  ),
  'var' => 
  array (
  ),
)
[ info ] [ HEADER ] array (
  'sec-purpose' => 'prefetch;prerender',
  'referer' => 'http://www.jiwankang.com/manage/common/login.html',
  'cookie' => 'PHPSESSID=6ge3q9cob417ort2dkkl8j63da; jshop_redirect_url=%2Fmanage',
  'accept-language' => 'zh-CN,zh;q=0.9',
  'accept-encoding' => 'gzip, deflate',
  'accept' => 'image/avif,image/webp,image/apng,image/svg+xml,image/*,*/*;q=0.8',
  'user-agent' => 'Mozilla/5.0 (Windows NT 10.0; Win64; x64) AppleWebKit/537.36 (KHTML, like Gecko) Chrome/146.0.0.0 Safari/537.36',
  'host' => 'www.jiwankang.com',
  'content-length' => '',
  'content-type' => '',
)
[ info ] [ PARAM ] array (
)
---------------------------------------------------------------
[2026-04-01T14:27:36+08:00] 127.0.0.1 POST www.jiwankang.com/manage/common/login.html
[运行时间：0.038990s] [吞吐率：25.65req/s] [内存消耗：4,354.79kb] [文件加载：108]
[ info ] [ LANG ] E:\wwwroot\2026\04\jiwankang\thinkphp\lang\zh-cn.php
[ info ] [ ROUTE ] array (
)
[ info ] [ HEADER ] array (
  'x-requested-with' => 'XMLHttpRequest',
  'referer' => 'http://www.jiwankang.com/manage/common/login.html',
  'origin' => 'http://www.jiwankang.com',
  'cookie' => 'PHPSESSID=6ge3q9cob417ort2dkkl8j63da; jshop_redirect_url=%2Fmanage',
  'content-type' => 'application/x-www-form-urlencoded; charset=UTF-8',
  'accept-language' => 'zh-CN,zh;q=0.9',
  'accept-encoding' => 'gzip, deflate',
  'accept' => 'application/json, text/javascript, */*; q=0.01',
  'content-length' => '124',
  'user-agent' => 'Mozilla/5.0 (Windows NT 10.0; Win64; x64) AppleWebKit/537.36 (KHTML, like Gecko) Chrome/146.0.0.0 Safari/537.36',
  'host' => 'www.jiwankang.com',
)
[ info ] [ PARAM ] array (
  'mobile' => 'jiwankang',
  'password' => 'jiwankang520',
  'captcha' => '',
  'validate_form' => 'login',
  '__Jshop_Token__' => '91fc84cc081c7b8cde7a4e29e1b328e3eb0021c9',
)
[ info ] [ DB ] INIT mysql
[ info ] {"status":false,"data":11088,"msg":"\u6ca1\u6709\u627e\u5230\u63a7\u5236\u5668\uff0c\u8bf7\u8054\u7cfb\u5e73\u53f0\u7ba1\u7406\u5458"}
[ sql ] [ DB ] CONNECT:[ UseTime:0.000632s ] mysql:host=127.0.0.1;port=3306;dbname=jiwankang;charset=utf8mb4
[ sql ] [ SQL ] SHOW COLUMNS FROM `wb_operation` [ RunTime:0.002904s ]
[ sql ] [ SQL ] SELECT * FROM `wb_operation` WHERE  `type` = 'c'  AND `code` = 'common'  AND `parent_id` = 2 LIMIT 1 [ RunTime:0.000886s ]
[ sql ] [ SQL ] SHOW COLUMNS FROM `wb_setting` [ RunTime:0.000765s ]
[ sql ] [ SQL ] SELECT * FROM `wb_setting` WHERE  `skey` = 'language' LIMIT 1 [ RunTime:0.000112s ]
[ sql ] [ SQL ] SELECT * FROM `wb_setting` WHERE  `skey` = 'language' LIMIT 1 [ RunTime:0.000077s ]
[ sql ] [ SQL ] SELECT * FROM `wb_setting` WHERE  `skey` = 'shop_name' LIMIT 1 [ RunTime:0.000093s ]
[ sql ] [ SQL ] SHOW COLUMNS FROM `wb_manage` [ RunTime:0.002074s ]
[ sql ] [ SQL ] SELECT * FROM `wb_manage` WHERE  `username` = 'jiwankang' OR `mobile` = 'jiwankang' LIMIT 1 [ RunTime:0.000161s ]
[ sql ] [ SQL ] SELECT * FROM `wb_manage` WHERE  ( `username` = 'jiwankang' OR `mobile` = 'jiwankang' )  AND `password` = 'c87c6bd29fe7cab9eeb616b5b72ef2f4' LIMIT 1 [ RunTime:0.000111s ]
[ sql ] [ SQL ] SHOW COLUMNS FROM `wb_user_log` [ RunTime:0.001046s ]
[ sql ] [ SQL ] INSERT INTO `wb_user_log` (`user_id` , `state` , `ctime` , `params` , `ip` , `type`) VALUES (13 , 1 , 1775024856 , '[]' , '127.0.0.1' , 2) [ RunTime:0.000134s ]
---------------------------------------------------------------
[2026-04-01T14:27:38+08:00] 127.0.0.1 GET www.jiwankang.com/manage
[运行时间：0.043339s] [吞吐率：23.07req/s] [内存消耗：4,889.92kb] [文件加载：114]
[ info ] [ LANG ] E:\wwwroot\2026\04\jiwankang\thinkphp\lang\zh-cn.php
[ info ] [ ROUTE ] array (
)
[ info ] [ HEADER ] array (
  'upgrade-insecure-requests' => '1',
  'referer' => 'http://www.jiwankang.com/manage/common/login.html',
  'cookie' => 'PHPSESSID=6ge3q9cob417ort2dkkl8j63da',
  'accept-language' => 'zh-CN,zh;q=0.9',
  'accept-encoding' => 'gzip, deflate',
  'accept' => 'text/html,application/xhtml+xml,application/xml;q=0.9,image/avif,image/webp,image/apng,*/*;q=0.8,application/signed-exchange;v=b3;q=0.7',
  'user-agent' => 'Mozilla/5.0 (Windows NT 10.0; Win64; x64) AppleWebKit/537.36 (KHTML, like Gecko) Chrome/146.0.0.0 Safari/537.36',
  'host' => 'www.jiwankang.com',
  'content-length' => '',
  'content-type' => '',
)
[ info ] [ PARAM ] array (
)
[ info ] [ DB ] INIT mysql
[ info ] [ VIEW ] E:\wwwroot\2026\04\jiwankang\application\manage\view\index\index.html [ array (
  0 => 'params',
  1 => 'jshopHost',
  2 => 'shop_name',
  3 => 'menu',
  4 => 'kefu',
) ]
[ sql ] [ DB ] CONNECT:[ UseTime:0.000744s ] mysql:host=127.0.0.1;port=3306;dbname=jiwankang;charset=utf8mb4
[ sql ] [ SQL ] SHOW COLUMNS FROM `wb_setting` [ RunTime:0.000529s ]
[ sql ] [ SQL ] SELECT * FROM `wb_setting` WHERE  `skey` = 'shop_name' LIMIT 1 [ RunTime:0.000261s ]
[ sql ] [ SQL ] SHOW COLUMNS FROM `wb_operation` [ RunTime:0.001189s ]
[ sql ] [ SQL ] SELECT * FROM `wb_operation` WHERE  `perm_type` <= 1 ORDER BY `sort` ASC [ RunTime:0.000345s ]
[ sql ] [ SQL ] SELECT * FROM `wb_operation` [ RunTime:0.000305s ]
[ sql ] [ SQL ] SELECT * FROM `wb_setting` WHERE  `skey` = 'ent_id' LIMIT 1 [ RunTime:0.000302s ]
[ error ] [8]未定义数组索引: selected[E:\wwwroot\2026\04\jiwankang\runtime\temp\0ebc0da97c722c413af6448a150993b9.php:118]
[ error ] [8]未定义数组索引: selected[E:\wwwroot\2026\04\jiwankang\runtime\temp\0ebc0da97c722c413af6448a150993b9.php:118]
[ error ] [8]未定义数组索引: selected[E:\wwwroot\2026\04\jiwankang\runtime\temp\0ebc0da97c722c413af6448a150993b9.php:118]
[ error ] [8]未定义数组索引: selected[E:\wwwroot\2026\04\jiwankang\runtime\temp\0ebc0da97c722c413af6448a150993b9.php:118]
[ error ] [8]未定义数组索引: selected[E:\wwwroot\2026\04\jiwankang\runtime\temp\0ebc0da97c722c413af6448a150993b9.php:118]
[ error ] [8]未定义数组索引: selected[E:\wwwroot\2026\04\jiwankang\runtime\temp\0ebc0da97c722c413af6448a150993b9.php:118]
[ error ] [8]未定义数组索引: selected[E:\wwwroot\2026\04\jiwankang\runtime\temp\0ebc0da97c722c413af6448a150993b9.php:118]
[ error ] [8]未定义数组索引: selected[E:\wwwroot\2026\04\jiwankang\runtime\temp\0ebc0da97c722c413af6448a150993b9.php:118]
[ error ] [8]未定义数组索引: selected[E:\wwwroot\2026\04\jiwankang\runtime\temp\0ebc0da97c722c413af6448a150993b9.php:118]
[ error ] [8]未定义数组索引: selected[E:\wwwroot\2026\04\jiwankang\runtime\temp\0ebc0da97c722c413af6448a150993b9.php:118]
[ error ] [8]未定义数组索引: selected[E:\wwwroot\2026\04\jiwankang\runtime\temp\0ebc0da97c722c413af6448a150993b9.php:118]
[ error ] [8]未定义数组索引: selected[E:\wwwroot\2026\04\jiwankang\runtime\temp\0ebc0da97c722c413af6448a150993b9.php:118]
[ error ] [8]未定义数组索引: selected[E:\wwwroot\2026\04\jiwankang\runtime\temp\0ebc0da97c722c413af6448a150993b9.php:118]
[ error ] [8]未定义数组索引: selected[E:\wwwroot\2026\04\jiwankang\runtime\temp\0ebc0da97c722c413af6448a150993b9.php:118]
[ error ] [8]未定义数组索引: selected[E:\wwwroot\2026\04\jiwankang\runtime\temp\0ebc0da97c722c413af6448a150993b9.php:118]
[ error ] [8]未定义数组索引: selected[E:\wwwroot\2026\04\jiwankang\runtime\temp\0ebc0da97c722c413af6448a150993b9.php:118]
[ error ] [8]未定义数组索引: selected[E:\wwwroot\2026\04\jiwankang\runtime\temp\0ebc0da97c722c413af6448a150993b9.php:118]
[ error ] [8]未定义数组索引: selected[E:\wwwroot\2026\04\jiwankang\runtime\temp\0ebc0da97c722c413af6448a150993b9.php:118]
[ error ] [8]未定义数组索引: selected[E:\wwwroot\2026\04\jiwankang\runtime\temp\0ebc0da97c722c413af6448a150993b9.php:118]
[ error ] [8]未定义数组索引: selected[E:\wwwroot\2026\04\jiwankang\runtime\temp\0ebc0da97c722c413af6448a150993b9.php:118]
---------------------------------------------------------------
[2026-04-01T14:27:38+08:00] 127.0.0.1 GET www.jiwankang.com/manage/index/welcome.html
[运行时间：0.049860s] [吞吐率：20.06req/s] [内存消耗：5,491.13kb] [文件加载：115]
[ info ] [ LANG ] E:\wwwroot\2026\04\jiwankang\thinkphp\lang\zh-cn.php
[ info ] [ ROUTE ] array (
)
[ info ] [ HEADER ] array (
  'upgrade-insecure-requests' => '1',
  'referer' => 'http://www.jiwankang.com/manage',
  'cookie' => 'PHPSESSID=6ge3q9cob417ort2dkkl8j63da',
  'accept-language' => 'zh-CN,zh;q=0.9',
  'accept-encoding' => 'gzip, deflate',
  'accept' => 'text/html,application/xhtml+xml,application/xml;q=0.9,image/avif,image/webp,image/apng,*/*;q=0.8,application/signed-exchange;v=b3;q=0.7',
  'user-agent' => 'Mozilla/5.0 (Windows NT 10.0; Win64; x64) AppleWebKit/537.36 (KHTML, like Gecko) Chrome/146.0.0.0 Safari/537.36',
  'host' => 'www.jiwankang.com',
  'content-length' => '',
  'content-type' => '',
)
[ info ] [ PARAM ] array (
)
[ info ] [ DB ] INIT mysql
[ info ] [ VIEW ] E:\wwwroot\2026\04\jiwankang\application\manage\view\index\welcome.html [ array (
  0 => 'params',
  1 => 'jshopHost',
  2 => 'shop_name',
  3 => 'unpaid_count',
  4 => 'unship_count',
  5 => 'after_sales_count',
  6 => 'goods_statics',
  7 => 'zijinchi',
  8 => 'todayTyOrder',
  9 => 'allTyOrder',
  10 => 'daibutie',
  11 => 'yibutie',
) ]
[ sql ] [ DB ] CONNECT:[ UseTime:0.000616s ] mysql:host=127.0.0.1;port=3306;dbname=jiwankang;charset=utf8mb4
[ sql ] [ SQL ] SHOW COLUMNS FROM `wb_setting` [ RunTime:0.000937s ]
[ sql ] [ SQL ] SELECT * FROM `wb_setting` WHERE  `skey` = 'shop_name' LIMIT 1 [ RunTime:0.000144s ]
[ sql ] [ SQL ] SHOW COLUMNS FROM `wb_order` [ RunTime:0.000822s ]
[ sql ] [ SQL ] SELECT COUNT(*) AS tp_count FROM `wb_order` WHERE (  `status` = 1  AND `pay_status` = 1  AND `ship_status` = 1 ) AND `wb_order`.`isdel` IS NULL LIMIT 1 [ RunTime:0.000150s ]
[ sql ] [ SQL ] SELECT COUNT(*) AS tp_count FROM `wb_order` WHERE (  `status` = 1  AND `pay_status` = 2  AND `ship_status` IN (1,2) ) AND `wb_order`.`isdel` IS NULL LIMIT 1 [ RunTime:0.000117s ]
[ sql ] [ SQL ] SHOW COLUMNS FROM `wb_bill_aftersales` [ RunTime:0.001217s ]
[ sql ] [ SQL ] SELECT COUNT(*) AS tp_count FROM `wb_bill_aftersales` WHERE  `status` = 1 LIMIT 1 [ RunTime:0.000212s ]
[ sql ] [ SQL ] SELECT * FROM `wb_setting` WHERE  `skey` = 'shop_name' LIMIT 1 [ RunTime:0.000253s ]
[ sql ] [ SQL ] SHOW COLUMNS FROM `wb_goods` [ RunTime:0.000945s ]
[ sql ] [ SQL ] SELECT COUNT(`id`) AS tp_count FROM `wb_goods` LIMIT 1 [ RunTime:0.000487s ]
[ sql ] [ SQL ] SELECT COUNT(`id`) AS tp_count FROM `wb_goods` WHERE  `marketable` = 1 LIMIT 1 [ RunTime:0.000449s ]
[ sql ] [ SQL ] SELECT COUNT(`id`) AS tp_count FROM `wb_goods` WHERE  `marketable` = 2 LIMIT 1 [ RunTime:0.000088s ]
[ sql ] [ SQL ] SELECT * FROM `wb_setting` WHERE  `skey` = 'goods_stocks_warn' LIMIT 1 [ RunTime:0.000089s ]
[ sql ] [ SQL ] SHOW COLUMNS FROM `wb_products` [ RunTime:0.002354s ]
[ sql ] [ SQL ] SELECT COUNT(*) AS tp_count FROM ( SELECT count(id) AS think_count FROM `wb_products` WHERE  ( IF(stock < freeze_stock, 0, stock - freeze_stock)<10 ) GROUP BY `goods_id` ) `_group_count_` LIMIT 1 [ RunTime:0.000543s ]
[ sql ] [ SQL ] SHOW COLUMNS FROM `wb_money` [ RunTime:0.001549s ]
[ sql ] [ SQL ] SELECT `money` FROM `wb_money` WHERE  `type` = 1 LIMIT 1 [ RunTime:0.000134s ]
[ sql ] [ SQL ] SELECT SUM(`payed`) AS tp_sum FROM `wb_order` WHERE (  `status` < 3  AND `pay_status` = 2  AND `ctime` BETWEEN 1774972800 AND 1775059200 ) AND `wb_order`.`isdel` IS NULL LIMIT 1 [ RunTime:0.000168s ]
[ sql ] [ SQL ] SELECT SUM(`payed`) AS tp_sum FROM `wb_order` WHERE (  `status` < 3  AND `pay_status` = 2 ) AND `wb_order`.`isdel` IS NULL LIMIT 1 [ RunTime:0.000104s ]
[ sql ] [ SQL ] SHOW COLUMNS FROM `wb_user` [ RunTime:0.000801s ]
[ sql ] [ SQL ] SELECT SUM(`butie`) AS tp_sum FROM `wb_user` WHERE `wb_user`.`isdel` IS NULL LIMIT 1 [ RunTime:0.000108s ]
[ sql ] [ SQL ] SELECT SUM(`ybuite`) AS tp_sum FROM `wb_user` WHERE `wb_user`.`isdel` IS NULL LIMIT 1 [ RunTime:0.000075s ]
---------------------------------------------------------------
[2026-04-01T14:27:38+08:00] 127.0.0.1 GET www.jiwankang.com/manage/administrator/userloglist/state/1.html
[运行时间：0.041867s] [吞吐率：23.89req/s] [内存消耗：4,570.61kb] [文件加载：110]
[ info ] [ LANG ] E:\wwwroot\2026\04\jiwankang\thinkphp\lang\zh-cn.php
[ info ] [ ROUTE ] array (
)
[ info ] [ HEADER ] array (
  'x-requested-with' => 'XMLHttpRequest',
  'referer' => 'http://www.jiwankang.com/manage/index/welcome.html',
  'cookie' => 'PHPSESSID=6ge3q9cob417ort2dkkl8j63da',
  'accept-language' => 'zh-CN,zh;q=0.9',
  'accept-encoding' => 'gzip, deflate',
  'accept' => '*/*',
  'user-agent' => 'Mozilla/5.0 (Windows NT 10.0; Win64; x64) AppleWebKit/537.36 (KHTML, like Gecko) Chrome/146.0.0.0 Safari/537.36',
  'host' => 'www.jiwankang.com',
  'content-length' => '',
  'content-type' => '',
)
[ info ] [ PARAM ] array (
  'state' => '1',
)
[ info ] [ DB ] INIT mysql
[ sql ] [ DB ] CONNECT:[ UseTime:0.000808s ] mysql:host=127.0.0.1;port=3306;dbname=jiwankang;charset=utf8mb4
[ sql ] [ SQL ] SHOW COLUMNS FROM `wb_setting` [ RunTime:0.001097s ]
[ sql ] [ SQL ] SELECT * FROM `wb_setting` WHERE  `skey` = 'shop_name' LIMIT 1 [ RunTime:0.000203s ]
[ sql ] [ SQL ] SHOW COLUMNS FROM `wb_user_log` [ RunTime:0.001104s ]
[ sql ] [ SQL ] SELECT COUNT(*) AS tp_count FROM `wb_user_log` WHERE  `state` = 1  AND `type` = 2 LIMIT 1 [ RunTime:0.000221s ]
[ sql ] [ SQL ] SELECT * FROM `wb_user_log` WHERE  `state` = 1  AND `type` = 2 ORDER BY `ctime` DESC LIMIT 0,10 [ RunTime:0.000192s ]
[ sql ] [ SQL ] SHOW COLUMNS FROM `wb_manage` [ RunTime:0.002024s ]
[ sql ] [ SQL ] SELECT `id`,`username`,`nickname`,`mobile` FROM `wb_manage` WHERE  `id` = 13 LIMIT 1 [ RunTime:0.000652s ]
[ sql ] [ SQL ] SELECT `id`,`username`,`nickname`,`mobile` FROM `wb_manage` WHERE  `id` = 13 LIMIT 1 [ RunTime:0.000393s ]
[ sql ] [ SQL ] SELECT `id`,`username`,`nickname`,`mobile` FROM `wb_manage` WHERE  `id` = 13 LIMIT 1 [ RunTime:0.000271s ]
[ sql ] [ SQL ] SELECT `id`,`username`,`nickname`,`mobile` FROM `wb_manage` WHERE  `id` = 13 LIMIT 1 [ RunTime:0.000249s ]
---------------------------------------------------------------
[2026-04-01T14:27:38+08:00] 127.0.0.1 GET www.jiwankang.com/manage/user/statistics.html
[运行时间：0.056478s] [吞吐率：17.71req/s] [内存消耗：5,023.70kb] [文件加载：111]
[ info ] [ LANG ] E:\wwwroot\2026\04\jiwankang\thinkphp\lang\zh-cn.php
[ info ] [ ROUTE ] array (
)
[ info ] [ HEADER ] array (
  'x-requested-with' => 'XMLHttpRequest',
  'referer' => 'http://www.jiwankang.com/manage/index/welcome.html',
  'cookie' => 'PHPSESSID=6ge3q9cob417ort2dkkl8j63da',
  'accept-language' => 'zh-CN,zh;q=0.9',
  'accept-encoding' => 'gzip, deflate',
  'accept' => '*/*',
  'user-agent' => 'Mozilla/5.0 (Windows NT 10.0; Win64; x64) AppleWebKit/537.36 (KHTML, like Gecko) Chrome/146.0.0.0 Safari/537.36',
  'host' => 'www.jiwankang.com',
  'content-length' => '',
  'content-type' => '',
)
[ info ] [ PARAM ] array (
)
[ info ] [ DB ] INIT mysql
[ sql ] [ DB ] CONNECT:[ UseTime:0.000803s ] mysql:host=127.0.0.1;port=3306;dbname=jiwankang;charset=utf8mb4
[ sql ] [ SQL ] SHOW COLUMNS FROM `wb_setting` [ RunTime:0.001403s ]
[ sql ] [ SQL ] SELECT * FROM `wb_setting` WHERE  `skey` = 'shop_name' LIMIT 1 [ RunTime:0.000322s ]
[ sql ] [ SQL ] SHOW COLUMNS FROM `wb_user` [ RunTime:0.001201s ]
[ sql ] [ SQL ] SELECT DATE_FORMAT(from_unixtime(ctime),"%Y-%m-%d") as day, count(*) as nums FROM `wb_user` WHERE (  `ctime` > 1774420058  AND ( TIMESTAMPDIFF(DAY,from_unixtime(ctime),now()) <7 ) ) AND `wb_user`.`isdel` IS NULL GROUP BY DATE_FORMAT(from_unixtime(ctime),"%Y-%m-%d") [ RunTime:0.000372s ]
[ sql ] [ SQL ] SHOW COLUMNS FROM `wb_order` [ RunTime:0.001441s ]
[ sql ] [ SQL ] SELECT COUNT(*) AS tp_count FROM ( SELECT count(*) AS think_count FROM `wb_order` WHERE (  `ctime` < 1775024858  AND `ctime` >= 1774972800 ) AND `wb_order`.`isdel` IS NULL GROUP BY `user_id` ) `_group_count_` LIMIT 1 [ RunTime:0.000255s ]
[ sql ] [ SQL ] SELECT COUNT(*) AS tp_count FROM ( SELECT count(*) AS think_count FROM `wb_order` WHERE (  `ctime` < 1774972799  AND `ctime` >= 1774886400 ) AND `wb_order`.`isdel` IS NULL GROUP BY `user_id` ) `_group_count_` LIMIT 1 [ RunTime:0.000178s ]
[ sql ] [ SQL ] SELECT COUNT(*) AS tp_count FROM ( SELECT count(*) AS think_count FROM `wb_order` WHERE (  `ctime` < 1774886399  AND `ctime` >= 1774800000 ) AND `wb_order`.`isdel` IS NULL GROUP BY `user_id` ) `_group_count_` LIMIT 1 [ RunTime:0.000284s ]
[ sql ] [ SQL ] SELECT COUNT(*) AS tp_count FROM ( SELECT count(*) AS think_count FROM `wb_order` WHERE (  `ctime` < 1774799999  AND `ctime` >= 1774713600 ) AND `wb_order`.`isdel` IS NULL GROUP BY `user_id` ) `_group_count_` LIMIT 1 [ RunTime:0.000278s ]
[ sql ] [ SQL ] SELECT COUNT(*) AS tp_count FROM ( SELECT count(*) AS think_count FROM `wb_order` WHERE (  `ctime` < 1774713599  AND `ctime` >= 1774627200 ) AND `wb_order`.`isdel` IS NULL GROUP BY `user_id` ) `_group_count_` LIMIT 1 [ RunTime:0.000130s ]
[ sql ] [ SQL ] SELECT COUNT(*) AS tp_count FROM ( SELECT count(*) AS think_count FROM `wb_order` WHERE (  `ctime` < 1774627199  AND `ctime` >= 1774540800 ) AND `wb_order`.`isdel` IS NULL GROUP BY `user_id` ) `_group_count_` LIMIT 1 [ RunTime:0.000106s ]
[ sql ] [ SQL ] SELECT COUNT(*) AS tp_count FROM ( SELECT count(*) AS think_count FROM `wb_order` WHERE (  `ctime` < 1774540799  AND `ctime` >= 1774454400 ) AND `wb_order`.`isdel` IS NULL GROUP BY `user_id` ) `_group_count_` LIMIT 1 [ RunTime:0.000098s ]
---------------------------------------------------------------
[2026-04-01T14:27:38+08:00] 127.0.0.1 GET www.jiwankang.com/manage/operation_log/getlastlog.html
[运行时间：0.084477s] [吞吐率：11.84req/s] [内存消耗：4,525.98kb] [文件加载：110]
[ info ] [ LANG ] E:\wwwroot\2026\04\jiwankang\thinkphp\lang\zh-cn.php
[ info ] [ ROUTE ] array (
)
[ info ] [ HEADER ] array (
  'x-requested-with' => 'XMLHttpRequest',
  'referer' => 'http://www.jiwankang.com/manage/index/welcome.html',
  'cookie' => 'PHPSESSID=6ge3q9cob417ort2dkkl8j63da',
  'accept-language' => 'zh-CN,zh;q=0.9',
  'accept-encoding' => 'gzip, deflate',
  'accept' => 'application/json, text/javascript, */*; q=0.01',
  'user-agent' => 'Mozilla/5.0 (Windows NT 10.0; Win64; x64) AppleWebKit/537.36 (KHTML, like Gecko) Chrome/146.0.0.0 Safari/537.36',
  'host' => 'www.jiwankang.com',
  'content-length' => '',
  'content-type' => '',
)
[ info ] [ PARAM ] array (
)
[ info ] [ DB ] INIT mysql
[ sql ] [ DB ] CONNECT:[ UseTime:0.000636s ] mysql:host=127.0.0.1;port=3306;dbname=jiwankang;charset=utf8mb4
[ sql ] [ SQL ] SHOW COLUMNS FROM `wb_setting` [ RunTime:0.000957s ]
[ sql ] [ SQL ] SELECT * FROM `wb_setting` WHERE  `skey` = 'shop_name' LIMIT 1 [ RunTime:0.000241s ]
[ sql ] [ SQL ] SHOW COLUMNS FROM `wb_operation_log` [ RunTime:0.002968s ]
[ sql ] [ SQL ] SELECT COUNT(*) AS tp_count FROM `wb_operation_log` LIMIT 1 [ RunTime:0.000438s ]
[ sql ] [ SQL ] SELECT * FROM `wb_operation_log` ORDER BY `id` DESC LIMIT 0,10 [ RunTime:0.000145s ]
[ sql ] [ SQL ] SHOW COLUMNS FROM `wb_manage` [ RunTime:0.000877s ]
[ sql ] [ SQL ] SELECT * FROM `wb_manage` WHERE  `id` = 13 LIMIT 1 [ RunTime:0.000161s ]
[ sql ] [ SQL ] SELECT * FROM `wb_manage` WHERE  `id` = 13 LIMIT 1 [ RunTime:0.000099s ]
[ sql ] [ SQL ] SELECT * FROM `wb_manage` WHERE  `id` = 13 LIMIT 1 [ RunTime:0.000083s ]
[ sql ] [ SQL ] SELECT * FROM `wb_manage` WHERE  `id` = 13 LIMIT 1 [ RunTime:0.000075s ]
[ sql ] [ SQL ] SELECT * FROM `wb_manage` WHERE  `id` = 13 LIMIT 1 [ RunTime:0.000073s ]
[ sql ] [ SQL ] SELECT * FROM `wb_manage` WHERE  `id` = 13 LIMIT 1 [ RunTime:0.000073s ]
[ sql ] [ SQL ] SELECT * FROM `wb_manage` WHERE  `id` = 13 LIMIT 1 [ RunTime:0.000072s ]
[ sql ] [ SQL ] SELECT * FROM `wb_manage` WHERE  `id` = 13 LIMIT 1 [ RunTime:0.000072s ]
[ sql ] [ SQL ] SELECT * FROM `wb_manage` WHERE  `id` = 13 LIMIT 1 [ RunTime:0.000085s ]
[ sql ] [ SQL ] SELECT * FROM `wb_manage` WHERE  `id` = 13 LIMIT 1 [ RunTime:0.000258s ]
---------------------------------------------------------------
[2026-04-01T14:27:38+08:00] 127.0.0.1 GET www.jiwankang.com/manage/order/statistics.html
[运行时间：0.062578s] [吞吐率：15.98req/s] [内存消耗：4,694.27kb] [文件加载：110]
[ info ] [ LANG ] E:\wwwroot\2026\04\jiwankang\thinkphp\lang\zh-cn.php
[ info ] [ ROUTE ] array (
)
[ info ] [ HEADER ] array (
  'x-requested-with' => 'XMLHttpRequest',
  'referer' => 'http://www.jiwankang.com/manage/index/welcome.html',
  'cookie' => 'PHPSESSID=6ge3q9cob417ort2dkkl8j63da',
  'accept-language' => 'zh-CN,zh;q=0.9',
  'accept-encoding' => 'gzip, deflate',
  'accept' => '*/*',
  'user-agent' => 'Mozilla/5.0 (Windows NT 10.0; Win64; x64) AppleWebKit/537.36 (KHTML, like Gecko) Chrome/146.0.0.0 Safari/537.36',
  'host' => 'www.jiwankang.com',
  'content-length' => '',
  'content-type' => '',
)
[ info ] [ PARAM ] array (
)
[ info ] [ DB ] INIT mysql
[ sql ] [ DB ] CONNECT:[ UseTime:0.000996s ] mysql:host=127.0.0.1;port=3306;dbname=jiwankang;charset=utf8mb4
[ sql ] [ SQL ] SHOW COLUMNS FROM `wb_setting` [ RunTime:0.001543s ]
[ sql ] [ SQL ] SELECT * FROM `wb_setting` WHERE  `skey` = 'shop_name' LIMIT 1 [ RunTime:0.000198s ]
[ sql ] [ SQL ] SHOW COLUMNS FROM `wb_bill_payments` [ RunTime:0.002018s ]
[ sql ] [ SQL ] SELECT count(1) AS `nums`,DATE_FORMAT(FROM_UNIXTIME(ctime),"%Y-%m-%d") AS `day` FROM `wb_bill_payments` WHERE  `status` = 2  AND `type` = 1  AND ( FROM_UNIXTIME(ctime) >= 2026-03-25 ) GROUP BY DATE_FORMAT(FROM_UNIXTIME(ctime),"%Y-%m-%d") [ RunTime:0.001890s ]
[ sql ] [ SQL ] SHOW COLUMNS FROM `wb_bill_delivery` [ RunTime:0.001971s ]
[ sql ] [ SQL ] SELECT count(1) AS `nums`,DATE_FORMAT(FROM_UNIXTIME(ctime),"%Y-%m-%d") AS `day` FROM `wb_bill_delivery` WHERE  ( FROM_UNIXTIME(ctime) >= 2026-03-25 ) GROUP BY DATE_FORMAT(FROM_UNIXTIME(ctime),"%Y-%m-%d") [ RunTime:0.001035s ]
---------------------------------------------------------------
[2026-04-01T14:28:50+08:00] 127.0.0.1 GET www.jiwankang.com/b2c/common/qr.html?url=http%3A%2F%2Fwww.jiwankang.com%2Fwap%2Fpages%2Fshare%2Fjump%3Fscene%3D1-3705-
[运行时间：0.023144s] [吞吐率：43.21req/s] [内存消耗：3,593.02kb] [文件加载：87]
[ info ] [ LANG ] E:\wwwroot\2026\04\jiwankang\thinkphp\lang\zh-cn.php
[ info ] [ ROUTE ] array (
)
[ info ] [ HEADER ] array (
  'connection' => 'close',
  'host' => 'www.jiwankang.com',
  'content-length' => '',
  'content-type' => '',
)
[ info ] [ PARAM ] array (
  'url' => 'http://www.jiwankang.com/wap/pages/share/jump?scene=1-3705-',
)
---------------------------------------------------------------
[2026-04-01T14:28:50+08:00] 127.0.0.1 GET www.jiwankang.com/b2c/common/qr.html?url=http%3A%2F%2Fwww.jiwankang.com%2Fwap%2Fpages%2Fshare%2Fjump%3Fscene%3D1-3705-
[运行时间：0.023739s] [吞吐率：42.13req/s] [内存消耗：3,593.02kb] [文件加载：87]
[ info ] [ LANG ] E:\wwwroot\2026\04\jiwankang\thinkphp\lang\zh-cn.php
[ info ] [ ROUTE ] array (
)
[ info ] [ HEADER ] array (
  'connection' => 'close',
  'host' => 'www.jiwankang.com',
  'content-length' => '',
  'content-type' => '',
)
[ info ] [ PARAM ] array (
  'url' => 'http://www.jiwankang.com/wap/pages/share/jump?scene=1-3705-',
)
---------------------------------------------------------------
[2026-04-01T14:28:50+08:00] 127.0.0.1 GET www.jiwankang.com/b2c/common/poster/client/1/code/1-3705-.html?url=http://www.jiwankang.com/wap/pages/share/jump
[运行时间：0.173423s] [吞吐率：5.77req/s] [内存消耗：3,050.72kb] [文件加载：92]
[ info ] [ LANG ] E:\wwwroot\2026\04\jiwankang\thinkphp\lang\zh-cn.php
[ info ] [ ROUTE ] array (
)
[ info ] [ HEADER ] array (
  'referer' => 'http://localhost:8080/',
  'accept-language' => 'zh-CN,zh;q=0.9',
  'accept-encoding' => 'gzip, deflate',
  'accept' => 'image/avif,image/webp,image/apng,image/svg+xml,image/*,*/*;q=0.8',
  'user-agent' => 'Mozilla/5.0 (iPhone; CPU iPhone OS 18_5 like Mac OS X) AppleWebKit/605.1.15 (KHTML, like Gecko) Version/18.5 Mobile/15E148 Safari/604.1',
  'host' => 'www.jiwankang.com',
  'content-length' => '',
  'content-type' => '',
)
[ info ] [ PARAM ] array (
  'url' => 'http://www.jiwankang.com/wap/pages/share/jump',
  'client' => '1',
  'code' => '1-3705-',
)
---------------------------------------------------------------
[2026-04-01T14:29:06+08:00] 127.0.0.1 GET www.jiwankang.com/manage/user/index.html
[运行时间：0.033706s] [吞吐率：29.67req/s] [内存消耗：4,893.26kb] [文件加载：113]
[ info ] [ LANG ] E:\wwwroot\2026\04\jiwankang\thinkphp\lang\zh-cn.php
[ info ] [ ROUTE ] array (
)
[ info ] [ HEADER ] array (
  'upgrade-insecure-requests' => '1',
  'referer' => 'http://www.jiwankang.com/manage',
  'cookie' => 'PHPSESSID=6ge3q9cob417ort2dkkl8j63da',
  'accept-language' => 'zh-CN,zh;q=0.9',
  'accept-encoding' => 'gzip, deflate',
  'accept' => 'text/html,application/xhtml+xml,application/xml;q=0.9,image/avif,image/webp,image/apng,*/*;q=0.8,application/signed-exchange;v=b3;q=0.7',
  'user-agent' => 'Mozilla/5.0 (Windows NT 10.0; Win64; x64) AppleWebKit/537.36 (KHTML, like Gecko) Chrome/146.0.0.0 Safari/537.36',
  'host' => 'www.jiwankang.com',
  'content-length' => '',
  'content-type' => '',
)
[ info ] [ PARAM ] array (
)
[ info ] [ DB ] INIT mysql
[ info ] [ VIEW ] E:\wwwroot\2026\04\jiwankang\application\manage\view\user\index.html [ array (
  0 => 'params',
  1 => 'jshopHost',
  2 => 'shop_name',
  3 => 'grade',
) ]
[ sql ] [ DB ] CONNECT:[ UseTime:0.000618s ] mysql:host=127.0.0.1;port=3306;dbname=jiwankang;charset=utf8mb4
[ sql ] [ SQL ] SHOW COLUMNS FROM `wb_setting` [ RunTime:0.000391s ]
[ sql ] [ SQL ] SELECT * FROM `wb_setting` WHERE  `skey` = 'shop_name' LIMIT 1 [ RunTime:0.000138s ]
[ sql ] [ SQL ] SHOW COLUMNS FROM `wb_user_grade` [ RunTime:0.000790s ]
[ sql ] [ SQL ] SELECT * FROM `wb_user_grade` [ RunTime:0.000106s ]
---------------------------------------------------------------
[2026-04-01T14:29:06+08:00] 127.0.0.1 GET www.jiwankang.com/manage/user/index.html?_ajax=1&page=1&limit=20
[运行时间：0.046242s] [吞吐率：21.63req/s] [内存消耗：5,032.35kb] [文件加载：119]
[ info ] [ LANG ] E:\wwwroot\2026\04\jiwankang\thinkphp\lang\zh-cn.php
[ info ] [ ROUTE ] array (
)
[ info ] [ HEADER ] array (
  'x-requested-with' => 'XMLHttpRequest',
  'referer' => 'http://www.jiwankang.com/manage/user/index.html',
  'cookie' => 'PHPSESSID=6ge3q9cob417ort2dkkl8j63da',
  'accept-language' => 'zh-CN,zh;q=0.9',
  'accept-encoding' => 'gzip, deflate',
  'accept' => 'application/json, text/javascript, */*; q=0.01',
  'user-agent' => 'Mozilla/5.0 (Windows NT 10.0; Win64; x64) AppleWebKit/537.36 (KHTML, like Gecko) Chrome/146.0.0.0 Safari/537.36',
  'host' => 'www.jiwankang.com',
  'content-length' => '',
  'content-type' => '',
)
[ info ] [ PARAM ] array (
  '_ajax' => '1',
  'page' => '1',
  'limit' => '20',
)
[ info ] [ DB ] INIT mysql
[ sql ] [ DB ] CONNECT:[ UseTime:0.000638s ] mysql:host=127.0.0.1;port=3306;dbname=jiwankang;charset=utf8mb4
[ sql ] [ SQL ] SHOW COLUMNS FROM `wb_setting` [ RunTime:0.000400s ]
[ sql ] [ SQL ] SELECT * FROM `wb_setting` WHERE  `skey` = 'shop_name' LIMIT 1 [ RunTime:0.000142s ]
[ sql ] [ SQL ] SHOW COLUMNS FROM `wb_user` [ RunTime:0.000846s ]
[ sql ] [ SQL ] SELECT COUNT(*) AS tp_count FROM `wb_user` WHERE `wb_user`.`isdel` IS NULL LIMIT 1 [ RunTime:0.000126s ]
[ sql ] [ SQL ] SELECT * FROM `wb_user` WHERE `wb_user`.`isdel` IS NULL ORDER BY `id` DESC LIMIT 0,20 [ RunTime:0.000123s ]
[ sql ] [ SQL ] SHOW COLUMNS FROM `wb_user_grade` [ RunTime:0.000684s ]
[ sql ] [ SQL ] SELECT * FROM `wb_user_grade` WHERE  `id` IN (3) [ RunTime:0.000114s ]
[ sql ] [ SQL ] SHOW COLUMNS FROM `wb_user_wx` [ RunTime:0.002539s ]
[ sql ] [ SQL ] SELECT * FROM `wb_user_wx` WHERE  `user_id` IN (1) [ RunTime:0.000265s ]
[ sql ] [ SQL ] SHOW COLUMNS FROM `wb_area` [ RunTime:0.001811s ]
[ sql ] [ SQL ] SELECT `id`,`name`,`parent_id`,`postal_code` FROM `wb_area` WHERE  `id` = 340203 LIMIT 1 [ RunTime:0.001098s ]
[ sql ] [ SQL ] SELECT `id`,`name`,`parent_id`,`postal_code` FROM `wb_area` WHERE  `parent_id` = 340200 [ RunTime:0.003949s ]
[ sql ] [ SQL ] SELECT `id`,`name`,`parent_id`,`postal_code` FROM `wb_area` WHERE  `id` = 340200 LIMIT 1 [ RunTime:0.000116s ]
[ sql ] [ SQL ] SELECT `id`,`name`,`parent_id`,`postal_code` FROM `wb_area` WHERE  `parent_id` = 340000 [ RunTime:0.000644s ]
[ sql ] [ SQL ] SELECT `id`,`name`,`parent_id`,`postal_code` FROM `wb_area` WHERE  `id` = 340000 LIMIT 1 [ RunTime:0.000078s ]
[ sql ] [ SQL ] SELECT `id`,`name`,`parent_id`,`postal_code` FROM `wb_area` WHERE  `parent_id` = 0 [ RunTime:0.000630s ]
---------------------------------------------------------------
[2026-04-01T14:29:07+08:00] 127.0.0.1 GET www.jiwankang.com/manage/user/edituser.html?user_id=1
[运行时间：0.037527s] [吞吐率：26.65req/s] [内存消耗：5,232.81kb] [文件加载：123]
[ info ] [ LANG ] E:\wwwroot\2026\04\jiwankang\thinkphp\lang\zh-cn.php
[ info ] [ ROUTE ] array (
)
[ info ] [ HEADER ] array (
  'x-requested-with' => 'XMLHttpRequest',
  'referer' => 'http://www.jiwankang.com/manage/user/index.html',
  'cookie' => 'PHPSESSID=6ge3q9cob417ort2dkkl8j63da',
  'accept-language' => 'zh-CN,zh;q=0.9',
  'accept-encoding' => 'gzip, deflate',
  'accept' => 'application/json, text/javascript, */*; q=0.01',
  'user-agent' => 'Mozilla/5.0 (Windows NT 10.0; Win64; x64) AppleWebKit/537.36 (KHTML, like Gecko) Chrome/146.0.0.0 Safari/537.36',
  'host' => 'www.jiwankang.com',
  'content-length' => '',
  'content-type' => '',
)
[ info ] [ PARAM ] array (
  'user_id' => '1',
)
[ info ] [ DB ] INIT mysql
[ info ] [ VIEW ] E:\wwwroot\2026\04\jiwankang\application\manage\view\user\editUser.html [ array (
  0 => 'params',
  1 => 'jshopHost',
  2 => 'shop_name',
  3 => 'info',
  4 => 'grade',
) ]
[ sql ] [ DB ] CONNECT:[ UseTime:0.000698s ] mysql:host=127.0.0.1;port=3306;dbname=jiwankang;charset=utf8mb4
[ sql ] [ SQL ] SHOW COLUMNS FROM `wb_setting` [ RunTime:0.000504s ]
[ sql ] [ SQL ] SELECT * FROM `wb_setting` WHERE  `skey` = 'shop_name' LIMIT 1 [ RunTime:0.000220s ]
[ sql ] [ SQL ] SELECT * FROM `wb_setting` WHERE  `skey` = 'language' LIMIT 1 [ RunTime:0.000226s ]
[ sql ] [ SQL ] SELECT * FROM `wb_setting` WHERE  `skey` = 'language' LIMIT 1 [ RunTime:0.000158s ]
[ sql ] [ SQL ] SHOW COLUMNS FROM `wb_user` [ RunTime:0.000545s ]
[ sql ] [ SQL ] SELECT `id`,`username`,`mobile`,`sex`,`birthday`,`avatar`,`nickname`,`balance`,`point`,`grade`,`status`,`pid`,`password`,`ctime`,`remarks`,`area_id`,`tiyan`,`num_point`,`exp` FROM `wb_user` WHERE (  `id` = 1 ) AND `wb_user`.`isdel` IS NULL LIMIT 1 [ RunTime:0.000218s ]
[ sql ] [ SQL ] SHOW COLUMNS FROM `wb_user_grade` [ RunTime:0.000997s ]
[ sql ] [ SQL ] SELECT * FROM `wb_user_grade` WHERE  `id` = 3 [ RunTime:0.000133s ]
[ sql ] [ SQL ] SELECT * FROM `wb_user_grade` WHERE  `id` = 3 LIMIT 1 [ RunTime:0.000150s ]
[ sql ] [ SQL ] SELECT * FROM `wb_user_grade` ORDER BY `id` ASC [ RunTime:0.000099s ]
[ sql ] [ SQL ] SELECT * FROM `wb_user` WHERE (  `id` IN (0) ) AND `wb_user`.`isdel` IS NULL [ RunTime:0.000232s ]
[ sql ] [ SQL ] SELECT * FROM `wb_user` WHERE (  `id` IN (0)  AND `id` IN (0) ) AND `wb_user`.`isdel` IS NULL [ RunTime:0.000161s ]
[ error ] [8]未定义数组索引: grade[E:\wwwroot\2026\04\jiwankang\application\common\taglib\Jshop.php:1226]
---------------------------------------------------------------
[2026-04-01T14:29:07+08:00] 127.0.0.1 GET www.jiwankang.com/manage/images/manage.html?action=config&&noCache=1775024947368
[运行时间：0.037170s] [吞吐率：26.90req/s] [内存消耗：4,340.70kb] [文件加载：104]
[ info ] [ LANG ] E:\wwwroot\2026\04\jiwankang\thinkphp\lang\zh-cn.php
[ info ] [ ROUTE ] array (
)
[ info ] [ HEADER ] array (
  'referer' => 'http://www.jiwankang.com/manage/user/index.html',
  'cookie' => 'PHPSESSID=6ge3q9cob417ort2dkkl8j63da',
  'accept-language' => 'zh-CN,zh;q=0.9',
  'accept-encoding' => 'gzip, deflate',
  'accept' => '*/*',
  'user-agent' => 'Mozilla/5.0 (Windows NT 10.0; Win64; x64) AppleWebKit/537.36 (KHTML, like Gecko) Chrome/146.0.0.0 Safari/537.36',
  'host' => 'www.jiwankang.com',
  'content-length' => '',
  'content-type' => '',
)
[ info ] [ PARAM ] array (
  'action' => 'config',
  'noCache' => '1775024947368',
)
[ info ] [ DB ] INIT mysql
[ sql ] [ DB ] CONNECT:[ UseTime:0.000633s ] mysql:host=127.0.0.1;port=3306;dbname=jiwankang;charset=utf8mb4
[ sql ] [ SQL ] SHOW COLUMNS FROM `wb_setting` [ RunTime:0.000365s ]
[ sql ] [ SQL ] SELECT * FROM `wb_setting` WHERE  `skey` = 'shop_name' LIMIT 1 [ RunTime:0.000121s ]
---------------------------------------------------------------
[2026-04-01T14:29:10+08:00] 127.0.0.1 POST www.jiwankang.com/manage/user/edituser.html
[运行时间：0.038924s] [吞吐率：25.69req/s] [内存消耗：4,790.16kb] [文件加载：114]
[ info ] [ LANG ] E:\wwwroot\2026\04\jiwankang\thinkphp\lang\zh-cn.php
[ info ] [ ROUTE ] array (
)
[ info ] [ HEADER ] array (
  'x-requested-with' => 'XMLHttpRequest',
  'referer' => 'http://www.jiwankang.com/manage/user/index.html',
  'origin' => 'http://www.jiwankang.com',
  'cookie' => 'PHPSESSID=6ge3q9cob417ort2dkkl8j63da',
  'content-type' => 'application/x-www-form-urlencoded; charset=UTF-8',
  'accept-language' => 'zh-CN,zh;q=0.9',
  'accept-encoding' => 'gzip, deflate',
  'accept' => 'application/json, text/javascript, */*; q=0.01',
  'content-length' => '341',
  'user-agent' => 'Mozilla/5.0 (Windows NT 10.0; Win64; x64) AppleWebKit/537.36 (KHTML, like Gecko) Chrome/146.0.0.0 Safari/537.36',
  'host' => 'www.jiwankang.com',
)
[ info ] [ PARAM ] array (
  'id' => '1',
  'password' => '',
  'repassword' => '',
  'sex' => '1',
  'area_id' => '340203',
  'area_id_1' => '340000',
  'area_id_2' => '340200',
  'area_id_3' => '340203',
  'grade' => '1',
  'status' => '1',
  'nickname' => 'xyh66306',
  'pid' => '',
  'avatar' => 'http://www.jiwankang.com/static/uploads/images/2026/03/30/177484175669c9ef9cdfbcc.png',
  'remarks' => '',
  'validate_form' => 'edit_user',
  '__Jshop_Token__' => '046830f90e4cfd8a6714f8b2f4c5390b5dceabbf',
)
[ info ] [ DB ] INIT mysql
[ sql ] [ DB ] CONNECT:[ UseTime:0.000619s ] mysql:host=127.0.0.1;port=3306;dbname=jiwankang;charset=utf8mb4
[ sql ] [ SQL ] SHOW COLUMNS FROM `wb_setting` [ RunTime:0.000455s ]
[ sql ] [ SQL ] SELECT * FROM `wb_setting` WHERE  `skey` = 'shop_name' LIMIT 1 [ RunTime:0.000163s ]
[ sql ] [ SQL ] SHOW COLUMNS FROM `wb_operation` [ RunTime:0.000860s ]
[ sql ] [ SQL ] SELECT * FROM `wb_operation` WHERE  `type` = 'c'  AND `code` = 'user'  AND `parent_id` = 2 LIMIT 1 [ RunTime:0.000291s ]
[ sql ] [ SQL ] SELECT * FROM `wb_operation` WHERE  `type` = 'a'  AND `code` = 'edituser'  AND `parent_id` = 238 LIMIT 1 [ RunTime:0.000338s ]
[ sql ] [ SQL ] SHOW COLUMNS FROM `wb_operation_log` [ RunTime:0.000878s ]
[ sql ] [ SQL ] INSERT INTO `wb_operation_log` (`manage_id` , `controller` , `method` , `desc` , `content` , `ip` , `ctime`) VALUES (13 , 'user' , 'edituser' , '会员编辑：1' , '{\"id\":\"1\",\"password\":\"\",\"repassword\":\"\",\"sex\":\"1\",\"area_id\":\"340203\",\"area_id_1\":\"340000\",\"area_id_2\":\"340200\",\"area_id_3\":\"340203\",\"grade\":\"1\",\"status\":\"1\",\"nickname\":\"xyh66306\",\"pid\":\"\",\"avatar\":\"http:\\/\\/www.jiwankang.com\\/static\\/uploads\\/images\\/2026\\/03\\/30\\/177484175669c9ef9cdfbcc.png\",\"remarks\":\"\",\"validate_form\":\"edit_user\",\"__Jshop_Token__\":\"046830f90e4cfd8a6714f8b2f4c5390b5dceabbf\"}' , '127.0.0.1' , 1775024950) [ RunTime:0.000137s ]
[ sql ] [ SQL ] SELECT * FROM `wb_setting` WHERE  `skey` = 'language' LIMIT 1 [ RunTime:0.000124s ]
[ sql ] [ SQL ] SELECT * FROM `wb_setting` WHERE  `skey` = 'language' LIMIT 1 [ RunTime:0.000081s ]
[ sql ] [ SQL ] SELECT * FROM `wb_setting` WHERE  `skey` = 'language' LIMIT 1 [ RunTime:0.000323s ]
[ sql ] [ SQL ] SELECT * FROM `wb_setting` WHERE  `skey` = 'language' LIMIT 1 [ RunTime:0.000089s ]
[ sql ] [ SQL ] SHOW COLUMNS FROM `wb_user` [ RunTime:0.000342s ]
[ sql ] [ SQL ] UPDATE `wb_user`  SET `remarks` = '' , `nickname` = 'xyh66306' , `sex` = 1 , `birthday` = NULL , `avatar` = 'http://www.jiwankang.com/static/uploads/images/2026/03/30/177484175669c9ef9cdfbcc.png' , `status` = 1 , `pid` = 0 , `grade` = 1 , `area_id` = 340203 , `utime` = 1775024950  WHERE (  `id` = 1 ) AND `wb_user`.`isdel` IS NULL [ RunTime:0.000211s ]
[ sql ] [ SQL ] SELECT * FROM `wb_user` WHERE (  `id` = 1 ) AND `wb_user`.`isdel` IS NULL LIMIT 1 [ RunTime:0.000152s ]
[ sql ] [ SQL ] SELECT `id`,`pid` FROM `wb_user` WHERE  `pid` = 1 [ RunTime:0.000393s ]
[ error ] [8]未定义数组索引: name[E:\wwwroot\2026\04\jiwankang\application\manage\behavior\Record.php:72]
[ error ] [8]未定义数组索引: birthday[E:\wwwroot\2026\04\jiwankang\application\common\model\User.php:1064]
---------------------------------------------------------------
[2026-04-01T14:29:11+08:00] 127.0.0.1 GET www.jiwankang.com/manage/user/index.html?_ajax=1&page=1&limit=20
[运行时间：0.035984s] [吞吐率：27.79req/s] [内存消耗：4,980.29kb] [文件加载：118]
[ info ] [ LANG ] E:\wwwroot\2026\04\jiwankang\thinkphp\lang\zh-cn.php
[ info ] [ ROUTE ] array (
)
[ info ] [ HEADER ] array (
  'x-requested-with' => 'XMLHttpRequest',
  'referer' => 'http://www.jiwankang.com/manage/user/index.html',
  'cookie' => 'PHPSESSID=6ge3q9cob417ort2dkkl8j63da',
  'accept-language' => 'zh-CN,zh;q=0.9',
  'accept-encoding' => 'gzip, deflate',
  'accept' => 'application/json, text/javascript, */*; q=0.01',
  'user-agent' => 'Mozilla/5.0 (Windows NT 10.0; Win64; x64) AppleWebKit/537.36 (KHTML, like Gecko) Chrome/146.0.0.0 Safari/537.36',
  'host' => 'www.jiwankang.com',
  'content-length' => '',
  'content-type' => '',
)
[ info ] [ PARAM ] array (
  '_ajax' => '1',
  'page' => '1',
  'limit' => '20',
)
[ info ] [ DB ] INIT mysql
[ sql ] [ DB ] CONNECT:[ UseTime:0.000612s ] mysql:host=127.0.0.1;port=3306;dbname=jiwankang;charset=utf8mb4
[ sql ] [ SQL ] SHOW COLUMNS FROM `wb_setting` [ RunTime:0.001012s ]
[ sql ] [ SQL ] SELECT * FROM `wb_setting` WHERE  `skey` = 'shop_name' LIMIT 1 [ RunTime:0.000345s ]
[ sql ] [ SQL ] SHOW COLUMNS FROM `wb_user` [ RunTime:0.000603s ]
[ sql ] [ SQL ] SELECT COUNT(*) AS tp_count FROM `wb_user` WHERE `wb_user`.`isdel` IS NULL LIMIT 1 [ RunTime:0.000130s ]
[ sql ] [ SQL ] SELECT * FROM `wb_user` WHERE `wb_user`.`isdel` IS NULL ORDER BY `id` DESC LIMIT 0,20 [ RunTime:0.000125s ]
[ sql ] [ SQL ] SHOW COLUMNS FROM `wb_user_grade` [ RunTime:0.000238s ]
[ sql ] [ SQL ] SELECT * FROM `wb_user_grade` WHERE  `id` IN (1) [ RunTime:0.000105s ]
[ sql ] [ SQL ] SHOW COLUMNS FROM `wb_user_wx` [ RunTime:0.000751s ]
[ sql ] [ SQL ] SELECT * FROM `wb_user_wx` WHERE  `user_id` IN (1) [ RunTime:0.000122s ]
[ sql ] [ SQL ] SHOW COLUMNS FROM `wb_area` [ RunTime:0.000688s ]
[ sql ] [ SQL ] SELECT `id`,`name`,`parent_id`,`postal_code` FROM `wb_area` WHERE  `id` = 340203 LIMIT 1 [ RunTime:0.000115s ]
[ sql ] [ SQL ] SELECT `id`,`name`,`parent_id`,`postal_code` FROM `wb_area` WHERE  `parent_id` = 340200 [ RunTime:0.000645s ]
[ sql ] [ SQL ] SELECT `id`,`name`,`parent_id`,`postal_code` FROM `wb_area` WHERE  `id` = 340200 LIMIT 1 [ RunTime:0.000080s ]
[ sql ] [ SQL ] SELECT `id`,`name`,`parent_id`,`postal_code` FROM `wb_area` WHERE  `parent_id` = 340000 [ RunTime:0.000642s ]
[ sql ] [ SQL ] SELECT `id`,`name`,`parent_id`,`postal_code` FROM `wb_area` WHERE  `id` = 340000 LIMIT 1 [ RunTime:0.000075s ]
[ sql ] [ SQL ] SELECT `id`,`name`,`parent_id`,`postal_code` FROM `wb_area` WHERE  `parent_id` = 0 [ RunTime:0.000626s ]
---------------------------------------------------------------
[2026-04-01T14:30:06+08:00] 127.0.0.1 GET www.jiwankang.com/manage/user/index.html
[运行时间：0.040459s] [吞吐率：24.72req/s] [内存消耗：4,888.42kb] [文件加载：113]
[ info ] [ LANG ] E:\wwwroot\2026\04\jiwankang\thinkphp\lang\zh-cn.php
[ info ] [ ROUTE ] array (
)
[ info ] [ HEADER ] array (
  'upgrade-insecure-requests' => '1',
  'referer' => 'http://www.jiwankang.com/manage/user/index.html',
  'cookie' => 'PHPSESSID=6ge3q9cob417ort2dkkl8j63da',
  'cache-control' => 'max-age=0',
  'accept-language' => 'zh-CN,zh;q=0.9',
  'accept-encoding' => 'gzip, deflate',
  'accept' => 'text/html,application/xhtml+xml,application/xml;q=0.9,image/avif,image/webp,image/apng,*/*;q=0.8,application/signed-exchange;v=b3;q=0.7',
  'user-agent' => 'Mozilla/5.0 (Windows NT 10.0; Win64; x64) AppleWebKit/537.36 (KHTML, like Gecko) Chrome/146.0.0.0 Safari/537.36',
  'host' => 'www.jiwankang.com',
  'content-length' => '',
  'content-type' => '',
)
[ info ] [ PARAM ] array (
)
[ info ] [ DB ] INIT mysql
[ info ] [ VIEW ] E:\wwwroot\2026\04\jiwankang\application\manage\view\user\index.html [ array (
  0 => 'params',
  1 => 'jshopHost',
  2 => 'shop_name',
  3 => 'grade',
) ]
[ sql ] [ DB ] CONNECT:[ UseTime:0.001135s ] mysql:host=127.0.0.1;port=3306;dbname=jiwankang;charset=utf8mb4
[ sql ] [ SQL ] SHOW COLUMNS FROM `wb_setting` [ RunTime:0.001147s ]
[ sql ] [ SQL ] SELECT * FROM `wb_setting` WHERE  `skey` = 'shop_name' LIMIT 1 [ RunTime:0.000171s ]
[ sql ] [ SQL ] SHOW COLUMNS FROM `wb_user_grade` [ RunTime:0.000799s ]
[ sql ] [ SQL ] SELECT * FROM `wb_user_grade` [ RunTime:0.000109s ]
---------------------------------------------------------------
[2026-04-01T14:30:06+08:00] 127.0.0.1 GET www.jiwankang.com/manage/user/index.html?_ajax=1&page=1&limit=20
[运行时间：0.050671s] [吞吐率：19.74req/s] [内存消耗：4,980.29kb] [文件加载：118]
[ info ] [ LANG ] E:\wwwroot\2026\04\jiwankang\thinkphp\lang\zh-cn.php
[ info ] [ ROUTE ] array (
)
[ info ] [ HEADER ] array (
  'x-requested-with' => 'XMLHttpRequest',
  'referer' => 'http://www.jiwankang.com/manage/user/index.html',
  'cookie' => 'PHPSESSID=6ge3q9cob417ort2dkkl8j63da',
  'accept-language' => 'zh-CN,zh;q=0.9',
  'accept-encoding' => 'gzip, deflate',
  'accept' => 'application/json, text/javascript, */*; q=0.01',
  'user-agent' => 'Mozilla/5.0 (Windows NT 10.0; Win64; x64) AppleWebKit/537.36 (KHTML, like Gecko) Chrome/146.0.0.0 Safari/537.36',
  'host' => 'www.jiwankang.com',
  'content-length' => '',
  'content-type' => '',
)
[ info ] [ PARAM ] array (
  '_ajax' => '1',
  'page' => '1',
  'limit' => '20',
)
[ info ] [ DB ] INIT mysql
[ sql ] [ DB ] CONNECT:[ UseTime:0.000724s ] mysql:host=127.0.0.1;port=3306;dbname=jiwankang;charset=utf8mb4
[ sql ] [ SQL ] SHOW COLUMNS FROM `wb_setting` [ RunTime:0.000941s ]
[ sql ] [ SQL ] SELECT * FROM `wb_setting` WHERE  `skey` = 'shop_name' LIMIT 1 [ RunTime:0.000156s ]
[ sql ] [ SQL ] SHOW COLUMNS FROM `wb_user` [ RunTime:0.000460s ]
[ sql ] [ SQL ] SELECT COUNT(*) AS tp_count FROM `wb_user` WHERE `wb_user`.`isdel` IS NULL LIMIT 1 [ RunTime:0.000124s ]
[ sql ] [ SQL ] SELECT * FROM `wb_user` WHERE `wb_user`.`isdel` IS NULL ORDER BY `id` DESC LIMIT 0,20 [ RunTime:0.000127s ]
[ sql ] [ SQL ] SHOW COLUMNS FROM `wb_user_grade` [ RunTime:0.000238s ]
[ sql ] [ SQL ] SELECT * FROM `wb_user_grade` WHERE  `id` IN (1) [ RunTime:0.000220s ]
[ sql ] [ SQL ] SHOW COLUMNS FROM `wb_user_wx` [ RunTime:0.001004s ]
[ sql ] [ SQL ] SELECT * FROM `wb_user_wx` WHERE  `user_id` IN (1) [ RunTime:0.000143s ]
[ sql ] [ SQL ] SHOW COLUMNS FROM `wb_area` [ RunTime:0.000837s ]
[ sql ] [ SQL ] SELECT `id`,`name`,`parent_id`,`postal_code` FROM `wb_area` WHERE  `id` = 340203 LIMIT 1 [ RunTime:0.000118s ]
[ sql ] [ SQL ] SELECT `id`,`name`,`parent_id`,`postal_code` FROM `wb_area` WHERE  `parent_id` = 340200 [ RunTime:0.000962s ]
[ sql ] [ SQL ] SELECT `id`,`name`,`parent_id`,`postal_code` FROM `wb_area` WHERE  `id` = 340200 LIMIT 1 [ RunTime:0.000469s ]
[ sql ] [ SQL ] SELECT `id`,`name`,`parent_id`,`postal_code` FROM `wb_area` WHERE  `parent_id` = 340000 [ RunTime:0.001293s ]
[ sql ] [ SQL ] SELECT `id`,`name`,`parent_id`,`postal_code` FROM `wb_area` WHERE  `id` = 340000 LIMIT 1 [ RunTime:0.000225s ]
[ sql ] [ SQL ] SELECT `id`,`name`,`parent_id`,`postal_code` FROM `wb_area` WHERE  `parent_id` = 0 [ RunTime:0.001040s ]
---------------------------------------------------------------
[2026-04-01T14:30:24+08:00] 127.0.0.1 GET www.jiwankang.com/manage/user/editmoney.html?user_id=1&flag=false
[运行时间：0.033880s] [吞吐率：29.52req/s] [内存消耗：4,878.10kb] [文件加载：111]
[ info ] [ LANG ] E:\wwwroot\2026\04\jiwankang\thinkphp\lang\zh-cn.php
[ info ] [ ROUTE ] array (
)
[ info ] [ HEADER ] array (
  'x-requested-with' => 'XMLHttpRequest',
  'referer' => 'http://www.jiwankang.com/manage/user/index.html',
  'cookie' => 'PHPSESSID=6ge3q9cob417ort2dkkl8j63da',
  'accept-language' => 'zh-CN,zh;q=0.9',
  'accept-encoding' => 'gzip, deflate',
  'accept' => 'application/json, text/javascript, */*; q=0.01',
  'user-agent' => 'Mozilla/5.0 (Windows NT 10.0; Win64; x64) AppleWebKit/537.36 (KHTML, like Gecko) Chrome/146.0.0.0 Safari/537.36',
  'host' => 'www.jiwankang.com',
  'content-length' => '',
  'content-type' => '',
)
[ info ] [ PARAM ] array (
  'user_id' => '1',
  'flag' => 'false',
)
[ info ] [ DB ] INIT mysql
[ info ] [ VIEW ] E:\wwwroot\2026\04\jiwankang\application\manage\view\user\editMoney.html [ array (
  0 => 'params',
  1 => 'jshopHost',
  2 => 'shop_name',
  3 => 'user_id',
  4 => 'money',
) ]
[ sql ] [ DB ] CONNECT:[ UseTime:0.001179s ] mysql:host=127.0.0.1;port=3306;dbname=jiwankang;charset=utf8mb4
[ sql ] [ SQL ] SHOW COLUMNS FROM `wb_setting` [ RunTime:0.000502s ]
[ sql ] [ SQL ] SELECT * FROM `wb_setting` WHERE  `skey` = 'shop_name' LIMIT 1 [ RunTime:0.000208s ]
[ sql ] [ SQL ] SELECT * FROM `wb_setting` WHERE  `skey` = 'language' LIMIT 1 [ RunTime:0.000116s ]
[ sql ] [ SQL ] SELECT * FROM `wb_setting` WHERE  `skey` = 'language' LIMIT 1 [ RunTime:0.000076s ]
[ sql ] [ SQL ] SHOW COLUMNS FROM `wb_user` [ RunTime:0.000369s ]
[ sql ] [ SQL ] SELECT * FROM `wb_user` WHERE (  `id` = 1 ) AND `wb_user`.`isdel` IS NULL LIMIT 1 [ RunTime:0.000150s ]
---------------------------------------------------------------
[2026-04-01T14:30:28+08:00] 127.0.0.1 POST www.jiwankang.com/manage/user/editmoney.html
[运行时间：0.040825s] [吞吐率：24.49req/s] [内存消耗：4,712.08kb] [文件加载：109]
[ info ] [ LANG ] E:\wwwroot\2026\04\jiwankang\thinkphp\lang\zh-cn.php
[ info ] [ ROUTE ] array (
)
[ info ] [ HEADER ] array (
  'x-requested-with' => 'XMLHttpRequest',
  'referer' => 'http://www.jiwankang.com/manage/user/index.html',
  'origin' => 'http://www.jiwankang.com',
  'cookie' => 'PHPSESSID=6ge3q9cob417ort2dkkl8j63da',
  'content-type' => 'application/x-www-form-urlencoded; charset=UTF-8',
  'accept-language' => 'zh-CN,zh;q=0.9',
  'accept-encoding' => 'gzip, deflate',
  'accept' => 'application/json, text/javascript, */*; q=0.01',
  'content-length' => '113',
  'user-agent' => 'Mozilla/5.0 (Windows NT 10.0; Win64; x64) AppleWebKit/537.36 (KHTML, like Gecko) Chrome/146.0.0.0 Safari/537.36',
  'host' => 'www.jiwankang.com',
)
[ info ] [ PARAM ] array (
  'user_id' => '1',
  'flag' => 'true',
  'money' => '10000',
  '__Jshop_Token__' => '11697986eb0bfc36802b9d5d6a0c1d27fd075a7d',
  'validate_form' => 'edit_money',
)
[ info ] [ DB ] INIT mysql
[ sql ] [ DB ] CONNECT:[ UseTime:0.000739s ] mysql:host=127.0.0.1;port=3306;dbname=jiwankang;charset=utf8mb4
[ sql ] [ SQL ] SHOW COLUMNS FROM `wb_setting` [ RunTime:0.001031s ]
[ sql ] [ SQL ] SELECT * FROM `wb_setting` WHERE  `skey` = 'shop_name' LIMIT 1 [ RunTime:0.000309s ]
[ sql ] [ SQL ] SHOW COLUMNS FROM `wb_operation` [ RunTime:0.000881s ]
[ sql ] [ SQL ] SELECT * FROM `wb_operation` WHERE  `type` = 'c'  AND `code` = 'user'  AND `parent_id` = 2 LIMIT 1 [ RunTime:0.000180s ]
[ sql ] [ SQL ] SELECT * FROM `wb_operation` WHERE  `type` = 'a'  AND `code` = 'editmoney'  AND `parent_id` = 238 LIMIT 1 [ RunTime:0.000152s ]
[ sql ] [ SQL ] SHOW COLUMNS FROM `wb_operation_log` [ RunTime:0.000770s ]
[ sql ] [ SQL ] INSERT INTO `wb_operation_log` (`manage_id` , `controller` , `method` , `desc` , `content` , `ip` , `ctime`) VALUES (13 , 'user' , 'editmoney' , '余额修改' , '{\"user_id\":\"1\",\"flag\":\"true\",\"money\":\"10000\",\"__Jshop_Token__\":\"11697986eb0bfc36802b9d5d6a0c1d27fd075a7d\",\"validate_form\":\"edit_money\"}' , '127.0.0.1' , 1775025028) [ RunTime:0.000130s ]
[ sql ] [ SQL ] SELECT * FROM `wb_setting` WHERE  `skey` = 'language' LIMIT 1 [ RunTime:0.000122s ]
[ sql ] [ SQL ] SELECT * FROM `wb_setting` WHERE  `skey` = 'language' LIMIT 1 [ RunTime:0.000079s ]
[ sql ] [ SQL ] SHOW COLUMNS FROM `wb_user` [ RunTime:0.000334s ]
[ sql ] [ SQL ] SELECT * FROM `wb_user` WHERE (  `id` = 1 ) AND `wb_user`.`isdel` IS NULL LIMIT 1 [ RunTime:0.000144s ]
[ sql ] [ SQL ] SHOW COLUMNS FROM `wb_balance` [ RunTime:0.002318s ]
[ sql ] [ SQL ] INSERT INTO `wb_balance` (`user_id` , `type` , `money` , `balance` , `source_id` , `memo` , `ctime`) VALUES (1 , 7 , 10000 , 10018 , '0' , '后台操作10000元' , 1775025028) [ RunTime:0.000482s ]
[ sql ] [ SQL ] UPDATE `wb_user`  SET `balance` = 10018 , `utime` = 1775025028  WHERE (  `id` = 1 ) AND `wb_user`.`isdel` IS NULL [ RunTime:0.000143s ]
---------------------------------------------------------------
[2026-04-01T14:30:30+08:00] 127.0.0.1 GET www.jiwankang.com/manage/user/index.html?_ajax=1&page=1&limit=20
[运行时间：0.045462s] [吞吐率：22.00req/s] [内存消耗：4,980.29kb] [文件加载：118]
[ info ] [ LANG ] E:\wwwroot\2026\04\jiwankang\thinkphp\lang\zh-cn.php
[ info ] [ ROUTE ] array (
)
[ info ] [ HEADER ] array (
  'x-requested-with' => 'XMLHttpRequest',
  'referer' => 'http://www.jiwankang.com/manage/user/index.html',
  'cookie' => 'PHPSESSID=6ge3q9cob417ort2dkkl8j63da',
  'accept-language' => 'zh-CN,zh;q=0.9',
  'accept-encoding' => 'gzip, deflate',
  'accept' => 'application/json, text/javascript, */*; q=0.01',
  'user-agent' => 'Mozilla/5.0 (Windows NT 10.0; Win64; x64) AppleWebKit/537.36 (KHTML, like Gecko) Chrome/146.0.0.0 Safari/537.36',
  'host' => 'www.jiwankang.com',
  'content-length' => '',
  'content-type' => '',
)
[ info ] [ PARAM ] array (
  '_ajax' => '1',
  'page' => '1',
  'limit' => '20',
)
[ info ] [ DB ] INIT mysql
[ sql ] [ DB ] CONNECT:[ UseTime:0.000823s ] mysql:host=127.0.0.1;port=3306;dbname=jiwankang;charset=utf8mb4
[ sql ] [ SQL ] SHOW COLUMNS FROM `wb_setting` [ RunTime:0.000627s ]
[ sql ] [ SQL ] SELECT * FROM `wb_setting` WHERE  `skey` = 'shop_name' LIMIT 1 [ RunTime:0.000259s ]
[ sql ] [ SQL ] SHOW COLUMNS FROM `wb_user` [ RunTime:0.000440s ]
[ sql ] [ SQL ] SELECT COUNT(*) AS tp_count FROM `wb_user` WHERE `wb_user`.`isdel` IS NULL LIMIT 1 [ RunTime:0.000124s ]
[ sql ] [ SQL ] SELECT * FROM `wb_user` WHERE `wb_user`.`isdel` IS NULL ORDER BY `id` DESC LIMIT 0,20 [ RunTime:0.000121s ]
[ sql ] [ SQL ] SHOW COLUMNS FROM `wb_user_grade` [ RunTime:0.000240s ]
[ sql ] [ SQL ] SELECT * FROM `wb_user_grade` WHERE  `id` IN (1) [ RunTime:0.000104s ]
[ sql ] [ SQL ] SHOW COLUMNS FROM `wb_user_wx` [ RunTime:0.000809s ]
[ sql ] [ SQL ] SELECT * FROM `wb_user_wx` WHERE  `user_id` IN (1) [ RunTime:0.000129s ]
[ sql ] [ SQL ] SHOW COLUMNS FROM `wb_area` [ RunTime:0.000802s ]
[ sql ] [ SQL ] SELECT `id`,`name`,`parent_id`,`postal_code` FROM `wb_area` WHERE  `id` = 340203 LIMIT 1 [ RunTime:0.000129s ]
[ sql ] [ SQL ] SELECT `id`,`name`,`parent_id`,`postal_code` FROM `wb_area` WHERE  `parent_id` = 340200 [ RunTime:0.000647s ]
[ sql ] [ SQL ] SELECT `id`,`name`,`parent_id`,`postal_code` FROM `wb_area` WHERE  `id` = 340200 LIMIT 1 [ RunTime:0.000080s ]
[ sql ] [ SQL ] SELECT `id`,`name`,`parent_id`,`postal_code` FROM `wb_area` WHERE  `parent_id` = 340000 [ RunTime:0.000641s ]
[ sql ] [ SQL ] SELECT `id`,`name`,`parent_id`,`postal_code` FROM `wb_area` WHERE  `id` = 340000 LIMIT 1 [ RunTime:0.000238s ]
[ sql ] [ SQL ] SELECT `id`,`name`,`parent_id`,`postal_code` FROM `wb_area` WHERE  `parent_id` = 0 [ RunTime:0.000794s ]
---------------------------------------------------------------
[2026-04-01T14:30:48+08:00] 127.0.0.1 GET www.jiwankang.com/manage/user/index.html
[运行时间：0.027449s] [吞吐率：36.43req/s] [内存消耗：4,588.41kb] [文件加载：110]
[ info ] [ LANG ] E:\wwwroot\2026\04\jiwankang\thinkphp\lang\zh-cn.php
[ info ] [ ROUTE ] array (
)
[ info ] [ HEADER ] array (
  'upgrade-insecure-requests' => '1',
  'referer' => 'http://www.jiwankang.com/manage/user/index.html',
  'cookie' => 'PHPSESSID=6ge3q9cob417ort2dkkl8j63da',
  'cache-control' => 'max-age=0',
  'accept-language' => 'zh-CN,zh;q=0.9',
  'accept-encoding' => 'gzip, deflate',
  'accept' => 'text/html,application/xhtml+xml,application/xml;q=0.9,image/avif,image/webp,image/apng,*/*;q=0.8,application/signed-exchange;v=b3;q=0.7',
  'user-agent' => 'Mozilla/5.0 (Windows NT 10.0; Win64; x64) AppleWebKit/537.36 (KHTML, like Gecko) Chrome/146.0.0.0 Safari/537.36',
  'host' => 'www.jiwankang.com',
  'content-length' => '',
  'content-type' => '',
)
[ info ] [ PARAM ] array (
)
[ info ] [ DB ] INIT mysql
[ info ] [ VIEW ] E:\wwwroot\2026\04\jiwankang\application\manage\view\user\index.html [ array (
  0 => 'params',
  1 => 'jshopHost',
  2 => 'shop_name',
  3 => 'grade',
) ]
[ sql ] [ DB ] CONNECT:[ UseTime:0.000648s ] mysql:host=127.0.0.1;port=3306;dbname=jiwankang;charset=utf8mb4
[ sql ] [ SQL ] SHOW COLUMNS FROM `wb_setting` [ RunTime:0.000462s ]
[ sql ] [ SQL ] SELECT * FROM `wb_setting` WHERE  `skey` = 'shop_name' LIMIT 1 [ RunTime:0.000167s ]
[ sql ] [ SQL ] SHOW COLUMNS FROM `wb_user_grade` [ RunTime:0.000296s ]
[ sql ] [ SQL ] SELECT * FROM `wb_user_grade` [ RunTime:0.000096s ]
---------------------------------------------------------------
[2026-04-01T14:30:48+08:00] 127.0.0.1 GET www.jiwankang.com/manage/user/index.html?_ajax=1&page=1&limit=20
[运行时间：0.039451s] [吞吐率：25.35req/s] [内存消耗：4,980.29kb] [文件加载：118]
[ info ] [ LANG ] E:\wwwroot\2026\04\jiwankang\thinkphp\lang\zh-cn.php
[ info ] [ ROUTE ] array (
)
[ info ] [ HEADER ] array (
  'x-requested-with' => 'XMLHttpRequest',
  'referer' => 'http://www.jiwankang.com/manage/user/index.html',
  'cookie' => 'PHPSESSID=6ge3q9cob417ort2dkkl8j63da',
  'accept-language' => 'zh-CN,zh;q=0.9',
  'accept-encoding' => 'gzip, deflate',
  'accept' => 'application/json, text/javascript, */*; q=0.01',
  'user-agent' => 'Mozilla/5.0 (Windows NT 10.0; Win64; x64) AppleWebKit/537.36 (KHTML, like Gecko) Chrome/146.0.0.0 Safari/537.36',
  'host' => 'www.jiwankang.com',
  'content-length' => '',
  'content-type' => '',
)
[ info ] [ PARAM ] array (
  '_ajax' => '1',
  'page' => '1',
  'limit' => '20',
)
[ info ] [ DB ] INIT mysql
[ sql ] [ DB ] CONNECT:[ UseTime:0.000666s ] mysql:host=127.0.0.1;port=3306;dbname=jiwankang;charset=utf8mb4
[ sql ] [ SQL ] SHOW COLUMNS FROM `wb_setting` [ RunTime:0.000397s ]
[ sql ] [ SQL ] SELECT * FROM `wb_setting` WHERE  `skey` = 'shop_name' LIMIT 1 [ RunTime:0.000141s ]
[ sql ] [ SQL ] SHOW COLUMNS FROM `wb_user` [ RunTime:0.000649s ]
[ sql ] [ SQL ] SELECT COUNT(*) AS tp_count FROM `wb_user` WHERE `wb_user`.`isdel` IS NULL LIMIT 1 [ RunTime:0.000194s ]
[ sql ] [ SQL ] SELECT * FROM `wb_user` WHERE `wb_user`.`isdel` IS NULL ORDER BY `id` DESC LIMIT 0,20 [ RunTime:0.000144s ]
[ sql ] [ SQL ] SHOW COLUMNS FROM `wb_user_grade` [ RunTime:0.000720s ]
[ sql ] [ SQL ] SELECT * FROM `wb_user_grade` WHERE  `id` IN (2) [ RunTime:0.000377s ]
[ sql ] [ SQL ] SHOW COLUMNS FROM `wb_user_wx` [ RunTime:0.000976s ]
[ sql ] [ SQL ] SELECT * FROM `wb_user_wx` WHERE  `user_id` IN (1) [ RunTime:0.000145s ]
[ sql ] [ SQL ] SHOW COLUMNS FROM `wb_area` [ RunTime:0.000763s ]
[ sql ] [ SQL ] SELECT `id`,`name`,`parent_id`,`postal_code` FROM `wb_area` WHERE  `id` = 340203 LIMIT 1 [ RunTime:0.000146s ]
[ sql ] [ SQL ] SELECT `id`,`name`,`parent_id`,`postal_code` FROM `wb_area` WHERE  `parent_id` = 340200 [ RunTime:0.000702s ]
[ sql ] [ SQL ] SELECT `id`,`name`,`parent_id`,`postal_code` FROM `wb_area` WHERE  `id` = 340200 LIMIT 1 [ RunTime:0.000103s ]
[ sql ] [ SQL ] SELECT `id`,`name`,`parent_id`,`postal_code` FROM `wb_area` WHERE  `parent_id` = 340000 [ RunTime:0.000636s ]
[ sql ] [ SQL ] SELECT `id`,`name`,`parent_id`,`postal_code` FROM `wb_area` WHERE  `id` = 340000 LIMIT 1 [ RunTime:0.000078s ]
[ sql ] [ SQL ] SELECT `id`,`name`,`parent_id`,`postal_code` FROM `wb_area` WHERE  `parent_id` = 0 [ RunTime:0.000636s ]
---------------------------------------------------------------
[2026-04-01T14:31:26+08:00] 127.0.0.1 GET www.jiwankang.com/manage/user/index.html
[运行时间：0.027150s] [吞吐率：36.83req/s] [内存消耗：4,588.41kb] [文件加载：110]
[ info ] [ LANG ] E:\wwwroot\2026\04\jiwankang\thinkphp\lang\zh-cn.php
[ info ] [ ROUTE ] array (
)
[ info ] [ HEADER ] array (
  'upgrade-insecure-requests' => '1',
  'referer' => 'http://www.jiwankang.com/manage/user/index.html',
  'cookie' => 'PHPSESSID=6ge3q9cob417ort2dkkl8j63da',
  'cache-control' => 'max-age=0',
  'accept-language' => 'zh-CN,zh;q=0.9',
  'accept-encoding' => 'gzip, deflate',
  'accept' => 'text/html,application/xhtml+xml,application/xml;q=0.9,image/avif,image/webp,image/apng,*/*;q=0.8,application/signed-exchange;v=b3;q=0.7',
  'user-agent' => 'Mozilla/5.0 (Windows NT 10.0; Win64; x64) AppleWebKit/537.36 (KHTML, like Gecko) Chrome/146.0.0.0 Safari/537.36',
  'host' => 'www.jiwankang.com',
  'content-length' => '',
  'content-type' => '',
)
[ info ] [ PARAM ] array (
)
[ info ] [ DB ] INIT mysql
[ info ] [ VIEW ] E:\wwwroot\2026\04\jiwankang\application\manage\view\user\index.html [ array (
  0 => 'params',
  1 => 'jshopHost',
  2 => 'shop_name',
  3 => 'grade',
) ]
[ sql ] [ DB ] CONNECT:[ UseTime:0.000687s ] mysql:host=127.0.0.1;port=3306;dbname=jiwankang;charset=utf8mb4
[ sql ] [ SQL ] SHOW COLUMNS FROM `wb_setting` [ RunTime:0.000496s ]
[ sql ] [ SQL ] SELECT * FROM `wb_setting` WHERE  `skey` = 'shop_name' LIMIT 1 [ RunTime:0.000162s ]
[ sql ] [ SQL ] SHOW COLUMNS FROM `wb_user_grade` [ RunTime:0.000276s ]
[ sql ] [ SQL ] SELECT * FROM `wb_user_grade` [ RunTime:0.000111s ]
---------------------------------------------------------------
[2026-04-01T14:31:26+08:00] 127.0.0.1 GET www.jiwankang.com/manage/user/index.html?_ajax=1&page=1&limit=20
[运行时间：0.040419s] [吞吐率：24.74req/s] [内存消耗：4,980.29kb] [文件加载：118]
[ info ] [ LANG ] E:\wwwroot\2026\04\jiwankang\thinkphp\lang\zh-cn.php
[ info ] [ ROUTE ] array (
)
[ info ] [ HEADER ] array (
  'x-requested-with' => 'XMLHttpRequest',
  'referer' => 'http://www.jiwankang.com/manage/user/index.html',
  'cookie' => 'PHPSESSID=6ge3q9cob417ort2dkkl8j63da',
  'accept-language' => 'zh-CN,zh;q=0.9',
  'accept-encoding' => 'gzip, deflate',
  'accept' => 'application/json, text/javascript, */*; q=0.01',
  'user-agent' => 'Mozilla/5.0 (Windows NT 10.0; Win64; x64) AppleWebKit/537.36 (KHTML, like Gecko) Chrome/146.0.0.0 Safari/537.36',
  'host' => 'www.jiwankang.com',
  'content-length' => '',
  'content-type' => '',
)
[ info ] [ PARAM ] array (
  '_ajax' => '1',
  'page' => '1',
  'limit' => '20',
)
[ info ] [ DB ] INIT mysql
[ sql ] [ DB ] CONNECT:[ UseTime:0.000674s ] mysql:host=127.0.0.1;port=3306;dbname=jiwankang;charset=utf8mb4
[ sql ] [ SQL ] SHOW COLUMNS FROM `wb_setting` [ RunTime:0.000798s ]
[ sql ] [ SQL ] SELECT * FROM `wb_setting` WHERE  `skey` = 'shop_name' LIMIT 1 [ RunTime:0.000275s ]
[ sql ] [ SQL ] SHOW COLUMNS FROM `wb_user` [ RunTime:0.000424s ]
[ sql ] [ SQL ] SELECT COUNT(*) AS tp_count FROM `wb_user` WHERE `wb_user`.`isdel` IS NULL LIMIT 1 [ RunTime:0.000123s ]
[ sql ] [ SQL ] SELECT * FROM `wb_user` WHERE `wb_user`.`isdel` IS NULL ORDER BY `id` DESC LIMIT 0,20 [ RunTime:0.000125s ]
[ sql ] [ SQL ] SHOW COLUMNS FROM `wb_user_grade` [ RunTime:0.001231s ]
[ sql ] [ SQL ] SELECT * FROM `wb_user_grade` WHERE  `id` IN (2) [ RunTime:0.000234s ]
[ sql ] [ SQL ] SHOW COLUMNS FROM `wb_user_wx` [ RunTime:0.000895s ]
[ sql ] [ SQL ] SELECT * FROM `wb_user_wx` WHERE  `user_id` IN (1) [ RunTime:0.000137s ]
[ sql ] [ SQL ] SHOW COLUMNS FROM `wb_area` [ RunTime:0.000795s ]
[ sql ] [ SQL ] SELECT `id`,`name`,`parent_id`,`postal_code` FROM `wb_area` WHERE  `id` = 340203 LIMIT 1 [ RunTime:0.000130s ]
[ sql ] [ SQL ] SELECT `id`,`name`,`parent_id`,`postal_code` FROM `wb_area` WHERE  `parent_id` = 340200 [ RunTime:0.000653s ]
[ sql ] [ SQL ] SELECT `id`,`name`,`parent_id`,`postal_code` FROM `wb_area` WHERE  `id` = 340200 LIMIT 1 [ RunTime:0.000083s ]
[ sql ] [ SQL ] SELECT `id`,`name`,`parent_id`,`postal_code` FROM `wb_area` WHERE  `parent_id` = 340000 [ RunTime:0.000673s ]
[ sql ] [ SQL ] SELECT `id`,`name`,`parent_id`,`postal_code` FROM `wb_area` WHERE  `id` = 340000 LIMIT 1 [ RunTime:0.000078s ]
[ sql ] [ SQL ] SELECT `id`,`name`,`parent_id`,`postal_code` FROM `wb_area` WHERE  `parent_id` = 0 [ RunTime:0.000628s ]
---------------------------------------------------------------
[2026-04-01T14:32:32+08:00] 127.0.0.1 GET www.jiwankang.com/manage/user/index.html
[运行时间：0.030844s] [吞吐率：32.42req/s] [内存消耗：4,588.41kb] [文件加载：110]
[ info ] [ LANG ] E:\wwwroot\2026\04\jiwankang\thinkphp\lang\zh-cn.php
[ info ] [ ROUTE ] array (
)
[ info ] [ HEADER ] array (
  'upgrade-insecure-requests' => '1',
  'referer' => 'http://www.jiwankang.com/manage/user/index.html',
  'cookie' => 'PHPSESSID=6ge3q9cob417ort2dkkl8j63da',
  'cache-control' => 'max-age=0',
  'accept-language' => 'zh-CN,zh;q=0.9',
  'accept-encoding' => 'gzip, deflate',
  'accept' => 'text/html,application/xhtml+xml,application/xml;q=0.9,image/avif,image/webp,image/apng,*/*;q=0.8,application/signed-exchange;v=b3;q=0.7',
  'user-agent' => 'Mozilla/5.0 (Windows NT 10.0; Win64; x64) AppleWebKit/537.36 (KHTML, like Gecko) Chrome/146.0.0.0 Safari/537.36',
  'host' => 'www.jiwankang.com',
  'content-length' => '',
  'content-type' => '',
)
[ info ] [ PARAM ] array (
)
[ info ] [ DB ] INIT mysql
[ info ] [ VIEW ] E:\wwwroot\2026\04\jiwankang\application\manage\view\user\index.html [ array (
  0 => 'params',
  1 => 'jshopHost',
  2 => 'shop_name',
  3 => 'grade',
) ]
[ sql ] [ DB ] CONNECT:[ UseTime:0.000783s ] mysql:host=127.0.0.1;port=3306;dbname=jiwankang;charset=utf8mb4
[ sql ] [ SQL ] SHOW COLUMNS FROM `wb_setting` [ RunTime:0.000520s ]
[ sql ] [ SQL ] SELECT * FROM `wb_setting` WHERE  `skey` = 'shop_name' LIMIT 1 [ RunTime:0.000172s ]
[ sql ] [ SQL ] SHOW COLUMNS FROM `wb_user_grade` [ RunTime:0.000772s ]
[ sql ] [ SQL ] SELECT * FROM `wb_user_grade` [ RunTime:0.000217s ]
---------------------------------------------------------------
[2026-04-01T14:32:32+08:00] 127.0.0.1 GET www.jiwankang.com/manage/user/index.html?_ajax=1&page=1&limit=20
[运行时间：0.037748s] [吞吐率：26.49req/s] [内存消耗：4,980.29kb] [文件加载：118]
[ info ] [ LANG ] E:\wwwroot\2026\04\jiwankang\thinkphp\lang\zh-cn.php
[ info ] [ ROUTE ] array (
)
[ info ] [ HEADER ] array (
  'x-requested-with' => 'XMLHttpRequest',
  'referer' => 'http://www.jiwankang.com/manage/user/index.html',
  'cookie' => 'PHPSESSID=6ge3q9cob417ort2dkkl8j63da',
  'accept-language' => 'zh-CN,zh;q=0.9',
  'accept-encoding' => 'gzip, deflate',
  'accept' => 'application/json, text/javascript, */*; q=0.01',
  'user-agent' => 'Mozilla/5.0 (Windows NT 10.0; Win64; x64) AppleWebKit/537.36 (KHTML, like Gecko) Chrome/146.0.0.0 Safari/537.36',
  'host' => 'www.jiwankang.com',
  'content-length' => '',
  'content-type' => '',
)
[ info ] [ PARAM ] array (
  '_ajax' => '1',
  'page' => '1',
  'limit' => '20',
)
[ info ] [ DB ] INIT mysql
[ sql ] [ DB ] CONNECT:[ UseTime:0.000625s ] mysql:host=127.0.0.1;port=3306;dbname=jiwankang;charset=utf8mb4
[ sql ] [ SQL ] SHOW COLUMNS FROM `wb_setting` [ RunTime:0.000392s ]
[ sql ] [ SQL ] SELECT * FROM `wb_setting` WHERE  `skey` = 'shop_name' LIMIT 1 [ RunTime:0.000162s ]
[ sql ] [ SQL ] SHOW COLUMNS FROM `wb_user` [ RunTime:0.000491s ]
[ sql ] [ SQL ] SELECT COUNT(*) AS tp_count FROM `wb_user` WHERE `wb_user`.`isdel` IS NULL LIMIT 1 [ RunTime:0.000312s ]
[ sql ] [ SQL ] SELECT * FROM `wb_user` WHERE `wb_user`.`isdel` IS NULL ORDER BY `id` DESC LIMIT 0,20 [ RunTime:0.000261s ]
[ sql ] [ SQL ] SHOW COLUMNS FROM `wb_user_grade` [ RunTime:0.001067s ]
[ sql ] [ SQL ] SELECT * FROM `wb_user_grade` WHERE  `id` IN (2) [ RunTime:0.000187s ]
[ sql ] [ SQL ] SHOW COLUMNS FROM `wb_user_wx` [ RunTime:0.001257s ]
[ sql ] [ SQL ] SELECT * FROM `wb_user_wx` WHERE  `user_id` IN (1) [ RunTime:0.000155s ]
[ sql ] [ SQL ] SHOW COLUMNS FROM `wb_area` [ RunTime:0.000736s ]
[ sql ] [ SQL ] SELECT `id`,`name`,`parent_id`,`postal_code` FROM `wb_area` WHERE  `id` = 340203 LIMIT 1 [ RunTime:0.000124s ]
[ sql ] [ SQL ] SELECT `id`,`name`,`parent_id`,`postal_code` FROM `wb_area` WHERE  `parent_id` = 340200 [ RunTime:0.000655s ]
[ sql ] [ SQL ] SELECT `id`,`name`,`parent_id`,`postal_code` FROM `wb_area` WHERE  `id` = 340200 LIMIT 1 [ RunTime:0.000112s ]
[ sql ] [ SQL ] SELECT `id`,`name`,`parent_id`,`postal_code` FROM `wb_area` WHERE  `parent_id` = 340000 [ RunTime:0.000632s ]
[ sql ] [ SQL ] SELECT `id`,`name`,`parent_id`,`postal_code` FROM `wb_area` WHERE  `id` = 340000 LIMIT 1 [ RunTime:0.000082s ]
[ sql ] [ SQL ] SELECT `id`,`name`,`parent_id`,`postal_code` FROM `wb_area` WHERE  `parent_id` = 0 [ RunTime:0.000622s ]
---------------------------------------------------------------
[2026-04-01T14:32:34+08:00] 127.0.0.1 GET www.jiwankang.com/manage/user/edituser.html?user_id=1
[运行时间：0.035157s] [吞吐率：28.44req/s] [内存消耗：4,867.21kb] [文件加载：116]
[ info ] [ LANG ] E:\wwwroot\2026\04\jiwankang\thinkphp\lang\zh-cn.php
[ info ] [ ROUTE ] array (
)
[ info ] [ HEADER ] array (
  'x-requested-with' => 'XMLHttpRequest',
  'referer' => 'http://www.jiwankang.com/manage/user/index.html',
  'cookie' => 'PHPSESSID=6ge3q9cob417ort2dkkl8j63da',
  'accept-language' => 'zh-CN,zh;q=0.9',
  'accept-encoding' => 'gzip, deflate',
  'accept' => 'application/json, text/javascript, */*; q=0.01',
  'user-agent' => 'Mozilla/5.0 (Windows NT 10.0; Win64; x64) AppleWebKit/537.36 (KHTML, like Gecko) Chrome/146.0.0.0 Safari/537.36',
  'host' => 'www.jiwankang.com',
  'content-length' => '',
  'content-type' => '',
)
[ info ] [ PARAM ] array (
  'user_id' => '1',
)
[ info ] [ DB ] INIT mysql
[ info ] [ VIEW ] E:\wwwroot\2026\04\jiwankang\application\manage\view\user\editUser.html [ array (
  0 => 'params',
  1 => 'jshopHost',
  2 => 'shop_name',
  3 => 'info',
  4 => 'grade',
) ]
[ sql ] [ DB ] CONNECT:[ UseTime:0.000684s ] mysql:host=127.0.0.1;port=3306;dbname=jiwankang;charset=utf8mb4
[ sql ] [ SQL ] SHOW COLUMNS FROM `wb_setting` [ RunTime:0.000400s ]
[ sql ] [ SQL ] SELECT * FROM `wb_setting` WHERE  `skey` = 'shop_name' LIMIT 1 [ RunTime:0.000143s ]
[ sql ] [ SQL ] SELECT * FROM `wb_setting` WHERE  `skey` = 'language' LIMIT 1 [ RunTime:0.000100s ]
[ sql ] [ SQL ] SELECT * FROM `wb_setting` WHERE  `skey` = 'language' LIMIT 1 [ RunTime:0.000073s ]
[ sql ] [ SQL ] SHOW COLUMNS FROM `wb_user` [ RunTime:0.000720s ]
[ sql ] [ SQL ] SELECT `id`,`username`,`mobile`,`sex`,`birthday`,`avatar`,`nickname`,`balance`,`point`,`grade`,`status`,`pid`,`password`,`ctime`,`remarks`,`area_id`,`tiyan`,`num_point`,`exp` FROM `wb_user` WHERE (  `id` = 1 ) AND `wb_user`.`isdel` IS NULL LIMIT 1 [ RunTime:0.000265s ]
[ sql ] [ SQL ] SHOW COLUMNS FROM `wb_user_grade` [ RunTime:0.000286s ]
[ sql ] [ SQL ] SELECT * FROM `wb_user_grade` WHERE  `id` = 2 [ RunTime:0.000111s ]
[ sql ] [ SQL ] SELECT * FROM `wb_user_grade` WHERE  `id` = 2 LIMIT 1 [ RunTime:0.000105s ]
[ sql ] [ SQL ] SELECT * FROM `wb_user_grade` ORDER BY `id` ASC [ RunTime:0.000135s ]
[ sql ] [ SQL ] SELECT * FROM `wb_user` WHERE (  `id` IN (0) ) AND `wb_user`.`isdel` IS NULL [ RunTime:0.000130s ]
[ sql ] [ SQL ] SELECT * FROM `wb_user` WHERE (  `id` IN (0)  AND `id` IN (0) ) AND `wb_user`.`isdel` IS NULL [ RunTime:0.000104s ]
---------------------------------------------------------------
[2026-04-01T14:32:34+08:00] 127.0.0.1 GET www.jiwankang.com/manage/images/manage.html?action=config&&noCache=1775025154847
[运行时间：0.043269s] [吞吐率：23.11req/s] [内存消耗：4,340.70kb] [文件加载：104]
[ info ] [ LANG ] E:\wwwroot\2026\04\jiwankang\thinkphp\lang\zh-cn.php
[ info ] [ ROUTE ] array (
)
[ info ] [ HEADER ] array (
  'referer' => 'http://www.jiwankang.com/manage/user/index.html',
  'cookie' => 'PHPSESSID=6ge3q9cob417ort2dkkl8j63da',
  'accept-language' => 'zh-CN,zh;q=0.9',
  'accept-encoding' => 'gzip, deflate',
  'accept' => '*/*',
  'user-agent' => 'Mozilla/5.0 (Windows NT 10.0; Win64; x64) AppleWebKit/537.36 (KHTML, like Gecko) Chrome/146.0.0.0 Safari/537.36',
  'host' => 'www.jiwankang.com',
  'content-length' => '',
  'content-type' => '',
)
[ info ] [ PARAM ] array (
  'action' => 'config',
  'noCache' => '1775025154847',
)
[ info ] [ DB ] INIT mysql
[ sql ] [ DB ] CONNECT:[ UseTime:0.011947s ] mysql:host=127.0.0.1;port=3306;dbname=jiwankang;charset=utf8mb4
[ sql ] [ SQL ] SHOW COLUMNS FROM `wb_setting` [ RunTime:0.000627s ]
[ sql ] [ SQL ] SELECT * FROM `wb_setting` WHERE  `skey` = 'shop_name' LIMIT 1 [ RunTime:0.000233s ]
---------------------------------------------------------------
[2026-04-01T14:32:40+08:00] 127.0.0.1 POST www.jiwankang.com/manage/user/edituser.html
[运行时间：0.038381s] [吞吐率：26.05req/s] [内存消耗：4,788.91kb] [文件加载：114]
[ info ] [ LANG ] E:\wwwroot\2026\04\jiwankang\thinkphp\lang\zh-cn.php
[ info ] [ ROUTE ] array (
)
[ info ] [ HEADER ] array (
  'x-requested-with' => 'XMLHttpRequest',
  'referer' => 'http://www.jiwankang.com/manage/user/index.html',
  'origin' => 'http://www.jiwankang.com',
  'cookie' => 'PHPSESSID=6ge3q9cob417ort2dkkl8j63da',
  'content-type' => 'application/x-www-form-urlencoded; charset=UTF-8',
  'accept-language' => 'zh-CN,zh;q=0.9',
  'accept-encoding' => 'gzip, deflate',
  'accept' => 'application/json, text/javascript, */*; q=0.01',
  'content-length' => '295',
  'user-agent' => 'Mozilla/5.0 (Windows NT 10.0; Win64; x64) AppleWebKit/537.36 (KHTML, like Gecko) Chrome/146.0.0.0 Safari/537.36',
  'host' => 'www.jiwankang.com',
)
[ info ] [ PARAM ] array (
  'id' => '1',
  'password' => '',
  'repassword' => '',
  'sex' => '1',
  'area_id' => '',
  'area_id_1' => '',
  'grade' => '1',
  'status' => '1',
  'nickname' => 'xyh66306',
  'pid' => '',
  'avatar' => 'http://www.jiwankang.com/static/uploads/images/2026/03/30/177484175669c9ef9cdfbcc.png',
  'remarks' => '',
  'validate_form' => 'edit_user',
  '__Jshop_Token__' => 'a55ec8f1b8522afc47437f7c33a158ac4a420bc9',
)
[ info ] [ DB ] INIT mysql
[ sql ] [ DB ] CONNECT:[ UseTime:0.000689s ] mysql:host=127.0.0.1;port=3306;dbname=jiwankang;charset=utf8mb4
[ sql ] [ SQL ] SHOW COLUMNS FROM `wb_setting` [ RunTime:0.000414s ]
[ sql ] [ SQL ] SELECT * FROM `wb_setting` WHERE  `skey` = 'shop_name' LIMIT 1 [ RunTime:0.000146s ]
[ sql ] [ SQL ] SHOW COLUMNS FROM `wb_operation` [ RunTime:0.000885s ]
[ sql ] [ SQL ] SELECT * FROM `wb_operation` WHERE  `type` = 'c'  AND `code` = 'user'  AND `parent_id` = 2 LIMIT 1 [ RunTime:0.000211s ]
[ sql ] [ SQL ] SELECT * FROM `wb_operation` WHERE  `type` = 'a'  AND `code` = 'edituser'  AND `parent_id` = 238 LIMIT 1 [ RunTime:0.000142s ]
[ sql ] [ SQL ] SHOW COLUMNS FROM `wb_operation_log` [ RunTime:0.000821s ]
[ sql ] [ SQL ] INSERT INTO `wb_operation_log` (`manage_id` , `controller` , `method` , `desc` , `content` , `ip` , `ctime`) VALUES (13 , 'user' , 'edituser' , '会员编辑：1' , '{\"id\":\"1\",\"password\":\"\",\"repassword\":\"\",\"sex\":\"1\",\"area_id\":\"\",\"area_id_1\":\"\",\"grade\":\"1\",\"status\":\"1\",\"nickname\":\"xyh66306\",\"pid\":\"\",\"avatar\":\"http:\\/\\/www.jiwankang.com\\/static\\/uploads\\/images\\/2026\\/03\\/30\\/177484175669c9ef9cdfbcc.png\",\"remarks\":\"\",\"validate_form\":\"edit_user\",\"__Jshop_Token__\":\"a55ec8f1b8522afc47437f7c33a158ac4a420bc9\"}' , '127.0.0.1' , 1775025160) [ RunTime:0.000132s ]
[ sql ] [ SQL ] SELECT * FROM `wb_setting` WHERE  `skey` = 'language' LIMIT 1 [ RunTime:0.000139s ]
[ sql ] [ SQL ] SELECT * FROM `wb_setting` WHERE  `skey` = 'language' LIMIT 1 [ RunTime:0.000111s ]
[ sql ] [ SQL ] SELECT * FROM `wb_setting` WHERE  `skey` = 'language' LIMIT 1 [ RunTime:0.000116s ]
[ sql ] [ SQL ] SELECT * FROM `wb_setting` WHERE  `skey` = 'language' LIMIT 1 [ RunTime:0.000074s ]
[ sql ] [ SQL ] SHOW COLUMNS FROM `wb_user` [ RunTime:0.000323s ]
[ sql ] [ SQL ] UPDATE `wb_user`  SET `remarks` = '' , `nickname` = 'xyh66306' , `sex` = 1 , `birthday` = NULL , `avatar` = 'http://www.jiwankang.com/static/uploads/images/2026/03/30/177484175669c9ef9cdfbcc.png' , `status` = 1 , `pid` = 0 , `grade` = 1 , `area_id` = 0 , `utime` = 1775025160  WHERE (  `id` = 1 ) AND `wb_user`.`isdel` IS NULL [ RunTime:0.000151s ]
[ sql ] [ SQL ] SELECT * FROM `wb_user` WHERE (  `id` = 1 ) AND `wb_user`.`isdel` IS NULL LIMIT 1 [ RunTime:0.000183s ]
[ sql ] [ SQL ] SELECT `id`,`pid` FROM `wb_user` WHERE  `pid` = 1 [ RunTime:0.000141s ]
[ error ] [8]未定义数组索引: name[E:\wwwroot\2026\04\jiwankang\application\manage\behavior\Record.php:72]
[ error ] [8]未定义数组索引: birthday[E:\wwwroot\2026\04\jiwankang\application\common\model\User.php:1064]
---------------------------------------------------------------
[2026-04-01T14:32:41+08:00] 127.0.0.1 GET www.jiwankang.com/manage/user/index.html?_ajax=1&page=1&limit=20
[运行时间：0.031972s] [吞吐率：31.28req/s] [内存消耗：4,900.30kb] [文件加载：117]
[ info ] [ LANG ] E:\wwwroot\2026\04\jiwankang\thinkphp\lang\zh-cn.php
[ info ] [ ROUTE ] array (
)
[ info ] [ HEADER ] array (
  'x-requested-with' => 'XMLHttpRequest',
  'referer' => 'http://www.jiwankang.com/manage/user/index.html',
  'cookie' => 'PHPSESSID=6ge3q9cob417ort2dkkl8j63da',
  'accept-language' => 'zh-CN,zh;q=0.9',
  'accept-encoding' => 'gzip, deflate',
  'accept' => 'application/json, text/javascript, */*; q=0.01',
  'user-agent' => 'Mozilla/5.0 (Windows NT 10.0; Win64; x64) AppleWebKit/537.36 (KHTML, like Gecko) Chrome/146.0.0.0 Safari/537.36',
  'host' => 'www.jiwankang.com',
  'content-length' => '',
  'content-type' => '',
)
[ info ] [ PARAM ] array (
  '_ajax' => '1',
  'page' => '1',
  'limit' => '20',
)
[ info ] [ DB ] INIT mysql
[ sql ] [ DB ] CONNECT:[ UseTime:0.000698s ] mysql:host=127.0.0.1;port=3306;dbname=jiwankang;charset=utf8mb4
[ sql ] [ SQL ] SHOW COLUMNS FROM `wb_setting` [ RunTime:0.000490s ]
[ sql ] [ SQL ] SELECT * FROM `wb_setting` WHERE  `skey` = 'shop_name' LIMIT 1 [ RunTime:0.000256s ]
[ sql ] [ SQL ] SHOW COLUMNS FROM `wb_user` [ RunTime:0.000430s ]
[ sql ] [ SQL ] SELECT COUNT(*) AS tp_count FROM `wb_user` WHERE `wb_user`.`isdel` IS NULL LIMIT 1 [ RunTime:0.000257s ]
[ sql ] [ SQL ] SELECT * FROM `wb_user` WHERE `wb_user`.`isdel` IS NULL ORDER BY `id` DESC LIMIT 0,20 [ RunTime:0.000142s ]
[ sql ] [ SQL ] SHOW COLUMNS FROM `wb_user_grade` [ RunTime:0.000774s ]
[ sql ] [ SQL ] SELECT * FROM `wb_user_grade` WHERE  `id` IN (1) [ RunTime:0.000115s ]
[ sql ] [ SQL ] SHOW COLUMNS FROM `wb_user_wx` [ RunTime:0.000763s ]
[ sql ] [ SQL ] SELECT * FROM `wb_user_wx` WHERE  `user_id` IN (1) [ RunTime:0.000171s ]
---------------------------------------------------------------
[2026-04-01T14:32:41+08:00] 127.0.0.1 GET www.jiwankang.com/manage/user/index.html
[运行时间：0.028000s] [吞吐率：35.71req/s] [内存消耗：4,588.41kb] [文件加载：110]
[ info ] [ LANG ] E:\wwwroot\2026\04\jiwankang\thinkphp\lang\zh-cn.php
[ info ] [ ROUTE ] array (
)
[ info ] [ HEADER ] array (
  'upgrade-insecure-requests' => '1',
  'referer' => 'http://www.jiwankang.com/manage/user/index.html',
  'cookie' => 'PHPSESSID=6ge3q9cob417ort2dkkl8j63da',
  'cache-control' => 'max-age=0',
  'accept-language' => 'zh-CN,zh;q=0.9',
  'accept-encoding' => 'gzip, deflate',
  'accept' => 'text/html,application/xhtml+xml,application/xml;q=0.9,image/avif,image/webp,image/apng,*/*;q=0.8,application/signed-exchange;v=b3;q=0.7',
  'user-agent' => 'Mozilla/5.0 (Windows NT 10.0; Win64; x64) AppleWebKit/537.36 (KHTML, like Gecko) Chrome/146.0.0.0 Safari/537.36',
  'host' => 'www.jiwankang.com',
  'content-length' => '',
  'content-type' => '',
)
[ info ] [ PARAM ] array (
)
[ info ] [ DB ] INIT mysql
[ info ] [ VIEW ] E:\wwwroot\2026\04\jiwankang\application\manage\view\user\index.html [ array (
  0 => 'params',
  1 => 'jshopHost',
  2 => 'shop_name',
  3 => 'grade',
) ]
[ sql ] [ DB ] CONNECT:[ UseTime:0.000700s ] mysql:host=127.0.0.1;port=3306;dbname=jiwankang;charset=utf8mb4
[ sql ] [ SQL ] SHOW COLUMNS FROM `wb_setting` [ RunTime:0.000755s ]
[ sql ] [ SQL ] SELECT * FROM `wb_setting` WHERE  `skey` = 'shop_name' LIMIT 1 [ RunTime:0.000266s ]
[ sql ] [ SQL ] SHOW COLUMNS FROM `wb_user_grade` [ RunTime:0.000363s ]
[ sql ] [ SQL ] SELECT * FROM `wb_user_grade` [ RunTime:0.000174s ]
---------------------------------------------------------------
[2026-04-01T14:32:41+08:00] 127.0.0.1 GET www.jiwankang.com/manage/user/index.html?_ajax=1&page=1&limit=20
[运行时间：0.037799s] [吞吐率：26.46req/s] [内存消耗：4,900.30kb] [文件加载：117]
[ info ] [ LANG ] E:\wwwroot\2026\04\jiwankang\thinkphp\lang\zh-cn.php
[ info ] [ ROUTE ] array (
)
[ info ] [ HEADER ] array (
  'x-requested-with' => 'XMLHttpRequest',
  'referer' => 'http://www.jiwankang.com/manage/user/index.html',
  'cookie' => 'PHPSESSID=6ge3q9cob417ort2dkkl8j63da',
  'accept-language' => 'zh-CN,zh;q=0.9',
  'accept-encoding' => 'gzip, deflate',
  'accept' => 'application/json, text/javascript, */*; q=0.01',
  'user-agent' => 'Mozilla/5.0 (Windows NT 10.0; Win64; x64) AppleWebKit/537.36 (KHTML, like Gecko) Chrome/146.0.0.0 Safari/537.36',
  'host' => 'www.jiwankang.com',
  'content-length' => '',
  'content-type' => '',
)
[ info ] [ PARAM ] array (
  '_ajax' => '1',
  'page' => '1',
  'limit' => '20',
)
[ info ] [ DB ] INIT mysql
[ sql ] [ DB ] CONNECT:[ UseTime:0.000714s ] mysql:host=127.0.0.1;port=3306;dbname=jiwankang;charset=utf8mb4
[ sql ] [ SQL ] SHOW COLUMNS FROM `wb_setting` [ RunTime:0.000390s ]
[ sql ] [ SQL ] SELECT * FROM `wb_setting` WHERE  `skey` = 'shop_name' LIMIT 1 [ RunTime:0.000142s ]
[ sql ] [ SQL ] SHOW COLUMNS FROM `wb_user` [ RunTime:0.000324s ]
[ sql ] [ SQL ] SELECT COUNT(*) AS tp_count FROM `wb_user` WHERE `wb_user`.`isdel` IS NULL LIMIT 1 [ RunTime:0.000109s ]
[ sql ] [ SQL ] SELECT * FROM `wb_user` WHERE `wb_user`.`isdel` IS NULL ORDER BY `id` DESC LIMIT 0,20 [ RunTime:0.000118s ]
[ sql ] [ SQL ] SHOW COLUMNS FROM `wb_user_grade` [ RunTime:0.000219s ]
[ sql ] [ SQL ] SELECT * FROM `wb_user_grade` WHERE  `id` IN (1) [ RunTime:0.000100s ]
[ sql ] [ SQL ] SHOW COLUMNS FROM `wb_user_wx` [ RunTime:0.000787s ]
[ sql ] [ SQL ] SELECT * FROM `wb_user_wx` WHERE  `user_id` IN (1) [ RunTime:0.000128s ]
---------------------------------------------------------------
[2026-04-01T14:33:37+08:00] 127.0.0.1 GET www.jiwankang.com/manage/user/index.html
[运行时间：0.031658s] [吞吐率：31.59req/s] [内存消耗：4,588.41kb] [文件加载：110]
[ info ] [ LANG ] E:\wwwroot\2026\04\jiwankang\thinkphp\lang\zh-cn.php
[ info ] [ ROUTE ] array (
)
[ info ] [ HEADER ] array (
  'upgrade-insecure-requests' => '1',
  'referer' => 'http://www.jiwankang.com/manage/user/index.html',
  'cookie' => 'PHPSESSID=6ge3q9cob417ort2dkkl8j63da',
  'cache-control' => 'max-age=0',
  'accept-language' => 'zh-CN,zh;q=0.9',
  'accept-encoding' => 'gzip, deflate',
  'accept' => 'text/html,application/xhtml+xml,application/xml;q=0.9,image/avif,image/webp,image/apng,*/*;q=0.8,application/signed-exchange;v=b3;q=0.7',
  'user-agent' => 'Mozilla/5.0 (Windows NT 10.0; Win64; x64) AppleWebKit/537.36 (KHTML, like Gecko) Chrome/146.0.0.0 Safari/537.36',
  'host' => 'www.jiwankang.com',
  'content-length' => '',
  'content-type' => '',
)
[ info ] [ PARAM ] array (
)
[ info ] [ DB ] INIT mysql
[ info ] [ VIEW ] E:\wwwroot\2026\04\jiwankang\application\manage\view\user\index.html [ array (
  0 => 'params',
  1 => 'jshopHost',
  2 => 'shop_name',
  3 => 'grade',
) ]
[ sql ] [ DB ] CONNECT:[ UseTime:0.000771s ] mysql:host=127.0.0.1;port=3306;dbname=jiwankang;charset=utf8mb4
[ sql ] [ SQL ] SHOW COLUMNS FROM `wb_setting` [ RunTime:0.000538s ]
[ sql ] [ SQL ] SELECT * FROM `wb_setting` WHERE  `skey` = 'shop_name' LIMIT 1 [ RunTime:0.000239s ]
[ sql ] [ SQL ] SHOW COLUMNS FROM `wb_user_grade` [ RunTime:0.000548s ]
[ sql ] [ SQL ] SELECT * FROM `wb_user_grade` [ RunTime:0.000168s ]
---------------------------------------------------------------
[2026-04-01T14:33:37+08:00] 127.0.0.1 GET www.jiwankang.com/manage/user/index.html?_ajax=1&page=1&limit=20
[运行时间：0.030792s] [吞吐率：32.48req/s] [内存消耗：4,900.30kb] [文件加载：117]
[ info ] [ LANG ] E:\wwwroot\2026\04\jiwankang\thinkphp\lang\zh-cn.php
[ info ] [ ROUTE ] array (
)
[ info ] [ HEADER ] array (
  'x-requested-with' => 'XMLHttpRequest',
  'referer' => 'http://www.jiwankang.com/manage/user/index.html',
  'cookie' => 'PHPSESSID=6ge3q9cob417ort2dkkl8j63da',
  'accept-language' => 'zh-CN,zh;q=0.9',
  'accept-encoding' => 'gzip, deflate',
  'accept' => 'application/json, text/javascript, */*; q=0.01',
  'user-agent' => 'Mozilla/5.0 (Windows NT 10.0; Win64; x64) AppleWebKit/537.36 (KHTML, like Gecko) Chrome/146.0.0.0 Safari/537.36',
  'host' => 'www.jiwankang.com',
  'content-length' => '',
  'content-type' => '',
)
[ info ] [ PARAM ] array (
  '_ajax' => '1',
  'page' => '1',
  'limit' => '20',
)
[ info ] [ DB ] INIT mysql
[ sql ] [ DB ] CONNECT:[ UseTime:0.000710s ] mysql:host=127.0.0.1;port=3306;dbname=jiwankang;charset=utf8mb4
[ sql ] [ SQL ] SHOW COLUMNS FROM `wb_setting` [ RunTime:0.000465s ]
[ sql ] [ SQL ] SELECT * FROM `wb_setting` WHERE  `skey` = 'shop_name' LIMIT 1 [ RunTime:0.000211s ]
[ sql ] [ SQL ] SHOW COLUMNS FROM `wb_user` [ RunTime:0.000477s ]
[ sql ] [ SQL ] SELECT COUNT(*) AS tp_count FROM `wb_user` WHERE `wb_user`.`isdel` IS NULL LIMIT 1 [ RunTime:0.000117s ]
[ sql ] [ SQL ] SELECT * FROM `wb_user` WHERE `wb_user`.`isdel` IS NULL ORDER BY `id` DESC LIMIT 0,20 [ RunTime:0.000119s ]
[ sql ] [ SQL ] SHOW COLUMNS FROM `wb_user_grade` [ RunTime:0.000243s ]
[ sql ] [ SQL ] SELECT * FROM `wb_user_grade` WHERE  `id` IN (1) [ RunTime:0.000103s ]
[ sql ] [ SQL ] SHOW COLUMNS FROM `wb_user_wx` [ RunTime:0.000879s ]
[ sql ] [ SQL ] SELECT * FROM `wb_user_wx` WHERE  `user_id` IN (1) [ RunTime:0.000132s ]
---------------------------------------------------------------
[2026-04-01T14:35:41+08:00] 127.0.0.1 GET www.jiwankang.com/manage/user/index.html
[运行时间：0.028772s] [吞吐率：34.76req/s] [内存消耗：4,588.41kb] [文件加载：110]
[ info ] [ LANG ] E:\wwwroot\2026\04\jiwankang\thinkphp\lang\zh-cn.php
[ info ] [ ROUTE ] array (
)
[ info ] [ HEADER ] array (
  'upgrade-insecure-requests' => '1',
  'referer' => 'http://www.jiwankang.com/manage/user/index.html',
  'cookie' => 'PHPSESSID=6ge3q9cob417ort2dkkl8j63da',
  'cache-control' => 'max-age=0',
  'accept-language' => 'zh-CN,zh;q=0.9',
  'accept-encoding' => 'gzip, deflate',
  'accept' => 'text/html,application/xhtml+xml,application/xml;q=0.9,image/avif,image/webp,image/apng,*/*;q=0.8,application/signed-exchange;v=b3;q=0.7',
  'user-agent' => 'Mozilla/5.0 (Windows NT 10.0; Win64; x64) AppleWebKit/537.36 (KHTML, like Gecko) Chrome/146.0.0.0 Safari/537.36',
  'host' => 'www.jiwankang.com',
  'content-length' => '',
  'content-type' => '',
)
[ info ] [ PARAM ] array (
)
[ info ] [ DB ] INIT mysql
[ info ] [ VIEW ] E:\wwwroot\2026\04\jiwankang\application\manage\view\user\index.html [ array (
  0 => 'params',
  1 => 'jshopHost',
  2 => 'shop_name',
  3 => 'grade',
) ]
[ sql ] [ DB ] CONNECT:[ UseTime:0.000681s ] mysql:host=127.0.0.1;port=3306;dbname=jiwankang;charset=utf8mb4
[ sql ] [ SQL ] SHOW COLUMNS FROM `wb_setting` [ RunTime:0.000435s ]
[ sql ] [ SQL ] SELECT * FROM `wb_setting` WHERE  `skey` = 'shop_name' LIMIT 1 [ RunTime:0.000148s ]
[ sql ] [ SQL ] SHOW COLUMNS FROM `wb_user_grade` [ RunTime:0.000305s ]
[ sql ] [ SQL ] SELECT * FROM `wb_user_grade` [ RunTime:0.000105s ]
---------------------------------------------------------------
[2026-04-01T14:35:41+08:00] 127.0.0.1 GET www.jiwankang.com/manage/user/index.html?_ajax=1&page=1&limit=20
[运行时间：0.035643s] [吞吐率：28.06req/s] [内存消耗：4,900.30kb] [文件加载：117]
[ info ] [ LANG ] E:\wwwroot\2026\04\jiwankang\thinkphp\lang\zh-cn.php
[ info ] [ ROUTE ] array (
)
[ info ] [ HEADER ] array (
  'x-requested-with' => 'XMLHttpRequest',
  'referer' => 'http://www.jiwankang.com/manage/user/index.html',
  'cookie' => 'PHPSESSID=6ge3q9cob417ort2dkkl8j63da',
  'accept-language' => 'zh-CN,zh;q=0.9',
  'accept-encoding' => 'gzip, deflate',
  'accept' => 'application/json, text/javascript, */*; q=0.01',
  'user-agent' => 'Mozilla/5.0 (Windows NT 10.0; Win64; x64) AppleWebKit/537.36 (KHTML, like Gecko) Chrome/146.0.0.0 Safari/537.36',
  'host' => 'www.jiwankang.com',
  'content-length' => '',
  'content-type' => '',
)
[ info ] [ PARAM ] array (
  '_ajax' => '1',
  'page' => '1',
  'limit' => '20',
)
[ info ] [ DB ] INIT mysql
[ sql ] [ DB ] CONNECT:[ UseTime:0.000637s ] mysql:host=127.0.0.1;port=3306;dbname=jiwankang;charset=utf8mb4
[ sql ] [ SQL ] SHOW COLUMNS FROM `wb_setting` [ RunTime:0.000398s ]
[ sql ] [ SQL ] SELECT * FROM `wb_setting` WHERE  `skey` = 'shop_name' LIMIT 1 [ RunTime:0.000149s ]
[ sql ] [ SQL ] SHOW COLUMNS FROM `wb_user` [ RunTime:0.000508s ]
[ sql ] [ SQL ] SELECT COUNT(*) AS tp_count FROM `wb_user` WHERE `wb_user`.`isdel` IS NULL LIMIT 1 [ RunTime:0.000133s ]
[ sql ] [ SQL ] SELECT * FROM `wb_user` WHERE `wb_user`.`isdel` IS NULL ORDER BY `id` DESC LIMIT 0,20 [ RunTime:0.000122s ]
[ sql ] [ SQL ] SHOW COLUMNS FROM `wb_user_grade` [ RunTime:0.000244s ]
[ sql ] [ SQL ] SELECT * FROM `wb_user_grade` WHERE  `id` IN (1) [ RunTime:0.000106s ]
[ sql ] [ SQL ] SHOW COLUMNS FROM `wb_user_wx` [ RunTime:0.000353s ]
[ sql ] [ SQL ] SELECT * FROM `wb_user_wx` WHERE  `user_id` IN (1) [ RunTime:0.000142s ]
---------------------------------------------------------------
[2026-04-01T14:35:43+08:00] 127.0.0.1 GET www.jiwankang.com/manage/user/index.html
[运行时间：0.027709s] [吞吐率：36.09req/s] [内存消耗：4,588.41kb] [文件加载：110]
[ info ] [ LANG ] E:\wwwroot\2026\04\jiwankang\thinkphp\lang\zh-cn.php
[ info ] [ ROUTE ] array (
)
[ info ] [ HEADER ] array (
  'upgrade-insecure-requests' => '1',
  'referer' => 'http://www.jiwankang.com/manage/user/index.html',
  'cookie' => 'PHPSESSID=6ge3q9cob417ort2dkkl8j63da',
  'cache-control' => 'max-age=0',
  'accept-language' => 'zh-CN,zh;q=0.9',
  'accept-encoding' => 'gzip, deflate',
  'accept' => 'text/html,application/xhtml+xml,application/xml;q=0.9,image/avif,image/webp,image/apng,*/*;q=0.8,application/signed-exchange;v=b3;q=0.7',
  'user-agent' => 'Mozilla/5.0 (Windows NT 10.0; Win64; x64) AppleWebKit/537.36 (KHTML, like Gecko) Chrome/146.0.0.0 Safari/537.36',
  'host' => 'www.jiwankang.com',
  'content-length' => '',
  'content-type' => '',
)
[ info ] [ PARAM ] array (
)
[ info ] [ DB ] INIT mysql
[ info ] [ VIEW ] E:\wwwroot\2026\04\jiwankang\application\manage\view\user\index.html [ array (
  0 => 'params',
  1 => 'jshopHost',
  2 => 'shop_name',
  3 => 'grade',
) ]
[ sql ] [ DB ] CONNECT:[ UseTime:0.000742s ] mysql:host=127.0.0.1;port=3306;dbname=jiwankang;charset=utf8mb4
[ sql ] [ SQL ] SHOW COLUMNS FROM `wb_setting` [ RunTime:0.000660s ]
[ sql ] [ SQL ] SELECT * FROM `wb_setting` WHERE  `skey` = 'shop_name' LIMIT 1 [ RunTime:0.000269s ]
[ sql ] [ SQL ] SHOW COLUMNS FROM `wb_user_grade` [ RunTime:0.000493s ]
[ sql ] [ SQL ] SELECT * FROM `wb_user_grade` [ RunTime:0.000120s ]
---------------------------------------------------------------
[2026-04-01T14:35:43+08:00] 127.0.0.1 GET www.jiwankang.com/manage/user/index.html?_ajax=1&page=1&limit=20
[运行时间：0.032283s] [吞吐率：30.98req/s] [内存消耗：4,900.30kb] [文件加载：117]
[ info ] [ LANG ] E:\wwwroot\2026\04\jiwankang\thinkphp\lang\zh-cn.php
[ info ] [ ROUTE ] array (
)
[ info ] [ HEADER ] array (
  'x-requested-with' => 'XMLHttpRequest',
  'referer' => 'http://www.jiwankang.com/manage/user/index.html',
  'cookie' => 'PHPSESSID=6ge3q9cob417ort2dkkl8j63da',
  'accept-language' => 'zh-CN,zh;q=0.9',
  'accept-encoding' => 'gzip, deflate',
  'accept' => 'application/json, text/javascript, */*; q=0.01',
  'user-agent' => 'Mozilla/5.0 (Windows NT 10.0; Win64; x64) AppleWebKit/537.36 (KHTML, like Gecko) Chrome/146.0.0.0 Safari/537.36',
  'host' => 'www.jiwankang.com',
  'content-length' => '',
  'content-type' => '',
)
[ info ] [ PARAM ] array (
  '_ajax' => '1',
  'page' => '1',
  'limit' => '20',
)
[ info ] [ DB ] INIT mysql
[ sql ] [ DB ] CONNECT:[ UseTime:0.000740s ] mysql:host=127.0.0.1;port=3306;dbname=jiwankang;charset=utf8mb4
[ sql ] [ SQL ] SHOW COLUMNS FROM `wb_setting` [ RunTime:0.000478s ]
[ sql ] [ SQL ] SELECT * FROM `wb_setting` WHERE  `skey` = 'shop_name' LIMIT 1 [ RunTime:0.000143s ]
[ sql ] [ SQL ] SHOW COLUMNS FROM `wb_user` [ RunTime:0.000520s ]
[ sql ] [ SQL ] SELECT COUNT(*) AS tp_count FROM `wb_user` WHERE `wb_user`.`isdel` IS NULL LIMIT 1 [ RunTime:0.000145s ]
[ sql ] [ SQL ] SELECT * FROM `wb_user` WHERE `wb_user`.`isdel` IS NULL ORDER BY `id` DESC LIMIT 0,20 [ RunTime:0.000139s ]
[ sql ] [ SQL ] SHOW COLUMNS FROM `wb_user_grade` [ RunTime:0.000256s ]
[ sql ] [ SQL ] SELECT * FROM `wb_user_grade` WHERE  `id` IN (1) [ RunTime:0.000107s ]
[ sql ] [ SQL ] SHOW COLUMNS FROM `wb_user_wx` [ RunTime:0.000807s ]
[ sql ] [ SQL ] SELECT * FROM `wb_user_wx` WHERE  `user_id` IN (1) [ RunTime:0.000131s ]
---------------------------------------------------------------
[2026-04-01T14:35:43+08:00] 127.0.0.1 GET www.jiwankang.com/manage/user/index.html
[运行时间：0.026684s] [吞吐率：37.48req/s] [内存消耗：4,588.41kb] [文件加载：110]
[ info ] [ LANG ] E:\wwwroot\2026\04\jiwankang\thinkphp\lang\zh-cn.php
[ info ] [ ROUTE ] array (
)
[ info ] [ HEADER ] array (
  'upgrade-insecure-requests' => '1',
  'referer' => 'http://www.jiwankang.com/manage/user/index.html',
  'cookie' => 'PHPSESSID=6ge3q9cob417ort2dkkl8j63da',
  'cache-control' => 'max-age=0',
  'accept-language' => 'zh-CN,zh;q=0.9',
  'accept-encoding' => 'gzip, deflate',
  'accept' => 'text/html,application/xhtml+xml,application/xml;q=0.9,image/avif,image/webp,image/apng,*/*;q=0.8,application/signed-exchange;v=b3;q=0.7',
  'user-agent' => 'Mozilla/5.0 (Windows NT 10.0; Win64; x64) AppleWebKit/537.36 (KHTML, like Gecko) Chrome/146.0.0.0 Safari/537.36',
  'host' => 'www.jiwankang.com',
  'content-length' => '',
  'content-type' => '',
)
[ info ] [ PARAM ] array (
)
[ info ] [ DB ] INIT mysql
[ info ] [ VIEW ] E:\wwwroot\2026\04\jiwankang\application\manage\view\user\index.html [ array (
  0 => 'params',
  1 => 'jshopHost',
  2 => 'shop_name',
  3 => 'grade',
) ]
[ sql ] [ DB ] CONNECT:[ UseTime:0.000600s ] mysql:host=127.0.0.1;port=3306;dbname=jiwankang;charset=utf8mb4
[ sql ] [ SQL ] SHOW COLUMNS FROM `wb_setting` [ RunTime:0.000392s ]
[ sql ] [ SQL ] SELECT * FROM `wb_setting` WHERE  `skey` = 'shop_name' LIMIT 1 [ RunTime:0.000142s ]
[ sql ] [ SQL ] SHOW COLUMNS FROM `wb_user_grade` [ RunTime:0.000278s ]
[ sql ] [ SQL ] SELECT * FROM `wb_user_grade` [ RunTime:0.000103s ]
---------------------------------------------------------------
[2026-04-01T14:35:44+08:00] 127.0.0.1 GET www.jiwankang.com/manage/user/index.html?_ajax=1&page=1&limit=20
[运行时间：0.033362s] [吞吐率：29.97req/s] [内存消耗：4,900.30kb] [文件加载：117]
[ info ] [ LANG ] E:\wwwroot\2026\04\jiwankang\thinkphp\lang\zh-cn.php
[ info ] [ ROUTE ] array (
)
[ info ] [ HEADER ] array (
  'x-requested-with' => 'XMLHttpRequest',
  'referer' => 'http://www.jiwankang.com/manage/user/index.html',
  'cookie' => 'PHPSESSID=6ge3q9cob417ort2dkkl8j63da',
  'accept-language' => 'zh-CN,zh;q=0.9',
  'accept-encoding' => 'gzip, deflate',
  'accept' => 'application/json, text/javascript, */*; q=0.01',
  'user-agent' => 'Mozilla/5.0 (Windows NT 10.0; Win64; x64) AppleWebKit/537.36 (KHTML, like Gecko) Chrome/146.0.0.0 Safari/537.36',
  'host' => 'www.jiwankang.com',
  'content-length' => '',
  'content-type' => '',
)
[ info ] [ PARAM ] array (
  '_ajax' => '1',
  'page' => '1',
  'limit' => '20',
)
[ info ] [ DB ] INIT mysql
[ sql ] [ DB ] CONNECT:[ UseTime:0.000634s ] mysql:host=127.0.0.1;port=3306;dbname=jiwankang;charset=utf8mb4
[ sql ] [ SQL ] SHOW COLUMNS FROM `wb_setting` [ RunTime:0.000446s ]
[ sql ] [ SQL ] SELECT * FROM `wb_setting` WHERE  `skey` = 'shop_name' LIMIT 1 [ RunTime:0.000146s ]
[ sql ] [ SQL ] SHOW COLUMNS FROM `wb_user` [ RunTime:0.000469s ]
[ sql ] [ SQL ] SELECT COUNT(*) AS tp_count FROM `wb_user` WHERE `wb_user`.`isdel` IS NULL LIMIT 1 [ RunTime:0.000181s ]
[ sql ] [ SQL ] SELECT * FROM `wb_user` WHERE `wb_user`.`isdel` IS NULL ORDER BY `id` DESC LIMIT 0,20 [ RunTime:0.000173s ]
[ sql ] [ SQL ] SHOW COLUMNS FROM `wb_user_grade` [ RunTime:0.000342s ]
[ sql ] [ SQL ] SELECT * FROM `wb_user_grade` WHERE  `id` IN (1) [ RunTime:0.000137s ]
[ sql ] [ SQL ] SHOW COLUMNS FROM `wb_user_wx` [ RunTime:0.000299s ]
[ sql ] [ SQL ] SELECT * FROM `wb_user_wx` WHERE  `user_id` IN (1) [ RunTime:0.000120s ]
---------------------------------------------------------------
[2026-04-01T14:37:06+08:00] 127.0.0.1 GET www.jiwankang.com/manage/user/grade.html
[运行时间：0.030593s] [吞吐率：32.69req/s] [内存消耗：4,729.70kb] [文件加载：110]
[ info ] [ LANG ] E:\wwwroot\2026\04\jiwankang\thinkphp\lang\zh-cn.php
[ info ] [ ROUTE ] array (
)
[ info ] [ HEADER ] array (
  'upgrade-insecure-requests' => '1',
  'referer' => 'http://www.jiwankang.com/manage',
  'cookie' => 'PHPSESSID=6ge3q9cob417ort2dkkl8j63da',
  'accept-language' => 'zh-CN,zh;q=0.9',
  'accept-encoding' => 'gzip, deflate',
  'accept' => 'text/html,application/xhtml+xml,application/xml;q=0.9,image/avif,image/webp,image/apng,*/*;q=0.8,application/signed-exchange;v=b3;q=0.7',
  'user-agent' => 'Mozilla/5.0 (Windows NT 10.0; Win64; x64) AppleWebKit/537.36 (KHTML, like Gecko) Chrome/146.0.0.0 Safari/537.36',
  'host' => 'www.jiwankang.com',
  'content-length' => '',
  'content-type' => '',
)
[ info ] [ PARAM ] array (
)
[ info ] [ DB ] INIT mysql
[ info ] [ VIEW ] E:\wwwroot\2026\04\jiwankang\application\manage\view\user\grade_index.html [ array (
  0 => 'params',
  1 => 'jshopHost',
  2 => 'shop_name',
) ]
[ sql ] [ DB ] CONNECT:[ UseTime:0.000630s ] mysql:host=127.0.0.1;port=3306;dbname=jiwankang;charset=utf8mb4
[ sql ] [ SQL ] SHOW COLUMNS FROM `wb_setting` [ RunTime:0.000410s ]
[ sql ] [ SQL ] SELECT * FROM `wb_setting` WHERE  `skey` = 'shop_name' LIMIT 1 [ RunTime:0.000145s ]
---------------------------------------------------------------
[2026-04-01T14:37:06+08:00] 127.0.0.1 GET www.jiwankang.com/manage/user/grade.html
[运行时间：0.034574s] [吞吐率：28.92req/s] [内存消耗：4,402.68kb] [文件加载：107]
[ info ] [ LANG ] E:\wwwroot\2026\04\jiwankang\thinkphp\lang\zh-cn.php
[ info ] [ ROUTE ] array (
)
[ info ] [ HEADER ] array (
  'upgrade-insecure-requests' => '1',
  'referer' => 'http://www.jiwankang.com/manage',
  'cookie' => 'PHPSESSID=6ge3q9cob417ort2dkkl8j63da',
  'accept-language' => 'zh-CN,zh;q=0.9',
  'accept-encoding' => 'gzip, deflate',
  'accept' => 'text/html,application/xhtml+xml,application/xml;q=0.9,image/avif,image/webp,image/apng,*/*;q=0.8,application/signed-exchange;v=b3;q=0.7',
  'user-agent' => 'Mozilla/5.0 (Windows NT 10.0; Win64; x64) AppleWebKit/537.36 (KHTML, like Gecko) Chrome/146.0.0.0 Safari/537.36',
  'host' => 'www.jiwankang.com',
  'content-length' => '',
  'content-type' => '',
)
[ info ] [ PARAM ] array (
)
[ info ] [ DB ] INIT mysql
[ info ] [ VIEW ] E:\wwwroot\2026\04\jiwankang\application\manage\view\user\grade_index.html [ array (
  0 => 'params',
  1 => 'jshopHost',
  2 => 'shop_name',
) ]
[ sql ] [ DB ] CONNECT:[ UseTime:0.000737s ] mysql:host=127.0.0.1;port=3306;dbname=jiwankang;charset=utf8mb4
[ sql ] [ SQL ] SHOW COLUMNS FROM `wb_setting` [ RunTime:0.000435s ]
[ sql ] [ SQL ] SELECT * FROM `wb_setting` WHERE  `skey` = 'shop_name' LIMIT 1 [ RunTime:0.000152s ]
---------------------------------------------------------------
[2026-04-01T14:37:06+08:00] 127.0.0.1 GET www.jiwankang.com/manage/user/grade.html?_ajax=1&page=1&limit=20
[运行时间：0.029692s] [吞吐率：33.68req/s] [内存消耗：4,535.55kb] [文件加载：110]
[ info ] [ LANG ] E:\wwwroot\2026\04\jiwankang\thinkphp\lang\zh-cn.php
[ info ] [ ROUTE ] array (
)
[ info ] [ HEADER ] array (
  'x-requested-with' => 'XMLHttpRequest',
  'referer' => 'http://www.jiwankang.com/manage/user/grade.html',
  'cookie' => 'PHPSESSID=6ge3q9cob417ort2dkkl8j63da',
  'accept-language' => 'zh-CN,zh;q=0.9',
  'accept-encoding' => 'gzip, deflate',
  'accept' => 'application/json, text/javascript, */*; q=0.01',
  'user-agent' => 'Mozilla/5.0 (Windows NT 10.0; Win64; x64) AppleWebKit/537.36 (KHTML, like Gecko) Chrome/146.0.0.0 Safari/537.36',
  'host' => 'www.jiwankang.com',
  'content-length' => '',
  'content-type' => '',
)
[ info ] [ PARAM ] array (
  '_ajax' => '1',
  'page' => '1',
  'limit' => '20',
)
[ info ] [ DB ] INIT mysql
[ sql ] [ DB ] CONNECT:[ UseTime:0.000853s ] mysql:host=127.0.0.1;port=3306;dbname=jiwankang;charset=utf8mb4
[ sql ] [ SQL ] SHOW COLUMNS FROM `wb_setting` [ RunTime:0.000704s ]
[ sql ] [ SQL ] SELECT * FROM `wb_setting` WHERE  `skey` = 'shop_name' LIMIT 1 [ RunTime:0.000266s ]
[ sql ] [ SQL ] SHOW COLUMNS FROM `wb_user_grade` [ RunTime:0.000337s ]
[ sql ] [ SQL ] SELECT COUNT(*) AS tp_count FROM `wb_user_grade` LIMIT 1 [ RunTime:0.000549s ]
[ sql ] [ SQL ] SELECT * FROM `wb_user_grade` ORDER BY `id` ASC LIMIT 0,20 [ RunTime:0.000105s ]
---------------------------------------------------------------
[2026-04-01T14:39:37+08:00] 127.0.0.1 GET www.jiwankang.com/manage/user/index.html
[运行时间：0.028512s] [吞吐率：35.07req/s] [内存消耗：4,588.41kb] [文件加载：110]
[ info ] [ LANG ] E:\wwwroot\2026\04\jiwankang\thinkphp\lang\zh-cn.php
[ info ] [ ROUTE ] array (
)
[ info ] [ HEADER ] array (
  'upgrade-insecure-requests' => '1',
  'referer' => 'http://www.jiwankang.com/manage/user/index.html',
  'cookie' => 'PHPSESSID=6ge3q9cob417ort2dkkl8j63da',
  'cache-control' => 'max-age=0',
  'accept-language' => 'zh-CN,zh;q=0.9',
  'accept-encoding' => 'gzip, deflate',
  'accept' => 'text/html,application/xhtml+xml,application/xml;q=0.9,image/avif,image/webp,image/apng,*/*;q=0.8,application/signed-exchange;v=b3;q=0.7',
  'user-agent' => 'Mozilla/5.0 (Windows NT 10.0; Win64; x64) AppleWebKit/537.36 (KHTML, like Gecko) Chrome/146.0.0.0 Safari/537.36',
  'host' => 'www.jiwankang.com',
  'content-length' => '',
  'content-type' => '',
)
[ info ] [ PARAM ] array (
)
[ info ] [ DB ] INIT mysql
[ info ] [ VIEW ] E:\wwwroot\2026\04\jiwankang\application\manage\view\user\index.html [ array (
  0 => 'params',
  1 => 'jshopHost',
  2 => 'shop_name',
  3 => 'grade',
) ]
[ sql ] [ DB ] CONNECT:[ UseTime:0.000715s ] mysql:host=127.0.0.1;port=3306;dbname=jiwankang;charset=utf8mb4
[ sql ] [ SQL ] SHOW COLUMNS FROM `wb_setting` [ RunTime:0.000483s ]
[ sql ] [ SQL ] SELECT * FROM `wb_setting` WHERE  `skey` = 'shop_name' LIMIT 1 [ RunTime:0.000312s ]
[ sql ] [ SQL ] SHOW COLUMNS FROM `wb_user_grade` [ RunTime:0.000438s ]
[ sql ] [ SQL ] SELECT * FROM `wb_user_grade` [ RunTime:0.000172s ]
---------------------------------------------------------------
[2026-04-01T14:39:37+08:00] 127.0.0.1 GET www.jiwankang.com/manage/user/index.html?_ajax=1&page=1&limit=20
[运行时间：0.038355s] [吞吐率：26.07req/s] [内存消耗：4,900.30kb] [文件加载：117]
[ info ] [ LANG ] E:\wwwroot\2026\04\jiwankang\thinkphp\lang\zh-cn.php
[ info ] [ ROUTE ] array (
)
[ info ] [ HEADER ] array (
  'x-requested-with' => 'XMLHttpRequest',
  'referer' => 'http://www.jiwankang.com/manage/user/index.html',
  'cookie' => 'PHPSESSID=6ge3q9cob417ort2dkkl8j63da',
  'accept-language' => 'zh-CN,zh;q=0.9',
  'accept-encoding' => 'gzip, deflate',
  'accept' => 'application/json, text/javascript, */*; q=0.01',
  'user-agent' => 'Mozilla/5.0 (Windows NT 10.0; Win64; x64) AppleWebKit/537.36 (KHTML, like Gecko) Chrome/146.0.0.0 Safari/537.36',
  'host' => 'www.jiwankang.com',
  'content-length' => '',
  'content-type' => '',
)
[ info ] [ PARAM ] array (
  '_ajax' => '1',
  'page' => '1',
  'limit' => '20',
)
[ info ] [ DB ] INIT mysql
[ sql ] [ DB ] CONNECT:[ UseTime:0.000970s ] mysql:host=127.0.0.1;port=3306;dbname=jiwankang;charset=utf8mb4
[ sql ] [ SQL ] SHOW COLUMNS FROM `wb_setting` [ RunTime:0.000820s ]
[ sql ] [ SQL ] SELECT * FROM `wb_setting` WHERE  `skey` = 'shop_name' LIMIT 1 [ RunTime:0.000328s ]
[ sql ] [ SQL ] SHOW COLUMNS FROM `wb_user` [ RunTime:0.000500s ]
[ sql ] [ SQL ] SELECT COUNT(*) AS tp_count FROM `wb_user` WHERE `wb_user`.`isdel` IS NULL LIMIT 1 [ RunTime:0.000197s ]
[ sql ] [ SQL ] SELECT * FROM `wb_user` WHERE `wb_user`.`isdel` IS NULL ORDER BY `id` DESC LIMIT 0,20 [ RunTime:0.000190s ]
[ sql ] [ SQL ] SHOW COLUMNS FROM `wb_user_grade` [ RunTime:0.000301s ]
[ sql ] [ SQL ] SELECT * FROM `wb_user_grade` WHERE  `id` IN (2) [ RunTime:0.000115s ]
[ sql ] [ SQL ] SHOW COLUMNS FROM `wb_user_wx` [ RunTime:0.000285s ]
[ sql ] [ SQL ] SELECT * FROM `wb_user_wx` WHERE  `user_id` IN (1) [ RunTime:0.000112s ]
---------------------------------------------------------------
[2026-04-01T14:39:57+08:00] 127.0.0.1 GET www.jiwankang.com/manage
[运行时间：0.029723s] [吞吐率：33.64req/s] [内存消耗：4,603.95kb] [文件加载：110]
[ info ] [ LANG ] E:\wwwroot\2026\04\jiwankang\thinkphp\lang\zh-cn.php
[ info ] [ ROUTE ] array (
)
[ info ] [ HEADER ] array (
  'upgrade-insecure-requests' => '1',
  'referer' => 'http://www.jiwankang.com/manage/common/login.html',
  'cookie' => 'PHPSESSID=6ge3q9cob417ort2dkkl8j63da',
  'cache-control' => 'max-age=0',
  'accept-language' => 'zh-CN,zh;q=0.9',
  'accept-encoding' => 'gzip, deflate',
  'accept' => 'text/html,application/xhtml+xml,application/xml;q=0.9,image/avif,image/webp,image/apng,*/*;q=0.8,application/signed-exchange;v=b3;q=0.7',
  'user-agent' => 'Mozilla/5.0 (Windows NT 10.0; Win64; x64) AppleWebKit/537.36 (KHTML, like Gecko) Chrome/146.0.0.0 Safari/537.36',
  'host' => 'www.jiwankang.com',
  'content-length' => '',
  'content-type' => '',
)
[ info ] [ PARAM ] array (
)
[ info ] [ DB ] INIT mysql
[ info ] [ VIEW ] E:\wwwroot\2026\04\jiwankang\application\manage\view\index\index.html [ array (
  0 => 'params',
  1 => 'jshopHost',
  2 => 'shop_name',
  3 => 'menu',
  4 => 'kefu',
) ]
[ sql ] [ DB ] CONNECT:[ UseTime:0.000684s ] mysql:host=127.0.0.1;port=3306;dbname=jiwankang;charset=utf8mb4
[ sql ] [ SQL ] SHOW COLUMNS FROM `wb_setting` [ RunTime:0.000389s ]
[ sql ] [ SQL ] SELECT * FROM `wb_setting` WHERE  `skey` = 'shop_name' LIMIT 1 [ RunTime:0.000147s ]
[ sql ] [ SQL ] SELECT * FROM `wb_setting` WHERE  `skey` = 'ent_id' LIMIT 1 [ RunTime:0.000292s ]
[ error ] [8]未定义数组索引: selected[E:\wwwroot\2026\04\jiwankang\runtime\temp\0ebc0da97c722c413af6448a150993b9.php:118]
[ error ] [8]未定义数组索引: selected[E:\wwwroot\2026\04\jiwankang\runtime\temp\0ebc0da97c722c413af6448a150993b9.php:118]
[ error ] [8]未定义数组索引: selected[E:\wwwroot\2026\04\jiwankang\runtime\temp\0ebc0da97c722c413af6448a150993b9.php:118]
[ error ] [8]未定义数组索引: selected[E:\wwwroot\2026\04\jiwankang\runtime\temp\0ebc0da97c722c413af6448a150993b9.php:118]
[ error ] [8]未定义数组索引: selected[E:\wwwroot\2026\04\jiwankang\runtime\temp\0ebc0da97c722c413af6448a150993b9.php:118]
[ error ] [8]未定义数组索引: selected[E:\wwwroot\2026\04\jiwankang\runtime\temp\0ebc0da97c722c413af6448a150993b9.php:118]
[ error ] [8]未定义数组索引: selected[E:\wwwroot\2026\04\jiwankang\runtime\temp\0ebc0da97c722c413af6448a150993b9.php:118]
[ error ] [8]未定义数组索引: selected[E:\wwwroot\2026\04\jiwankang\runtime\temp\0ebc0da97c722c413af6448a150993b9.php:118]
[ error ] [8]未定义数组索引: selected[E:\wwwroot\2026\04\jiwankang\runtime\temp\0ebc0da97c722c413af6448a150993b9.php:118]
[ error ] [8]未定义数组索引: selected[E:\wwwroot\2026\04\jiwankang\runtime\temp\0ebc0da97c722c413af6448a150993b9.php:118]
[ error ] [8]未定义数组索引: selected[E:\wwwroot\2026\04\jiwankang\runtime\temp\0ebc0da97c722c413af6448a150993b9.php:118]
[ error ] [8]未定义数组索引: selected[E:\wwwroot\2026\04\jiwankang\runtime\temp\0ebc0da97c722c413af6448a150993b9.php:118]
[ error ] [8]未定义数组索引: selected[E:\wwwroot\2026\04\jiwankang\runtime\temp\0ebc0da97c722c413af6448a150993b9.php:118]
[ error ] [8]未定义数组索引: selected[E:\wwwroot\2026\04\jiwankang\runtime\temp\0ebc0da97c722c413af6448a150993b9.php:118]
[ error ] [8]未定义数组索引: selected[E:\wwwroot\2026\04\jiwankang\runtime\temp\0ebc0da97c722c413af6448a150993b9.php:118]
[ error ] [8]未定义数组索引: selected[E:\wwwroot\2026\04\jiwankang\runtime\temp\0ebc0da97c722c413af6448a150993b9.php:118]
[ error ] [8]未定义数组索引: selected[E:\wwwroot\2026\04\jiwankang\runtime\temp\0ebc0da97c722c413af6448a150993b9.php:118]
[ error ] [8]未定义数组索引: selected[E:\wwwroot\2026\04\jiwankang\runtime\temp\0ebc0da97c722c413af6448a150993b9.php:118]
[ error ] [8]未定义数组索引: selected[E:\wwwroot\2026\04\jiwankang\runtime\temp\0ebc0da97c722c413af6448a150993b9.php:118]
[ error ] [8]未定义数组索引: selected[E:\wwwroot\2026\04\jiwankang\runtime\temp\0ebc0da97c722c413af6448a150993b9.php:118]
---------------------------------------------------------------
[2026-04-01T14:39:57+08:00] 127.0.0.1 GET www.jiwankang.com/manage/index/welcome.html
[运行时间：0.042024s] [吞吐率：23.80req/s] [内存消耗：5,491.36kb] [文件加载：115]
[ info ] [ LANG ] E:\wwwroot\2026\04\jiwankang\thinkphp\lang\zh-cn.php
[ info ] [ ROUTE ] array (
)
[ info ] [ HEADER ] array (
  'upgrade-insecure-requests' => '1',
  'referer' => 'http://www.jiwankang.com/manage',
  'cookie' => 'PHPSESSID=6ge3q9cob417ort2dkkl8j63da',
  'accept-language' => 'zh-CN,zh;q=0.9',
  'accept-encoding' => 'gzip, deflate',
  'accept' => 'text/html,application/xhtml+xml,application/xml;q=0.9,image/avif,image/webp,image/apng,*/*;q=0.8,application/signed-exchange;v=b3;q=0.7',
  'user-agent' => 'Mozilla/5.0 (Windows NT 10.0; Win64; x64) AppleWebKit/537.36 (KHTML, like Gecko) Chrome/146.0.0.0 Safari/537.36',
  'host' => 'www.jiwankang.com',
  'content-length' => '',
  'content-type' => '',
)
[ info ] [ PARAM ] array (
)
[ info ] [ DB ] INIT mysql
[ info ] [ VIEW ] E:\wwwroot\2026\04\jiwankang\application\manage\view\index\welcome.html [ array (
  0 => 'params',
  1 => 'jshopHost',
  2 => 'shop_name',
  3 => 'unpaid_count',
  4 => 'unship_count',
  5 => 'after_sales_count',
  6 => 'goods_statics',
  7 => 'zijinchi',
  8 => 'todayTyOrder',
  9 => 'allTyOrder',
  10 => 'daibutie',
  11 => 'yibutie',
) ]
[ sql ] [ DB ] CONNECT:[ UseTime:0.000658s ] mysql:host=127.0.0.1;port=3306;dbname=jiwankang;charset=utf8mb4
[ sql ] [ SQL ] SHOW COLUMNS FROM `wb_setting` [ RunTime:0.000452s ]
[ sql ] [ SQL ] SELECT * FROM `wb_setting` WHERE  `skey` = 'shop_name' LIMIT 1 [ RunTime:0.000175s ]
[ sql ] [ SQL ] SHOW COLUMNS FROM `wb_order` [ RunTime:0.001041s ]
[ sql ] [ SQL ] SELECT COUNT(*) AS tp_count FROM `wb_order` WHERE (  `status` = 1  AND `pay_status` = 1  AND `ship_status` = 1 ) AND `wb_order`.`isdel` IS NULL LIMIT 1 [ RunTime:0.000166s ]
[ sql ] [ SQL ] SELECT COUNT(*) AS tp_count FROM `wb_order` WHERE (  `status` = 1  AND `pay_status` = 2  AND `ship_status` IN (1,2) ) AND `wb_order`.`isdel` IS NULL LIMIT 1 [ RunTime:0.000107s ]
[ sql ] [ SQL ] SHOW COLUMNS FROM `wb_bill_aftersales` [ RunTime:0.000783s ]
[ sql ] [ SQL ] SELECT COUNT(*) AS tp_count FROM `wb_bill_aftersales` WHERE  `status` = 1 LIMIT 1 [ RunTime:0.000110s ]
[ sql ] [ SQL ] SELECT * FROM `wb_setting` WHERE  `skey` = 'shop_name' LIMIT 1 [ RunTime:0.000096s ]
[ sql ] [ SQL ] SHOW COLUMNS FROM `wb_goods` [ RunTime:0.000341s ]
[ sql ] [ SQL ] SELECT COUNT(`id`) AS tp_count FROM `wb_goods` LIMIT 1 [ RunTime:0.000098s ]
[ sql ] [ SQL ] SELECT COUNT(`id`) AS tp_count FROM `wb_goods` WHERE  `marketable` = 1 LIMIT 1 [ RunTime:0.000088s ]
[ sql ] [ SQL ] SELECT COUNT(`id`) AS tp_count FROM `wb_goods` WHERE  `marketable` = 2 LIMIT 1 [ RunTime:0.000073s ]
[ sql ] [ SQL ] SELECT * FROM `wb_setting` WHERE  `skey` = 'goods_stocks_warn' LIMIT 1 [ RunTime:0.000083s ]
[ sql ] [ SQL ] SHOW COLUMNS FROM `wb_products` [ RunTime:0.000370s ]
[ sql ] [ SQL ] SELECT COUNT(*) AS tp_count FROM ( SELECT count(id) AS think_count FROM `wb_products` WHERE  ( IF(stock < freeze_stock, 0, stock - freeze_stock)<10 ) GROUP BY `goods_id` ) `_group_count_` LIMIT 1 [ RunTime:0.000227s ]
[ sql ] [ SQL ] SHOW COLUMNS FROM `wb_money` [ RunTime:0.000423s ]
[ sql ] [ SQL ] SELECT `money` FROM `wb_money` WHERE  `type` = 1 LIMIT 1 [ RunTime:0.000118s ]
[ sql ] [ SQL ] SELECT SUM(`payed`) AS tp_sum FROM `wb_order` WHERE (  `status` < 3  AND `pay_status` = 2  AND `ctime` BETWEEN 1774972800 AND 1775059200 ) AND `wb_order`.`isdel` IS NULL LIMIT 1 [ RunTime:0.000132s ]
[ sql ] [ SQL ] SELECT SUM(`payed`) AS tp_sum FROM `wb_order` WHERE (  `status` < 3  AND `pay_status` = 2 ) AND `wb_order`.`isdel` IS NULL LIMIT 1 [ RunTime:0.000092s ]
[ sql ] [ SQL ] SHOW COLUMNS FROM `wb_user` [ RunTime:0.000417s ]
[ sql ] [ SQL ] SELECT SUM(`butie`) AS tp_sum FROM `wb_user` WHERE `wb_user`.`isdel` IS NULL LIMIT 1 [ RunTime:0.000193s ]
[ sql ] [ SQL ] SELECT SUM(`ybuite`) AS tp_sum FROM `wb_user` WHERE `wb_user`.`isdel` IS NULL LIMIT 1 [ RunTime:0.000135s ]
---------------------------------------------------------------
[2026-04-01T14:39:57+08:00] 127.0.0.1 GET www.jiwankang.com/manage/operation_log/getlastlog.html
[运行时间：0.046840s] [吞吐率：21.35req/s] [内存消耗：4,525.98kb] [文件加载：110]
[ info ] [ LANG ] E:\wwwroot\2026\04\jiwankang\thinkphp\lang\zh-cn.php
[ info ] [ ROUTE ] array (
)
[ info ] [ HEADER ] array (
  'x-requested-with' => 'XMLHttpRequest',
  'referer' => 'http://www.jiwankang.com/manage/index/welcome.html',
  'cookie' => 'PHPSESSID=6ge3q9cob417ort2dkkl8j63da',
  'accept-language' => 'zh-CN,zh;q=0.9',
  'accept-encoding' => 'gzip, deflate',
  'accept' => 'application/json, text/javascript, */*; q=0.01',
  'user-agent' => 'Mozilla/5.0 (Windows NT 10.0; Win64; x64) AppleWebKit/537.36 (KHTML, like Gecko) Chrome/146.0.0.0 Safari/537.36',
  'host' => 'www.jiwankang.com',
  'content-length' => '',
  'content-type' => '',
)
[ info ] [ PARAM ] array (
)
[ info ] [ DB ] INIT mysql
[ sql ] [ DB ] CONNECT:[ UseTime:0.010594s ] mysql:host=127.0.0.1;port=3306;dbname=jiwankang;charset=utf8mb4
[ sql ] [ SQL ] SHOW COLUMNS FROM `wb_setting` [ RunTime:0.001227s ]
[ sql ] [ SQL ] SELECT * FROM `wb_setting` WHERE  `skey` = 'shop_name' LIMIT 1 [ RunTime:0.000392s ]
[ sql ] [ SQL ] SHOW COLUMNS FROM `wb_operation_log` [ RunTime:0.000592s ]
[ sql ] [ SQL ] SELECT COUNT(*) AS tp_count FROM `wb_operation_log` LIMIT 1 [ RunTime:0.000356s ]
[ sql ] [ SQL ] SELECT * FROM `wb_operation_log` ORDER BY `id` DESC LIMIT 0,10 [ RunTime:0.000315s ]
[ sql ] [ SQL ] SHOW COLUMNS FROM `wb_manage` [ RunTime:0.001033s ]
[ sql ] [ SQL ] SELECT * FROM `wb_manage` WHERE  `id` = 13 LIMIT 1 [ RunTime:0.000159s ]
[ sql ] [ SQL ] SELECT * FROM `wb_manage` WHERE  `id` = 13 LIMIT 1 [ RunTime:0.000094s ]
[ sql ] [ SQL ] SELECT * FROM `wb_manage` WHERE  `id` = 13 LIMIT 1 [ RunTime:0.000078s ]
[ sql ] [ SQL ] SELECT * FROM `wb_manage` WHERE  `id` = 13 LIMIT 1 [ RunTime:0.000075s ]
[ sql ] [ SQL ] SELECT * FROM `wb_manage` WHERE  `id` = 13 LIMIT 1 [ RunTime:0.000075s ]
[ sql ] [ SQL ] SELECT * FROM `wb_manage` WHERE  `id` = 13 LIMIT 1 [ RunTime:0.000074s ]
[ sql ] [ SQL ] SELECT * FROM `wb_manage` WHERE  `id` = 13 LIMIT 1 [ RunTime:0.000074s ]
[ sql ] [ SQL ] SELECT * FROM `wb_manage` WHERE  `id` = 13 LIMIT 1 [ RunTime:0.000075s ]
[ sql ] [ SQL ] SELECT * FROM `wb_manage` WHERE  `id` = 13 LIMIT 1 [ RunTime:0.000077s ]
[ sql ] [ SQL ] SELECT * FROM `wb_manage` WHERE  `id` = 13 LIMIT 1 [ RunTime:0.000073s ]
---------------------------------------------------------------
[2026-04-01T14:39:57+08:00] 127.0.0.1 GET www.jiwankang.com/manage/administrator/userloglist/state/1.html
[运行时间：0.066410s] [吞吐率：15.06req/s] [内存消耗：4,570.61kb] [文件加载：110]
[ info ] [ LANG ] E:\wwwroot\2026\04\jiwankang\thinkphp\lang\zh-cn.php
[ info ] [ ROUTE ] array (
)
[ info ] [ HEADER ] array (
  'x-requested-with' => 'XMLHttpRequest',
  'referer' => 'http://www.jiwankang.com/manage/index/welcome.html',
  'cookie' => 'PHPSESSID=6ge3q9cob417ort2dkkl8j63da',
  'accept-language' => 'zh-CN,zh;q=0.9',
  'accept-encoding' => 'gzip, deflate',
  'accept' => '*/*',
  'user-agent' => 'Mozilla/5.0 (Windows NT 10.0; Win64; x64) AppleWebKit/537.36 (KHTML, like Gecko) Chrome/146.0.0.0 Safari/537.36',
  'host' => 'www.jiwankang.com',
  'content-length' => '',
  'content-type' => '',
)
[ info ] [ PARAM ] array (
  'state' => '1',
)
[ info ] [ DB ] INIT mysql
[ sql ] [ DB ] CONNECT:[ UseTime:0.001625s ] mysql:host=127.0.0.1;port=3306;dbname=jiwankang;charset=utf8mb4
[ sql ] [ SQL ] SHOW COLUMNS FROM `wb_setting` [ RunTime:0.000523s ]
[ sql ] [ SQL ] SELECT * FROM `wb_setting` WHERE  `skey` = 'shop_name' LIMIT 1 [ RunTime:0.000156s ]
[ sql ] [ SQL ] SHOW COLUMNS FROM `wb_user_log` [ RunTime:0.001024s ]
[ sql ] [ SQL ] SELECT COUNT(*) AS tp_count FROM `wb_user_log` WHERE  `state` = 1  AND `type` = 2 LIMIT 1 [ RunTime:0.000159s ]
[ sql ] [ SQL ] SELECT * FROM `wb_user_log` WHERE  `state` = 1  AND `type` = 2 ORDER BY `ctime` DESC LIMIT 0,10 [ RunTime:0.000133s ]
[ sql ] [ SQL ] SHOW COLUMNS FROM `wb_manage` [ RunTime:0.000909s ]
[ sql ] [ SQL ] SELECT `id`,`username`,`nickname`,`mobile` FROM `wb_manage` WHERE  `id` = 13 LIMIT 1 [ RunTime:0.000130s ]
[ sql ] [ SQL ] SELECT `id`,`username`,`nickname`,`mobile` FROM `wb_manage` WHERE  `id` = 13 LIMIT 1 [ RunTime:0.000087s ]
[ sql ] [ SQL ] SELECT `id`,`username`,`nickname`,`mobile` FROM `wb_manage` WHERE  `id` = 13 LIMIT 1 [ RunTime:0.000075s ]
[ sql ] [ SQL ] SELECT `id`,`username`,`nickname`,`mobile` FROM `wb_manage` WHERE  `id` = 13 LIMIT 1 [ RunTime:0.000072s ]
---------------------------------------------------------------
[2026-04-01T14:39:57+08:00] 127.0.0.1 GET www.jiwankang.com/manage/user/statistics.html
[运行时间：0.072164s] [吞吐率：13.86req/s] [内存消耗：5,023.93kb] [文件加载：111]
[ info ] [ LANG ] E:\wwwroot\2026\04\jiwankang\thinkphp\lang\zh-cn.php
[ info ] [ ROUTE ] array (
)
[ info ] [ HEADER ] array (
  'x-requested-with' => 'XMLHttpRequest',
  'referer' => 'http://www.jiwankang.com/manage/index/welcome.html',
  'cookie' => 'PHPSESSID=6ge3q9cob417ort2dkkl8j63da',
  'accept-language' => 'zh-CN,zh;q=0.9',
  'accept-encoding' => 'gzip, deflate',
  'accept' => '*/*',
  'user-agent' => 'Mozilla/5.0 (Windows NT 10.0; Win64; x64) AppleWebKit/537.36 (KHTML, like Gecko) Chrome/146.0.0.0 Safari/537.36',
  'host' => 'www.jiwankang.com',
  'content-length' => '',
  'content-type' => '',
)
[ info ] [ PARAM ] array (
)
[ info ] [ DB ] INIT mysql
[ sql ] [ DB ] CONNECT:[ UseTime:0.000937s ] mysql:host=127.0.0.1;port=3306;dbname=jiwankang;charset=utf8mb4
[ sql ] [ SQL ] SHOW COLUMNS FROM `wb_setting` [ RunTime:0.000568s ]
[ sql ] [ SQL ] SELECT * FROM `wb_setting` WHERE  `skey` = 'shop_name' LIMIT 1 [ RunTime:0.000209s ]
[ sql ] [ SQL ] SHOW COLUMNS FROM `wb_user` [ RunTime:0.000358s ]
[ sql ] [ SQL ] SELECT DATE_FORMAT(from_unixtime(ctime),"%Y-%m-%d") as day, count(*) as nums FROM `wb_user` WHERE (  `ctime` > 1774420797  AND ( TIMESTAMPDIFF(DAY,from_unixtime(ctime),now()) <7 ) ) AND `wb_user`.`isdel` IS NULL GROUP BY DATE_FORMAT(from_unixtime(ctime),"%Y-%m-%d") [ RunTime:0.000192s ]
[ sql ] [ SQL ] SHOW COLUMNS FROM `wb_order` [ RunTime:0.000477s ]
[ sql ] [ SQL ] SELECT COUNT(*) AS tp_count FROM ( SELECT count(*) AS think_count FROM `wb_order` WHERE (  `ctime` < 1775025597  AND `ctime` >= 1774972800 ) AND `wb_order`.`isdel` IS NULL GROUP BY `user_id` ) `_group_count_` LIMIT 1 [ RunTime:0.000212s ]
[ sql ] [ SQL ] SELECT COUNT(*) AS tp_count FROM ( SELECT count(*) AS think_count FROM `wb_order` WHERE (  `ctime` < 1774972799  AND `ctime` >= 1774886400 ) AND `wb_order`.`isdel` IS NULL GROUP BY `user_id` ) `_group_count_` LIMIT 1 [ RunTime:0.000131s ]
[ sql ] [ SQL ] SELECT COUNT(*) AS tp_count FROM ( SELECT count(*) AS think_count FROM `wb_order` WHERE (  `ctime` < 1774886399  AND `ctime` >= 1774800000 ) AND `wb_order`.`isdel` IS NULL GROUP BY `user_id` ) `_group_count_` LIMIT 1 [ RunTime:0.000108s ]
[ sql ] [ SQL ] SELECT COUNT(*) AS tp_count FROM ( SELECT count(*) AS think_count FROM `wb_order` WHERE (  `ctime` < 1774799999  AND `ctime` >= 1774713600 ) AND `wb_order`.`isdel` IS NULL GROUP BY `user_id` ) `_group_count_` LIMIT 1 [ RunTime:0.000100s ]
[ sql ] [ SQL ] SELECT COUNT(*) AS tp_count FROM ( SELECT count(*) AS think_count FROM `wb_order` WHERE (  `ctime` < 1774713599  AND `ctime` >= 1774627200 ) AND `wb_order`.`isdel` IS NULL GROUP BY `user_id` ) `_group_count_` LIMIT 1 [ RunTime:0.000096s ]
[ sql ] [ SQL ] SELECT COUNT(*) AS tp_count FROM ( SELECT count(*) AS think_count FROM `wb_order` WHERE (  `ctime` < 1774627199  AND `ctime` >= 1774540800 ) AND `wb_order`.`isdel` IS NULL GROUP BY `user_id` ) `_group_count_` LIMIT 1 [ RunTime:0.000093s ]
[ sql ] [ SQL ] SELECT COUNT(*) AS tp_count FROM ( SELECT count(*) AS think_count FROM `wb_order` WHERE (  `ctime` < 1774540799  AND `ctime` >= 1774454400 ) AND `wb_order`.`isdel` IS NULL GROUP BY `user_id` ) `_group_count_` LIMIT 1 [ RunTime:0.000094s ]
---------------------------------------------------------------
[2026-04-01T14:39:57+08:00] 127.0.0.1 GET www.jiwankang.com/manage/order/statistics.html
[运行时间：0.092684s] [吞吐率：10.79req/s] [内存消耗：4,694.27kb] [文件加载：110]
[ info ] [ LANG ] E:\wwwroot\2026\04\jiwankang\thinkphp\lang\zh-cn.php
[ info ] [ ROUTE ] array (
)
[ info ] [ HEADER ] array (
  'x-requested-with' => 'XMLHttpRequest',
  'referer' => 'http://www.jiwankang.com/manage/index/welcome.html',
  'cookie' => 'PHPSESSID=6ge3q9cob417ort2dkkl8j63da',
  'accept-language' => 'zh-CN,zh;q=0.9',
  'accept-encoding' => 'gzip, deflate',
  'accept' => '*/*',
  'user-agent' => 'Mozilla/5.0 (Windows NT 10.0; Win64; x64) AppleWebKit/537.36 (KHTML, like Gecko) Chrome/146.0.0.0 Safari/537.36',
  'host' => 'www.jiwankang.com',
  'content-length' => '',
  'content-type' => '',
)
[ info ] [ PARAM ] array (
)
[ info ] [ DB ] INIT mysql
[ sql ] [ DB ] CONNECT:[ UseTime:0.001076s ] mysql:host=127.0.0.1;port=3306;dbname=jiwankang;charset=utf8mb4
[ sql ] [ SQL ] SHOW COLUMNS FROM `wb_setting` [ RunTime:0.000638s ]
[ sql ] [ SQL ] SELECT * FROM `wb_setting` WHERE  `skey` = 'shop_name' LIMIT 1 [ RunTime:0.000240s ]
[ sql ] [ SQL ] SHOW COLUMNS FROM `wb_bill_payments` [ RunTime:0.000657s ]
[ sql ] [ SQL ] SELECT count(1) AS `nums`,DATE_FORMAT(FROM_UNIXTIME(ctime),"%Y-%m-%d") AS `day` FROM `wb_bill_payments` WHERE  `status` = 2  AND `type` = 1  AND ( FROM_UNIXTIME(ctime) >= 2026-03-25 ) GROUP BY DATE_FORMAT(FROM_UNIXTIME(ctime),"%Y-%m-%d") [ RunTime:0.000419s ]
[ sql ] [ SQL ] SHOW COLUMNS FROM `wb_bill_delivery` [ RunTime:0.001103s ]
[ sql ] [ SQL ] SELECT count(1) AS `nums`,DATE_FORMAT(FROM_UNIXTIME(ctime),"%Y-%m-%d") AS `day` FROM `wb_bill_delivery` WHERE  ( FROM_UNIXTIME(ctime) >= 2026-03-25 ) GROUP BY DATE_FORMAT(FROM_UNIXTIME(ctime),"%Y-%m-%d") [ RunTime:0.000383s ]
---------------------------------------------------------------
[2026-04-01T14:39:59+08:00] 127.0.0.1 GET www.jiwankang.com/manage/user/index.html
[运行时间：0.037491s] [吞吐率：26.67req/s] [内存消耗：4,887.95kb] [文件加载：113]
[ info ] [ LANG ] E:\wwwroot\2026\04\jiwankang\thinkphp\lang\zh-cn.php
[ info ] [ ROUTE ] array (
)
[ info ] [ HEADER ] array (
  'upgrade-insecure-requests' => '1',
  'referer' => 'http://www.jiwankang.com/manage',
  'cookie' => 'PHPSESSID=6ge3q9cob417ort2dkkl8j63da',
  'accept-language' => 'zh-CN,zh;q=0.9',
  'accept-encoding' => 'gzip, deflate',
  'accept' => 'text/html,application/xhtml+xml,application/xml;q=0.9,image/avif,image/webp,image/apng,*/*;q=0.8,application/signed-exchange;v=b3;q=0.7',
  'user-agent' => 'Mozilla/5.0 (Windows NT 10.0; Win64; x64) AppleWebKit/537.36 (KHTML, like Gecko) Chrome/146.0.0.0 Safari/537.36',
  'host' => 'www.jiwankang.com',
  'content-length' => '',
  'content-type' => '',
)
[ info ] [ PARAM ] array (
)
[ info ] [ DB ] INIT mysql
[ info ] [ VIEW ] E:\wwwroot\2026\04\jiwankang\application\manage\view\user\index.html [ array (
  0 => 'params',
  1 => 'jshopHost',
  2 => 'shop_name',
  3 => 'grade',
) ]
[ sql ] [ DB ] CONNECT:[ UseTime:0.000712s ] mysql:host=127.0.0.1;port=3306;dbname=jiwankang;charset=utf8mb4
[ sql ] [ SQL ] SHOW COLUMNS FROM `wb_setting` [ RunTime:0.000411s ]
[ sql ] [ SQL ] SELECT * FROM `wb_setting` WHERE  `skey` = 'shop_name' LIMIT 1 [ RunTime:0.000146s ]
[ sql ] [ SQL ] SHOW COLUMNS FROM `wb_user_grade` [ RunTime:0.000566s ]
[ sql ] [ SQL ] SELECT * FROM `wb_user_grade` [ RunTime:0.000211s ]
---------------------------------------------------------------
[2026-04-01T14:39:59+08:00] 127.0.0.1 GET www.jiwankang.com/manage/user/index.html?_ajax=1&page=1&limit=20
[运行时间：0.036071s] [吞吐率：27.72req/s] [内存消耗：4,900.30kb] [文件加载：117]
[ info ] [ LANG ] E:\wwwroot\2026\04\jiwankang\thinkphp\lang\zh-cn.php
[ info ] [ ROUTE ] array (
)
[ info ] [ HEADER ] array (
  'x-requested-with' => 'XMLHttpRequest',
  'referer' => 'http://www.jiwankang.com/manage/user/index.html',
  'cookie' => 'PHPSESSID=6ge3q9cob417ort2dkkl8j63da',
  'accept-language' => 'zh-CN,zh;q=0.9',
  'accept-encoding' => 'gzip, deflate',
  'accept' => 'application/json, text/javascript, */*; q=0.01',
  'user-agent' => 'Mozilla/5.0 (Windows NT 10.0; Win64; x64) AppleWebKit/537.36 (KHTML, like Gecko) Chrome/146.0.0.0 Safari/537.36',
  'host' => 'www.jiwankang.com',
  'content-length' => '',
  'content-type' => '',
)
[ info ] [ PARAM ] array (
  '_ajax' => '1',
  'page' => '1',
  'limit' => '20',
)
[ info ] [ DB ] INIT mysql
[ sql ] [ DB ] CONNECT:[ UseTime:0.000741s ] mysql:host=127.0.0.1;port=3306;dbname=jiwankang;charset=utf8mb4
[ sql ] [ SQL ] SHOW COLUMNS FROM `wb_setting` [ RunTime:0.000494s ]
[ sql ] [ SQL ] SELECT * FROM `wb_setting` WHERE  `skey` = 'shop_name' LIMIT 1 [ RunTime:0.000233s ]
[ sql ] [ SQL ] SHOW COLUMNS FROM `wb_user` [ RunTime:0.000441s ]
[ sql ] [ SQL ] SELECT COUNT(*) AS tp_count FROM `wb_user` WHERE `wb_user`.`isdel` IS NULL LIMIT 1 [ RunTime:0.000125s ]
[ sql ] [ SQL ] SELECT * FROM `wb_user` WHERE `wb_user`.`isdel` IS NULL ORDER BY `id` DESC LIMIT 0,20 [ RunTime:0.000123s ]
[ sql ] [ SQL ] SHOW COLUMNS FROM `wb_user_grade` [ RunTime:0.000257s ]
[ sql ] [ SQL ] SELECT * FROM `wb_user_grade` WHERE  `id` IN (2) [ RunTime:0.000106s ]
[ sql ] [ SQL ] SHOW COLUMNS FROM `wb_user_wx` [ RunTime:0.000286s ]
[ sql ] [ SQL ] SELECT * FROM `wb_user_wx` WHERE  `user_id` IN (1) [ RunTime:0.000112s ]
---------------------------------------------------------------
[2026-04-01T14:40:06+08:00] 127.0.0.1 GET www.jiwankang.com/manage
[运行时间：0.028632s] [吞吐率：34.93req/s] [内存消耗：4,603.95kb] [文件加载：110]
[ info ] [ LANG ] E:\wwwroot\2026\04\jiwankang\thinkphp\lang\zh-cn.php
[ info ] [ ROUTE ] array (
)
[ info ] [ HEADER ] array (
  'upgrade-insecure-requests' => '1',
  'referer' => 'http://www.jiwankang.com/manage/common/login.html',
  'cookie' => 'PHPSESSID=6ge3q9cob417ort2dkkl8j63da',
  'cache-control' => 'max-age=0',
  'accept-language' => 'zh-CN,zh;q=0.9',
  'accept-encoding' => 'gzip, deflate',
  'accept' => 'text/html,application/xhtml+xml,application/xml;q=0.9,image/avif,image/webp,image/apng,*/*;q=0.8,application/signed-exchange;v=b3;q=0.7',
  'user-agent' => 'Mozilla/5.0 (Windows NT 10.0; Win64; x64) AppleWebKit/537.36 (KHTML, like Gecko) Chrome/146.0.0.0 Safari/537.36',
  'host' => 'www.jiwankang.com',
  'content-length' => '',
  'content-type' => '',
)
[ info ] [ PARAM ] array (
)
[ info ] [ DB ] INIT mysql
[ info ] [ VIEW ] E:\wwwroot\2026\04\jiwankang\application\manage\view\index\index.html [ array (
  0 => 'params',
  1 => 'jshopHost',
  2 => 'shop_name',
  3 => 'menu',
  4 => 'kefu',
) ]
[ sql ] [ DB ] CONNECT:[ UseTime:0.000634s ] mysql:host=127.0.0.1;port=3306;dbname=jiwankang;charset=utf8mb4
[ sql ] [ SQL ] SHOW COLUMNS FROM `wb_setting` [ RunTime:0.000392s ]
[ sql ] [ SQL ] SELECT * FROM `wb_setting` WHERE  `skey` = 'shop_name' LIMIT 1 [ RunTime:0.000144s ]
[ sql ] [ SQL ] SELECT * FROM `wb_setting` WHERE  `skey` = 'ent_id' LIMIT 1 [ RunTime:0.000106s ]
[ error ] [8]未定义数组索引: selected[E:\wwwroot\2026\04\jiwankang\runtime\temp\0ebc0da97c722c413af6448a150993b9.php:118]
[ error ] [8]未定义数组索引: selected[E:\wwwroot\2026\04\jiwankang\runtime\temp\0ebc0da97c722c413af6448a150993b9.php:118]
[ error ] [8]未定义数组索引: selected[E:\wwwroot\2026\04\jiwankang\runtime\temp\0ebc0da97c722c413af6448a150993b9.php:118]
[ error ] [8]未定义数组索引: selected[E:\wwwroot\2026\04\jiwankang\runtime\temp\0ebc0da97c722c413af6448a150993b9.php:118]
[ error ] [8]未定义数组索引: selected[E:\wwwroot\2026\04\jiwankang\runtime\temp\0ebc0da97c722c413af6448a150993b9.php:118]
[ error ] [8]未定义数组索引: selected[E:\wwwroot\2026\04\jiwankang\runtime\temp\0ebc0da97c722c413af6448a150993b9.php:118]
[ error ] [8]未定义数组索引: selected[E:\wwwroot\2026\04\jiwankang\runtime\temp\0ebc0da97c722c413af6448a150993b9.php:118]
[ error ] [8]未定义数组索引: selected[E:\wwwroot\2026\04\jiwankang\runtime\temp\0ebc0da97c722c413af6448a150993b9.php:118]
[ error ] [8]未定义数组索引: selected[E:\wwwroot\2026\04\jiwankang\runtime\temp\0ebc0da97c722c413af6448a150993b9.php:118]
[ error ] [8]未定义数组索引: selected[E:\wwwroot\2026\04\jiwankang\runtime\temp\0ebc0da97c722c413af6448a150993b9.php:118]
[ error ] [8]未定义数组索引: selected[E:\wwwroot\2026\04\jiwankang\runtime\temp\0ebc0da97c722c413af6448a150993b9.php:118]
[ error ] [8]未定义数组索引: selected[E:\wwwroot\2026\04\jiwankang\runtime\temp\0ebc0da97c722c413af6448a150993b9.php:118]
[ error ] [8]未定义数组索引: selected[E:\wwwroot\2026\04\jiwankang\runtime\temp\0ebc0da97c722c413af6448a150993b9.php:118]
[ error ] [8]未定义数组索引: selected[E:\wwwroot\2026\04\jiwankang\runtime\temp\0ebc0da97c722c413af6448a150993b9.php:118]
[ error ] [8]未定义数组索引: selected[E:\wwwroot\2026\04\jiwankang\runtime\temp\0ebc0da97c722c413af6448a150993b9.php:118]
[ error ] [8]未定义数组索引: selected[E:\wwwroot\2026\04\jiwankang\runtime\temp\0ebc0da97c722c413af6448a150993b9.php:118]
[ error ] [8]未定义数组索引: selected[E:\wwwroot\2026\04\jiwankang\runtime\temp\0ebc0da97c722c413af6448a150993b9.php:118]
[ error ] [8]未定义数组索引: selected[E:\wwwroot\2026\04\jiwankang\runtime\temp\0ebc0da97c722c413af6448a150993b9.php:118]
[ error ] [8]未定义数组索引: selected[E:\wwwroot\2026\04\jiwankang\runtime\temp\0ebc0da97c722c413af6448a150993b9.php:118]
[ error ] [8]未定义数组索引: selected[E:\wwwroot\2026\04\jiwankang\runtime\temp\0ebc0da97c722c413af6448a150993b9.php:118]
---------------------------------------------------------------
[2026-04-01T14:40:06+08:00] 127.0.0.1 GET www.jiwankang.com/manage/index/welcome.html
[运行时间：0.042713s] [吞吐率：23.41req/s] [内存消耗：5,491.36kb] [文件加载：115]
[ info ] [ LANG ] E:\wwwroot\2026\04\jiwankang\thinkphp\lang\zh-cn.php
[ info ] [ ROUTE ] array (
)
[ info ] [ HEADER ] array (
  'upgrade-insecure-requests' => '1',
  'referer' => 'http://www.jiwankang.com/manage',
  'cookie' => 'PHPSESSID=6ge3q9cob417ort2dkkl8j63da',
  'accept-language' => 'zh-CN,zh;q=0.9',
  'accept-encoding' => 'gzip, deflate',
  'accept' => 'text/html,application/xhtml+xml,application/xml;q=0.9,image/avif,image/webp,image/apng,*/*;q=0.8,application/signed-exchange;v=b3;q=0.7',
  'user-agent' => 'Mozilla/5.0 (Windows NT 10.0; Win64; x64) AppleWebKit/537.36 (KHTML, like Gecko) Chrome/146.0.0.0 Safari/537.36',
  'host' => 'www.jiwankang.com',
  'content-length' => '',
  'content-type' => '',
)
[ info ] [ PARAM ] array (
)
[ info ] [ DB ] INIT mysql
[ info ] [ VIEW ] E:\wwwroot\2026\04\jiwankang\application\manage\view\index\welcome.html [ array (
  0 => 'params',
  1 => 'jshopHost',
  2 => 'shop_name',
  3 => 'unpaid_count',
  4 => 'unship_count',
  5 => 'after_sales_count',
  6 => 'goods_statics',
  7 => 'zijinchi',
  8 => 'todayTyOrder',
  9 => 'allTyOrder',
  10 => 'daibutie',
  11 => 'yibutie',
) ]
[ sql ] [ DB ] CONNECT:[ UseTime:0.000619s ] mysql:host=127.0.0.1;port=3306;dbname=jiwankang;charset=utf8mb4
[ sql ] [ SQL ] SHOW COLUMNS FROM `wb_setting` [ RunTime:0.000385s ]
[ sql ] [ SQL ] SELECT * FROM `wb_setting` WHERE  `skey` = 'shop_name' LIMIT 1 [ RunTime:0.000191s ]
[ sql ] [ SQL ] SHOW COLUMNS FROM `wb_order` [ RunTime:0.000674s ]
[ sql ] [ SQL ] SELECT COUNT(*) AS tp_count FROM `wb_order` WHERE (  `status` = 1  AND `pay_status` = 1  AND `ship_status` = 1 ) AND `wb_order`.`isdel` IS NULL LIMIT 1 [ RunTime:0.000172s ]
[ sql ] [ SQL ] SELECT COUNT(*) AS tp_count FROM `wb_order` WHERE (  `status` = 1  AND `pay_status` = 2  AND `ship_status` IN (1,2) ) AND `wb_order`.`isdel` IS NULL LIMIT 1 [ RunTime:0.000107s ]
[ sql ] [ SQL ] SHOW COLUMNS FROM `wb_bill_aftersales` [ RunTime:0.000877s ]
[ sql ] [ SQL ] SELECT COUNT(*) AS tp_count FROM `wb_bill_aftersales` WHERE  `status` = 1 LIMIT 1 [ RunTime:0.000177s ]
[ sql ] [ SQL ] SELECT * FROM `wb_setting` WHERE  `skey` = 'shop_name' LIMIT 1 [ RunTime:0.000116s ]
[ sql ] [ SQL ] SHOW COLUMNS FROM `wb_goods` [ RunTime:0.000377s ]
[ sql ] [ SQL ] SELECT COUNT(`id`) AS tp_count FROM `wb_goods` LIMIT 1 [ RunTime:0.000097s ]
[ sql ] [ SQL ] SELECT COUNT(`id`) AS tp_count FROM `wb_goods` WHERE  `marketable` = 1 LIMIT 1 [ RunTime:0.000087s ]
[ sql ] [ SQL ] SELECT COUNT(`id`) AS tp_count FROM `wb_goods` WHERE  `marketable` = 2 LIMIT 1 [ RunTime:0.000072s ]
[ sql ] [ SQL ] SELECT * FROM `wb_setting` WHERE  `skey` = 'goods_stocks_warn' LIMIT 1 [ RunTime:0.000083s ]
[ sql ] [ SQL ] SHOW COLUMNS FROM `wb_products` [ RunTime:0.000509s ]
[ sql ] [ SQL ] SELECT COUNT(*) AS tp_count FROM ( SELECT count(id) AS think_count FROM `wb_products` WHERE  ( IF(stock < freeze_stock, 0, stock - freeze_stock)<10 ) GROUP BY `goods_id` ) `_group_count_` LIMIT 1 [ RunTime:0.000359s ]
[ sql ] [ SQL ] SHOW COLUMNS FROM `wb_money` [ RunTime:0.000829s ]
[ sql ] [ SQL ] SELECT `money` FROM `wb_money` WHERE  `type` = 1 LIMIT 1 [ RunTime:0.000184s ]
[ sql ] [ SQL ] SELECT SUM(`payed`) AS tp_sum FROM `wb_order` WHERE (  `status` < 3  AND `pay_status` = 2  AND `ctime` BETWEEN 1774972800 AND 1775059200 ) AND `wb_order`.`isdel` IS NULL LIMIT 1 [ RunTime:0.000177s ]
[ sql ] [ SQL ] SELECT SUM(`payed`) AS tp_sum FROM `wb_order` WHERE (  `status` < 3  AND `pay_status` = 2 ) AND `wb_order`.`isdel` IS NULL LIMIT 1 [ RunTime:0.000145s ]
[ sql ] [ SQL ] SHOW COLUMNS FROM `wb_user` [ RunTime:0.000918s ]
[ sql ] [ SQL ] SELECT SUM(`butie`) AS tp_sum FROM `wb_user` WHERE `wb_user`.`isdel` IS NULL LIMIT 1 [ RunTime:0.000115s ]
[ sql ] [ SQL ] SELECT SUM(`ybuite`) AS tp_sum FROM `wb_user` WHERE `wb_user`.`isdel` IS NULL LIMIT 1 [ RunTime:0.000079s ]
---------------------------------------------------------------
[2026-04-01T14:40:06+08:00] 127.0.0.1 GET www.jiwankang.com/manage/order/statistics.html
[运行时间：0.038078s] [吞吐率：26.26req/s] [内存消耗：4,694.27kb] [文件加载：110]
[ info ] [ LANG ] E:\wwwroot\2026\04\jiwankang\thinkphp\lang\zh-cn.php
[ info ] [ ROUTE ] array (
)
[ info ] [ HEADER ] array (
  'x-requested-with' => 'XMLHttpRequest',
  'referer' => 'http://www.jiwankang.com/manage/index/welcome.html',
  'cookie' => 'PHPSESSID=6ge3q9cob417ort2dkkl8j63da',
  'accept-language' => 'zh-CN,zh;q=0.9',
  'accept-encoding' => 'gzip, deflate',
  'accept' => '*/*',
  'user-agent' => 'Mozilla/5.0 (Windows NT 10.0; Win64; x64) AppleWebKit/537.36 (KHTML, like Gecko) Chrome/146.0.0.0 Safari/537.36',
  'host' => 'www.jiwankang.com',
  'content-length' => '',
  'content-type' => '',
)
[ info ] [ PARAM ] array (
)
[ info ] [ DB ] INIT mysql
[ sql ] [ DB ] CONNECT:[ UseTime:0.000753s ] mysql:host=127.0.0.1;port=3306;dbname=jiwankang;charset=utf8mb4
[ sql ] [ SQL ] SHOW COLUMNS FROM `wb_setting` [ RunTime:0.000465s ]
[ sql ] [ SQL ] SELECT * FROM `wb_setting` WHERE  `skey` = 'shop_name' LIMIT 1 [ RunTime:0.000211s ]
[ sql ] [ SQL ] SHOW COLUMNS FROM `wb_bill_payments` [ RunTime:0.001169s ]
[ sql ] [ SQL ] SELECT count(1) AS `nums`,DATE_FORMAT(FROM_UNIXTIME(ctime),"%Y-%m-%d") AS `day` FROM `wb_bill_payments` WHERE  `status` = 2  AND `type` = 1  AND ( FROM_UNIXTIME(ctime) >= 2026-03-25 ) GROUP BY DATE_FORMAT(FROM_UNIXTIME(ctime),"%Y-%m-%d") [ RunTime:0.000322s ]
[ sql ] [ SQL ] SHOW COLUMNS FROM `wb_bill_delivery` [ RunTime:0.001898s ]
[ sql ] [ SQL ] SELECT count(1) AS `nums`,DATE_FORMAT(FROM_UNIXTIME(ctime),"%Y-%m-%d") AS `day` FROM `wb_bill_delivery` WHERE  ( FROM_UNIXTIME(ctime) >= 2026-03-25 ) GROUP BY DATE_FORMAT(FROM_UNIXTIME(ctime),"%Y-%m-%d") [ RunTime:0.000798s ]
---------------------------------------------------------------
[2026-04-01T14:40:06+08:00] 127.0.0.1 GET www.jiwankang.com/manage/administrator/userloglist/state/1.html
[运行时间：0.055878s] [吞吐率：17.90req/s] [内存消耗：4,570.61kb] [文件加载：110]
[ info ] [ LANG ] E:\wwwroot\2026\04\jiwankang\thinkphp\lang\zh-cn.php
[ info ] [ ROUTE ] array (
)
[ info ] [ HEADER ] array (
  'x-requested-with' => 'XMLHttpRequest',
  'referer' => 'http://www.jiwankang.com/manage/index/welcome.html',
  'cookie' => 'PHPSESSID=6ge3q9cob417ort2dkkl8j63da',
  'accept-language' => 'zh-CN,zh;q=0.9',
  'accept-encoding' => 'gzip, deflate',
  'accept' => '*/*',
  'user-agent' => 'Mozilla/5.0 (Windows NT 10.0; Win64; x64) AppleWebKit/537.36 (KHTML, like Gecko) Chrome/146.0.0.0 Safari/537.36',
  'host' => 'www.jiwankang.com',
  'content-length' => '',
  'content-type' => '',
)
[ info ] [ PARAM ] array (
  'state' => '1',
)
[ info ] [ DB ] INIT mysql
[ sql ] [ DB ] CONNECT:[ UseTime:0.000655s ] mysql:host=127.0.0.1;port=3306;dbname=jiwankang;charset=utf8mb4
[ sql ] [ SQL ] SHOW COLUMNS FROM `wb_setting` [ RunTime:0.000900s ]
[ sql ] [ SQL ] SELECT * FROM `wb_setting` WHERE  `skey` = 'shop_name' LIMIT 1 [ RunTime:0.000564s ]
[ sql ] [ SQL ] SHOW COLUMNS FROM `wb_user_log` [ RunTime:0.001224s ]
[ sql ] [ SQL ] SELECT COUNT(*) AS tp_count FROM `wb_user_log` WHERE  `state` = 1  AND `type` = 2 LIMIT 1 [ RunTime:0.000278s ]
[ sql ] [ SQL ] SELECT * FROM `wb_user_log` WHERE  `state` = 1  AND `type` = 2 ORDER BY `ctime` DESC LIMIT 0,10 [ RunTime:0.000155s ]
[ sql ] [ SQL ] SHOW COLUMNS FROM `wb_manage` [ RunTime:0.000875s ]
[ sql ] [ SQL ] SELECT `id`,`username`,`nickname`,`mobile` FROM `wb_manage` WHERE  `id` = 13 LIMIT 1 [ RunTime:0.000129s ]
[ sql ] [ SQL ] SELECT `id`,`username`,`nickname`,`mobile` FROM `wb_manage` WHERE  `id` = 13 LIMIT 1 [ RunTime:0.000087s ]
[ sql ] [ SQL ] SELECT `id`,`username`,`nickname`,`mobile` FROM `wb_manage` WHERE  `id` = 13 LIMIT 1 [ RunTime:0.000076s ]
[ sql ] [ SQL ] SELECT `id`,`username`,`nickname`,`mobile` FROM `wb_manage` WHERE  `id` = 13 LIMIT 1 [ RunTime:0.000072s ]
---------------------------------------------------------------
[2026-04-01T14:40:06+08:00] 127.0.0.1 GET www.jiwankang.com/manage/user/statistics.html
[运行时间：0.075509s] [吞吐率：13.24req/s] [内存消耗：5,023.93kb] [文件加载：111]
[ info ] [ LANG ] E:\wwwroot\2026\04\jiwankang\thinkphp\lang\zh-cn.php
[ info ] [ ROUTE ] array (
)
[ info ] [ HEADER ] array (
  'x-requested-with' => 'XMLHttpRequest',
  'referer' => 'http://www.jiwankang.com/manage/index/welcome.html',
  'cookie' => 'PHPSESSID=6ge3q9cob417ort2dkkl8j63da',
  'accept-language' => 'zh-CN,zh;q=0.9',
  'accept-encoding' => 'gzip, deflate',
  'accept' => '*/*',
  'user-agent' => 'Mozilla/5.0 (Windows NT 10.0; Win64; x64) AppleWebKit/537.36 (KHTML, like Gecko) Chrome/146.0.0.0 Safari/537.36',
  'host' => 'www.jiwankang.com',
  'content-length' => '',
  'content-type' => '',
)
[ info ] [ PARAM ] array (
)
[ info ] [ DB ] INIT mysql
[ sql ] [ DB ] CONNECT:[ UseTime:0.000875s ] mysql:host=127.0.0.1;port=3306;dbname=jiwankang;charset=utf8mb4
[ sql ] [ SQL ] SHOW COLUMNS FROM `wb_setting` [ RunTime:0.000487s ]
[ sql ] [ SQL ] SELECT * FROM `wb_setting` WHERE  `skey` = 'shop_name' LIMIT 1 [ RunTime:0.000270s ]
[ sql ] [ SQL ] SHOW COLUMNS FROM `wb_user` [ RunTime:0.000592s ]
[ sql ] [ SQL ] SELECT DATE_FORMAT(from_unixtime(ctime),"%Y-%m-%d") as day, count(*) as nums FROM `wb_user` WHERE (  `ctime` > 1774420806  AND ( TIMESTAMPDIFF(DAY,from_unixtime(ctime),now()) <7 ) ) AND `wb_user`.`isdel` IS NULL GROUP BY DATE_FORMAT(from_unixtime(ctime),"%Y-%m-%d") [ RunTime:0.000337s ]
[ sql ] [ SQL ] SHOW COLUMNS FROM `wb_order` [ RunTime:0.000670s ]
[ sql ] [ SQL ] SELECT COUNT(*) AS tp_count FROM ( SELECT count(*) AS think_count FROM `wb_order` WHERE (  `ctime` < 1775025606  AND `ctime` >= 1774972800 ) AND `wb_order`.`isdel` IS NULL GROUP BY `user_id` ) `_group_count_` LIMIT 1 [ RunTime:0.000440s ]
[ sql ] [ SQL ] SELECT COUNT(*) AS tp_count FROM ( SELECT count(*) AS think_count FROM `wb_order` WHERE (  `ctime` < 1774972799  AND `ctime` >= 1774886400 ) AND `wb_order`.`isdel` IS NULL GROUP BY `user_id` ) `_group_count_` LIMIT 1 [ RunTime:0.000316s ]
[ sql ] [ SQL ] SELECT COUNT(*) AS tp_count FROM ( SELECT count(*) AS think_count FROM `wb_order` WHERE (  `ctime` < 1774886399  AND `ctime` >= 1774800000 ) AND `wb_order`.`isdel` IS NULL GROUP BY `user_id` ) `_group_count_` LIMIT 1 [ RunTime:0.000220s ]
[ sql ] [ SQL ] SELECT COUNT(*) AS tp_count FROM ( SELECT count(*) AS think_count FROM `wb_order` WHERE (  `ctime` < 1774799999  AND `ctime` >= 1774713600 ) AND `wb_order`.`isdel` IS NULL GROUP BY `user_id` ) `_group_count_` LIMIT 1 [ RunTime:0.000313s ]
[ sql ] [ SQL ] SELECT COUNT(*) AS tp_count FROM ( SELECT count(*) AS think_count FROM `wb_order` WHERE (  `ctime` < 1774713599  AND `ctime` >= 1774627200 ) AND `wb_order`.`isdel` IS NULL GROUP BY `user_id` ) `_group_count_` LIMIT 1 [ RunTime:0.000206s ]
[ sql ] [ SQL ] SELECT COUNT(*) AS tp_count FROM ( SELECT count(*) AS think_count FROM `wb_order` WHERE (  `ctime` < 1774627199  AND `ctime` >= 1774540800 ) AND `wb_order`.`isdel` IS NULL GROUP BY `user_id` ) `_group_count_` LIMIT 1 [ RunTime:0.000190s ]
[ sql ] [ SQL ] SELECT COUNT(*) AS tp_count FROM ( SELECT count(*) AS think_count FROM `wb_order` WHERE (  `ctime` < 1774540799  AND `ctime` >= 1774454400 ) AND `wb_order`.`isdel` IS NULL GROUP BY `user_id` ) `_group_count_` LIMIT 1 [ RunTime:0.000265s ]
---------------------------------------------------------------
[2026-04-01T14:40:06+08:00] 127.0.0.1 GET www.jiwankang.com/manage/operation_log/getlastlog.html
[运行时间：0.091606s] [吞吐率：10.92req/s] [内存消耗：4,525.98kb] [文件加载：110]
[ info ] [ LANG ] E:\wwwroot\2026\04\jiwankang\thinkphp\lang\zh-cn.php
[ info ] [ ROUTE ] array (
)
[ info ] [ HEADER ] array (
  'x-requested-with' => 'XMLHttpRequest',
  'referer' => 'http://www.jiwankang.com/manage/index/welcome.html',
  'cookie' => 'PHPSESSID=6ge3q9cob417ort2dkkl8j63da',
  'accept-language' => 'zh-CN,zh;q=0.9',
  'accept-encoding' => 'gzip, deflate',
  'accept' => 'application/json, text/javascript, */*; q=0.01',
  'user-agent' => 'Mozilla/5.0 (Windows NT 10.0; Win64; x64) AppleWebKit/537.36 (KHTML, like Gecko) Chrome/146.0.0.0 Safari/537.36',
  'host' => 'www.jiwankang.com',
  'content-length' => '',
  'content-type' => '',
)
[ info ] [ PARAM ] array (
)
[ info ] [ DB ] INIT mysql
[ sql ] [ DB ] CONNECT:[ UseTime:0.000902s ] mysql:host=127.0.0.1;port=3306;dbname=jiwankang;charset=utf8mb4
[ sql ] [ SQL ] SHOW COLUMNS FROM `wb_setting` [ RunTime:0.000762s ]
[ sql ] [ SQL ] SELECT * FROM `wb_setting` WHERE  `skey` = 'shop_name' LIMIT 1 [ RunTime:0.000272s ]
[ sql ] [ SQL ] SHOW COLUMNS FROM `wb_operation_log` [ RunTime:0.001011s ]
[ sql ] [ SQL ] SELECT COUNT(*) AS tp_count FROM `wb_operation_log` LIMIT 1 [ RunTime:0.000166s ]
[ sql ] [ SQL ] SELECT * FROM `wb_operation_log` ORDER BY `id` DESC LIMIT 0,10 [ RunTime:0.000123s ]
[ sql ] [ SQL ] SHOW COLUMNS FROM `wb_manage` [ RunTime:0.000830s ]
[ sql ] [ SQL ] SELECT * FROM `wb_manage` WHERE  `id` = 13 LIMIT 1 [ RunTime:0.000135s ]
[ sql ] [ SQL ] SELECT * FROM `wb_manage` WHERE  `id` = 13 LIMIT 1 [ RunTime:0.000086s ]
[ sql ] [ SQL ] SELECT * FROM `wb_manage` WHERE  `id` = 13 LIMIT 1 [ RunTime:0.000076s ]
[ sql ] [ SQL ] SELECT * FROM `wb_manage` WHERE  `id` = 13 LIMIT 1 [ RunTime:0.000073s ]
[ sql ] [ SQL ] SELECT * FROM `wb_manage` WHERE  `id` = 13 LIMIT 1 [ RunTime:0.000073s ]
[ sql ] [ SQL ] SELECT * FROM `wb_manage` WHERE  `id` = 13 LIMIT 1 [ RunTime:0.000074s ]
[ sql ] [ SQL ] SELECT * FROM `wb_manage` WHERE  `id` = 13 LIMIT 1 [ RunTime:0.000157s ]
[ sql ] [ SQL ] SELECT * FROM `wb_manage` WHERE  `id` = 13 LIMIT 1 [ RunTime:0.000096s ]
[ sql ] [ SQL ] SELECT * FROM `wb_manage` WHERE  `id` = 13 LIMIT 1 [ RunTime:0.000076s ]
[ sql ] [ SQL ] SELECT * FROM `wb_manage` WHERE  `id` = 13 LIMIT 1 [ RunTime:0.000074s ]
---------------------------------------------------------------
[2026-04-01T14:40:08+08:00] 127.0.0.1 GET www.jiwankang.com/manage/user/index.html
[运行时间：0.031042s] [吞吐率：32.21req/s] [内存消耗：4,887.95kb] [文件加载：113]
[ info ] [ LANG ] E:\wwwroot\2026\04\jiwankang\thinkphp\lang\zh-cn.php
[ info ] [ ROUTE ] array (
)
[ info ] [ HEADER ] array (
  'upgrade-insecure-requests' => '1',
  'referer' => 'http://www.jiwankang.com/manage',
  'cookie' => 'PHPSESSID=6ge3q9cob417ort2dkkl8j63da',
  'accept-language' => 'zh-CN,zh;q=0.9',
  'accept-encoding' => 'gzip, deflate',
  'accept' => 'text/html,application/xhtml+xml,application/xml;q=0.9,image/avif,image/webp,image/apng,*/*;q=0.8,application/signed-exchange;v=b3;q=0.7',
  'user-agent' => 'Mozilla/5.0 (Windows NT 10.0; Win64; x64) AppleWebKit/537.36 (KHTML, like Gecko) Chrome/146.0.0.0 Safari/537.36',
  'host' => 'www.jiwankang.com',
  'content-length' => '',
  'content-type' => '',
)
[ info ] [ PARAM ] array (
)
[ info ] [ DB ] INIT mysql
[ info ] [ VIEW ] E:\wwwroot\2026\04\jiwankang\application\manage\view\user\index.html [ array (
  0 => 'params',
  1 => 'jshopHost',
  2 => 'shop_name',
  3 => 'grade',
) ]
[ sql ] [ DB ] CONNECT:[ UseTime:0.001245s ] mysql:host=127.0.0.1;port=3306;dbname=jiwankang;charset=utf8mb4
[ sql ] [ SQL ] SHOW COLUMNS FROM `wb_setting` [ RunTime:0.000577s ]
[ sql ] [ SQL ] SELECT * FROM `wb_setting` WHERE  `skey` = 'shop_name' LIMIT 1 [ RunTime:0.000276s ]
[ sql ] [ SQL ] SHOW COLUMNS FROM `wb_user_grade` [ RunTime:0.000402s ]
[ sql ] [ SQL ] SELECT * FROM `wb_user_grade` [ RunTime:0.000118s ]
---------------------------------------------------------------
[2026-04-01T14:40:08+08:00] 127.0.0.1 GET www.jiwankang.com/manage/user/index.html?_ajax=1&page=1&limit=20
[运行时间：0.033600s] [吞吐率：29.76req/s] [内存消耗：4,900.30kb] [文件加载：117]
[ info ] [ LANG ] E:\wwwroot\2026\04\jiwankang\thinkphp\lang\zh-cn.php
[ info ] [ ROUTE ] array (
)
[ info ] [ HEADER ] array (
  'x-requested-with' => 'XMLHttpRequest',
  'referer' => 'http://www.jiwankang.com/manage/user/index.html',
  'cookie' => 'PHPSESSID=6ge3q9cob417ort2dkkl8j63da',
  'accept-language' => 'zh-CN,zh;q=0.9',
  'accept-encoding' => 'gzip, deflate',
  'accept' => 'application/json, text/javascript, */*; q=0.01',
  'user-agent' => 'Mozilla/5.0 (Windows NT 10.0; Win64; x64) AppleWebKit/537.36 (KHTML, like Gecko) Chrome/146.0.0.0 Safari/537.36',
  'host' => 'www.jiwankang.com',
  'content-length' => '',
  'content-type' => '',
)
[ info ] [ PARAM ] array (
  '_ajax' => '1',
  'page' => '1',
  'limit' => '20',
)
[ info ] [ DB ] INIT mysql
[ sql ] [ DB ] CONNECT:[ UseTime:0.001601s ] mysql:host=127.0.0.1;port=3306;dbname=jiwankang;charset=utf8mb4
[ sql ] [ SQL ] SHOW COLUMNS FROM `wb_setting` [ RunTime:0.000602s ]
[ sql ] [ SQL ] SELECT * FROM `wb_setting` WHERE  `skey` = 'shop_name' LIMIT 1 [ RunTime:0.000155s ]
[ sql ] [ SQL ] SHOW COLUMNS FROM `wb_user` [ RunTime:0.000344s ]
[ sql ] [ SQL ] SELECT COUNT(*) AS tp_count FROM `wb_user` WHERE `wb_user`.`isdel` IS NULL LIMIT 1 [ RunTime:0.000113s ]
[ sql ] [ SQL ] SELECT * FROM `wb_user` WHERE `wb_user`.`isdel` IS NULL ORDER BY `id` DESC LIMIT 0,20 [ RunTime:0.000120s ]
[ sql ] [ SQL ] SHOW COLUMNS FROM `wb_user_grade` [ RunTime:0.000230s ]
[ sql ] [ SQL ] SELECT * FROM `wb_user_grade` WHERE  `id` IN (2) [ RunTime:0.000102s ]
[ sql ] [ SQL ] SHOW COLUMNS FROM `wb_user_wx` [ RunTime:0.000272s ]
[ sql ] [ SQL ] SELECT * FROM `wb_user_wx` WHERE  `user_id` IN (1) [ RunTime:0.000112s ]
---------------------------------------------------------------
[2026-04-01T14:40:22+08:00] 127.0.0.1 GET www.jiwankang.com/manage
[运行时间：0.029136s] [吞吐率：34.32req/s] [内存消耗：4,603.95kb] [文件加载：110]
[ info ] [ LANG ] E:\wwwroot\2026\04\jiwankang\thinkphp\lang\zh-cn.php
[ info ] [ ROUTE ] array (
)
[ info ] [ HEADER ] array (
  'upgrade-insecure-requests' => '1',
  'referer' => 'http://www.jiwankang.com/manage/common/login.html',
  'cookie' => 'PHPSESSID=6ge3q9cob417ort2dkkl8j63da',
  'cache-control' => 'max-age=0',
  'accept-language' => 'zh-CN,zh;q=0.9',
  'accept-encoding' => 'gzip, deflate',
  'accept' => 'text/html,application/xhtml+xml,application/xml;q=0.9,image/avif,image/webp,image/apng,*/*;q=0.8,application/signed-exchange;v=b3;q=0.7',
  'user-agent' => 'Mozilla/5.0 (Windows NT 10.0; Win64; x64) AppleWebKit/537.36 (KHTML, like Gecko) Chrome/146.0.0.0 Safari/537.36',
  'host' => 'www.jiwankang.com',
  'content-length' => '',
  'content-type' => '',
)
[ info ] [ PARAM ] array (
)
[ info ] [ DB ] INIT mysql
[ info ] [ VIEW ] E:\wwwroot\2026\04\jiwankang\application\manage\view\index\index.html [ array (
  0 => 'params',
  1 => 'jshopHost',
  2 => 'shop_name',
  3 => 'menu',
  4 => 'kefu',
) ]
[ sql ] [ DB ] CONNECT:[ UseTime:0.000714s ] mysql:host=127.0.0.1;port=3306;dbname=jiwankang;charset=utf8mb4
[ sql ] [ SQL ] SHOW COLUMNS FROM `wb_setting` [ RunTime:0.000457s ]
[ sql ] [ SQL ] SELECT * FROM `wb_setting` WHERE  `skey` = 'shop_name' LIMIT 1 [ RunTime:0.000213s ]
[ sql ] [ SQL ] SELECT * FROM `wb_setting` WHERE  `skey` = 'ent_id' LIMIT 1 [ RunTime:0.000189s ]
[ error ] [8]未定义数组索引: selected[E:\wwwroot\2026\04\jiwankang\runtime\temp\0ebc0da97c722c413af6448a150993b9.php:118]
[ error ] [8]未定义数组索引: selected[E:\wwwroot\2026\04\jiwankang\runtime\temp\0ebc0da97c722c413af6448a150993b9.php:118]
[ error ] [8]未定义数组索引: selected[E:\wwwroot\2026\04\jiwankang\runtime\temp\0ebc0da97c722c413af6448a150993b9.php:118]
[ error ] [8]未定义数组索引: selected[E:\wwwroot\2026\04\jiwankang\runtime\temp\0ebc0da97c722c413af6448a150993b9.php:118]
[ error ] [8]未定义数组索引: selected[E:\wwwroot\2026\04\jiwankang\runtime\temp\0ebc0da97c722c413af6448a150993b9.php:118]
[ error ] [8]未定义数组索引: selected[E:\wwwroot\2026\04\jiwankang\runtime\temp\0ebc0da97c722c413af6448a150993b9.php:118]
[ error ] [8]未定义数组索引: selected[E:\wwwroot\2026\04\jiwankang\runtime\temp\0ebc0da97c722c413af6448a150993b9.php:118]
[ error ] [8]未定义数组索引: selected[E:\wwwroot\2026\04\jiwankang\runtime\temp\0ebc0da97c722c413af6448a150993b9.php:118]
[ error ] [8]未定义数组索引: selected[E:\wwwroot\2026\04\jiwankang\runtime\temp\0ebc0da97c722c413af6448a150993b9.php:118]
[ error ] [8]未定义数组索引: selected[E:\wwwroot\2026\04\jiwankang\runtime\temp\0ebc0da97c722c413af6448a150993b9.php:118]
[ error ] [8]未定义数组索引: selected[E:\wwwroot\2026\04\jiwankang\runtime\temp\0ebc0da97c722c413af6448a150993b9.php:118]
[ error ] [8]未定义数组索引: selected[E:\wwwroot\2026\04\jiwankang\runtime\temp\0ebc0da97c722c413af6448a150993b9.php:118]
[ error ] [8]未定义数组索引: selected[E:\wwwroot\2026\04\jiwankang\runtime\temp\0ebc0da97c722c413af6448a150993b9.php:118]
[ error ] [8]未定义数组索引: selected[E:\wwwroot\2026\04\jiwankang\runtime\temp\0ebc0da97c722c413af6448a150993b9.php:118]
[ error ] [8]未定义数组索引: selected[E:\wwwroot\2026\04\jiwankang\runtime\temp\0ebc0da97c722c413af6448a150993b9.php:118]
[ error ] [8]未定义数组索引: selected[E:\wwwroot\2026\04\jiwankang\runtime\temp\0ebc0da97c722c413af6448a150993b9.php:118]
[ error ] [8]未定义数组索引: selected[E:\wwwroot\2026\04\jiwankang\runtime\temp\0ebc0da97c722c413af6448a150993b9.php:118]
[ error ] [8]未定义数组索引: selected[E:\wwwroot\2026\04\jiwankang\runtime\temp\0ebc0da97c722c413af6448a150993b9.php:118]
[ error ] [8]未定义数组索引: selected[E:\wwwroot\2026\04\jiwankang\runtime\temp\0ebc0da97c722c413af6448a150993b9.php:118]
[ error ] [8]未定义数组索引: selected[E:\wwwroot\2026\04\jiwankang\runtime\temp\0ebc0da97c722c413af6448a150993b9.php:118]
---------------------------------------------------------------
[2026-04-01T14:40:22+08:00] 127.0.0.1 GET www.jiwankang.com/manage/index/welcome.html
[运行时间：0.041257s] [吞吐率：24.24req/s] [内存消耗：5,491.36kb] [文件加载：115]
[ info ] [ LANG ] E:\wwwroot\2026\04\jiwankang\thinkphp\lang\zh-cn.php
[ info ] [ ROUTE ] array (
)
[ info ] [ HEADER ] array (
  'upgrade-insecure-requests' => '1',
  'referer' => 'http://www.jiwankang.com/manage',
  'cookie' => 'PHPSESSID=6ge3q9cob417ort2dkkl8j63da',
  'accept-language' => 'zh-CN,zh;q=0.9',
  'accept-encoding' => 'gzip, deflate',
  'accept' => 'text/html,application/xhtml+xml,application/xml;q=0.9,image/avif,image/webp,image/apng,*/*;q=0.8,application/signed-exchange;v=b3;q=0.7',
  'user-agent' => 'Mozilla/5.0 (Windows NT 10.0; Win64; x64) AppleWebKit/537.36 (KHTML, like Gecko) Chrome/146.0.0.0 Safari/537.36',
  'host' => 'www.jiwankang.com',
  'content-length' => '',
  'content-type' => '',
)
[ info ] [ PARAM ] array (
)
[ info ] [ DB ] INIT mysql
[ info ] [ VIEW ] E:\wwwroot\2026\04\jiwankang\application\manage\view\index\welcome.html [ array (
  0 => 'params',
  1 => 'jshopHost',
  2 => 'shop_name',
  3 => 'unpaid_count',
  4 => 'unship_count',
  5 => 'after_sales_count',
  6 => 'goods_statics',
  7 => 'zijinchi',
  8 => 'todayTyOrder',
  9 => 'allTyOrder',
  10 => 'daibutie',
  11 => 'yibutie',
) ]
[ sql ] [ DB ] CONNECT:[ UseTime:0.000737s ] mysql:host=127.0.0.1;port=3306;dbname=jiwankang;charset=utf8mb4
[ sql ] [ SQL ] SHOW COLUMNS FROM `wb_setting` [ RunTime:0.000523s ]
[ sql ] [ SQL ] SELECT * FROM `wb_setting` WHERE  `skey` = 'shop_name' LIMIT 1 [ RunTime:0.000275s ]
[ sql ] [ SQL ] SHOW COLUMNS FROM `wb_order` [ RunTime:0.000672s ]
[ sql ] [ SQL ] SELECT COUNT(*) AS tp_count FROM `wb_order` WHERE (  `status` = 1  AND `pay_status` = 1  AND `ship_status` = 1 ) AND `wb_order`.`isdel` IS NULL LIMIT 1 [ RunTime:0.000361s ]
[ sql ] [ SQL ] SELECT COUNT(*) AS tp_count FROM `wb_order` WHERE (  `status` = 1  AND `pay_status` = 2  AND `ship_status` IN (1,2) ) AND `wb_order`.`isdel` IS NULL LIMIT 1 [ RunTime:0.000353s ]
[ sql ] [ SQL ] SHOW COLUMNS FROM `wb_bill_aftersales` [ RunTime:0.000399s ]
[ sql ] [ SQL ] SELECT COUNT(*) AS tp_count FROM `wb_bill_aftersales` WHERE  `status` = 1 LIMIT 1 [ RunTime:0.000124s ]
[ sql ] [ SQL ] SELECT * FROM `wb_setting` WHERE  `skey` = 'shop_name' LIMIT 1 [ RunTime:0.000138s ]
[ sql ] [ SQL ] SHOW COLUMNS FROM `wb_goods` [ RunTime:0.000360s ]
[ sql ] [ SQL ] SELECT COUNT(`id`) AS tp_count FROM `wb_goods` LIMIT 1 [ RunTime:0.000095s ]
[ sql ] [ SQL ] SELECT COUNT(`id`) AS tp_count FROM `wb_goods` WHERE  `marketable` = 1 LIMIT 1 [ RunTime:0.000087s ]
[ sql ] [ SQL ] SELECT COUNT(`id`) AS tp_count FROM `wb_goods` WHERE  `marketable` = 2 LIMIT 1 [ RunTime:0.000073s ]
[ sql ] [ SQL ] SELECT * FROM `wb_setting` WHERE  `skey` = 'goods_stocks_warn' LIMIT 1 [ RunTime:0.000208s ]
[ sql ] [ SQL ] SHOW COLUMNS FROM `wb_products` [ RunTime:0.000469s ]
[ sql ] [ SQL ] SELECT COUNT(*) AS tp_count FROM ( SELECT count(id) AS think_count FROM `wb_products` WHERE  ( IF(stock < freeze_stock, 0, stock - freeze_stock)<10 ) GROUP BY `goods_id` ) `_group_count_` LIMIT 1 [ RunTime:0.000192s ]
[ sql ] [ SQL ] SHOW COLUMNS FROM `wb_money` [ RunTime:0.000269s ]
[ sql ] [ SQL ] SELECT `money` FROM `wb_money` WHERE  `type` = 1 LIMIT 1 [ RunTime:0.000110s ]
[ sql ] [ SQL ] SELECT SUM(`payed`) AS tp_sum FROM `wb_order` WHERE (  `status` < 3  AND `pay_status` = 2  AND `ctime` BETWEEN 1774972800 AND 1775059200 ) AND `wb_order`.`isdel` IS NULL LIMIT 1 [ RunTime:0.000125s ]
[ sql ] [ SQL ] SELECT SUM(`payed`) AS tp_sum FROM `wb_order` WHERE (  `status` < 3  AND `pay_status` = 2 ) AND `wb_order`.`isdel` IS NULL LIMIT 1 [ RunTime:0.000088s ]
[ sql ] [ SQL ] SHOW COLUMNS FROM `wb_user` [ RunTime:0.000530s ]
[ sql ] [ SQL ] SELECT SUM(`butie`) AS tp_sum FROM `wb_user` WHERE `wb_user`.`isdel` IS NULL LIMIT 1 [ RunTime:0.000236s ]
[ sql ] [ SQL ] SELECT SUM(`ybuite`) AS tp_sum FROM `wb_user` WHERE `wb_user`.`isdel` IS NULL LIMIT 1 [ RunTime:0.000124s ]
---------------------------------------------------------------
[2026-04-01T14:40:22+08:00] 127.0.0.1 GET www.jiwankang.com/manage/order/statistics.html
[运行时间：0.033940s] [吞吐率：29.46req/s] [内存消耗：4,694.27kb] [文件加载：110]
[ info ] [ LANG ] E:\wwwroot\2026\04\jiwankang\thinkphp\lang\zh-cn.php
[ info ] [ ROUTE ] array (
)
[ info ] [ HEADER ] array (
  'x-requested-with' => 'XMLHttpRequest',
  'referer' => 'http://www.jiwankang.com/manage/index/welcome.html',
  'cookie' => 'PHPSESSID=6ge3q9cob417ort2dkkl8j63da',
  'accept-language' => 'zh-CN,zh;q=0.9',
  'accept-encoding' => 'gzip, deflate',
  'accept' => '*/*',
  'user-agent' => 'Mozilla/5.0 (Windows NT 10.0; Win64; x64) AppleWebKit/537.36 (KHTML, like Gecko) Chrome/146.0.0.0 Safari/537.36',
  'host' => 'www.jiwankang.com',
  'content-length' => '',
  'content-type' => '',
)
[ info ] [ PARAM ] array (
)
[ info ] [ DB ] INIT mysql
[ sql ] [ DB ] CONNECT:[ UseTime:0.000846s ] mysql:host=127.0.0.1;port=3306;dbname=jiwankang;charset=utf8mb4
[ sql ] [ SQL ] SHOW COLUMNS FROM `wb_setting` [ RunTime:0.000616s ]
[ sql ] [ SQL ] SELECT * FROM `wb_setting` WHERE  `skey` = 'shop_name' LIMIT 1 [ RunTime:0.000289s ]
[ sql ] [ SQL ] SHOW COLUMNS FROM `wb_bill_payments` [ RunTime:0.001950s ]
[ sql ] [ SQL ] SELECT count(1) AS `nums`,DATE_FORMAT(FROM_UNIXTIME(ctime),"%Y-%m-%d") AS `day` FROM `wb_bill_payments` WHERE  `status` = 2  AND `type` = 1  AND ( FROM_UNIXTIME(ctime) >= 2026-03-25 ) GROUP BY DATE_FORMAT(FROM_UNIXTIME(ctime),"%Y-%m-%d") [ RunTime:0.000619s ]
[ sql ] [ SQL ] SHOW COLUMNS FROM `wb_bill_delivery` [ RunTime:0.001443s ]
[ sql ] [ SQL ] SELECT count(1) AS `nums`,DATE_FORMAT(FROM_UNIXTIME(ctime),"%Y-%m-%d") AS `day` FROM `wb_bill_delivery` WHERE  ( FROM_UNIXTIME(ctime) >= 2026-03-25 ) GROUP BY DATE_FORMAT(FROM_UNIXTIME(ctime),"%Y-%m-%d") [ RunTime:0.000342s ]
---------------------------------------------------------------
[2026-04-01T14:40:22+08:00] 127.0.0.1 GET www.jiwankang.com/manage/administrator/userloglist/state/1.html
[运行时间：0.046257s] [吞吐率：21.62req/s] [内存消耗：4,570.61kb] [文件加载：110]
[ info ] [ LANG ] E:\wwwroot\2026\04\jiwankang\thinkphp\lang\zh-cn.php
[ info ] [ ROUTE ] array (
)
[ info ] [ HEADER ] array (
  'x-requested-with' => 'XMLHttpRequest',
  'referer' => 'http://www.jiwankang.com/manage/index/welcome.html',
  'cookie' => 'PHPSESSID=6ge3q9cob417ort2dkkl8j63da',
  'accept-language' => 'zh-CN,zh;q=0.9',
  'accept-encoding' => 'gzip, deflate',
  'accept' => '*/*',
  'user-agent' => 'Mozilla/5.0 (Windows NT 10.0; Win64; x64) AppleWebKit/537.36 (KHTML, like Gecko) Chrome/146.0.0.0 Safari/537.36',
  'host' => 'www.jiwankang.com',
  'content-length' => '',
  'content-type' => '',
)
[ info ] [ PARAM ] array (
  'state' => '1',
)
[ info ] [ DB ] INIT mysql
[ sql ] [ DB ] CONNECT:[ UseTime:0.001335s ] mysql:host=127.0.0.1;port=3306;dbname=jiwankang;charset=utf8mb4
[ sql ] [ SQL ] SHOW COLUMNS FROM `wb_setting` [ RunTime:0.000615s ]
[ sql ] [ SQL ] SELECT * FROM `wb_setting` WHERE  `skey` = 'shop_name' LIMIT 1 [ RunTime:0.000215s ]
[ sql ] [ SQL ] SHOW COLUMNS FROM `wb_user_log` [ RunTime:0.000330s ]
[ sql ] [ SQL ] SELECT COUNT(*) AS tp_count FROM `wb_user_log` WHERE  `state` = 1  AND `type` = 2 LIMIT 1 [ RunTime:0.000142s ]
[ sql ] [ SQL ] SELECT * FROM `wb_user_log` WHERE  `state` = 1  AND `type` = 2 ORDER BY `ctime` DESC LIMIT 0,10 [ RunTime:0.000122s ]
[ sql ] [ SQL ] SHOW COLUMNS FROM `wb_manage` [ RunTime:0.000288s ]
[ sql ] [ SQL ] SELECT `id`,`username`,`nickname`,`mobile` FROM `wb_manage` WHERE  `id` = 13 LIMIT 1 [ RunTime:0.000215s ]
[ sql ] [ SQL ] SELECT `id`,`username`,`nickname`,`mobile` FROM `wb_manage` WHERE  `id` = 13 LIMIT 1 [ RunTime:0.000182s ]
[ sql ] [ SQL ] SELECT `id`,`username`,`nickname`,`mobile` FROM `wb_manage` WHERE  `id` = 13 LIMIT 1 [ RunTime:0.000164s ]
[ sql ] [ SQL ] SELECT `id`,`username`,`nickname`,`mobile` FROM `wb_manage` WHERE  `id` = 13 LIMIT 1 [ RunTime:0.000197s ]
---------------------------------------------------------------
[2026-04-01T14:40:23+08:00] 127.0.0.1 GET www.jiwankang.com/manage/user/statistics.html
[运行时间：0.069156s] [吞吐率：14.46req/s] [内存消耗：5,023.93kb] [文件加载：111]
[ info ] [ LANG ] E:\wwwroot\2026\04\jiwankang\thinkphp\lang\zh-cn.php
[ info ] [ ROUTE ] array (
)
[ info ] [ HEADER ] array (
  'x-requested-with' => 'XMLHttpRequest',
  'referer' => 'http://www.jiwankang.com/manage/index/welcome.html',
  'cookie' => 'PHPSESSID=6ge3q9cob417ort2dkkl8j63da',
  'accept-language' => 'zh-CN,zh;q=0.9',
  'accept-encoding' => 'gzip, deflate',
  'accept' => '*/*',
  'user-agent' => 'Mozilla/5.0 (Windows NT 10.0; Win64; x64) AppleWebKit/537.36 (KHTML, like Gecko) Chrome/146.0.0.0 Safari/537.36',
  'host' => 'www.jiwankang.com',
  'content-length' => '',
  'content-type' => '',
)
[ info ] [ PARAM ] array (
)
[ info ] [ DB ] INIT mysql
[ sql ] [ DB ] CONNECT:[ UseTime:0.000905s ] mysql:host=127.0.0.1;port=3306;dbname=jiwankang;charset=utf8mb4
[ sql ] [ SQL ] SHOW COLUMNS FROM `wb_setting` [ RunTime:0.000907s ]
[ sql ] [ SQL ] SELECT * FROM `wb_setting` WHERE  `skey` = 'shop_name' LIMIT 1 [ RunTime:0.000363s ]
[ sql ] [ SQL ] SHOW COLUMNS FROM `wb_user` [ RunTime:0.000800s ]
[ sql ] [ SQL ] SELECT DATE_FORMAT(from_unixtime(ctime),"%Y-%m-%d") as day, count(*) as nums FROM `wb_user` WHERE (  `ctime` > 1774420823  AND ( TIMESTAMPDIFF(DAY,from_unixtime(ctime),now()) <7 ) ) AND `wb_user`.`isdel` IS NULL GROUP BY DATE_FORMAT(from_unixtime(ctime),"%Y-%m-%d") [ RunTime:0.000332s ]
[ sql ] [ SQL ] SHOW COLUMNS FROM `wb_order` [ RunTime:0.001418s ]
[ sql ] [ SQL ] SELECT COUNT(*) AS tp_count FROM ( SELECT count(*) AS think_count FROM `wb_order` WHERE (  `ctime` < 1775025623  AND `ctime` >= 1774972800 ) AND `wb_order`.`isdel` IS NULL GROUP BY `user_id` ) `_group_count_` LIMIT 1 [ RunTime:0.000381s ]
[ sql ] [ SQL ] SELECT COUNT(*) AS tp_count FROM ( SELECT count(*) AS think_count FROM `wb_order` WHERE (  `ctime` < 1774972799  AND `ctime` >= 1774886400 ) AND `wb_order`.`isdel` IS NULL GROUP BY `user_id` ) `_group_count_` LIMIT 1 [ RunTime:0.000150s ]
[ sql ] [ SQL ] SELECT COUNT(*) AS tp_count FROM ( SELECT count(*) AS think_count FROM `wb_order` WHERE (  `ctime` < 1774886399  AND `ctime` >= 1774800000 ) AND `wb_order`.`isdel` IS NULL GROUP BY `user_id` ) `_group_count_` LIMIT 1 [ RunTime:0.000110s ]
[ sql ] [ SQL ] SELECT COUNT(*) AS tp_count FROM ( SELECT count(*) AS think_count FROM `wb_order` WHERE (  `ctime` < 1774799999  AND `ctime` >= 1774713600 ) AND `wb_order`.`isdel` IS NULL GROUP BY `user_id` ) `_group_count_` LIMIT 1 [ RunTime:0.000105s ]
[ sql ] [ SQL ] SELECT COUNT(*) AS tp_count FROM ( SELECT count(*) AS think_count FROM `wb_order` WHERE (  `ctime` < 1774713599  AND `ctime` >= 1774627200 ) AND `wb_order`.`isdel` IS NULL GROUP BY `user_id` ) `_group_count_` LIMIT 1 [ RunTime:0.000101s ]
[ sql ] [ SQL ] SELECT COUNT(*) AS tp_count FROM ( SELECT count(*) AS think_count FROM `wb_order` WHERE (  `ctime` < 1774627199  AND `ctime` >= 1774540800 ) AND `wb_order`.`isdel` IS NULL GROUP BY `user_id` ) `_group_count_` LIMIT 1 [ RunTime:0.000096s ]
[ sql ] [ SQL ] SELECT COUNT(*) AS tp_count FROM ( SELECT count(*) AS think_count FROM `wb_order` WHERE (  `ctime` < 1774540799  AND `ctime` >= 1774454400 ) AND `wb_order`.`isdel` IS NULL GROUP BY `user_id` ) `_group_count_` LIMIT 1 [ RunTime:0.000094s ]
---------------------------------------------------------------
[2026-04-01T14:40:23+08:00] 127.0.0.1 GET www.jiwankang.com/manage/operation_log/getlastlog.html
[运行时间：0.085428s] [吞吐率：11.71req/s] [内存消耗：4,525.98kb] [文件加载：110]
[ info ] [ LANG ] E:\wwwroot\2026\04\jiwankang\thinkphp\lang\zh-cn.php
[ info ] [ ROUTE ] array (
)
[ info ] [ HEADER ] array (
  'x-requested-with' => 'XMLHttpRequest',
  'referer' => 'http://www.jiwankang.com/manage/index/welcome.html',
  'cookie' => 'PHPSESSID=6ge3q9cob417ort2dkkl8j63da',
  'accept-language' => 'zh-CN,zh;q=0.9',
  'accept-encoding' => 'gzip, deflate',
  'accept' => 'application/json, text/javascript, */*; q=0.01',
  'user-agent' => 'Mozilla/5.0 (Windows NT 10.0; Win64; x64) AppleWebKit/537.36 (KHTML, like Gecko) Chrome/146.0.0.0 Safari/537.36',
  'host' => 'www.jiwankang.com',
  'content-length' => '',
  'content-type' => '',
)
[ info ] [ PARAM ] array (
)
[ info ] [ DB ] INIT mysql
[ sql ] [ DB ] CONNECT:[ UseTime:0.000879s ] mysql:host=127.0.0.1;port=3306;dbname=jiwankang;charset=utf8mb4
[ sql ] [ SQL ] SHOW COLUMNS FROM `wb_setting` [ RunTime:0.000771s ]
[ sql ] [ SQL ] SELECT * FROM `wb_setting` WHERE  `skey` = 'shop_name' LIMIT 1 [ RunTime:0.000309s ]
[ sql ] [ SQL ] SHOW COLUMNS FROM `wb_operation_log` [ RunTime:0.001657s ]
[ sql ] [ SQL ] SELECT COUNT(*) AS tp_count FROM `wb_operation_log` LIMIT 1 [ RunTime:0.000339s ]
[ sql ] [ SQL ] SELECT * FROM `wb_operation_log` ORDER BY `id` DESC LIMIT 0,10 [ RunTime:0.000340s ]
[ sql ] [ SQL ] SHOW COLUMNS FROM `wb_manage` [ RunTime:0.001602s ]
[ sql ] [ SQL ] SELECT * FROM `wb_manage` WHERE  `id` = 13 LIMIT 1 [ RunTime:0.000238s ]
[ sql ] [ SQL ] SELECT * FROM `wb_manage` WHERE  `id` = 13 LIMIT 1 [ RunTime:0.000102s ]
[ sql ] [ SQL ] SELECT * FROM `wb_manage` WHERE  `id` = 13 LIMIT 1 [ RunTime:0.000097s ]
[ sql ] [ SQL ] SELECT * FROM `wb_manage` WHERE  `id` = 13 LIMIT 1 [ RunTime:0.000157s ]
[ sql ] [ SQL ] SELECT * FROM `wb_manage` WHERE  `id` = 13 LIMIT 1 [ RunTime:0.000171s ]
[ sql ] [ SQL ] SELECT * FROM `wb_manage` WHERE  `id` = 13 LIMIT 1 [ RunTime:0.000161s ]
[ sql ] [ SQL ] SELECT * FROM `wb_manage` WHERE  `id` = 13 LIMIT 1 [ RunTime:0.000095s ]
[ sql ] [ SQL ] SELECT * FROM `wb_manage` WHERE  `id` = 13 LIMIT 1 [ RunTime:0.000087s ]
[ sql ] [ SQL ] SELECT * FROM `wb_manage` WHERE  `id` = 13 LIMIT 1 [ RunTime:0.000089s ]
[ sql ] [ SQL ] SELECT * FROM `wb_manage` WHERE  `id` = 13 LIMIT 1 [ RunTime:0.000142s ]
---------------------------------------------------------------
[2026-04-01T14:40:23+08:00] 127.0.0.1 GET www.jiwankang.com/manage/user/index.html
[运行时间：0.032313s] [吞吐率：30.95req/s] [内存消耗：4,887.95kb] [文件加载：113]
[ info ] [ LANG ] E:\wwwroot\2026\04\jiwankang\thinkphp\lang\zh-cn.php
[ info ] [ ROUTE ] array (
)
[ info ] [ HEADER ] array (
  'upgrade-insecure-requests' => '1',
  'referer' => 'http://www.jiwankang.com/manage',
  'cookie' => 'PHPSESSID=6ge3q9cob417ort2dkkl8j63da',
  'accept-language' => 'zh-CN,zh;q=0.9',
  'accept-encoding' => 'gzip, deflate',
  'accept' => 'text/html,application/xhtml+xml,application/xml;q=0.9,image/avif,image/webp,image/apng,*/*;q=0.8,application/signed-exchange;v=b3;q=0.7',
  'user-agent' => 'Mozilla/5.0 (Windows NT 10.0; Win64; x64) AppleWebKit/537.36 (KHTML, like Gecko) Chrome/146.0.0.0 Safari/537.36',
  'host' => 'www.jiwankang.com',
  'content-length' => '',
  'content-type' => '',
)
[ info ] [ PARAM ] array (
)
[ info ] [ DB ] INIT mysql
[ info ] [ VIEW ] E:\wwwroot\2026\04\jiwankang\application\manage\view\user\index.html [ array (
  0 => 'params',
  1 => 'jshopHost',
  2 => 'shop_name',
  3 => 'grade',
) ]
[ sql ] [ DB ] CONNECT:[ UseTime:0.000742s ] mysql:host=127.0.0.1;port=3306;dbname=jiwankang;charset=utf8mb4
[ sql ] [ SQL ] SHOW COLUMNS FROM `wb_setting` [ RunTime:0.000513s ]
[ sql ] [ SQL ] SELECT * FROM `wb_setting` WHERE  `skey` = 'shop_name' LIMIT 1 [ RunTime:0.000286s ]
[ sql ] [ SQL ] SHOW COLUMNS FROM `wb_user_grade` [ RunTime:0.000376s ]
[ sql ] [ SQL ] SELECT * FROM `wb_user_grade` [ RunTime:0.000192s ]
---------------------------------------------------------------
[2026-04-01T14:40:23+08:00] 127.0.0.1 GET www.jiwankang.com/manage/user/index.html?_ajax=1&page=1&limit=20
[运行时间：0.034792s] [吞吐率：28.74req/s] [内存消耗：4,900.30kb] [文件加载：117]
[ info ] [ LANG ] E:\wwwroot\2026\04\jiwankang\thinkphp\lang\zh-cn.php
[ info ] [ ROUTE ] array (
)
[ info ] [ HEADER ] array (
  'x-requested-with' => 'XMLHttpRequest',
  'referer' => 'http://www.jiwankang.com/manage/user/index.html',
  'cookie' => 'PHPSESSID=6ge3q9cob417ort2dkkl8j63da',
  'accept-language' => 'zh-CN,zh;q=0.9',
  'accept-encoding' => 'gzip, deflate',
  'accept' => 'application/json, text/javascript, */*; q=0.01',
  'user-agent' => 'Mozilla/5.0 (Windows NT 10.0; Win64; x64) AppleWebKit/537.36 (KHTML, like Gecko) Chrome/146.0.0.0 Safari/537.36',
  'host' => 'www.jiwankang.com',
  'content-length' => '',
  'content-type' => '',
)
[ info ] [ PARAM ] array (
  '_ajax' => '1',
  'page' => '1',
  'limit' => '20',
)
[ info ] [ DB ] INIT mysql
[ sql ] [ DB ] CONNECT:[ UseTime:0.000769s ] mysql:host=127.0.0.1;port=3306;dbname=jiwankang;charset=utf8mb4
[ sql ] [ SQL ] SHOW COLUMNS FROM `wb_setting` [ RunTime:0.000528s ]
[ sql ] [ SQL ] SELECT * FROM `wb_setting` WHERE  `skey` = 'shop_name' LIMIT 1 [ RunTime:0.000260s ]
[ sql ] [ SQL ] SHOW COLUMNS FROM `wb_user` [ RunTime:0.000803s ]
[ sql ] [ SQL ] SELECT COUNT(*) AS tp_count FROM `wb_user` WHERE `wb_user`.`isdel` IS NULL LIMIT 1 [ RunTime:0.000283s ]
[ sql ] [ SQL ] SELECT * FROM `wb_user` WHERE `wb_user`.`isdel` IS NULL ORDER BY `id` DESC LIMIT 0,20 [ RunTime:0.000301s ]
[ sql ] [ SQL ] SHOW COLUMNS FROM `wb_user_grade` [ RunTime:0.000380s ]
[ sql ] [ SQL ] SELECT * FROM `wb_user_grade` WHERE  `id` IN (2) [ RunTime:0.000186s ]
[ sql ] [ SQL ] SHOW COLUMNS FROM `wb_user_wx` [ RunTime:0.000458s ]
[ sql ] [ SQL ] SELECT * FROM `wb_user_wx` WHERE  `user_id` IN (1) [ RunTime:0.000151s ]
---------------------------------------------------------------
[2026-04-01T14:40:48+08:00] 127.0.0.1 GET www.jiwankang.com/manage/order/index.html
[运行时间：0.040665s] [吞吐率：24.59req/s] [内存消耗：5,364.66kb] [文件加载：115]
[ info ] [ LANG ] E:\wwwroot\2026\04\jiwankang\thinkphp\lang\zh-cn.php
[ info ] [ ROUTE ] array (
)
[ info ] [ HEADER ] array (
  'upgrade-insecure-requests' => '1',
  'referer' => 'http://www.jiwankang.com/manage',
  'cookie' => 'PHPSESSID=6ge3q9cob417ort2dkkl8j63da',
  'accept-language' => 'zh-CN,zh;q=0.9',
  'accept-encoding' => 'gzip, deflate',
  'accept' => 'text/html,application/xhtml+xml,application/xml;q=0.9,image/avif,image/webp,image/apng,*/*;q=0.8,application/signed-exchange;v=b3;q=0.7',
  'user-agent' => 'Mozilla/5.0 (Windows NT 10.0; Win64; x64) AppleWebKit/537.36 (KHTML, like Gecko) Chrome/146.0.0.0 Safari/537.36',
  'host' => 'www.jiwankang.com',
  'content-length' => '',
  'content-type' => '',
)
[ info ] [ PARAM ] array (
)
[ info ] [ DB ] INIT mysql
[ info ] [ VIEW ] E:\wwwroot\2026\04\jiwankang\application\manage\view\order\index.html [ array (
  0 => 'params',
  1 => 'jshopHost',
  2 => 'shop_name',
  3 => 'count',
  4 => 'storelist',
) ]
[ sql ] [ DB ] CONNECT:[ UseTime:0.000865s ] mysql:host=127.0.0.1;port=3306;dbname=jiwankang;charset=utf8mb4
[ sql ] [ SQL ] SHOW COLUMNS FROM `wb_setting` [ RunTime:0.000485s ]
[ sql ] [ SQL ] SELECT * FROM `wb_setting` WHERE  `skey` = 'shop_name' LIMIT 1 [ RunTime:0.000159s ]
[ sql ] [ SQL ] SHOW COLUMNS FROM `wb_order` [ RunTime:0.000369s ]
[ sql ] [ SQL ] SELECT COUNT(*) AS tp_count FROM `wb_order` WHERE `wb_order`.`isdel` IS NULL LIMIT 1 [ RunTime:0.000114s ]
[ sql ] [ SQL ] SELECT COUNT(*) AS tp_count FROM `wb_order` WHERE (  `status` = 1  AND `pay_status` = 1 ) AND `wb_order`.`isdel` IS NULL LIMIT 1 [ RunTime:0.000103s ]
[ sql ] [ SQL ] SELECT COUNT(*) AS tp_count FROM `wb_order` WHERE (  `status` = 1  AND `pay_status` <> 1  AND `ship_status` IN (1,2) ) AND `wb_order`.`isdel` IS NULL LIMIT 1 [ RunTime:0.000097s ]
[ sql ] [ SQL ] SELECT COUNT(*) AS tp_count FROM `wb_order` WHERE (  `status` = 1  AND `ship_status` IN (3,2)  AND `confirm` = 1 ) AND `wb_order`.`isdel` IS NULL LIMIT 1 [ RunTime:0.000091s ]
[ sql ] [ SQL ] SELECT COUNT(*) AS tp_count FROM `wb_order` WHERE (  `status` = 1  AND `pay_status` <> 1  AND `ship_status` <> 1  AND `confirm` = 2  AND `is_comment` = 1 ) AND `wb_order`.`isdel` IS NULL LIMIT 1 [ RunTime:0.000088s ]
[ sql ] [ SQL ] SELECT COUNT(*) AS tp_count FROM `wb_order` WHERE (  `status` = 1  AND `pay_status` <> 1  AND `ship_status` <> 1  AND `confirm` = 2  AND `is_comment` = 2 ) AND `wb_order`.`isdel` IS NULL LIMIT 1 [ RunTime:0.000083s ]
[ sql ] [ SQL ] SELECT COUNT(*) AS tp_count FROM `wb_order` WHERE (  `status` = 2 ) AND `wb_order`.`isdel` IS NULL LIMIT 1 [ RunTime:0.000074s ]
[ sql ] [ SQL ] SELECT COUNT(*) AS tp_count FROM `wb_order` WHERE (  `status` = 3 ) AND `wb_order`.`isdel` IS NULL LIMIT 1 [ RunTime:0.000071s ]
[ sql ] [ SQL ] SHOW COLUMNS FROM `wb_store` [ RunTime:0.000904s ]
[ sql ] [ SQL ] SELECT * FROM `wb_store` [ RunTime:0.000184s ]
---------------------------------------------------------------
[2026-04-01T14:40:48+08:00] 127.0.0.1 GET www.jiwankang.com/manage/order/index.html
[运行时间：0.052292s] [吞吐率：19.12req/s] [内存消耗：5,032.57kb] [文件加载：112]
[ info ] [ LANG ] E:\wwwroot\2026\04\jiwankang\thinkphp\lang\zh-cn.php
[ info ] [ ROUTE ] array (
)
[ info ] [ HEADER ] array (
  'upgrade-insecure-requests' => '1',
  'referer' => 'http://www.jiwankang.com/manage',
  'cookie' => 'PHPSESSID=6ge3q9cob417ort2dkkl8j63da',
  'accept-language' => 'zh-CN,zh;q=0.9',
  'accept-encoding' => 'gzip, deflate',
  'accept' => 'text/html,application/xhtml+xml,application/xml;q=0.9,image/avif,image/webp,image/apng,*/*;q=0.8,application/signed-exchange;v=b3;q=0.7',
  'user-agent' => 'Mozilla/5.0 (Windows NT 10.0; Win64; x64) AppleWebKit/537.36 (KHTML, like Gecko) Chrome/146.0.0.0 Safari/537.36',
  'host' => 'www.jiwankang.com',
  'content-length' => '',
  'content-type' => '',
)
[ info ] [ PARAM ] array (
)
[ info ] [ DB ] INIT mysql
[ info ] [ VIEW ] E:\wwwroot\2026\04\jiwankang\application\manage\view\order\index.html [ array (
  0 => 'params',
  1 => 'jshopHost',
  2 => 'shop_name',
  3 => 'count',
  4 => 'storelist',
) ]
[ sql ] [ DB ] CONNECT:[ UseTime:0.000620s ] mysql:host=127.0.0.1;port=3306;dbname=jiwankang;charset=utf8mb4
[ sql ] [ SQL ] SHOW COLUMNS FROM `wb_setting` [ RunTime:0.000373s ]
[ sql ] [ SQL ] SELECT * FROM `wb_setting` WHERE  `skey` = 'shop_name' LIMIT 1 [ RunTime:0.000139s ]
[ sql ] [ SQL ] SHOW COLUMNS FROM `wb_order` [ RunTime:0.000511s ]
[ sql ] [ SQL ] SELECT COUNT(*) AS tp_count FROM `wb_order` WHERE `wb_order`.`isdel` IS NULL LIMIT 1 [ RunTime:0.000208s ]
[ sql ] [ SQL ] SELECT COUNT(*) AS tp_count FROM `wb_order` WHERE (  `status` = 1  AND `pay_status` = 1 ) AND `wb_order`.`isdel` IS NULL LIMIT 1 [ RunTime:0.000175s ]
[ sql ] [ SQL ] SELECT COUNT(*) AS tp_count FROM `wb_order` WHERE (  `status` = 1  AND `pay_status` <> 1  AND `ship_status` IN (1,2) ) AND `wb_order`.`isdel` IS NULL LIMIT 1 [ RunTime:0.000208s ]
[ sql ] [ SQL ] SELECT COUNT(*) AS tp_count FROM `wb_order` WHERE (  `status` = 1  AND `ship_status` IN (3,2)  AND `confirm` = 1 ) AND `wb_order`.`isdel` IS NULL LIMIT 1 [ RunTime:0.000125s ]
[ sql ] [ SQL ] SELECT COUNT(*) AS tp_count FROM `wb_order` WHERE (  `status` = 1  AND `pay_status` <> 1  AND `ship_status` <> 1  AND `confirm` = 2  AND `is_comment` = 1 ) AND `wb_order`.`isdel` IS NULL LIMIT 1 [ RunTime:0.000109s ]
[ sql ] [ SQL ] SELECT COUNT(*) AS tp_count FROM `wb_order` WHERE (  `status` = 1  AND `pay_status` <> 1  AND `ship_status` <> 1  AND `confirm` = 2  AND `is_comment` = 2 ) AND `wb_order`.`isdel` IS NULL LIMIT 1 [ RunTime:0.000094s ]
[ sql ] [ SQL ] SELECT COUNT(*) AS tp_count FROM `wb_order` WHERE (  `status` = 2 ) AND `wb_order`.`isdel` IS NULL LIMIT 1 [ RunTime:0.000076s ]
[ sql ] [ SQL ] SELECT COUNT(*) AS tp_count FROM `wb_order` WHERE (  `status` = 3 ) AND `wb_order`.`isdel` IS NULL LIMIT 1 [ RunTime:0.000072s ]
[ sql ] [ SQL ] SHOW COLUMNS FROM `wb_store` [ RunTime:0.000834s ]
[ sql ] [ SQL ] SELECT * FROM `wb_store` [ RunTime:0.000104s ]
---------------------------------------------------------------
[2026-04-01T14:40:49+08:00] 127.0.0.1 POST www.jiwankang.com/manage/order/index.html
[运行时间：0.051766s] [吞吐率：19.32req/s] [内存消耗：5,396.18kb] [文件加载：115]
[ info ] [ LANG ] E:\wwwroot\2026\04\jiwankang\thinkphp\lang\zh-cn.php
[ info ] [ ROUTE ] array (
)
[ info ] [ HEADER ] array (
  'x-requested-with' => 'XMLHttpRequest',
  'referer' => 'http://www.jiwankang.com/manage/order/index.html',
  'origin' => 'http://www.jiwankang.com',
  'cookie' => 'PHPSESSID=6ge3q9cob417ort2dkkl8j63da',
  'content-type' => 'application/x-www-form-urlencoded; charset=UTF-8',
  'accept-language' => 'zh-CN,zh;q=0.9',
  'accept-encoding' => 'gzip, deflate',
  'accept' => 'application/json, text/javascript, */*; q=0.01',
  'content-length' => '15',
  'user-agent' => 'Mozilla/5.0 (Windows NT 10.0; Win64; x64) AppleWebKit/537.36 (KHTML, like Gecko) Chrome/146.0.0.0 Safari/537.36',
  'host' => 'www.jiwankang.com',
)
[ info ] [ PARAM ] array (
  'page' => '1',
  'limit' => '20',
)
[ info ] [ DB ] INIT mysql
[ sql ] [ DB ] CONNECT:[ UseTime:0.001269s ] mysql:host=127.0.0.1;port=3306;dbname=jiwankang;charset=utf8mb4
[ sql ] [ SQL ] SHOW COLUMNS FROM `wb_setting` [ RunTime:0.000513s ]
[ sql ] [ SQL ] SELECT * FROM `wb_setting` WHERE  `skey` = 'shop_name' LIMIT 1 [ RunTime:0.000208s ]
[ sql ] [ SQL ] SHOW COLUMNS FROM `wb_order` [ RunTime:0.000946s ]
[ sql ] [ SQL ] SELECT `o`.`order_id`,`o`.`point`,`o`.`user_id`,`o`.`ctime`,`o`.`ship_mobile`,`o`.`ship_address`,`o`.`status`,`o`.`pay_status`,`o`.`ship_status`,`o`.`confirm`,`o`.`is_comment`,`o`.`order_amount`,`o`.`source`,`o`.`ship_area_id`,`o`.`ship_name`,`o`.`mark`,`o`.`order_type`,`o`.`store_id` FROM `wb_order` `o` LEFT JOIN `wb_user` `u` ON `o`.`user_id`=`u`.`id` WHERE `o`.`isdel` IS NULL ORDER BY `ctime` DESC LIMIT 0,20 [ RunTime:0.000212s ]
[ sql ] [ SQL ] SHOW COLUMNS FROM `wb_bill_aftersales` [ RunTime:0.000275s ]
[ sql ] [ SQL ] SELECT * FROM `wb_bill_aftersales` WHERE  `order_id` IN ('S04011440425714','S04011439326329','S04011435366644') [ RunTime:0.000582s ]
[ sql ] [ SQL ] SELECT COUNT(*) AS tp_count FROM `wb_order` `o` LEFT JOIN `wb_user` `u` ON `o`.`user_id`=`u`.`id` WHERE `o`.`isdel` IS NULL LIMIT 1 [ RunTime:0.000166s ]
[ sql ] [ SQL ] SHOW COLUMNS FROM `wb_user` [ RunTime:0.000362s ]
[ sql ] [ SQL ] SELECT `nickname` FROM `wb_user` WHERE (  `id` = 1 ) AND `wb_user`.`isdel` IS NULL LIMIT 1 [ RunTime:0.000112s ]
[ sql ] [ SQL ] SHOW COLUMNS FROM `wb_area` [ RunTime:0.000259s ]
[ sql ] [ SQL ] SELECT `id`,`name`,`parent_id`,`postal_code` FROM `wb_area` WHERE  `id` = 150525 LIMIT 1 [ RunTime:0.000103s ]
[ sql ] [ SQL ] SELECT `id`,`name`,`parent_id`,`postal_code` FROM `wb_area` WHERE  `parent_id` = 150500 [ RunTime:0.000635s ]
[ sql ] [ SQL ] SELECT `id`,`name`,`parent_id`,`postal_code` FROM `wb_area` WHERE  `id` = 150500 LIMIT 1 [ RunTime:0.000163s ]
[ sql ] [ SQL ] SELECT `id`,`name`,`parent_id`,`postal_code` FROM `wb_area` WHERE  `parent_id` = 150000 [ RunTime:0.000664s ]
[ sql ] [ SQL ] SELECT `id`,`name`,`parent_id`,`postal_code` FROM `wb_area` WHERE  `id` = 150000 LIMIT 1 [ RunTime:0.000093s ]
[ sql ] [ SQL ] SELECT `id`,`name`,`parent_id`,`postal_code` FROM `wb_area` WHERE  `parent_id` = 0 [ RunTime:0.000645s ]
[ sql ] [ SQL ] SHOW COLUMNS FROM `wb_store` [ RunTime:0.000842s ]
[ sql ] [ SQL ] SELECT `store_name` FROM `wb_store` WHERE  `id` = 0 LIMIT 1 [ RunTime:0.000242s ]
[ sql ] [ SQL ] SELECT `nickname` FROM `wb_user` WHERE (  `id` = 1 ) AND `wb_user`.`isdel` IS NULL LIMIT 1 [ RunTime:0.000279s ]
[ sql ] [ SQL ] SELECT `id`,`name`,`parent_id`,`postal_code` FROM `wb_area` WHERE  `id` = 150525 LIMIT 1 [ RunTime:0.000215s ]
[ sql ] [ SQL ] SELECT `id`,`name`,`parent_id`,`postal_code` FROM `wb_area` WHERE  `parent_id` = 150500 [ RunTime:0.000838s ]
[ sql ] [ SQL ] SELECT `id`,`name`,`parent_id`,`postal_code` FROM `wb_area` WHERE  `id` = 150500 LIMIT 1 [ RunTime:0.000142s ]
[ sql ] [ SQL ] SELECT `id`,`name`,`parent_id`,`postal_code` FROM `wb_area` WHERE  `parent_id` = 150000 [ RunTime:0.000643s ]
[ sql ] [ SQL ] SELECT `id`,`name`,`parent_id`,`postal_code` FROM `wb_area` WHERE  `id` = 150000 LIMIT 1 [ RunTime:0.000079s ]
[ sql ] [ SQL ] SELECT `id`,`name`,`parent_id`,`postal_code` FROM `wb_area` WHERE  `parent_id` = 0 [ RunTime:0.000627s ]
[ sql ] [ SQL ] SELECT `store_name` FROM `wb_store` WHERE  `id` = 0 LIMIT 1 [ RunTime:0.000080s ]
[ sql ] [ SQL ] SELECT `nickname` FROM `wb_user` WHERE (  `id` = 1 ) AND `wb_user`.`isdel` IS NULL LIMIT 1 [ RunTime:0.000087s ]
[ sql ] [ SQL ] SELECT `id`,`name`,`parent_id`,`postal_code` FROM `wb_area` WHERE  `id` = 150525 LIMIT 1 [ RunTime:0.000075s ]
[ sql ] [ SQL ] SELECT `id`,`name`,`parent_id`,`postal_code` FROM `wb_area` WHERE  `parent_id` = 150500 [ RunTime:0.000642s ]
[ sql ] [ SQL ] SELECT `id`,`name`,`parent_id`,`postal_code` FROM `wb_area` WHERE  `id` = 150500 LIMIT 1 [ RunTime:0.000177s ]
[ sql ] [ SQL ] SELECT `id`,`name`,`parent_id`,`postal_code` FROM `wb_area` WHERE  `parent_id` = 150000 [ RunTime:0.000657s ]
[ sql ] [ SQL ] SELECT `id`,`name`,`parent_id`,`postal_code` FROM `wb_area` WHERE  `id` = 150000 LIMIT 1 [ RunTime:0.000084s ]
[ sql ] [ SQL ] SELECT `id`,`name`,`parent_id`,`postal_code` FROM `wb_area` WHERE  `parent_id` = 0 [ RunTime:0.000647s ]
[ sql ] [ SQL ] SELECT `store_name` FROM `wb_store` WHERE  `id` = 0 LIMIT 1 [ RunTime:0.000079s ]
---------------------------------------------------------------
[2026-04-01T14:46:50+08:00] 127.0.0.1 GET www.jiwankang.com/manage/order/index.html
[运行时间：0.045709s] [吞吐率：21.88req/s] [内存消耗：5,033.05kb] [文件加载：112]
[ info ] [ LANG ] E:\wwwroot\2026\04\jiwankang\thinkphp\lang\zh-cn.php
[ info ] [ ROUTE ] array (
)
[ info ] [ HEADER ] array (
  'upgrade-insecure-requests' => '1',
  'referer' => 'http://www.jiwankang.com/manage/order/index.html',
  'cookie' => 'PHPSESSID=6ge3q9cob417ort2dkkl8j63da',
  'cache-control' => 'max-age=0',
  'accept-language' => 'zh-CN,zh;q=0.9',
  'accept-encoding' => 'gzip, deflate',
  'accept' => 'text/html,application/xhtml+xml,application/xml;q=0.9,image/avif,image/webp,image/apng,*/*;q=0.8,application/signed-exchange;v=b3;q=0.7',
  'user-agent' => 'Mozilla/5.0 (Windows NT 10.0; Win64; x64) AppleWebKit/537.36 (KHTML, like Gecko) Chrome/146.0.0.0 Safari/537.36',
  'host' => 'www.jiwankang.com',
  'content-length' => '',
  'content-type' => '',
)
[ info ] [ PARAM ] array (
)
[ info ] [ DB ] INIT mysql
[ info ] [ VIEW ] E:\wwwroot\2026\04\jiwankang\application\manage\view\order\index.html [ array (
  0 => 'params',
  1 => 'jshopHost',
  2 => 'shop_name',
  3 => 'count',
  4 => 'storelist',
) ]
[ sql ] [ DB ] CONNECT:[ UseTime:0.012566s ] mysql:host=127.0.0.1;port=3306;dbname=jiwankang;charset=utf8mb4
[ sql ] [ SQL ] SHOW COLUMNS FROM `wb_setting` [ RunTime:0.000667s ]
[ sql ] [ SQL ] SELECT * FROM `wb_setting` WHERE  `skey` = 'shop_name' LIMIT 1 [ RunTime:0.000463s ]
[ sql ] [ SQL ] SHOW COLUMNS FROM `wb_order` [ RunTime:0.001052s ]
[ sql ] [ SQL ] SELECT COUNT(*) AS tp_count FROM `wb_order` WHERE `wb_order`.`isdel` IS NULL LIMIT 1 [ RunTime:0.000153s ]
[ sql ] [ SQL ] SELECT COUNT(*) AS tp_count FROM `wb_order` WHERE (  `status` = 1  AND `pay_status` = 1 ) AND `wb_order`.`isdel` IS NULL LIMIT 1 [ RunTime:0.000128s ]
[ sql ] [ SQL ] SELECT COUNT(*) AS tp_count FROM `wb_order` WHERE (  `status` = 1  AND `pay_status` <> 1  AND `ship_status` IN (1,2) ) AND `wb_order`.`isdel` IS NULL LIMIT 1 [ RunTime:0.000115s ]
[ sql ] [ SQL ] SELECT COUNT(*) AS tp_count FROM `wb_order` WHERE (  `status` = 1  AND `ship_status` IN (3,2)  AND `confirm` = 1 ) AND `wb_order`.`isdel` IS NULL LIMIT 1 [ RunTime:0.000103s ]
[ sql ] [ SQL ] SELECT COUNT(*) AS tp_count FROM `wb_order` WHERE (  `status` = 1  AND `pay_status` <> 1  AND `ship_status` <> 1  AND `confirm` = 2  AND `is_comment` = 1 ) AND `wb_order`.`isdel` IS NULL LIMIT 1 [ RunTime:0.000107s ]
[ sql ] [ SQL ] SELECT COUNT(*) AS tp_count FROM `wb_order` WHERE (  `status` = 1  AND `pay_status` <> 1  AND `ship_status` <> 1  AND `confirm` = 2  AND `is_comment` = 2 ) AND `wb_order`.`isdel` IS NULL LIMIT 1 [ RunTime:0.000107s ]
[ sql ] [ SQL ] SELECT COUNT(*) AS tp_count FROM `wb_order` WHERE (  `status` = 2 ) AND `wb_order`.`isdel` IS NULL LIMIT 1 [ RunTime:0.000093s ]
[ sql ] [ SQL ] SELECT COUNT(*) AS tp_count FROM `wb_order` WHERE (  `status` = 3 ) AND `wb_order`.`isdel` IS NULL LIMIT 1 [ RunTime:0.000090s ]
[ sql ] [ SQL ] SHOW COLUMNS FROM `wb_store` [ RunTime:0.000957s ]
[ sql ] [ SQL ] SELECT * FROM `wb_store` [ RunTime:0.000119s ]
---------------------------------------------------------------
[2026-04-01T14:46:50+08:00] 127.0.0.1 POST www.jiwankang.com/manage/order/index.html
[运行时间：0.050247s] [吞吐率：19.90req/s] [内存消耗：5,401.12kb] [文件加载：115]
[ info ] [ LANG ] E:\wwwroot\2026\04\jiwankang\thinkphp\lang\zh-cn.php
[ info ] [ ROUTE ] array (
)
[ info ] [ HEADER ] array (
  'x-requested-with' => 'XMLHttpRequest',
  'referer' => 'http://www.jiwankang.com/manage/order/index.html',
  'origin' => 'http://www.jiwankang.com',
  'cookie' => 'PHPSESSID=6ge3q9cob417ort2dkkl8j63da',
  'content-type' => 'application/x-www-form-urlencoded; charset=UTF-8',
  'accept-language' => 'zh-CN,zh;q=0.9',
  'accept-encoding' => 'gzip, deflate',
  'accept' => 'application/json, text/javascript, */*; q=0.01',
  'content-length' => '15',
  'user-agent' => 'Mozilla/5.0 (Windows NT 10.0; Win64; x64) AppleWebKit/537.36 (KHTML, like Gecko) Chrome/146.0.0.0 Safari/537.36',
  'host' => 'www.jiwankang.com',
)
[ info ] [ PARAM ] array (
  'page' => '1',
  'limit' => '20',
)
[ info ] [ DB ] INIT mysql
[ sql ] [ DB ] CONNECT:[ UseTime:0.000727s ] mysql:host=127.0.0.1;port=3306;dbname=jiwankang;charset=utf8mb4
[ sql ] [ SQL ] SHOW COLUMNS FROM `wb_setting` [ RunTime:0.000440s ]
[ sql ] [ SQL ] SELECT * FROM `wb_setting` WHERE  `skey` = 'shop_name' LIMIT 1 [ RunTime:0.000213s ]
[ sql ] [ SQL ] SHOW COLUMNS FROM `wb_order` [ RunTime:0.000660s ]
[ sql ] [ SQL ] SELECT `o`.`order_id`,`o`.`point`,`o`.`user_id`,`o`.`ctime`,`o`.`ship_mobile`,`o`.`ship_address`,`o`.`status`,`o`.`pay_status`,`o`.`ship_status`,`o`.`confirm`,`o`.`is_comment`,`o`.`order_amount`,`o`.`source`,`o`.`ship_area_id`,`o`.`ship_name`,`o`.`mark`,`o`.`order_type`,`o`.`store_id` FROM `wb_order` `o` LEFT JOIN `wb_user` `u` ON `o`.`user_id`=`u`.`id` WHERE `o`.`isdel` IS NULL ORDER BY `ctime` DESC LIMIT 0,20 [ RunTime:0.000292s ]
[ sql ] [ SQL ] SHOW COLUMNS FROM `wb_bill_aftersales` [ RunTime:0.000842s ]
[ sql ] [ SQL ] SELECT * FROM `wb_bill_aftersales` WHERE  `order_id` IN ('S04011446465005','S04011446193341','S04011440425714','S04011439326329','S04011435366644') [ RunTime:0.000158s ]
[ sql ] [ SQL ] SELECT COUNT(*) AS tp_count FROM `wb_order` `o` LEFT JOIN `wb_user` `u` ON `o`.`user_id`=`u`.`id` WHERE `o`.`isdel` IS NULL LIMIT 1 [ RunTime:0.000145s ]
[ sql ] [ SQL ] SHOW COLUMNS FROM `wb_user` [ RunTime:0.000324s ]
[ sql ] [ SQL ] SELECT `nickname` FROM `wb_user` WHERE (  `id` = 1 ) AND `wb_user`.`isdel` IS NULL LIMIT 1 [ RunTime:0.000116s ]
[ sql ] [ SQL ] SHOW COLUMNS FROM `wb_area` [ RunTime:0.000731s ]
[ sql ] [ SQL ] SELECT `id`,`name`,`parent_id`,`postal_code` FROM `wb_area` WHERE  `id` = 150525 LIMIT 1 [ RunTime:0.000116s ]
[ sql ] [ SQL ] SELECT `id`,`name`,`parent_id`,`postal_code` FROM `wb_area` WHERE  `parent_id` = 150500 [ RunTime:0.000644s ]
[ sql ] [ SQL ] SELECT `id`,`name`,`parent_id`,`postal_code` FROM `wb_area` WHERE  `id` = 150500 LIMIT 1 [ RunTime:0.000080s ]
[ sql ] [ SQL ] SELECT `id`,`name`,`parent_id`,`postal_code` FROM `wb_area` WHERE  `parent_id` = 150000 [ RunTime:0.000629s ]
[ sql ] [ SQL ] SELECT `id`,`name`,`parent_id`,`postal_code` FROM `wb_area` WHERE  `id` = 150000 LIMIT 1 [ RunTime:0.000074s ]
[ sql ] [ SQL ] SELECT `id`,`name`,`parent_id`,`postal_code` FROM `wb_area` WHERE  `parent_id` = 0 [ RunTime:0.000625s ]
[ sql ] [ SQL ] SHOW COLUMNS FROM `wb_store` [ RunTime:0.000274s ]
[ sql ] [ SQL ] SELECT `store_name` FROM `wb_store` WHERE  `id` = 0 LIMIT 1 [ RunTime:0.000090s ]
[ sql ] [ SQL ] SELECT `nickname` FROM `wb_user` WHERE (  `id` = 1 ) AND `wb_user`.`isdel` IS NULL LIMIT 1 [ RunTime:0.000090s ]
[ sql ] [ SQL ] SELECT `id`,`name`,`parent_id`,`postal_code` FROM `wb_area` WHERE  `id` = 150525 LIMIT 1 [ RunTime:0.000080s ]
[ sql ] [ SQL ] SELECT `id`,`name`,`parent_id`,`postal_code` FROM `wb_area` WHERE  `parent_id` = 150500 [ RunTime:0.000628s ]
[ sql ] [ SQL ] SELECT `id`,`name`,`parent_id`,`postal_code` FROM `wb_area` WHERE  `id` = 150500 LIMIT 1 [ RunTime:0.000076s ]
[ sql ] [ SQL ] SELECT `id`,`name`,`parent_id`,`postal_code` FROM `wb_area` WHERE  `parent_id` = 150000 [ RunTime:0.000621s ]
[ sql ] [ SQL ] SELECT `id`,`name`,`parent_id`,`postal_code` FROM `wb_area` WHERE  `id` = 150000 LIMIT 1 [ RunTime:0.000072s ]
[ sql ] [ SQL ] SELECT `id`,`name`,`parent_id`,`postal_code` FROM `wb_area` WHERE  `parent_id` = 0 [ RunTime:0.000622s ]
[ sql ] [ SQL ] SELECT `store_name` FROM `wb_store` WHERE  `id` = 0 LIMIT 1 [ RunTime:0.000073s ]
[ sql ] [ SQL ] SELECT `nickname` FROM `wb_user` WHERE (  `id` = 1 ) AND `wb_user`.`isdel` IS NULL LIMIT 1 [ RunTime:0.000075s ]
[ sql ] [ SQL ] SELECT `id`,`name`,`parent_id`,`postal_code` FROM `wb_area` WHERE  `id` = 150525 LIMIT 1 [ RunTime:0.000075s ]
[ sql ] [ SQL ] SELECT `id`,`name`,`parent_id`,`postal_code` FROM `wb_area` WHERE  `parent_id` = 150500 [ RunTime:0.000723s ]
[ sql ] [ SQL ] SELECT `id`,`name`,`parent_id`,`postal_code` FROM `wb_area` WHERE  `id` = 150500 LIMIT 1 [ RunTime:0.000119s ]
[ sql ] [ SQL ] SELECT `id`,`name`,`parent_id`,`postal_code` FROM `wb_area` WHERE  `parent_id` = 150000 [ RunTime:0.000675s ]
[ sql ] [ SQL ] SELECT `id`,`name`,`parent_id`,`postal_code` FROM `wb_area` WHERE  `id` = 150000 LIMIT 1 [ RunTime:0.000089s ]
[ sql ] [ SQL ] SELECT `id`,`name`,`parent_id`,`postal_code` FROM `wb_area` WHERE  `parent_id` = 0 [ RunTime:0.000646s ]
[ sql ] [ SQL ] SELECT `store_name` FROM `wb_store` WHERE  `id` = 0 LIMIT 1 [ RunTime:0.000082s ]
[ sql ] [ SQL ] SELECT `nickname` FROM `wb_user` WHERE (  `id` = 1 ) AND `wb_user`.`isdel` IS NULL LIMIT 1 [ RunTime:0.000084s ]
[ sql ] [ SQL ] SELECT `id`,`name`,`parent_id`,`postal_code` FROM `wb_area` WHERE  `id` = 150525 LIMIT 1 [ RunTime:0.000075s ]
[ sql ] [ SQL ] SELECT `id`,`name`,`parent_id`,`postal_code` FROM `wb_area` WHERE  `parent_id` = 150500 [ RunTime:0.000672s ]
[ sql ] [ SQL ] SELECT `id`,`name`,`parent_id`,`postal_code` FROM `wb_area` WHERE  `id` = 150500 LIMIT 1 [ RunTime:0.000150s ]
[ sql ] [ SQL ] SELECT `id`,`name`,`parent_id`,`postal_code` FROM `wb_area` WHERE  `parent_id` = 150000 [ RunTime:0.000705s ]
[ sql ] [ SQL ] SELECT `id`,`name`,`parent_id`,`postal_code` FROM `wb_area` WHERE  `id` = 150000 LIMIT 1 [ RunTime:0.000114s ]
[ sql ] [ SQL ] SELECT `id`,`name`,`parent_id`,`postal_code` FROM `wb_area` WHERE  `parent_id` = 0 [ RunTime:0.000639s ]
[ sql ] [ SQL ] SELECT `store_name` FROM `wb_store` WHERE  `id` = 0 LIMIT 1 [ RunTime:0.000082s ]
[ sql ] [ SQL ] SELECT `nickname` FROM `wb_user` WHERE (  `id` = 1 ) AND `wb_user`.`isdel` IS NULL LIMIT 1 [ RunTime:0.000085s ]
[ sql ] [ SQL ] SELECT `id`,`name`,`parent_id`,`postal_code` FROM `wb_area` WHERE  `id` = 150525 LIMIT 1 [ RunTime:0.000077s ]
[ sql ] [ SQL ] SELECT `id`,`name`,`parent_id`,`postal_code` FROM `wb_area` WHERE  `parent_id` = 150500 [ RunTime:0.000629s ]
[ sql ] [ SQL ] SELECT `id`,`name`,`parent_id`,`postal_code` FROM `wb_area` WHERE  `id` = 150500 LIMIT 1 [ RunTime:0.000074s ]
[ sql ] [ SQL ] SELECT `id`,`name`,`parent_id`,`postal_code` FROM `wb_area` WHERE  `parent_id` = 150000 [ RunTime:0.000622s ]
[ sql ] [ SQL ] SELECT `id`,`name`,`parent_id`,`postal_code` FROM `wb_area` WHERE  `id` = 150000 LIMIT 1 [ RunTime:0.000073s ]
[ sql ] [ SQL ] SELECT `id`,`name`,`parent_id`,`postal_code` FROM `wb_area` WHERE  `parent_id` = 0 [ RunTime:0.000623s ]
[ sql ] [ SQL ] SELECT `store_name` FROM `wb_store` WHERE  `id` = 0 LIMIT 1 [ RunTime:0.000071s ]
---------------------------------------------------------------
[2026-04-01T14:47:07+08:00] 127.0.0.1 GET www.jiwankang.com/manage/order/index.html
[运行时间：0.033888s] [吞吐率：29.51req/s] [内存消耗：5,033.05kb] [文件加载：112]
[ info ] [ LANG ] E:\wwwroot\2026\04\jiwankang\thinkphp\lang\zh-cn.php
[ info ] [ ROUTE ] array (
)
[ info ] [ HEADER ] array (
  'upgrade-insecure-requests' => '1',
  'referer' => 'http://www.jiwankang.com/manage/order/index.html',
  'cookie' => 'PHPSESSID=6ge3q9cob417ort2dkkl8j63da',
  'cache-control' => 'max-age=0',
  'accept-language' => 'zh-CN,zh;q=0.9',
  'accept-encoding' => 'gzip, deflate',
  'accept' => 'text/html,application/xhtml+xml,application/xml;q=0.9,image/avif,image/webp,image/apng,*/*;q=0.8,application/signed-exchange;v=b3;q=0.7',
  'user-agent' => 'Mozilla/5.0 (Windows NT 10.0; Win64; x64) AppleWebKit/537.36 (KHTML, like Gecko) Chrome/146.0.0.0 Safari/537.36',
  'host' => 'www.jiwankang.com',
  'content-length' => '',
  'content-type' => '',
)
[ info ] [ PARAM ] array (
)
[ info ] [ DB ] INIT mysql
[ info ] [ VIEW ] E:\wwwroot\2026\04\jiwankang\application\manage\view\order\index.html [ array (
  0 => 'params',
  1 => 'jshopHost',
  2 => 'shop_name',
  3 => 'count',
  4 => 'storelist',
) ]
[ sql ] [ DB ] CONNECT:[ UseTime:0.000839s ] mysql:host=127.0.0.1;port=3306;dbname=jiwankang;charset=utf8mb4
[ sql ] [ SQL ] SHOW COLUMNS FROM `wb_setting` [ RunTime:0.000578s ]
[ sql ] [ SQL ] SELECT * FROM `wb_setting` WHERE  `skey` = 'shop_name' LIMIT 1 [ RunTime:0.000194s ]
[ sql ] [ SQL ] SHOW COLUMNS FROM `wb_order` [ RunTime:0.000453s ]
[ sql ] [ SQL ] SELECT COUNT(*) AS tp_count FROM `wb_order` WHERE `wb_order`.`isdel` IS NULL LIMIT 1 [ RunTime:0.000130s ]
[ sql ] [ SQL ] SELECT COUNT(*) AS tp_count FROM `wb_order` WHERE (  `status` = 1  AND `pay_status` = 1 ) AND `wb_order`.`isdel` IS NULL LIMIT 1 [ RunTime:0.000165s ]
[ sql ] [ SQL ] SELECT COUNT(*) AS tp_count FROM `wb_order` WHERE (  `status` = 1  AND `pay_status` <> 1  AND `ship_status` IN (1,2) ) AND `wb_order`.`isdel` IS NULL LIMIT 1 [ RunTime:0.000148s ]
[ sql ] [ SQL ] SELECT COUNT(*) AS tp_count FROM `wb_order` WHERE (  `status` = 1  AND `ship_status` IN (3,2)  AND `confirm` = 1 ) AND `wb_order`.`isdel` IS NULL LIMIT 1 [ RunTime:0.000098s ]
[ sql ] [ SQL ] SELECT COUNT(*) AS tp_count FROM `wb_order` WHERE (  `status` = 1  AND `pay_status` <> 1  AND `ship_status` <> 1  AND `confirm` = 2  AND `is_comment` = 1 ) AND `wb_order`.`isdel` IS NULL LIMIT 1 [ RunTime:0.000090s ]
[ sql ] [ SQL ] SELECT COUNT(*) AS tp_count FROM `wb_order` WHERE (  `status` = 1  AND `pay_status` <> 1  AND `ship_status` <> 1  AND `confirm` = 2  AND `is_comment` = 2 ) AND `wb_order`.`isdel` IS NULL LIMIT 1 [ RunTime:0.000084s ]
[ sql ] [ SQL ] SELECT COUNT(*) AS tp_count FROM `wb_order` WHERE (  `status` = 2 ) AND `wb_order`.`isdel` IS NULL LIMIT 1 [ RunTime:0.000074s ]
[ sql ] [ SQL ] SELECT COUNT(*) AS tp_count FROM `wb_order` WHERE (  `status` = 3 ) AND `wb_order`.`isdel` IS NULL LIMIT 1 [ RunTime:0.000114s ]
[ sql ] [ SQL ] SHOW COLUMNS FROM `wb_store` [ RunTime:0.000819s ]
[ sql ] [ SQL ] SELECT * FROM `wb_store` [ RunTime:0.000107s ]
---------------------------------------------------------------
[2026-04-01T14:47:07+08:00] 127.0.0.1 POST www.jiwankang.com/manage/order/index.html
[运行时间：0.055853s] [吞吐率：17.90req/s] [内存消耗：5,401.12kb] [文件加载：115]
[ info ] [ LANG ] E:\wwwroot\2026\04\jiwankang\thinkphp\lang\zh-cn.php
[ info ] [ ROUTE ] array (
)
[ info ] [ HEADER ] array (
  'x-requested-with' => 'XMLHttpRequest',
  'referer' => 'http://www.jiwankang.com/manage/order/index.html',
  'origin' => 'http://www.jiwankang.com',
  'cookie' => 'PHPSESSID=6ge3q9cob417ort2dkkl8j63da',
  'content-type' => 'application/x-www-form-urlencoded; charset=UTF-8',
  'accept-language' => 'zh-CN,zh;q=0.9',
  'accept-encoding' => 'gzip, deflate',
  'accept' => 'application/json, text/javascript, */*; q=0.01',
  'content-length' => '15',
  'user-agent' => 'Mozilla/5.0 (Windows NT 10.0; Win64; x64) AppleWebKit/537.36 (KHTML, like Gecko) Chrome/146.0.0.0 Safari/537.36',
  'host' => 'www.jiwankang.com',
)
[ info ] [ PARAM ] array (
  'page' => '1',
  'limit' => '20',
)
[ info ] [ DB ] INIT mysql
[ sql ] [ DB ] CONNECT:[ UseTime:0.000623s ] mysql:host=127.0.0.1;port=3306;dbname=jiwankang;charset=utf8mb4
[ sql ] [ SQL ] SHOW COLUMNS FROM `wb_setting` [ RunTime:0.000393s ]
[ sql ] [ SQL ] SELECT * FROM `wb_setting` WHERE  `skey` = 'shop_name' LIMIT 1 [ RunTime:0.000199s ]
[ sql ] [ SQL ] SHOW COLUMNS FROM `wb_order` [ RunTime:0.000926s ]
[ sql ] [ SQL ] SELECT `o`.`order_id`,`o`.`point`,`o`.`user_id`,`o`.`ctime`,`o`.`ship_mobile`,`o`.`ship_address`,`o`.`status`,`o`.`pay_status`,`o`.`ship_status`,`o`.`confirm`,`o`.`is_comment`,`o`.`order_amount`,`o`.`source`,`o`.`ship_area_id`,`o`.`ship_name`,`o`.`mark`,`o`.`order_type`,`o`.`store_id` FROM `wb_order` `o` LEFT JOIN `wb_user` `u` ON `o`.`user_id`=`u`.`id` WHERE `o`.`isdel` IS NULL ORDER BY `ctime` DESC LIMIT 0,20 [ RunTime:0.000227s ]
[ sql ] [ SQL ] SHOW COLUMNS FROM `wb_bill_aftersales` [ RunTime:0.000767s ]
[ sql ] [ SQL ] SELECT * FROM `wb_bill_aftersales` WHERE  `order_id` IN ('S04011446465005','S04011446193341','S04011440425714','S04011439326329','S04011435366644') [ RunTime:0.000345s ]
[ sql ] [ SQL ] SELECT COUNT(*) AS tp_count FROM `wb_order` `o` LEFT JOIN `wb_user` `u` ON `o`.`user_id`=`u`.`id` WHERE `o`.`isdel` IS NULL LIMIT 1 [ RunTime:0.000374s ]
[ sql ] [ SQL ] SHOW COLUMNS FROM `wb_user` [ RunTime:0.000487s ]
[ sql ] [ SQL ] SELECT `nickname` FROM `wb_user` WHERE (  `id` = 1 ) AND `wb_user`.`isdel` IS NULL LIMIT 1 [ RunTime:0.000137s ]
[ sql ] [ SQL ] SHOW COLUMNS FROM `wb_area` [ RunTime:0.000307s ]
[ sql ] [ SQL ] SELECT `id`,`name`,`parent_id`,`postal_code` FROM `wb_area` WHERE  `id` = 150525 LIMIT 1 [ RunTime:0.000117s ]
[ sql ] [ SQL ] SELECT `id`,`name`,`parent_id`,`postal_code` FROM `wb_area` WHERE  `parent_id` = 150500 [ RunTime:0.000651s ]
[ sql ] [ SQL ] SELECT `id`,`name`,`parent_id`,`postal_code` FROM `wb_area` WHERE  `id` = 150500 LIMIT 1 [ RunTime:0.000084s ]
[ sql ] [ SQL ] SELECT `id`,`name`,`parent_id`,`postal_code` FROM `wb_area` WHERE  `parent_id` = 150000 [ RunTime:0.000640s ]
[ sql ] [ SQL ] SELECT `id`,`name`,`parent_id`,`postal_code` FROM `wb_area` WHERE  `id` = 150000 LIMIT 1 [ RunTime:0.000079s ]
[ sql ] [ SQL ] SELECT `id`,`name`,`parent_id`,`postal_code` FROM `wb_area` WHERE  `parent_id` = 0 [ RunTime:0.000631s ]
[ sql ] [ SQL ] SHOW COLUMNS FROM `wb_store` [ RunTime:0.000791s ]
[ sql ] [ SQL ] SELECT `store_name` FROM `wb_store` WHERE  `id` = 0 LIMIT 1 [ RunTime:0.000105s ]
[ sql ] [ SQL ] SELECT `nickname` FROM `wb_user` WHERE (  `id` = 1 ) AND `wb_user`.`isdel` IS NULL LIMIT 1 [ RunTime:0.000093s ]
[ sql ] [ SQL ] SELECT `id`,`name`,`parent_id`,`postal_code` FROM `wb_area` WHERE  `id` = 150525 LIMIT 1 [ RunTime:0.000087s ]
[ sql ] [ SQL ] SELECT `id`,`name`,`parent_id`,`postal_code` FROM `wb_area` WHERE  `parent_id` = 150500 [ RunTime:0.000630s ]
[ sql ] [ SQL ] SELECT `id`,`name`,`parent_id`,`postal_code` FROM `wb_area` WHERE  `id` = 150500 LIMIT 1 [ RunTime:0.000078s ]
[ sql ] [ SQL ] SELECT `id`,`name`,`parent_id`,`postal_code` FROM `wb_area` WHERE  `parent_id` = 150000 [ RunTime:0.000621s ]
[ sql ] [ SQL ] SELECT `id`,`name`,`parent_id`,`postal_code` FROM `wb_area` WHERE  `id` = 150000 LIMIT 1 [ RunTime:0.000073s ]
[ sql ] [ SQL ] SELECT `id`,`name`,`parent_id`,`postal_code` FROM `wb_area` WHERE  `parent_id` = 0 [ RunTime:0.000623s ]
[ sql ] [ SQL ] SELECT `store_name` FROM `wb_store` WHERE  `id` = 0 LIMIT 1 [ RunTime:0.000073s ]
[ sql ] [ SQL ] SELECT `nickname` FROM `wb_user` WHERE (  `id` = 1 ) AND `wb_user`.`isdel` IS NULL LIMIT 1 [ RunTime:0.000076s ]
[ sql ] [ SQL ] SELECT `id`,`name`,`parent_id`,`postal_code` FROM `wb_area` WHERE  `id` = 150525 LIMIT 1 [ RunTime:0.000073s ]
[ sql ] [ SQL ] SELECT `id`,`name`,`parent_id`,`postal_code` FROM `wb_area` WHERE  `parent_id` = 150500 [ RunTime:0.000617s ]
[ sql ] [ SQL ] SELECT `id`,`name`,`parent_id`,`postal_code` FROM `wb_area` WHERE  `id` = 150500 LIMIT 1 [ RunTime:0.000073s ]
[ sql ] [ SQL ] SELECT `id`,`name`,`parent_id`,`postal_code` FROM `wb_area` WHERE  `parent_id` = 150000 [ RunTime:0.000620s ]
[ sql ] [ SQL ] SELECT `id`,`name`,`parent_id`,`postal_code` FROM `wb_area` WHERE  `id` = 150000 LIMIT 1 [ RunTime:0.000071s ]
[ sql ] [ SQL ] SELECT `id`,`name`,`parent_id`,`postal_code` FROM `wb_area` WHERE  `parent_id` = 0 [ RunTime:0.000627s ]
[ sql ] [ SQL ] SELECT `store_name` FROM `wb_store` WHERE  `id` = 0 LIMIT 1 [ RunTime:0.000072s ]
[ sql ] [ SQL ] SELECT `nickname` FROM `wb_user` WHERE (  `id` = 1 ) AND `wb_user`.`isdel` IS NULL LIMIT 1 [ RunTime:0.000073s ]
[ sql ] [ SQL ] SELECT `id`,`name`,`parent_id`,`postal_code` FROM `wb_area` WHERE  `id` = 150525 LIMIT 1 [ RunTime:0.000073s ]
[ sql ] [ SQL ] SELECT `id`,`name`,`parent_id`,`postal_code` FROM `wb_area` WHERE  `parent_id` = 150500 [ RunTime:0.000618s ]
[ sql ] [ SQL ] SELECT `id`,`name`,`parent_id`,`postal_code` FROM `wb_area` WHERE  `id` = 150500 LIMIT 1 [ RunTime:0.000072s ]
[ sql ] [ SQL ] SELECT `id`,`name`,`parent_id`,`postal_code` FROM `wb_area` WHERE  `parent_id` = 150000 [ RunTime:0.000674s ]
[ sql ] [ SQL ] SELECT `id`,`name`,`parent_id`,`postal_code` FROM `wb_area` WHERE  `id` = 150000 LIMIT 1 [ RunTime:0.000153s ]
[ sql ] [ SQL ] SELECT `id`,`name`,`parent_id`,`postal_code` FROM `wb_area` WHERE  `parent_id` = 0 [ RunTime:0.000710s ]
[ sql ] [ SQL ] SELECT `store_name` FROM `wb_store` WHERE  `id` = 0 LIMIT 1 [ RunTime:0.000165s ]
[ sql ] [ SQL ] SELECT `nickname` FROM `wb_user` WHERE (  `id` = 1 ) AND `wb_user`.`isdel` IS NULL LIMIT 1 [ RunTime:0.000105s ]
[ sql ] [ SQL ] SELECT `id`,`name`,`parent_id`,`postal_code` FROM `wb_area` WHERE  `id` = 150525 LIMIT 1 [ RunTime:0.000096s ]
[ sql ] [ SQL ] SELECT `id`,`name`,`parent_id`,`postal_code` FROM `wb_area` WHERE  `parent_id` = 150500 [ RunTime:0.000679s ]
[ sql ] [ SQL ] SELECT `id`,`name`,`parent_id`,`postal_code` FROM `wb_area` WHERE  `id` = 150500 LIMIT 1 [ RunTime:0.000183s ]
[ sql ] [ SQL ] SELECT `id`,`name`,`parent_id`,`postal_code` FROM `wb_area` WHERE  `parent_id` = 150000 [ RunTime:0.000748s ]
[ sql ] [ SQL ] SELECT `id`,`name`,`parent_id`,`postal_code` FROM `wb_area` WHERE  `id` = 150000 LIMIT 1 [ RunTime:0.000138s ]
[ sql ] [ SQL ] SELECT `id`,`name`,`parent_id`,`postal_code` FROM `wb_area` WHERE  `parent_id` = 0 [ RunTime:0.000640s ]
[ sql ] [ SQL ] SELECT `store_name` FROM `wb_store` WHERE  `id` = 0 LIMIT 1 [ RunTime:0.000093s ]
---------------------------------------------------------------
[2026-04-01T14:47:41+08:00] 127.0.0.1 GET www.jiwankang.com/manage
[运行时间：0.034549s] [吞吐率：28.94req/s] [内存消耗：4,603.95kb] [文件加载：110]
[ info ] [ LANG ] E:\wwwroot\2026\04\jiwankang\thinkphp\lang\zh-cn.php
[ info ] [ ROUTE ] array (
)
[ info ] [ HEADER ] array (
  'upgrade-insecure-requests' => '1',
  'referer' => 'http://www.jiwankang.com/manage/common/login.html',
  'cookie' => 'PHPSESSID=6ge3q9cob417ort2dkkl8j63da',
  'cache-control' => 'max-age=0',
  'accept-language' => 'zh-CN,zh;q=0.9',
  'accept-encoding' => 'gzip, deflate',
  'accept' => 'text/html,application/xhtml+xml,application/xml;q=0.9,image/avif,image/webp,image/apng,*/*;q=0.8,application/signed-exchange;v=b3;q=0.7',
  'user-agent' => 'Mozilla/5.0 (Windows NT 10.0; Win64; x64) AppleWebKit/537.36 (KHTML, like Gecko) Chrome/146.0.0.0 Safari/537.36',
  'host' => 'www.jiwankang.com',
  'content-length' => '',
  'content-type' => '',
)
[ info ] [ PARAM ] array (
)
[ info ] [ DB ] INIT mysql
[ info ] [ VIEW ] E:\wwwroot\2026\04\jiwankang\application\manage\view\index\index.html [ array (
  0 => 'params',
  1 => 'jshopHost',
  2 => 'shop_name',
  3 => 'menu',
  4 => 'kefu',
) ]
[ sql ] [ DB ] CONNECT:[ UseTime:0.000969s ] mysql:host=127.0.0.1;port=3306;dbname=jiwankang;charset=utf8mb4
[ sql ] [ SQL ] SHOW COLUMNS FROM `wb_setting` [ RunTime:0.000497s ]
[ sql ] [ SQL ] SELECT * FROM `wb_setting` WHERE  `skey` = 'shop_name' LIMIT 1 [ RunTime:0.000280s ]
[ sql ] [ SQL ] SELECT * FROM `wb_setting` WHERE  `skey` = 'ent_id' LIMIT 1 [ RunTime:0.000342s ]
[ error ] [8]未定义数组索引: selected[E:\wwwroot\2026\04\jiwankang\runtime\temp\0ebc0da97c722c413af6448a150993b9.php:118]
[ error ] [8]未定义数组索引: selected[E:\wwwroot\2026\04\jiwankang\runtime\temp\0ebc0da97c722c413af6448a150993b9.php:118]
[ error ] [8]未定义数组索引: selected[E:\wwwroot\2026\04\jiwankang\runtime\temp\0ebc0da97c722c413af6448a150993b9.php:118]
[ error ] [8]未定义数组索引: selected[E:\wwwroot\2026\04\jiwankang\runtime\temp\0ebc0da97c722c413af6448a150993b9.php:118]
[ error ] [8]未定义数组索引: selected[E:\wwwroot\2026\04\jiwankang\runtime\temp\0ebc0da97c722c413af6448a150993b9.php:118]
[ error ] [8]未定义数组索引: selected[E:\wwwroot\2026\04\jiwankang\runtime\temp\0ebc0da97c722c413af6448a150993b9.php:118]
[ error ] [8]未定义数组索引: selected[E:\wwwroot\2026\04\jiwankang\runtime\temp\0ebc0da97c722c413af6448a150993b9.php:118]
[ error ] [8]未定义数组索引: selected[E:\wwwroot\2026\04\jiwankang\runtime\temp\0ebc0da97c722c413af6448a150993b9.php:118]
[ error ] [8]未定义数组索引: selected[E:\wwwroot\2026\04\jiwankang\runtime\temp\0ebc0da97c722c413af6448a150993b9.php:118]
[ error ] [8]未定义数组索引: selected[E:\wwwroot\2026\04\jiwankang\runtime\temp\0ebc0da97c722c413af6448a150993b9.php:118]
[ error ] [8]未定义数组索引: selected[E:\wwwroot\2026\04\jiwankang\runtime\temp\0ebc0da97c722c413af6448a150993b9.php:118]
[ error ] [8]未定义数组索引: selected[E:\wwwroot\2026\04\jiwankang\runtime\temp\0ebc0da97c722c413af6448a150993b9.php:118]
[ error ] [8]未定义数组索引: selected[E:\wwwroot\2026\04\jiwankang\runtime\temp\0ebc0da97c722c413af6448a150993b9.php:118]
[ error ] [8]未定义数组索引: selected[E:\wwwroot\2026\04\jiwankang\runtime\temp\0ebc0da97c722c413af6448a150993b9.php:118]
[ error ] [8]未定义数组索引: selected[E:\wwwroot\2026\04\jiwankang\runtime\temp\0ebc0da97c722c413af6448a150993b9.php:118]
[ error ] [8]未定义数组索引: selected[E:\wwwroot\2026\04\jiwankang\runtime\temp\0ebc0da97c722c413af6448a150993b9.php:118]
[ error ] [8]未定义数组索引: selected[E:\wwwroot\2026\04\jiwankang\runtime\temp\0ebc0da97c722c413af6448a150993b9.php:118]
[ error ] [8]未定义数组索引: selected[E:\wwwroot\2026\04\jiwankang\runtime\temp\0ebc0da97c722c413af6448a150993b9.php:118]
[ error ] [8]未定义数组索引: selected[E:\wwwroot\2026\04\jiwankang\runtime\temp\0ebc0da97c722c413af6448a150993b9.php:118]
[ error ] [8]未定义数组索引: selected[E:\wwwroot\2026\04\jiwankang\runtime\temp\0ebc0da97c722c413af6448a150993b9.php:118]
---------------------------------------------------------------
[2026-04-01T14:47:41+08:00] 127.0.0.1 GET www.jiwankang.com/manage/index/welcome.html
[运行时间：0.045850s] [吞吐率：21.81req/s] [内存消耗：5,491.36kb] [文件加载：115]
[ info ] [ LANG ] E:\wwwroot\2026\04\jiwankang\thinkphp\lang\zh-cn.php
[ info ] [ ROUTE ] array (
)
[ info ] [ HEADER ] array (
  'upgrade-insecure-requests' => '1',
  'referer' => 'http://www.jiwankang.com/manage',
  'cookie' => 'PHPSESSID=6ge3q9cob417ort2dkkl8j63da',
  'accept-language' => 'zh-CN,zh;q=0.9',
  'accept-encoding' => 'gzip, deflate',
  'accept' => 'text/html,application/xhtml+xml,application/xml;q=0.9,image/avif,image/webp,image/apng,*/*;q=0.8,application/signed-exchange;v=b3;q=0.7',
  'user-agent' => 'Mozilla/5.0 (Windows NT 10.0; Win64; x64) AppleWebKit/537.36 (KHTML, like Gecko) Chrome/146.0.0.0 Safari/537.36',
  'host' => 'www.jiwankang.com',
  'content-length' => '',
  'content-type' => '',
)
[ info ] [ PARAM ] array (
)
[ info ] [ DB ] INIT mysql
[ info ] [ VIEW ] E:\wwwroot\2026\04\jiwankang\application\manage\view\index\welcome.html [ array (
  0 => 'params',
  1 => 'jshopHost',
  2 => 'shop_name',
  3 => 'unpaid_count',
  4 => 'unship_count',
  5 => 'after_sales_count',
  6 => 'goods_statics',
  7 => 'zijinchi',
  8 => 'todayTyOrder',
  9 => 'allTyOrder',
  10 => 'daibutie',
  11 => 'yibutie',
) ]
[ sql ] [ DB ] CONNECT:[ UseTime:0.001355s ] mysql:host=127.0.0.1;port=3306;dbname=jiwankang;charset=utf8mb4
[ sql ] [ SQL ] SHOW COLUMNS FROM `wb_setting` [ RunTime:0.000467s ]
[ sql ] [ SQL ] SELECT * FROM `wb_setting` WHERE  `skey` = 'shop_name' LIMIT 1 [ RunTime:0.000198s ]
[ sql ] [ SQL ] SHOW COLUMNS FROM `wb_order` [ RunTime:0.001271s ]
[ sql ] [ SQL ] SELECT COUNT(*) AS tp_count FROM `wb_order` WHERE (  `status` = 1  AND `pay_status` = 1  AND `ship_status` = 1 ) AND `wb_order`.`isdel` IS NULL LIMIT 1 [ RunTime:0.000231s ]
[ sql ] [ SQL ] SELECT COUNT(*) AS tp_count FROM `wb_order` WHERE (  `status` = 1  AND `pay_status` = 2  AND `ship_status` IN (1,2) ) AND `wb_order`.`isdel` IS NULL LIMIT 1 [ RunTime:0.000108s ]
[ sql ] [ SQL ] SHOW COLUMNS FROM `wb_bill_aftersales` [ RunTime:0.001277s ]
[ sql ] [ SQL ] SELECT COUNT(*) AS tp_count FROM `wb_bill_aftersales` WHERE  `status` = 1 LIMIT 1 [ RunTime:0.000227s ]
[ sql ] [ SQL ] SELECT * FROM `wb_setting` WHERE  `skey` = 'shop_name' LIMIT 1 [ RunTime:0.000152s ]
[ sql ] [ SQL ] SHOW COLUMNS FROM `wb_goods` [ RunTime:0.000488s ]
[ sql ] [ SQL ] SELECT COUNT(`id`) AS tp_count FROM `wb_goods` LIMIT 1 [ RunTime:0.000121s ]
[ sql ] [ SQL ] SELECT COUNT(`id`) AS tp_count FROM `wb_goods` WHERE  `marketable` = 1 LIMIT 1 [ RunTime:0.000098s ]
[ sql ] [ SQL ] SELECT COUNT(`id`) AS tp_count FROM `wb_goods` WHERE  `marketable` = 2 LIMIT 1 [ RunTime:0.000076s ]
[ sql ] [ SQL ] SELECT * FROM `wb_setting` WHERE  `skey` = 'goods_stocks_warn' LIMIT 1 [ RunTime:0.000092s ]
[ sql ] [ SQL ] SHOW COLUMNS FROM `wb_products` [ RunTime:0.000331s ]
[ sql ] [ SQL ] SELECT COUNT(*) AS tp_count FROM ( SELECT count(id) AS think_count FROM `wb_products` WHERE  ( IF(stock < freeze_stock, 0, stock - freeze_stock)<10 ) GROUP BY `goods_id` ) `_group_count_` LIMIT 1 [ RunTime:0.000215s ]
[ sql ] [ SQL ] SHOW COLUMNS FROM `wb_money` [ RunTime:0.000597s ]
[ sql ] [ SQL ] SELECT `money` FROM `wb_money` WHERE  `type` = 1 LIMIT 1 [ RunTime:0.000117s ]
[ sql ] [ SQL ] SELECT SUM(`payed`) AS tp_sum FROM `wb_order` WHERE (  `status` < 3  AND `pay_status` = 2  AND `ctime` BETWEEN 1774972800 AND 1775059200 ) AND `wb_order`.`isdel` IS NULL LIMIT 1 [ RunTime:0.000136s ]
[ sql ] [ SQL ] SELECT SUM(`payed`) AS tp_sum FROM `wb_order` WHERE (  `status` < 3  AND `pay_status` = 2 ) AND `wb_order`.`isdel` IS NULL LIMIT 1 [ RunTime:0.000210s ]
[ sql ] [ SQL ] SHOW COLUMNS FROM `wb_user` [ RunTime:0.000353s ]
[ sql ] [ SQL ] SELECT SUM(`butie`) AS tp_sum FROM `wb_user` WHERE `wb_user`.`isdel` IS NULL LIMIT 1 [ RunTime:0.000108s ]
[ sql ] [ SQL ] SELECT SUM(`ybuite`) AS tp_sum FROM `wb_user` WHERE `wb_user`.`isdel` IS NULL LIMIT 1 [ RunTime:0.000076s ]
---------------------------------------------------------------
[2026-04-01T14:47:41+08:00] 127.0.0.1 GET www.jiwankang.com/manage/user/statistics.html
[运行时间：0.039122s] [吞吐率：25.56req/s] [内存消耗：5,023.93kb] [文件加载：111]
[ info ] [ LANG ] E:\wwwroot\2026\04\jiwankang\thinkphp\lang\zh-cn.php
[ info ] [ ROUTE ] array (
)
[ info ] [ HEADER ] array (
  'x-requested-with' => 'XMLHttpRequest',
  'referer' => 'http://www.jiwankang.com/manage/index/welcome.html',
  'cookie' => 'PHPSESSID=6ge3q9cob417ort2dkkl8j63da',
  'accept-language' => 'zh-CN,zh;q=0.9',
  'accept-encoding' => 'gzip, deflate',
  'accept' => '*/*',
  'user-agent' => 'Mozilla/5.0 (Windows NT 10.0; Win64; x64) AppleWebKit/537.36 (KHTML, like Gecko) Chrome/146.0.0.0 Safari/537.36',
  'host' => 'www.jiwankang.com',
  'content-length' => '',
  'content-type' => '',
)
[ info ] [ PARAM ] array (
)
[ info ] [ DB ] INIT mysql
[ sql ] [ DB ] CONNECT:[ UseTime:0.001011s ] mysql:host=127.0.0.1;port=3306;dbname=jiwankang;charset=utf8mb4
[ sql ] [ SQL ] SHOW COLUMNS FROM `wb_setting` [ RunTime:0.000497s ]
[ sql ] [ SQL ] SELECT * FROM `wb_setting` WHERE  `skey` = 'shop_name' LIMIT 1 [ RunTime:0.000270s ]
[ sql ] [ SQL ] SHOW COLUMNS FROM `wb_user` [ RunTime:0.000436s ]
[ sql ] [ SQL ] SELECT DATE_FORMAT(from_unixtime(ctime),"%Y-%m-%d") as day, count(*) as nums FROM `wb_user` WHERE (  `ctime` > 1774421261  AND ( TIMESTAMPDIFF(DAY,from_unixtime(ctime),now()) <7 ) ) AND `wb_user`.`isdel` IS NULL GROUP BY DATE_FORMAT(from_unixtime(ctime),"%Y-%m-%d") [ RunTime:0.000199s ]
[ sql ] [ SQL ] SHOW COLUMNS FROM `wb_order` [ RunTime:0.000538s ]
[ sql ] [ SQL ] SELECT COUNT(*) AS tp_count FROM ( SELECT count(*) AS think_count FROM `wb_order` WHERE (  `ctime` < 1775026061  AND `ctime` >= 1774972800 ) AND `wb_order`.`isdel` IS NULL GROUP BY `user_id` ) `_group_count_` LIMIT 1 [ RunTime:0.000404s ]
[ sql ] [ SQL ] SELECT COUNT(*) AS tp_count FROM ( SELECT count(*) AS think_count FROM `wb_order` WHERE (  `ctime` < 1774972799  AND `ctime` >= 1774886400 ) AND `wb_order`.`isdel` IS NULL GROUP BY `user_id` ) `_group_count_` LIMIT 1 [ RunTime:0.000412s ]
[ sql ] [ SQL ] SELECT COUNT(*) AS tp_count FROM ( SELECT count(*) AS think_count FROM `wb_order` WHERE (  `ctime` < 1774886399  AND `ctime` >= 1774800000 ) AND `wb_order`.`isdel` IS NULL GROUP BY `user_id` ) `_group_count_` LIMIT 1 [ RunTime:0.000273s ]
[ sql ] [ SQL ] SELECT COUNT(*) AS tp_count FROM ( SELECT count(*) AS think_count FROM `wb_order` WHERE (  `ctime` < 1774799999  AND `ctime` >= 1774713600 ) AND `wb_order`.`isdel` IS NULL GROUP BY `user_id` ) `_group_count_` LIMIT 1 [ RunTime:0.000286s ]
[ sql ] [ SQL ] SELECT COUNT(*) AS tp_count FROM ( SELECT count(*) AS think_count FROM `wb_order` WHERE (  `ctime` < 1774713599  AND `ctime` >= 1774627200 ) AND `wb_order`.`isdel` IS NULL GROUP BY `user_id` ) `_group_count_` LIMIT 1 [ RunTime:0.000364s ]
[ sql ] [ SQL ] SELECT COUNT(*) AS tp_count FROM ( SELECT count(*) AS think_count FROM `wb_order` WHERE (  `ctime` < 1774627199  AND `ctime` >= 1774540800 ) AND `wb_order`.`isdel` IS NULL GROUP BY `user_id` ) `_group_count_` LIMIT 1 [ RunTime:0.000343s ]
[ sql ] [ SQL ] SELECT COUNT(*) AS tp_count FROM ( SELECT count(*) AS think_count FROM `wb_order` WHERE (  `ctime` < 1774540799  AND `ctime` >= 1774454400 ) AND `wb_order`.`isdel` IS NULL GROUP BY `user_id` ) `_group_count_` LIMIT 1 [ RunTime:0.000292s ]
---------------------------------------------------------------
[2026-04-01T14:47:41+08:00] 127.0.0.1 GET www.jiwankang.com/manage/order/statistics.html
[运行时间：0.053716s] [吞吐率：18.62req/s] [内存消耗：4,694.27kb] [文件加载：110]
[ info ] [ LANG ] E:\wwwroot\2026\04\jiwankang\thinkphp\lang\zh-cn.php
[ info ] [ ROUTE ] array (
)
[ info ] [ HEADER ] array (
  'x-requested-with' => 'XMLHttpRequest',
  'referer' => 'http://www.jiwankang.com/manage/index/welcome.html',
  'cookie' => 'PHPSESSID=6ge3q9cob417ort2dkkl8j63da',
  'accept-language' => 'zh-CN,zh;q=0.9',
  'accept-encoding' => 'gzip, deflate',
  'accept' => '*/*',
  'user-agent' => 'Mozilla/5.0 (Windows NT 10.0; Win64; x64) AppleWebKit/537.36 (KHTML, like Gecko) Chrome/146.0.0.0 Safari/537.36',
  'host' => 'www.jiwankang.com',
  'content-length' => '',
  'content-type' => '',
)
[ info ] [ PARAM ] array (
)
[ info ] [ DB ] INIT mysql
[ sql ] [ DB ] CONNECT:[ UseTime:0.000742s ] mysql:host=127.0.0.1;port=3306;dbname=jiwankang;charset=utf8mb4
[ sql ] [ SQL ] SHOW COLUMNS FROM `wb_setting` [ RunTime:0.000453s ]
[ sql ] [ SQL ] SELECT * FROM `wb_setting` WHERE  `skey` = 'shop_name' LIMIT 1 [ RunTime:0.000152s ]
[ sql ] [ SQL ] SHOW COLUMNS FROM `wb_bill_payments` [ RunTime:0.000450s ]
[ sql ] [ SQL ] SELECT count(1) AS `nums`,DATE_FORMAT(FROM_UNIXTIME(ctime),"%Y-%m-%d") AS `day` FROM `wb_bill_payments` WHERE  `status` = 2  AND `type` = 1  AND ( FROM_UNIXTIME(ctime) >= 2026-03-25 ) GROUP BY DATE_FORMAT(FROM_UNIXTIME(ctime),"%Y-%m-%d") [ RunTime:0.000285s ]
[ sql ] [ SQL ] SHOW COLUMNS FROM `wb_bill_delivery` [ RunTime:0.000409s ]
[ sql ] [ SQL ] SELECT count(1) AS `nums`,DATE_FORMAT(FROM_UNIXTIME(ctime),"%Y-%m-%d") AS `day` FROM `wb_bill_delivery` WHERE  ( FROM_UNIXTIME(ctime) >= 2026-03-25 ) GROUP BY DATE_FORMAT(FROM_UNIXTIME(ctime),"%Y-%m-%d") [ RunTime:0.000264s ]
---------------------------------------------------------------
[2026-04-01T14:47:41+08:00] 127.0.0.1 GET www.jiwankang.com/manage/administrator/userloglist/state/1.html
[运行时间：0.066799s] [吞吐率：14.97req/s] [内存消耗：4,570.61kb] [文件加载：110]
[ info ] [ LANG ] E:\wwwroot\2026\04\jiwankang\thinkphp\lang\zh-cn.php
[ info ] [ ROUTE ] array (
)
[ info ] [ HEADER ] array (
  'x-requested-with' => 'XMLHttpRequest',
  'referer' => 'http://www.jiwankang.com/manage/index/welcome.html',
  'cookie' => 'PHPSESSID=6ge3q9cob417ort2dkkl8j63da',
  'accept-language' => 'zh-CN,zh;q=0.9',
  'accept-encoding' => 'gzip, deflate',
  'accept' => '*/*',
  'user-agent' => 'Mozilla/5.0 (Windows NT 10.0; Win64; x64) AppleWebKit/537.36 (KHTML, like Gecko) Chrome/146.0.0.0 Safari/537.36',
  'host' => 'www.jiwankang.com',
  'content-length' => '',
  'content-type' => '',
)
[ info ] [ PARAM ] array (
  'state' => '1',
)
[ info ] [ DB ] INIT mysql
[ sql ] [ DB ] CONNECT:[ UseTime:0.001288s ] mysql:host=127.0.0.1;port=3306;dbname=jiwankang;charset=utf8mb4
[ sql ] [ SQL ] SHOW COLUMNS FROM `wb_setting` [ RunTime:0.000610s ]
[ sql ] [ SQL ] SELECT * FROM `wb_setting` WHERE  `skey` = 'shop_name' LIMIT 1 [ RunTime:0.000195s ]
[ sql ] [ SQL ] SHOW COLUMNS FROM `wb_user_log` [ RunTime:0.000897s ]
[ sql ] [ SQL ] SELECT COUNT(*) AS tp_count FROM `wb_user_log` WHERE  `state` = 1  AND `type` = 2 LIMIT 1 [ RunTime:0.000139s ]
[ sql ] [ SQL ] SELECT * FROM `wb_user_log` WHERE  `state` = 1  AND `type` = 2 ORDER BY `ctime` DESC LIMIT 0,10 [ RunTime:0.000130s ]
[ sql ] [ SQL ] SHOW COLUMNS FROM `wb_manage` [ RunTime:0.000875s ]
[ sql ] [ SQL ] SELECT `id`,`username`,`nickname`,`mobile` FROM `wb_manage` WHERE  `id` = 13 LIMIT 1 [ RunTime:0.000120s ]
[ sql ] [ SQL ] SELECT `id`,`username`,`nickname`,`mobile` FROM `wb_manage` WHERE  `id` = 13 LIMIT 1 [ RunTime:0.000082s ]
[ sql ] [ SQL ] SELECT `id`,`username`,`nickname`,`mobile` FROM `wb_manage` WHERE  `id` = 13 LIMIT 1 [ RunTime:0.000119s ]
[ sql ] [ SQL ] SELECT `id`,`username`,`nickname`,`mobile` FROM `wb_manage` WHERE  `id` = 13 LIMIT 1 [ RunTime:0.000082s ]
---------------------------------------------------------------
[2026-04-01T14:47:41+08:00] 127.0.0.1 GET www.jiwankang.com/manage/operation_log/getlastlog.html
[运行时间：0.079866s] [吞吐率：12.52req/s] [内存消耗：4,525.98kb] [文件加载：110]
[ info ] [ LANG ] E:\wwwroot\2026\04\jiwankang\thinkphp\lang\zh-cn.php
[ info ] [ ROUTE ] array (
)
[ info ] [ HEADER ] array (
  'x-requested-with' => 'XMLHttpRequest',
  'referer' => 'http://www.jiwankang.com/manage/index/welcome.html',
  'cookie' => 'PHPSESSID=6ge3q9cob417ort2dkkl8j63da',
  'accept-language' => 'zh-CN,zh;q=0.9',
  'accept-encoding' => 'gzip, deflate',
  'accept' => 'application/json, text/javascript, */*; q=0.01',
  'user-agent' => 'Mozilla/5.0 (Windows NT 10.0; Win64; x64) AppleWebKit/537.36 (KHTML, like Gecko) Chrome/146.0.0.0 Safari/537.36',
  'host' => 'www.jiwankang.com',
  'content-length' => '',
  'content-type' => '',
)
[ info ] [ PARAM ] array (
)
[ info ] [ DB ] INIT mysql
[ sql ] [ DB ] CONNECT:[ UseTime:0.000829s ] mysql:host=127.0.0.1;port=3306;dbname=jiwankang;charset=utf8mb4
[ sql ] [ SQL ] SHOW COLUMNS FROM `wb_setting` [ RunTime:0.000582s ]
[ sql ] [ SQL ] SELECT * FROM `wb_setting` WHERE  `skey` = 'shop_name' LIMIT 1 [ RunTime:0.000156s ]
[ sql ] [ SQL ] SHOW COLUMNS FROM `wb_operation_log` [ RunTime:0.001246s ]
[ sql ] [ SQL ] SELECT COUNT(*) AS tp_count FROM `wb_operation_log` LIMIT 1 [ RunTime:0.000250s ]
[ sql ] [ SQL ] SELECT * FROM `wb_operation_log` ORDER BY `id` DESC LIMIT 0,10 [ RunTime:0.000172s ]
[ sql ] [ SQL ] SHOW COLUMNS FROM `wb_manage` [ RunTime:0.001043s ]
[ sql ] [ SQL ] SELECT * FROM `wb_manage` WHERE  `id` = 13 LIMIT 1 [ RunTime:0.000244s ]
[ sql ] [ SQL ] SELECT * FROM `wb_manage` WHERE  `id` = 13 LIMIT 1 [ RunTime:0.000160s ]
[ sql ] [ SQL ] SELECT * FROM `wb_manage` WHERE  `id` = 13 LIMIT 1 [ RunTime:0.000079s ]
[ sql ] [ SQL ] SELECT * FROM `wb_manage` WHERE  `id` = 13 LIMIT 1 [ RunTime:0.000074s ]
[ sql ] [ SQL ] SELECT * FROM `wb_manage` WHERE  `id` = 13 LIMIT 1 [ RunTime:0.000072s ]
[ sql ] [ SQL ] SELECT * FROM `wb_manage` WHERE  `id` = 13 LIMIT 1 [ RunTime:0.000242s ]
[ sql ] [ SQL ] SELECT * FROM `wb_manage` WHERE  `id` = 13 LIMIT 1 [ RunTime:0.000211s ]
[ sql ] [ SQL ] SELECT * FROM `wb_manage` WHERE  `id` = 13 LIMIT 1 [ RunTime:0.000194s ]
[ sql ] [ SQL ] SELECT * FROM `wb_manage` WHERE  `id` = 13 LIMIT 1 [ RunTime:0.000182s ]
[ sql ] [ SQL ] SELECT * FROM `wb_manage` WHERE  `id` = 13 LIMIT 1 [ RunTime:0.000184s ]
---------------------------------------------------------------
[2026-04-01T14:48:47+08:00] 127.0.0.1 GET www.jiwankang.com/manage
[运行时间：0.037050s] [吞吐率：26.99req/s] [内存消耗：4,603.95kb] [文件加载：110]
[ info ] [ LANG ] E:\wwwroot\2026\04\jiwankang\thinkphp\lang\zh-cn.php
[ info ] [ ROUTE ] array (
)
[ info ] [ HEADER ] array (
  'upgrade-insecure-requests' => '1',
  'referer' => 'http://www.jiwankang.com/manage/common/login.html',
  'cookie' => 'PHPSESSID=6ge3q9cob417ort2dkkl8j63da',
  'cache-control' => 'max-age=0',
  'accept-language' => 'zh-CN,zh;q=0.9',
  'accept-encoding' => 'gzip, deflate',
  'accept' => 'text/html,application/xhtml+xml,application/xml;q=0.9,image/avif,image/webp,image/apng,*/*;q=0.8,application/signed-exchange;v=b3;q=0.7',
  'user-agent' => 'Mozilla/5.0 (Windows NT 10.0; Win64; x64) AppleWebKit/537.36 (KHTML, like Gecko) Chrome/146.0.0.0 Safari/537.36',
  'host' => 'www.jiwankang.com',
  'content-length' => '',
  'content-type' => '',
)
[ info ] [ PARAM ] array (
)
[ info ] [ DB ] INIT mysql
[ info ] [ VIEW ] E:\wwwroot\2026\04\jiwankang\application\manage\view\index\index.html [ array (
  0 => 'params',
  1 => 'jshopHost',
  2 => 'shop_name',
  3 => 'menu',
  4 => 'kefu',
) ]
[ sql ] [ DB ] CONNECT:[ UseTime:0.001040s ] mysql:host=127.0.0.1;port=3306;dbname=jiwankang;charset=utf8mb4
[ sql ] [ SQL ] SHOW COLUMNS FROM `wb_setting` [ RunTime:0.000639s ]
[ sql ] [ SQL ] SELECT * FROM `wb_setting` WHERE  `skey` = 'shop_name' LIMIT 1 [ RunTime:0.000223s ]
[ sql ] [ SQL ] SELECT * FROM `wb_setting` WHERE  `skey` = 'ent_id' LIMIT 1 [ RunTime:0.000304s ]
[ error ] [8]未定义数组索引: selected[E:\wwwroot\2026\04\jiwankang\runtime\temp\0ebc0da97c722c413af6448a150993b9.php:118]
[ error ] [8]未定义数组索引: selected[E:\wwwroot\2026\04\jiwankang\runtime\temp\0ebc0da97c722c413af6448a150993b9.php:118]
[ error ] [8]未定义数组索引: selected[E:\wwwroot\2026\04\jiwankang\runtime\temp\0ebc0da97c722c413af6448a150993b9.php:118]
[ error ] [8]未定义数组索引: selected[E:\wwwroot\2026\04\jiwankang\runtime\temp\0ebc0da97c722c413af6448a150993b9.php:118]
[ error ] [8]未定义数组索引: selected[E:\wwwroot\2026\04\jiwankang\runtime\temp\0ebc0da97c722c413af6448a150993b9.php:118]
[ error ] [8]未定义数组索引: selected[E:\wwwroot\2026\04\jiwankang\runtime\temp\0ebc0da97c722c413af6448a150993b9.php:118]
[ error ] [8]未定义数组索引: selected[E:\wwwroot\2026\04\jiwankang\runtime\temp\0ebc0da97c722c413af6448a150993b9.php:118]
[ error ] [8]未定义数组索引: selected[E:\wwwroot\2026\04\jiwankang\runtime\temp\0ebc0da97c722c413af6448a150993b9.php:118]
[ error ] [8]未定义数组索引: selected[E:\wwwroot\2026\04\jiwankang\runtime\temp\0ebc0da97c722c413af6448a150993b9.php:118]
[ error ] [8]未定义数组索引: selected[E:\wwwroot\2026\04\jiwankang\runtime\temp\0ebc0da97c722c413af6448a150993b9.php:118]
[ error ] [8]未定义数组索引: selected[E:\wwwroot\2026\04\jiwankang\runtime\temp\0ebc0da97c722c413af6448a150993b9.php:118]
[ error ] [8]未定义数组索引: selected[E:\wwwroot\2026\04\jiwankang\runtime\temp\0ebc0da97c722c413af6448a150993b9.php:118]
[ error ] [8]未定义数组索引: selected[E:\wwwroot\2026\04\jiwankang\runtime\temp\0ebc0da97c722c413af6448a150993b9.php:118]
[ error ] [8]未定义数组索引: selected[E:\wwwroot\2026\04\jiwankang\runtime\temp\0ebc0da97c722c413af6448a150993b9.php:118]
[ error ] [8]未定义数组索引: selected[E:\wwwroot\2026\04\jiwankang\runtime\temp\0ebc0da97c722c413af6448a150993b9.php:118]
[ error ] [8]未定义数组索引: selected[E:\wwwroot\2026\04\jiwankang\runtime\temp\0ebc0da97c722c413af6448a150993b9.php:118]
[ error ] [8]未定义数组索引: selected[E:\wwwroot\2026\04\jiwankang\runtime\temp\0ebc0da97c722c413af6448a150993b9.php:118]
[ error ] [8]未定义数组索引: selected[E:\wwwroot\2026\04\jiwankang\runtime\temp\0ebc0da97c722c413af6448a150993b9.php:118]
[ error ] [8]未定义数组索引: selected[E:\wwwroot\2026\04\jiwankang\runtime\temp\0ebc0da97c722c413af6448a150993b9.php:118]
[ error ] [8]未定义数组索引: selected[E:\wwwroot\2026\04\jiwankang\runtime\temp\0ebc0da97c722c413af6448a150993b9.php:118]
---------------------------------------------------------------
[2026-04-01T14:48:47+08:00] 127.0.0.1 GET www.jiwankang.com/manage/index/welcome.html
[运行时间：0.047214s] [吞吐率：21.18req/s] [内存消耗：5,491.36kb] [文件加载：115]
[ info ] [ LANG ] E:\wwwroot\2026\04\jiwankang\thinkphp\lang\zh-cn.php
[ info ] [ ROUTE ] array (
)
[ info ] [ HEADER ] array (
  'upgrade-insecure-requests' => '1',
  'referer' => 'http://www.jiwankang.com/manage',
  'cookie' => 'PHPSESSID=6ge3q9cob417ort2dkkl8j63da',
  'accept-language' => 'zh-CN,zh;q=0.9',
  'accept-encoding' => 'gzip, deflate',
  'accept' => 'text/html,application/xhtml+xml,application/xml;q=0.9,image/avif,image/webp,image/apng,*/*;q=0.8,application/signed-exchange;v=b3;q=0.7',
  'user-agent' => 'Mozilla/5.0 (Windows NT 10.0; Win64; x64) AppleWebKit/537.36 (KHTML, like Gecko) Chrome/146.0.0.0 Safari/537.36',
  'host' => 'www.jiwankang.com',
  'content-length' => '',
  'content-type' => '',
)
[ info ] [ PARAM ] array (
)
[ info ] [ DB ] INIT mysql
[ info ] [ VIEW ] E:\wwwroot\2026\04\jiwankang\application\manage\view\index\welcome.html [ array (
  0 => 'params',
  1 => 'jshopHost',
  2 => 'shop_name',
  3 => 'unpaid_count',
  4 => 'unship_count',
  5 => 'after_sales_count',
  6 => 'goods_statics',
  7 => 'zijinchi',
  8 => 'todayTyOrder',
  9 => 'allTyOrder',
  10 => 'daibutie',
  11 => 'yibutie',
) ]
[ sql ] [ DB ] CONNECT:[ UseTime:0.000737s ] mysql:host=127.0.0.1;port=3306;dbname=jiwankang;charset=utf8mb4
[ sql ] [ SQL ] SHOW COLUMNS FROM `wb_setting` [ RunTime:0.000503s ]
[ sql ] [ SQL ] SELECT * FROM `wb_setting` WHERE  `skey` = 'shop_name' LIMIT 1 [ RunTime:0.000207s ]
[ sql ] [ SQL ] SHOW COLUMNS FROM `wb_order` [ RunTime:0.000418s ]
[ sql ] [ SQL ] SELECT COUNT(*) AS tp_count FROM `wb_order` WHERE (  `status` = 1  AND `pay_status` = 1  AND `ship_status` = 1 ) AND `wb_order`.`isdel` IS NULL LIMIT 1 [ RunTime:0.000156s ]
[ sql ] [ SQL ] SELECT COUNT(*) AS tp_count FROM `wb_order` WHERE (  `status` = 1  AND `pay_status` = 2  AND `ship_status` IN (1,2) ) AND `wb_order`.`isdel` IS NULL LIMIT 1 [ RunTime:0.000102s ]
[ sql ] [ SQL ] SHOW COLUMNS FROM `wb_bill_aftersales` [ RunTime:0.001138s ]
[ sql ] [ SQL ] SELECT COUNT(*) AS tp_count FROM `wb_bill_aftersales` WHERE  `status` = 1 LIMIT 1 [ RunTime:0.000288s ]
[ sql ] [ SQL ] SELECT * FROM `wb_setting` WHERE  `skey` = 'shop_name' LIMIT 1 [ RunTime:0.000327s ]
[ sql ] [ SQL ] SHOW COLUMNS FROM `wb_goods` [ RunTime:0.000437s ]
[ sql ] [ SQL ] SELECT COUNT(`id`) AS tp_count FROM `wb_goods` LIMIT 1 [ RunTime:0.000106s ]
[ sql ] [ SQL ] SELECT COUNT(`id`) AS tp_count FROM `wb_goods` WHERE  `marketable` = 1 LIMIT 1 [ RunTime:0.000091s ]
[ sql ] [ SQL ] SELECT COUNT(`id`) AS tp_count FROM `wb_goods` WHERE  `marketable` = 2 LIMIT 1 [ RunTime:0.000071s ]
[ sql ] [ SQL ] SELECT * FROM `wb_setting` WHERE  `skey` = 'goods_stocks_warn' LIMIT 1 [ RunTime:0.000158s ]
[ sql ] [ SQL ] SHOW COLUMNS FROM `wb_products` [ RunTime:0.000467s ]
[ sql ] [ SQL ] SELECT COUNT(*) AS tp_count FROM ( SELECT count(id) AS think_count FROM `wb_products` WHERE  ( IF(stock < freeze_stock, 0, stock - freeze_stock)<10 ) GROUP BY `goods_id` ) `_group_count_` LIMIT 1 [ RunTime:0.000250s ]
[ sql ] [ SQL ] SHOW COLUMNS FROM `wb_money` [ RunTime:0.000467s ]
[ sql ] [ SQL ] SELECT `money` FROM `wb_money` WHERE  `type` = 1 LIMIT 1 [ RunTime:0.000147s ]
[ sql ] [ SQL ] SELECT SUM(`payed`) AS tp_sum FROM `wb_order` WHERE (  `status` < 3  AND `pay_status` = 2  AND `ctime` BETWEEN 1774972800 AND 1775059200 ) AND `wb_order`.`isdel` IS NULL LIMIT 1 [ RunTime:0.000146s ]
[ sql ] [ SQL ] SELECT SUM(`payed`) AS tp_sum FROM `wb_order` WHERE (  `status` < 3  AND `pay_status` = 2 ) AND `wb_order`.`isdel` IS NULL LIMIT 1 [ RunTime:0.000093s ]
[ sql ] [ SQL ] SHOW COLUMNS FROM `wb_user` [ RunTime:0.000336s ]
[ sql ] [ SQL ] SELECT SUM(`butie`) AS tp_sum FROM `wb_user` WHERE `wb_user`.`isdel` IS NULL LIMIT 1 [ RunTime:0.000097s ]
[ sql ] [ SQL ] SELECT SUM(`ybuite`) AS tp_sum FROM `wb_user` WHERE `wb_user`.`isdel` IS NULL LIMIT 1 [ RunTime:0.000071s ]
---------------------------------------------------------------
[2026-04-01T14:48:47+08:00] 127.0.0.1 GET www.jiwankang.com/manage/administrator/userloglist/state/1.html
[运行时间：0.039160s] [吞吐率：25.54req/s] [内存消耗：4,570.61kb] [文件加载：110]
[ info ] [ LANG ] E:\wwwroot\2026\04\jiwankang\thinkphp\lang\zh-cn.php
[ info ] [ ROUTE ] array (
)
[ info ] [ HEADER ] array (
  'x-requested-with' => 'XMLHttpRequest',
  'referer' => 'http://www.jiwankang.com/manage/index/welcome.html',
  'cookie' => 'PHPSESSID=6ge3q9cob417ort2dkkl8j63da',
  'accept-language' => 'zh-CN,zh;q=0.9',
  'accept-encoding' => 'gzip, deflate',
  'accept' => '*/*',
  'user-agent' => 'Mozilla/5.0 (Windows NT 10.0; Win64; x64) AppleWebKit/537.36 (KHTML, like Gecko) Chrome/146.0.0.0 Safari/537.36',
  'host' => 'www.jiwankang.com',
  'content-length' => '',
  'content-type' => '',
)
[ info ] [ PARAM ] array (
  'state' => '1',
)
[ info ] [ DB ] INIT mysql
[ sql ] [ DB ] CONNECT:[ UseTime:0.001213s ] mysql:host=127.0.0.1;port=3306;dbname=jiwankang;charset=utf8mb4
[ sql ] [ SQL ] SHOW COLUMNS FROM `wb_setting` [ RunTime:0.000638s ]
[ sql ] [ SQL ] SELECT * FROM `wb_setting` WHERE  `skey` = 'shop_name' LIMIT 1 [ RunTime:0.000225s ]
[ sql ] [ SQL ] SHOW COLUMNS FROM `wb_user_log` [ RunTime:0.000879s ]
[ sql ] [ SQL ] SELECT COUNT(*) AS tp_count FROM `wb_user_log` WHERE  `state` = 1  AND `type` = 2 LIMIT 1 [ RunTime:0.000216s ]
[ sql ] [ SQL ] SELECT * FROM `wb_user_log` WHERE  `state` = 1  AND `type` = 2 ORDER BY `ctime` DESC LIMIT 0,10 [ RunTime:0.000145s ]
[ sql ] [ SQL ] SHOW COLUMNS FROM `wb_manage` [ RunTime:0.000321s ]
[ sql ] [ SQL ] SELECT `id`,`username`,`nickname`,`mobile` FROM `wb_manage` WHERE  `id` = 13 LIMIT 1 [ RunTime:0.000114s ]
[ sql ] [ SQL ] SELECT `id`,`username`,`nickname`,`mobile` FROM `wb_manage` WHERE  `id` = 13 LIMIT 1 [ RunTime:0.000084s ]
[ sql ] [ SQL ] SELECT `id`,`username`,`nickname`,`mobile` FROM `wb_manage` WHERE  `id` = 13 LIMIT 1 [ RunTime:0.000075s ]
[ sql ] [ SQL ] SELECT `id`,`username`,`nickname`,`mobile` FROM `wb_manage` WHERE  `id` = 13 LIMIT 1 [ RunTime:0.000127s ]
---------------------------------------------------------------
[2026-04-01T14:48:47+08:00] 127.0.0.1 GET www.jiwankang.com/manage/operation_log/getlastlog.html
[运行时间：0.056004s] [吞吐率：17.86req/s] [内存消耗：4,525.98kb] [文件加载：110]
[ info ] [ LANG ] E:\wwwroot\2026\04\jiwankang\thinkphp\lang\zh-cn.php
[ info ] [ ROUTE ] array (
)
[ info ] [ HEADER ] array (
  'x-requested-with' => 'XMLHttpRequest',
  'referer' => 'http://www.jiwankang.com/manage/index/welcome.html',
  'cookie' => 'PHPSESSID=6ge3q9cob417ort2dkkl8j63da',
  'accept-language' => 'zh-CN,zh;q=0.9',
  'accept-encoding' => 'gzip, deflate',
  'accept' => 'application/json, text/javascript, */*; q=0.01',
  'user-agent' => 'Mozilla/5.0 (Windows NT 10.0; Win64; x64) AppleWebKit/537.36 (KHTML, like Gecko) Chrome/146.0.0.0 Safari/537.36',
  'host' => 'www.jiwankang.com',
  'content-length' => '',
  'content-type' => '',
)
[ info ] [ PARAM ] array (
)
[ info ] [ DB ] INIT mysql
[ sql ] [ DB ] CONNECT:[ UseTime:0.000941s ] mysql:host=127.0.0.1;port=3306;dbname=jiwankang;charset=utf8mb4
[ sql ] [ SQL ] SHOW COLUMNS FROM `wb_setting` [ RunTime:0.000775s ]
[ sql ] [ SQL ] SELECT * FROM `wb_setting` WHERE  `skey` = 'shop_name' LIMIT 1 [ RunTime:0.000251s ]
[ sql ] [ SQL ] SHOW COLUMNS FROM `wb_operation_log` [ RunTime:0.001153s ]
[ sql ] [ SQL ] SELECT COUNT(*) AS tp_count FROM `wb_operation_log` LIMIT 1 [ RunTime:0.000356s ]
[ sql ] [ SQL ] SELECT * FROM `wb_operation_log` ORDER BY `id` DESC LIMIT 0,10 [ RunTime:0.000283s ]
[ sql ] [ SQL ] SHOW COLUMNS FROM `wb_manage` [ RunTime:0.001068s ]
[ sql ] [ SQL ] SELECT * FROM `wb_manage` WHERE  `id` = 13 LIMIT 1 [ RunTime:0.000214s ]
[ sql ] [ SQL ] SELECT * FROM `wb_manage` WHERE  `id` = 13 LIMIT 1 [ RunTime:0.000115s ]
[ sql ] [ SQL ] SELECT * FROM `wb_manage` WHERE  `id` = 13 LIMIT 1 [ RunTime:0.000208s ]
[ sql ] [ SQL ] SELECT * FROM `wb_manage` WHERE  `id` = 13 LIMIT 1 [ RunTime:0.000249s ]
[ sql ] [ SQL ] SELECT * FROM `wb_manage` WHERE  `id` = 13 LIMIT 1 [ RunTime:0.000203s ]
[ sql ] [ SQL ] SELECT * FROM `wb_manage` WHERE  `id` = 13 LIMIT 1 [ RunTime:0.000231s ]
[ sql ] [ SQL ] SELECT * FROM `wb_manage` WHERE  `id` = 13 LIMIT 1 [ RunTime:0.000212s ]
[ sql ] [ SQL ] SELECT * FROM `wb_manage` WHERE  `id` = 13 LIMIT 1 [ RunTime:0.000217s ]
[ sql ] [ SQL ] SELECT * FROM `wb_manage` WHERE  `id` = 13 LIMIT 1 [ RunTime:0.000199s ]
[ sql ] [ SQL ] SELECT * FROM `wb_manage` WHERE  `id` = 13 LIMIT 1 [ RunTime:0.000151s ]
---------------------------------------------------------------
[2026-04-01T14:48:47+08:00] 127.0.0.1 GET www.jiwankang.com/manage/order/statistics.html
[运行时间：0.066098s] [吞吐率：15.13req/s] [内存消耗：4,694.27kb] [文件加载：110]
[ info ] [ LANG ] E:\wwwroot\2026\04\jiwankang\thinkphp\lang\zh-cn.php
[ info ] [ ROUTE ] array (
)
[ info ] [ HEADER ] array (
  'x-requested-with' => 'XMLHttpRequest',
  'referer' => 'http://www.jiwankang.com/manage/index/welcome.html',
  'cookie' => 'PHPSESSID=6ge3q9cob417ort2dkkl8j63da',
  'accept-language' => 'zh-CN,zh;q=0.9',
  'accept-encoding' => 'gzip, deflate',
  'accept' => '*/*',
  'user-agent' => 'Mozilla/5.0 (Windows NT 10.0; Win64; x64) AppleWebKit/537.36 (KHTML, like Gecko) Chrome/146.0.0.0 Safari/537.36',
  'host' => 'www.jiwankang.com',
  'content-length' => '',
  'content-type' => '',
)
[ info ] [ PARAM ] array (
)
[ info ] [ DB ] INIT mysql
[ sql ] [ DB ] CONNECT:[ UseTime:0.000640s ] mysql:host=127.0.0.1;port=3306;dbname=jiwankang;charset=utf8mb4
[ sql ] [ SQL ] SHOW COLUMNS FROM `wb_setting` [ RunTime:0.000407s ]
[ sql ] [ SQL ] SELECT * FROM `wb_setting` WHERE  `skey` = 'shop_name' LIMIT 1 [ RunTime:0.000139s ]
[ sql ] [ SQL ] SHOW COLUMNS FROM `wb_bill_payments` [ RunTime:0.000578s ]
[ sql ] [ SQL ] SELECT count(1) AS `nums`,DATE_FORMAT(FROM_UNIXTIME(ctime),"%Y-%m-%d") AS `day` FROM `wb_bill_payments` WHERE  `status` = 2  AND `type` = 1  AND ( FROM_UNIXTIME(ctime) >= 2026-03-25 ) GROUP BY DATE_FORMAT(FROM_UNIXTIME(ctime),"%Y-%m-%d") [ RunTime:0.000473s ]
[ sql ] [ SQL ] SHOW COLUMNS FROM `wb_bill_delivery` [ RunTime:0.001561s ]
[ sql ] [ SQL ] SELECT count(1) AS `nums`,DATE_FORMAT(FROM_UNIXTIME(ctime),"%Y-%m-%d") AS `day` FROM `wb_bill_delivery` WHERE  ( FROM_UNIXTIME(ctime) >= 2026-03-25 ) GROUP BY DATE_FORMAT(FROM_UNIXTIME(ctime),"%Y-%m-%d") [ RunTime:0.000331s ]
---------------------------------------------------------------
[2026-04-01T14:48:47+08:00] 127.0.0.1 GET www.jiwankang.com/manage/user/statistics.html
[运行时间：0.083311s] [吞吐率：12.00req/s] [内存消耗：5,023.93kb] [文件加载：111]
[ info ] [ LANG ] E:\wwwroot\2026\04\jiwankang\thinkphp\lang\zh-cn.php
[ info ] [ ROUTE ] array (
)
[ info ] [ HEADER ] array (
  'x-requested-with' => 'XMLHttpRequest',
  'referer' => 'http://www.jiwankang.com/manage/index/welcome.html',
  'cookie' => 'PHPSESSID=6ge3q9cob417ort2dkkl8j63da',
  'accept-language' => 'zh-CN,zh;q=0.9',
  'accept-encoding' => 'gzip, deflate',
  'accept' => '*/*',
  'user-agent' => 'Mozilla/5.0 (Windows NT 10.0; Win64; x64) AppleWebKit/537.36 (KHTML, like Gecko) Chrome/146.0.0.0 Safari/537.36',
  'host' => 'www.jiwankang.com',
  'content-length' => '',
  'content-type' => '',
)
[ info ] [ PARAM ] array (
)
[ info ] [ DB ] INIT mysql
[ sql ] [ DB ] CONNECT:[ UseTime:0.000682s ] mysql:host=127.0.0.1;port=3306;dbname=jiwankang;charset=utf8mb4
[ sql ] [ SQL ] SHOW COLUMNS FROM `wb_setting` [ RunTime:0.000393s ]
[ sql ] [ SQL ] SELECT * FROM `wb_setting` WHERE  `skey` = 'shop_name' LIMIT 1 [ RunTime:0.000144s ]
[ sql ] [ SQL ] SHOW COLUMNS FROM `wb_user` [ RunTime:0.000346s ]
[ sql ] [ SQL ] SELECT DATE_FORMAT(from_unixtime(ctime),"%Y-%m-%d") as day, count(*) as nums FROM `wb_user` WHERE (  `ctime` > 1774421327  AND ( TIMESTAMPDIFF(DAY,from_unixtime(ctime),now()) <7 ) ) AND `wb_user`.`isdel` IS NULL GROUP BY DATE_FORMAT(from_unixtime(ctime),"%Y-%m-%d") [ RunTime:0.000179s ]
[ sql ] [ SQL ] SHOW COLUMNS FROM `wb_order` [ RunTime:0.000728s ]
[ sql ] [ SQL ] SELECT COUNT(*) AS tp_count FROM ( SELECT count(*) AS think_count FROM `wb_order` WHERE (  `ctime` < 1775026127  AND `ctime` >= 1774972800 ) AND `wb_order`.`isdel` IS NULL GROUP BY `user_id` ) `_group_count_` LIMIT 1 [ RunTime:0.000583s ]
[ sql ] [ SQL ] SELECT COUNT(*) AS tp_count FROM ( SELECT count(*) AS think_count FROM `wb_order` WHERE (  `ctime` < 1774972799  AND `ctime` >= 1774886400 ) AND `wb_order`.`isdel` IS NULL GROUP BY `user_id` ) `_group_count_` LIMIT 1 [ RunTime:0.000444s ]
[ sql ] [ SQL ] SELECT COUNT(*) AS tp_count FROM ( SELECT count(*) AS think_count FROM `wb_order` WHERE (  `ctime` < 1774886399  AND `ctime` >= 1774800000 ) AND `wb_order`.`isdel` IS NULL GROUP BY `user_id` ) `_group_count_` LIMIT 1 [ RunTime:0.000267s ]
[ sql ] [ SQL ] SELECT COUNT(*) AS tp_count FROM ( SELECT count(*) AS think_count FROM `wb_order` WHERE (  `ctime` < 1774799999  AND `ctime` >= 1774713600 ) AND `wb_order`.`isdel` IS NULL GROUP BY `user_id` ) `_group_count_` LIMIT 1 [ RunTime:0.000257s ]
[ sql ] [ SQL ] SELECT COUNT(*) AS tp_count FROM ( SELECT count(*) AS think_count FROM `wb_order` WHERE (  `ctime` < 1774713599  AND `ctime` >= 1774627200 ) AND `wb_order`.`isdel` IS NULL GROUP BY `user_id` ) `_group_count_` LIMIT 1 [ RunTime:0.000277s ]
[ sql ] [ SQL ] SELECT COUNT(*) AS tp_count FROM ( SELECT count(*) AS think_count FROM `wb_order` WHERE (  `ctime` < 1774627199  AND `ctime` >= 1774540800 ) AND `wb_order`.`isdel` IS NULL GROUP BY `user_id` ) `_group_count_` LIMIT 1 [ RunTime:0.000223s ]
[ sql ] [ SQL ] SELECT COUNT(*) AS tp_count FROM ( SELECT count(*) AS think_count FROM `wb_order` WHERE (  `ctime` < 1774540799  AND `ctime` >= 1774454400 ) AND `wb_order`.`isdel` IS NULL GROUP BY `user_id` ) `_group_count_` LIMIT 1 [ RunTime:0.000129s ]
---------------------------------------------------------------
[2026-04-01T14:48:51+08:00] 127.0.0.1 GET www.jiwankang.com/manage/commission/index.html
[运行时间：0.033961s] [吞吐率：29.45req/s] [内存消耗：4,706.32kb] [文件加载：110]
[ info ] [ LANG ] E:\wwwroot\2026\04\jiwankang\thinkphp\lang\zh-cn.php
[ info ] [ ROUTE ] array (
)
[ info ] [ HEADER ] array (
  'upgrade-insecure-requests' => '1',
  'referer' => 'http://www.jiwankang.com/manage',
  'cookie' => 'PHPSESSID=6ge3q9cob417ort2dkkl8j63da',
  'accept-language' => 'zh-CN,zh;q=0.9',
  'accept-encoding' => 'gzip, deflate',
  'accept' => 'text/html,application/xhtml+xml,application/xml;q=0.9,image/avif,image/webp,image/apng,*/*;q=0.8,application/signed-exchange;v=b3;q=0.7',
  'user-agent' => 'Mozilla/5.0 (Windows NT 10.0; Win64; x64) AppleWebKit/537.36 (KHTML, like Gecko) Chrome/146.0.0.0 Safari/537.36',
  'host' => 'www.jiwankang.com',
  'content-length' => '',
  'content-type' => '',
)
[ info ] [ PARAM ] array (
)
[ info ] [ DB ] INIT mysql
[ info ] [ VIEW ] E:\wwwroot\2026\04\jiwankang\application\manage\view\commission\index.html [ array (
  0 => 'params',
  1 => 'jshopHost',
  2 => 'shop_name',
) ]
[ sql ] [ DB ] CONNECT:[ UseTime:0.000743s ] mysql:host=127.0.0.1;port=3306;dbname=jiwankang;charset=utf8mb4
[ sql ] [ SQL ] SHOW COLUMNS FROM `wb_setting` [ RunTime:0.000496s ]
[ sql ] [ SQL ] SELECT * FROM `wb_setting` WHERE  `skey` = 'shop_name' LIMIT 1 [ RunTime:0.000223s ]
---------------------------------------------------------------
[2026-04-01T14:48:51+08:00] 127.0.0.1 GET www.jiwankang.com/manage/commission/index.html
[运行时间：0.037542s] [吞吐率：26.64req/s] [内存消耗：4,371.27kb] [文件加载：107]
[ info ] [ LANG ] E:\wwwroot\2026\04\jiwankang\thinkphp\lang\zh-cn.php
[ info ] [ ROUTE ] array (
)
[ info ] [ HEADER ] array (
  'upgrade-insecure-requests' => '1',
  'referer' => 'http://www.jiwankang.com/manage',
  'cookie' => 'PHPSESSID=6ge3q9cob417ort2dkkl8j63da',
  'accept-language' => 'zh-CN,zh;q=0.9',
  'accept-encoding' => 'gzip, deflate',
  'accept' => 'text/html,application/xhtml+xml,application/xml;q=0.9,image/avif,image/webp,image/apng,*/*;q=0.8,application/signed-exchange;v=b3;q=0.7',
  'user-agent' => 'Mozilla/5.0 (Windows NT 10.0; Win64; x64) AppleWebKit/537.36 (KHTML, like Gecko) Chrome/146.0.0.0 Safari/537.36',
  'host' => 'www.jiwankang.com',
  'content-length' => '',
  'content-type' => '',
)
[ info ] [ PARAM ] array (
)
[ info ] [ DB ] INIT mysql
[ info ] [ VIEW ] E:\wwwroot\2026\04\jiwankang\application\manage\view\commission\index.html [ array (
  0 => 'params',
  1 => 'jshopHost',
  2 => 'shop_name',
) ]
[ sql ] [ DB ] CONNECT:[ UseTime:0.000729s ] mysql:host=127.0.0.1;port=3306;dbname=jiwankang;charset=utf8mb4
[ sql ] [ SQL ] SHOW COLUMNS FROM `wb_setting` [ RunTime:0.000556s ]
[ sql ] [ SQL ] SELECT * FROM `wb_setting` WHERE  `skey` = 'shop_name' LIMIT 1 [ RunTime:0.000255s ]
---------------------------------------------------------------
[2026-04-01T14:48:51+08:00] 127.0.0.1 GET www.jiwankang.com/manage/commission/index.html?_ajax=1&page=1&limit=20
[运行时间：0.034522s] [吞吐率：28.97req/s] [内存消耗：4,505.98kb] [文件加载：109]
[ info ] [ LANG ] E:\wwwroot\2026\04\jiwankang\thinkphp\lang\zh-cn.php
[ info ] [ ROUTE ] array (
)
[ info ] [ HEADER ] array (
  'x-requested-with' => 'XMLHttpRequest',
  'referer' => 'http://www.jiwankang.com/manage/commission/index.html',
  'cookie' => 'PHPSESSID=6ge3q9cob417ort2dkkl8j63da',
  'accept-language' => 'zh-CN,zh;q=0.9',
  'accept-encoding' => 'gzip, deflate',
  'accept' => 'application/json, text/javascript, */*; q=0.01',
  'user-agent' => 'Mozilla/5.0 (Windows NT 10.0; Win64; x64) AppleWebKit/537.36 (KHTML, like Gecko) Chrome/146.0.0.0 Safari/537.36',
  'host' => 'www.jiwankang.com',
  'content-length' => '',
  'content-type' => '',
)
[ info ] [ PARAM ] array (
  '_ajax' => '1',
  'page' => '1',
  'limit' => '20',
)
[ info ] [ DB ] INIT mysql
[ sql ] [ DB ] CONNECT:[ UseTime:0.000700s ] mysql:host=127.0.0.1;port=3306;dbname=jiwankang;charset=utf8mb4
[ sql ] [ SQL ] SHOW COLUMNS FROM `wb_setting` [ RunTime:0.000494s ]
[ sql ] [ SQL ] SELECT * FROM `wb_setting` WHERE  `skey` = 'shop_name' LIMIT 1 [ RunTime:0.000217s ]
[ sql ] [ SQL ] SHOW COLUMNS FROM `wb_user_fenyong` [ RunTime:0.001050s ]
[ sql ] [ SQL ] SELECT COUNT(*) AS tp_count FROM `wb_user_fenyong` LIMIT 1 [ RunTime:0.000514s ]
[ sql ] [ SQL ] SELECT * FROM `wb_user_fenyong` ORDER BY `id` DESC LIMIT 0,20 [ RunTime:0.000134s ]
---------------------------------------------------------------
[2026-04-01T14:50:19+08:00] 127.0.0.1 GET www.jiwankang.com/manage/operation/index.html
[运行时间：0.034792s] [吞吐率：28.74req/s] [内存消耗：4,711.81kb] [文件加载：110]
[ info ] [ LANG ] E:\wwwroot\2026\04\jiwankang\thinkphp\lang\zh-cn.php
[ info ] [ ROUTE ] array (
)
[ info ] [ HEADER ] array (
  'upgrade-insecure-requests' => '1',
  'referer' => 'http://www.jiwankang.com/manage',
  'cookie' => 'PHPSESSID=6ge3q9cob417ort2dkkl8j63da',
  'accept-language' => 'zh-CN,zh;q=0.9',
  'accept-encoding' => 'gzip, deflate',
  'accept' => 'text/html,application/xhtml+xml,application/xml;q=0.9,image/avif,image/webp,image/apng,*/*;q=0.8,application/signed-exchange;v=b3;q=0.7',
  'user-agent' => 'Mozilla/5.0 (Windows NT 10.0; Win64; x64) AppleWebKit/537.36 (KHTML, like Gecko) Chrome/146.0.0.0 Safari/537.36',
  'host' => 'www.jiwankang.com',
  'content-length' => '',
  'content-type' => '',
)
[ info ] [ PARAM ] array (
)
[ info ] [ DB ] INIT mysql
[ info ] [ VIEW ] E:\wwwroot\2026\04\jiwankang\application\manage\view\operation\index.html [ array (
  0 => 'params',
  1 => 'jshopHost',
  2 => 'shop_name',
) ]
[ sql ] [ DB ] CONNECT:[ UseTime:0.001124s ] mysql:host=127.0.0.1;port=3306;dbname=jiwankang;charset=utf8mb4
[ sql ] [ SQL ] SHOW COLUMNS FROM `wb_setting` [ RunTime:0.000844s ]
[ sql ] [ SQL ] SELECT * FROM `wb_setting` WHERE  `skey` = 'shop_name' LIMIT 1 [ RunTime:0.000249s ]
---------------------------------------------------------------
[2026-04-01T14:50:19+08:00] 127.0.0.1 GET www.jiwankang.com/manage/operation/index.html?_ajax=1&page=1&limit=2000
[运行时间：0.035445s] [吞吐率：28.21req/s] [内存消耗：4,562.95kb] [文件加载：112]
[ info ] [ LANG ] E:\wwwroot\2026\04\jiwankang\thinkphp\lang\zh-cn.php
[ info ] [ ROUTE ] array (
)
[ info ] [ HEADER ] array (
  'x-requested-with' => 'XMLHttpRequest',
  'referer' => 'http://www.jiwankang.com/manage/operation/index.html',
  'cookie' => 'PHPSESSID=6ge3q9cob417ort2dkkl8j63da',
  'accept-language' => 'zh-CN,zh;q=0.9',
  'accept-encoding' => 'gzip, deflate',
  'accept' => 'application/json, text/javascript, */*; q=0.01',
  'user-agent' => 'Mozilla/5.0 (Windows NT 10.0; Win64; x64) AppleWebKit/537.36 (KHTML, like Gecko) Chrome/146.0.0.0 Safari/537.36',
  'host' => 'www.jiwankang.com',
  'content-length' => '',
  'content-type' => '',
)
[ info ] [ PARAM ] array (
  '_ajax' => '1',
  'page' => '1',
  'limit' => '2000',
)
[ info ] [ DB ] INIT mysql
[ sql ] [ DB ] CONNECT:[ UseTime:0.000666s ] mysql:host=127.0.0.1;port=3306;dbname=jiwankang;charset=utf8mb4
[ sql ] [ SQL ] SHOW COLUMNS FROM `wb_setting` [ RunTime:0.000391s ]
[ sql ] [ SQL ] SELECT * FROM `wb_setting` WHERE  `skey` = 'shop_name' LIMIT 1 [ RunTime:0.000145s ]
[ sql ] [ SQL ] SHOW COLUMNS FROM `wb_operation` [ RunTime:0.001840s ]
[ sql ] [ SQL ] SELECT COUNT(*) AS tp_count FROM `wb_operation` WHERE  `parent_id` = 2 LIMIT 1 [ RunTime:0.000275s ]
[ sql ] [ SQL ] SELECT * FROM `wb_operation` WHERE  `parent_id` = 2 ORDER BY `sort` ASC,`id` DESC LIMIT 0,2000 [ RunTime:0.000316s ]
[ sql ] [ SQL ] SELECT * FROM `wb_operation` WHERE  `id` IN (2) [ RunTime:0.000118s ]
[ sql ] [ SQL ] SELECT * FROM `wb_operation` WHERE  `id` IN (356,399,2,266,244) [ RunTime:0.000627s ]
[ sql ] [ SQL ] SELECT * FROM `wb_operation` WHERE  `id` = 2 LIMIT 1 [ RunTime:0.000233s ]
---------------------------------------------------------------
[2026-04-01T14:50:21+08:00] 127.0.0.1 GET www.jiwankang.com/manage/operation/add.html
[运行时间：0.045237s] [吞吐率：22.11req/s] [内存消耗：5,459.06kb] [文件加载：116]
[ info ] [ LANG ] E:\wwwroot\2026\04\jiwankang\thinkphp\lang\zh-cn.php
[ info ] [ ROUTE ] array (
)
[ info ] [ HEADER ] array (
  'x-requested-with' => 'XMLHttpRequest',
  'referer' => 'http://www.jiwankang.com/manage/operation/index.html',
  'cookie' => 'PHPSESSID=6ge3q9cob417ort2dkkl8j63da',
  'accept-language' => 'zh-CN,zh;q=0.9',
  'accept-encoding' => 'gzip, deflate',
  'accept' => 'application/json, text/javascript, */*; q=0.01',
  'user-agent' => 'Mozilla/5.0 (Windows NT 10.0; Win64; x64) AppleWebKit/537.36 (KHTML, like Gecko) Chrome/146.0.0.0 Safari/537.36',
  'host' => 'www.jiwankang.com',
  'content-length' => '',
  'content-type' => '',
)
[ info ] [ PARAM ] array (
)
[ info ] [ DB ] INIT mysql
[ info ] [ VIEW ] E:\wwwroot\2026\04\jiwankang\application\manage\view\operation\add.html [ array (
  0 => 'params',
  1 => 'jshopHost',
  2 => 'shop_name',
  3 => 'tree',
  4 => 'menuTree',
) ]
[ sql ] [ DB ] CONNECT:[ UseTime:0.000749s ] mysql:host=127.0.0.1;port=3306;dbname=jiwankang;charset=utf8mb4
[ sql ] [ SQL ] SHOW COLUMNS FROM `wb_setting` [ RunTime:0.000454s ]
[ sql ] [ SQL ] SELECT * FROM `wb_setting` WHERE  `skey` = 'shop_name' LIMIT 1 [ RunTime:0.000282s ]
[ sql ] [ SQL ] SELECT * FROM `wb_setting` WHERE  `skey` = 'language' LIMIT 1 [ RunTime:0.000194s ]
[ sql ] [ SQL ] SELECT * FROM `wb_setting` WHERE  `skey` = 'language' LIMIT 1 [ RunTime:0.000186s ]
[ sql ] [ SQL ] SHOW COLUMNS FROM `wb_operation` [ RunTime:0.000893s ]
[ sql ] [ SQL ] SELECT * FROM `wb_operation` WHERE  `type` <> 'a' ORDER BY `sort` ASC [ RunTime:0.000270s ]
[ sql ] [ SQL ] SELECT * FROM `wb_operation` [ RunTime:0.000256s ]
[ sql ] [ SQL ] SELECT * FROM `wb_operation` WHERE  `perm_type` < 3 ORDER BY `sort` ASC [ RunTime:0.000287s ]
[ error ] [8]未定义变量: info[E:\wwwroot\2026\04\jiwankang\runtime\temp\f01e142b625ceb6f33533b99f932e84b.php:3]
[ error ] [8]未定义变量: info[E:\wwwroot\2026\04\jiwankang\runtime\temp\f01e142b625ceb6f33533b99f932e84b.php:11]
[ error ] [8]未定义变量: info[E:\wwwroot\2026\04\jiwankang\runtime\temp\f01e142b625ceb6f33533b99f932e84b.php:13]
[ error ] [8]未定义变量: info[E:\wwwroot\2026\04\jiwankang\runtime\temp\f01e142b625ceb6f33533b99f932e84b.php:13]
[ error ] [8]未定义变量: info[E:\wwwroot\2026\04\jiwankang\runtime\temp\f01e142b625ceb6f33533b99f932e84b.php:13]
[ error ] [8]未定义变量: info[E:\wwwroot\2026\04\jiwankang\runtime\temp\f01e142b625ceb6f33533b99f932e84b.php:13]
[ error ] [8]未定义变量: info[E:\wwwroot\2026\04\jiwankang\runtime\temp\f01e142b625ceb6f33533b99f932e84b.php:15]
[ error ] [8]未定义变量: info[E:\wwwroot\2026\04\jiwankang\runtime\temp\f01e142b625ceb6f33533b99f932e84b.php:15]
[ error ] [8]未定义变量: info[E:\wwwroot\2026\04\jiwankang\runtime\temp\f01e142b625ceb6f33533b99f932e84b.php:13]
[ error ] [8]未定义变量: info[E:\wwwroot\2026\04\jiwankang\runtime\temp\f01e142b625ceb6f33533b99f932e84b.php:15]
[ error ] [8]未定义变量: info[E:\wwwroot\2026\04\jiwankang\runtime\temp\f01e142b625ceb6f33533b99f932e84b.php:13]
[ error ] [8]未定义变量: info[E:\wwwroot\2026\04\jiwankang\runtime\temp\f01e142b625ceb6f33533b99f932e84b.php:13]
[ error ] [8]未定义变量: info[E:\wwwroot\2026\04\jiwankang\runtime\temp\f01e142b625ceb6f33533b99f932e84b.php:13]
[ error ] [8]未定义变量: info[E:\wwwroot\2026\04\jiwankang\runtime\temp\f01e142b625ceb6f33533b99f932e84b.php:13]
[ error ] [8]未定义变量: info[E:\wwwroot\2026\04\jiwankang\runtime\temp\f01e142b625ceb6f33533b99f932e84b.php:13]
[ error ] [8]未定义变量: info[E:\wwwroot\2026\04\jiwankang\runtime\temp\f01e142b625ceb6f33533b99f932e84b.php:13]
[ error ] [8]未定义变量: info[E:\wwwroot\2026\04\jiwankang\runtime\temp\f01e142b625ceb6f33533b99f932e84b.php:13]
[ error ] [8]未定义变量: info[E:\wwwroot\2026\04\jiwankang\runtime\temp\f01e142b625ceb6f33533b99f932e84b.php:13]
[ error ] [8]未定义变量: info[E:\wwwroot\2026\04\jiwankang\runtime\temp\f01e142b625ceb6f33533b99f932e84b.php:13]
[ error ] [8]未定义变量: info[E:\wwwroot\2026\04\jiwankang\runtime\temp\f01e142b625ceb6f33533b99f932e84b.php:13]
[ error ] [8]未定义变量: info[E:\wwwroot\2026\04\jiwankang\runtime\temp\f01e142b625ceb6f33533b99f932e84b.php:13]
[ error ] [8]未定义变量: info[E:\wwwroot\2026\04\jiwankang\runtime\temp\f01e142b625ceb6f33533b99f932e84b.php:13]
[ error ] [8]未定义变量: info[E:\wwwroot\2026\04\jiwankang\runtime\temp\f01e142b625ceb6f33533b99f932e84b.php:13]
[ error ] [8]未定义变量: info[E:\wwwroot\2026\04\jiwankang\runtime\temp\f01e142b625ceb6f33533b99f932e84b.php:13]
[ error ] [8]未定义变量: info[E:\wwwroot\2026\04\jiwankang\runtime\temp\f01e142b625ceb6f33533b99f932e84b.php:13]
[ error ] [8]未定义变量: info[E:\wwwroot\2026\04\jiwankang\runtime\temp\f01e142b625ceb6f33533b99f932e84b.php:13]
[ error ] [8]未定义变量: info[E:\wwwroot\2026\04\jiwankang\runtime\temp\f01e142b625ceb6f33533b99f932e84b.php:13]
[ error ] [8]未定义变量: info[E:\wwwroot\2026\04\jiwankang\runtime\temp\f01e142b625ceb6f33533b99f932e84b.php:13]
[ error ] [8]未定义变量: info[E:\wwwroot\2026\04\jiwankang\runtime\temp\f01e142b625ceb6f33533b99f932e84b.php:13]
[ error ] [8]未定义变量: info[E:\wwwroot\2026\04\jiwankang\runtime\temp\f01e142b625ceb6f33533b99f932e84b.php:13]
[ error ] [8]未定义变量: info[E:\wwwroot\2026\04\jiwankang\runtime\temp\f01e142b625ceb6f33533b99f932e84b.php:13]
[ error ] [8]未定义变量: info[E:\wwwroot\2026\04\jiwankang\runtime\temp\f01e142b625ceb6f33533b99f932e84b.php:13]
[ error ] [8]未定义变量: info[E:\wwwroot\2026\04\jiwankang\runtime\temp\f01e142b625ceb6f33533b99f932e84b.php:13]
[ error ] [8]未定义变量: info[E:\wwwroot\2026\04\jiwankang\runtime\temp\f01e142b625ceb6f33533b99f932e84b.php:13]
[ error ] [8]未定义变量: info[E:\wwwroot\2026\04\jiwankang\runtime\temp\f01e142b625ceb6f33533b99f932e84b.php:13]
[ error ] [8]未定义变量: info[E:\wwwroot\2026\04\jiwankang\runtime\temp\f01e142b625ceb6f33533b99f932e84b.php:13]
[ error ] [8]未定义变量: info[E:\wwwroot\2026\04\jiwankang\runtime\temp\f01e142b625ceb6f33533b99f932e84b.php:13]
[ error ] [8]未定义变量: info[E:\wwwroot\2026\04\jiwankang\runtime\temp\f01e142b625ceb6f33533b99f932e84b.php:13]
[ error ] [8]未定义变量: info[E:\wwwroot\2026\04\jiwankang\runtime\temp\f01e142b625ceb6f33533b99f932e84b.php:15]
[ error ] [8]未定义变量: info[E:\wwwroot\2026\04\jiwankang\runtime\temp\f01e142b625ceb6f33533b99f932e84b.php:15]
[ error ] [8]未定义变量: info[E:\wwwroot\2026\04\jiwankang\runtime\temp\f01e142b625ceb6f33533b99f932e84b.php:15]
[ error ] [8]未定义变量: info[E:\wwwroot\2026\04\jiwankang\runtime\temp\f01e142b625ceb6f33533b99f932e84b.php:15]
[ error ] [8]未定义变量: info[E:\wwwroot\2026\04\jiwankang\runtime\temp\f01e142b625ceb6f33533b99f932e84b.php:13]
[ error ] [8]未定义变量: info[E:\wwwroot\2026\04\jiwankang\runtime\temp\f01e142b625ceb6f33533b99f932e84b.php:13]
[ error ] [8]未定义变量: info[E:\wwwroot\2026\04\jiwankang\runtime\temp\f01e142b625ceb6f33533b99f932e84b.php:13]
[ error ] [8]未定义变量: info[E:\wwwroot\2026\04\jiwankang\runtime\temp\f01e142b625ceb6f33533b99f932e84b.php:15]
[ error ] [8]未定义变量: info[E:\wwwroot\2026\04\jiwankang\runtime\temp\f01e142b625ceb6f33533b99f932e84b.php:15]
[ error ] [8]未定义变量: info[E:\wwwroot\2026\04\jiwankang\runtime\temp\f01e142b625ceb6f33533b99f932e84b.php:15]
[ error ] [8]未定义变量: info[E:\wwwroot\2026\04\jiwankang\runtime\temp\f01e142b625ceb6f33533b99f932e84b.php:13]
[ error ] [8]未定义变量: info[E:\wwwroot\2026\04\jiwankang\runtime\temp\f01e142b625ceb6f33533b99f932e84b.php:13]
[ error ] [8]未定义变量: info[E:\wwwroot\2026\04\jiwankang\runtime\temp\f01e142b625ceb6f33533b99f932e84b.php:25]
[ error ] [8]未定义变量: info[E:\wwwroot\2026\04\jiwankang\runtime\temp\f01e142b625ceb6f33533b99f932e84b.php:32]
[ error ] [8]未定义变量: info[E:\wwwroot\2026\04\jiwankang\runtime\temp\f01e142b625ceb6f33533b99f932e84b.php:42]
[ error ] [8]未定义变量: info[E:\wwwroot\2026\04\jiwankang\runtime\temp\f01e142b625ceb6f33533b99f932e84b.php:44]
[ error ] [8]未定义变量: info[E:\wwwroot\2026\04\jiwankang\runtime\temp\f01e142b625ceb6f33533b99f932e84b.php:46]
[ error ] [8]未定义变量: info[E:\wwwroot\2026\04\jiwankang\runtime\temp\f01e142b625ceb6f33533b99f932e84b.php:48]
[ error ] [8]未定义变量: info[E:\wwwroot\2026\04\jiwankang\runtime\temp\f01e142b625ceb6f33533b99f932e84b.php:48]
[ error ] [8]未定义变量: info[E:\wwwroot\2026\04\jiwankang\runtime\temp\f01e142b625ceb6f33533b99f932e84b.php:48]
[ error ] [8]未定义变量: info[E:\wwwroot\2026\04\jiwankang\runtime\temp\f01e142b625ceb6f33533b99f932e84b.php:48]
[ error ] [8]未定义变量: info[E:\wwwroot\2026\04\jiwankang\runtime\temp\f01e142b625ceb6f33533b99f932e84b.php:48]
[ error ] [8]未定义变量: info[E:\wwwroot\2026\04\jiwankang\runtime\temp\f01e142b625ceb6f33533b99f932e84b.php:48]
[ error ] [8]未定义变量: info[E:\wwwroot\2026\04\jiwankang\runtime\temp\f01e142b625ceb6f33533b99f932e84b.php:48]
[ error ] [8]未定义变量: info[E:\wwwroot\2026\04\jiwankang\runtime\temp\f01e142b625ceb6f33533b99f932e84b.php:48]
[ error ] [8]未定义变量: info[E:\wwwroot\2026\04\jiwankang\runtime\temp\f01e142b625ceb6f33533b99f932e84b.php:46]
[ error ] [8]未定义变量: info[E:\wwwroot\2026\04\jiwankang\runtime\temp\f01e142b625ceb6f33533b99f932e84b.php:48]
[ error ] [8]未定义变量: info[E:\wwwroot\2026\04\jiwankang\runtime\temp\f01e142b625ceb6f33533b99f932e84b.php:48]
[ error ] [8]未定义变量: info[E:\wwwroot\2026\04\jiwankang\runtime\temp\f01e142b625ceb6f33533b99f932e84b.php:48]
[ error ] [8]未定义变量: info[E:\wwwroot\2026\04\jiwankang\runtime\temp\f01e142b625ceb6f33533b99f932e84b.php:48]
[ error ] [8]未定义变量: info[E:\wwwroot\2026\04\jiwankang\runtime\temp\f01e142b625ceb6f33533b99f932e84b.php:46]
[ error ] [8]未定义变量: info[E:\wwwroot\2026\04\jiwankang\runtime\temp\f01e142b625ceb6f33533b99f932e84b.php:48]
[ error ] [8]未定义变量: info[E:\wwwroot\2026\04\jiwankang\runtime\temp\f01e142b625ceb6f33533b99f932e84b.php:48]
[ error ] [8]未定义变量: info[E:\wwwroot\2026\04\jiwankang\runtime\temp\f01e142b625ceb6f33533b99f932e84b.php:48]
[ error ] [8]未定义变量: info[E:\wwwroot\2026\04\jiwankang\runtime\temp\f01e142b625ceb6f33533b99f932e84b.php:46]
[ error ] [8]未定义变量: info[E:\wwwroot\2026\04\jiwankang\runtime\temp\f01e142b625ceb6f33533b99f932e84b.php:46]
[ error ] [8]未定义变量: info[E:\wwwroot\2026\04\jiwankang\runtime\temp\f01e142b625ceb6f33533b99f932e84b.php:48]
[ error ] [8]未定义变量: info[E:\wwwroot\2026\04\jiwankang\runtime\temp\f01e142b625ceb6f33533b99f932e84b.php:48]
[ error ] [8]未定义变量: info[E:\wwwroot\2026\04\jiwankang\runtime\temp\f01e142b625ceb6f33533b99f932e84b.php:48]
[ error ] [8]未定义变量: info[E:\wwwroot\2026\04\jiwankang\runtime\temp\f01e142b625ceb6f33533b99f932e84b.php:46]
[ error ] [8]未定义变量: info[E:\wwwroot\2026\04\jiwankang\runtime\temp\f01e142b625ceb6f33533b99f932e84b.php:48]
[ error ] [8]未定义变量: info[E:\wwwroot\2026\04\jiwankang\runtime\temp\f01e142b625ceb6f33533b99f932e84b.php:48]
[ error ] [8]未定义变量: info[E:\wwwroot\2026\04\jiwankang\runtime\temp\f01e142b625ceb6f33533b99f932e84b.php:48]
[ error ] [8]未定义变量: info[E:\wwwroot\2026\04\jiwankang\runtime\temp\f01e142b625ceb6f33533b99f932e84b.php:46]
[ error ] [8]未定义变量: info[E:\wwwroot\2026\04\jiwankang\runtime\temp\f01e142b625ceb6f33533b99f932e84b.php:46]
[ error ] [8]未定义变量: info[E:\wwwroot\2026\04\jiwankang\runtime\temp\f01e142b625ceb6f33533b99f932e84b.php:44]
[ error ] [8]未定义变量: info[E:\wwwroot\2026\04\jiwankang\runtime\temp\f01e142b625ceb6f33533b99f932e84b.php:46]
[ error ] [8]未定义变量: info[E:\wwwroot\2026\04\jiwankang\runtime\temp\f01e142b625ceb6f33533b99f932e84b.php:48]
[ error ] [8]未定义变量: info[E:\wwwroot\2026\04\jiwankang\runtime\temp\f01e142b625ceb6f33533b99f932e84b.php:48]
[ error ] [8]未定义变量: info[E:\wwwroot\2026\04\jiwankang\runtime\temp\f01e142b625ceb6f33533b99f932e84b.php:48]
[ error ] [8]未定义变量: info[E:\wwwroot\2026\04\jiwankang\runtime\temp\f01e142b625ceb6f33533b99f932e84b.php:48]
[ error ] [8]未定义变量: info[E:\wwwroot\2026\04\jiwankang\runtime\temp\f01e142b625ceb6f33533b99f932e84b.php:48]
[ error ] [8]未定义变量: info[E:\wwwroot\2026\04\jiwankang\runtime\temp\f01e142b625ceb6f33533b99f932e84b.php:48]
[ error ] [8]未定义变量: info[E:\wwwroot\2026\04\jiwankang\runtime\temp\f01e142b625ceb6f33533b99f932e84b.php:48]
[ error ] [8]未定义变量: info[E:\wwwroot\2026\04\jiwankang\runtime\temp\f01e142b625ceb6f33533b99f932e84b.php:48]
[ error ] [8]未定义变量: info[E:\wwwroot\2026\04\jiwankang\runtime\temp\f01e142b625ceb6f33533b99f932e84b.php:46]
[ error ] [8]未定义变量: info[E:\wwwroot\2026\04\jiwankang\runtime\temp\f01e142b625ceb6f33533b99f932e84b.php:48]
[ error ] [8]未定义变量: info[E:\wwwroot\2026\04\jiwankang\runtime\temp\f01e142b625ceb6f33533b99f932e84b.php:46]
[ error ] [8]未定义变量: info[E:\wwwroot\2026\04\jiwankang\runtime\temp\f01e142b625ceb6f33533b99f932e84b.php:46]
[ error ] [8]未定义变量: info[E:\wwwroot\2026\04\jiwankang\runtime\temp\f01e142b625ceb6f33533b99f932e84b.php:44]
[ error ] [8]未定义变量: info[E:\wwwroot\2026\04\jiwankang\runtime\temp\f01e142b625ceb6f33533b99f932e84b.php:46]
[ error ] [8]未定义变量: info[E:\wwwroot\2026\04\jiwankang\runtime\temp\f01e142b625ceb6f33533b99f932e84b.php:48]
[ error ] [8]未定义变量: info[E:\wwwroot\2026\04\jiwankang\runtime\temp\f01e142b625ceb6f33533b99f932e84b.php:48]
[ error ] [8]未定义变量: info[E:\wwwroot\2026\04\jiwankang\runtime\temp\f01e142b625ceb6f33533b99f932e84b.php:48]
[ error ] [8]未定义变量: info[E:\wwwroot\2026\04\jiwankang\runtime\temp\f01e142b625ceb6f33533b99f932e84b.php:48]
[ error ] [8]未定义变量: info[E:\wwwroot\2026\04\jiwankang\runtime\temp\f01e142b625ceb6f33533b99f932e84b.php:48]
[ error ] [8]未定义变量: info[E:\wwwroot\2026\04\jiwankang\runtime\temp\f01e142b625ceb6f33533b99f932e84b.php:46]
[ error ] [8]未定义变量: info[E:\wwwroot\2026\04\jiwankang\runtime\temp\f01e142b625ceb6f33533b99f932e84b.php:48]
[ error ] [8]未定义变量: info[E:\wwwroot\2026\04\jiwankang\runtime\temp\f01e142b625ceb6f33533b99f932e84b.php:46]
[ error ] [8]未定义变量: info[E:\wwwroot\2026\04\jiwankang\runtime\temp\f01e142b625ceb6f33533b99f932e84b.php:46]
[ error ] [8]未定义变量: info[E:\wwwroot\2026\04\jiwankang\runtime\temp\f01e142b625ceb6f33533b99f932e84b.php:48]
[ error ] [8]未定义变量: info[E:\wwwroot\2026\04\jiwankang\runtime\temp\f01e142b625ceb6f33533b99f932e84b.php:48]
[ error ] [8]未定义变量: info[E:\wwwroot\2026\04\jiwankang\runtime\temp\f01e142b625ceb6f33533b99f932e84b.php:46]
[ error ] [8]未定义变量: info[E:\wwwroot\2026\04\jiwankang\runtime\temp\f01e142b625ceb6f33533b99f932e84b.php:48]
[ error ] [8]未定义变量: info[E:\wwwroot\2026\04\jiwankang\runtime\temp\f01e142b625ceb6f33533b99f932e84b.php:48]
[ error ] [8]未定义变量: info[E:\wwwroot\2026\04\jiwankang\runtime\temp\f01e142b625ceb6f33533b99f932e84b.php:46]
[ error ] [8]未定义变量: info[E:\wwwroot\2026\04\jiwankang\runtime\temp\f01e142b625ceb6f33533b99f932e84b.php:48]
[ error ] [8]未定义变量: info[E:\wwwroot\2026\04\jiwankang\runtime\temp\f01e142b625ceb6f33533b99f932e84b.php:48]
[ error ] [8]未定义变量: info[E:\wwwroot\2026\04\jiwankang\runtime\temp\f01e142b625ceb6f33533b99f932e84b.php:48]
[ error ] [8]未定义变量: info[E:\wwwroot\2026\04\jiwankang\runtime\temp\f01e142b625ceb6f33533b99f932e84b.php:46]
[ error ] [8]未定义变量: info[E:\wwwroot\2026\04\jiwankang\runtime\temp\f01e142b625ceb6f33533b99f932e84b.php:48]
[ error ] [8]未定义变量: info[E:\wwwroot\2026\04\jiwankang\runtime\temp\f01e142b625ceb6f33533b99f932e84b.php:48]
[ error ] [8]未定义变量: info[E:\wwwroot\2026\04\jiwankang\runtime\temp\f01e142b625ceb6f33533b99f932e84b.php:48]
[ error ] [8]未定义变量: info[E:\wwwroot\2026\04\jiwankang\runtime\temp\f01e142b625ceb6f33533b99f932e84b.php:44]
[ error ] [8]未定义变量: info[E:\wwwroot\2026\04\jiwankang\runtime\temp\f01e142b625ceb6f33533b99f932e84b.php:46]
[ error ] [8]未定义变量: info[E:\wwwroot\2026\04\jiwankang\runtime\temp\f01e142b625ceb6f33533b99f932e84b.php:48]
[ error ] [8]未定义变量: info[E:\wwwroot\2026\04\jiwankang\runtime\temp\f01e142b625ceb6f33533b99f932e84b.php:48]
[ error ] [8]未定义变量: info[E:\wwwroot\2026\04\jiwankang\runtime\temp\f01e142b625ceb6f33533b99f932e84b.php:46]
[ error ] [8]未定义变量: info[E:\wwwroot\2026\04\jiwankang\runtime\temp\f01e142b625ceb6f33533b99f932e84b.php:48]
[ error ] [8]未定义变量: info[E:\wwwroot\2026\04\jiwankang\runtime\temp\f01e142b625ceb6f33533b99f932e84b.php:48]
[ error ] [8]未定义变量: info[E:\wwwroot\2026\04\jiwankang\runtime\temp\f01e142b625ceb6f33533b99f932e84b.php:48]
[ error ] [8]未定义变量: info[E:\wwwroot\2026\04\jiwankang\runtime\temp\f01e142b625ceb6f33533b99f932e84b.php:46]
[ error ] [8]未定义变量: info[E:\wwwroot\2026\04\jiwankang\runtime\temp\f01e142b625ceb6f33533b99f932e84b.php:48]
[ error ] [8]未定义变量: info[E:\wwwroot\2026\04\jiwankang\runtime\temp\f01e142b625ceb6f33533b99f932e84b.php:48]
[ error ] [8]未定义变量: info[E:\wwwroot\2026\04\jiwankang\runtime\temp\f01e142b625ceb6f33533b99f932e84b.php:48]
[ error ] [8]未定义变量: info[E:\wwwroot\2026\04\jiwankang\runtime\temp\f01e142b625ceb6f33533b99f932e84b.php:48]
[ error ] [8]未定义变量: info[E:\wwwroot\2026\04\jiwankang\runtime\temp\f01e142b625ceb6f33533b99f932e84b.php:48]
[ error ] [8]未定义变量: info[E:\wwwroot\2026\04\jiwankang\runtime\temp\f01e142b625ceb6f33533b99f932e84b.php:48]
[ error ] [8]未定义变量: info[E:\wwwroot\2026\04\jiwankang\runtime\temp\f01e142b625ceb6f33533b99f932e84b.php:48]
[ error ] [8]未定义变量: info[E:\wwwroot\2026\04\jiwankang\runtime\temp\f01e142b625ceb6f33533b99f932e84b.php:48]
[ error ] [8]未定义变量: info[E:\wwwroot\2026\04\jiwankang\runtime\temp\f01e142b625ceb6f33533b99f932e84b.php:46]
[ error ] [8]未定义变量: info[E:\wwwroot\2026\04\jiwankang\runtime\temp\f01e142b625ceb6f33533b99f932e84b.php:48]
[ error ] [8]未定义变量: info[E:\wwwroot\2026\04\jiwankang\runtime\temp\f01e142b625ceb6f33533b99f932e84b.php:48]
[ error ] [8]未定义变量: info[E:\wwwroot\2026\04\jiwankang\runtime\temp\f01e142b625ceb6f33533b99f932e84b.php:48]
[ error ] [8]未定义变量: info[E:\wwwroot\2026\04\jiwankang\runtime\temp\f01e142b625ceb6f33533b99f932e84b.php:46]
[ error ] [8]未定义变量: info[E:\wwwroot\2026\04\jiwankang\runtime\temp\f01e142b625ceb6f33533b99f932e84b.php:48]
[ error ] [8]未定义变量: info[E:\wwwroot\2026\04\jiwankang\runtime\temp\f01e142b625ceb6f33533b99f932e84b.php:48]
[ error ] [8]未定义变量: info[E:\wwwroot\2026\04\jiwankang\runtime\temp\f01e142b625ceb6f33533b99f932e84b.php:48]
[ error ] [8]未定义变量: info[E:\wwwroot\2026\04\jiwankang\runtime\temp\f01e142b625ceb6f33533b99f932e84b.php:44]
[ error ] [8]未定义变量: info[E:\wwwroot\2026\04\jiwankang\runtime\temp\f01e142b625ceb6f33533b99f932e84b.php:46]
[ error ] [8]未定义变量: info[E:\wwwroot\2026\04\jiwankang\runtime\temp\f01e142b625ceb6f33533b99f932e84b.php:48]
[ error ] [8]未定义变量: info[E:\wwwroot\2026\04\jiwankang\runtime\temp\f01e142b625ceb6f33533b99f932e84b.php:46]
[ error ] [8]未定义变量: info[E:\wwwroot\2026\04\jiwankang\runtime\temp\f01e142b625ceb6f33533b99f932e84b.php:48]
[ error ] [8]未定义变量: info[E:\wwwroot\2026\04\jiwankang\runtime\temp\f01e142b625ceb6f33533b99f932e84b.php:48]
[ error ] [8]未定义变量: info[E:\wwwroot\2026\04\jiwankang\runtime\temp\f01e142b625ceb6f33533b99f932e84b.php:46]
[ error ] [8]未定义变量: info[E:\wwwroot\2026\04\jiwankang\runtime\temp\f01e142b625ceb6f33533b99f932e84b.php:48]
[ error ] [8]未定义变量: info[E:\wwwroot\2026\04\jiwankang\runtime\temp\f01e142b625ceb6f33533b99f932e84b.php:46]
[ error ] [8]未定义变量: info[E:\wwwroot\2026\04\jiwankang\runtime\temp\f01e142b625ceb6f33533b99f932e84b.php:46]
[ error ] [8]未定义变量: info[E:\wwwroot\2026\04\jiwankang\runtime\temp\f01e142b625ceb6f33533b99f932e84b.php:46]
[ error ] [8]未定义变量: info[E:\wwwroot\2026\04\jiwankang\runtime\temp\f01e142b625ceb6f33533b99f932e84b.php:44]
[ error ] [8]未定义变量: info[E:\wwwroot\2026\04\jiwankang\runtime\temp\f01e142b625ceb6f33533b99f932e84b.php:46]
[ error ] [8]未定义变量: info[E:\wwwroot\2026\04\jiwankang\runtime\temp\f01e142b625ceb6f33533b99f932e84b.php:46]
[ error ] [8]未定义变量: info[E:\wwwroot\2026\04\jiwankang\runtime\temp\f01e142b625ceb6f33533b99f932e84b.php:46]
[ error ] [8]未定义变量: info[E:\wwwroot\2026\04\jiwankang\runtime\temp\f01e142b625ceb6f33533b99f932e84b.php:44]
[ error ] [8]未定义变量: info[E:\wwwroot\2026\04\jiwankang\runtime\temp\f01e142b625ceb6f33533b99f932e84b.php:46]
[ error ] [8]未定义变量: info[E:\wwwroot\2026\04\jiwankang\runtime\temp\f01e142b625ceb6f33533b99f932e84b.php:44]
[ error ] [8]未定义变量: info[E:\wwwroot\2026\04\jiwankang\runtime\temp\f01e142b625ceb6f33533b99f932e84b.php:46]
[ error ] [8]未定义变量: info[E:\wwwroot\2026\04\jiwankang\runtime\temp\f01e142b625ceb6f33533b99f932e84b.php:48]
[ error ] [8]未定义变量: info[E:\wwwroot\2026\04\jiwankang\runtime\temp\f01e142b625ceb6f33533b99f932e84b.php:48]
[ error ] [8]未定义变量: info[E:\wwwroot\2026\04\jiwankang\runtime\temp\f01e142b625ceb6f33533b99f932e84b.php:46]
[ error ] [8]未定义变量: info[E:\wwwroot\2026\04\jiwankang\runtime\temp\f01e142b625ceb6f33533b99f932e84b.php:48]
[ error ] [8]未定义变量: info[E:\wwwroot\2026\04\jiwankang\runtime\temp\f01e142b625ceb6f33533b99f932e84b.php:48]
[ error ] [8]未定义变量: info[E:\wwwroot\2026\04\jiwankang\runtime\temp\f01e142b625ceb6f33533b99f932e84b.php:48]
[ error ] [8]未定义变量: info[E:\wwwroot\2026\04\jiwankang\runtime\temp\f01e142b625ceb6f33533b99f932e84b.php:46]
[ error ] [8]未定义变量: info[E:\wwwroot\2026\04\jiwankang\runtime\temp\f01e142b625ceb6f33533b99f932e84b.php:48]
[ error ] [8]未定义变量: info[E:\wwwroot\2026\04\jiwankang\runtime\temp\f01e142b625ceb6f33533b99f932e84b.php:48]
[ error ] [8]未定义变量: info[E:\wwwroot\2026\04\jiwankang\runtime\temp\f01e142b625ceb6f33533b99f932e84b.php:46]
[ error ] [8]未定义变量: info[E:\wwwroot\2026\04\jiwankang\runtime\temp\f01e142b625ceb6f33533b99f932e84b.php:48]
[ error ] [8]未定义变量: info[E:\wwwroot\2026\04\jiwankang\runtime\temp\f01e142b625ceb6f33533b99f932e84b.php:48]
[ error ] [8]未定义变量: info[E:\wwwroot\2026\04\jiwankang\runtime\temp\f01e142b625ceb6f33533b99f932e84b.php:46]
[ error ] [8]未定义变量: info[E:\wwwroot\2026\04\jiwankang\runtime\temp\f01e142b625ceb6f33533b99f932e84b.php:48]
[ error ] [8]未定义变量: info[E:\wwwroot\2026\04\jiwankang\runtime\temp\f01e142b625ceb6f33533b99f932e84b.php:48]
[ error ] [8]未定义变量: info[E:\wwwroot\2026\04\jiwankang\runtime\temp\f01e142b625ceb6f33533b99f932e84b.php:48]
[ error ] [8]未定义变量: info[E:\wwwroot\2026\04\jiwankang\runtime\temp\f01e142b625ceb6f33533b99f932e84b.php:46]
[ error ] [8]未定义变量: info[E:\wwwroot\2026\04\jiwankang\runtime\temp\f01e142b625ceb6f33533b99f932e84b.php:48]
[ error ] [8]未定义变量: info[E:\wwwroot\2026\04\jiwankang\runtime\temp\f01e142b625ceb6f33533b99f932e84b.php:46]
[ error ] [8]未定义变量: info[E:\wwwroot\2026\04\jiwankang\runtime\temp\f01e142b625ceb6f33533b99f932e84b.php:48]
[ error ] [8]未定义变量: info[E:\wwwroot\2026\04\jiwankang\runtime\temp\f01e142b625ceb6f33533b99f932e84b.php:48]
[ error ] [8]未定义变量: info[E:\wwwroot\2026\04\jiwankang\runtime\temp\f01e142b625ceb6f33533b99f932e84b.php:48]
[ error ] [8]未定义变量: info[E:\wwwroot\2026\04\jiwankang\runtime\temp\f01e142b625ceb6f33533b99f932e84b.php:46]
[ error ] [8]未定义变量: info[E:\wwwroot\2026\04\jiwankang\runtime\temp\f01e142b625ceb6f33533b99f932e84b.php:46]
[ error ] [8]未定义变量: info[E:\wwwroot\2026\04\jiwankang\runtime\temp\f01e142b625ceb6f33533b99f932e84b.php:48]
[ error ] [8]未定义变量: info[E:\wwwroot\2026\04\jiwankang\runtime\temp\f01e142b625ceb6f33533b99f932e84b.php:48]
[ error ] [8]未定义变量: info[E:\wwwroot\2026\04\jiwankang\runtime\temp\f01e142b625ceb6f33533b99f932e84b.php:44]
[ error ] [8]未定义变量: info[E:\wwwroot\2026\04\jiwankang\runtime\temp\f01e142b625ceb6f33533b99f932e84b.php:46]
[ error ] [8]未定义变量: info[E:\wwwroot\2026\04\jiwankang\runtime\temp\f01e142b625ceb6f33533b99f932e84b.php:46]
[ error ] [8]未定义变量: info[E:\wwwroot\2026\04\jiwankang\runtime\temp\f01e142b625ceb6f33533b99f932e84b.php:48]
[ error ] [8]未定义变量: info[E:\wwwroot\2026\04\jiwankang\runtime\temp\f01e142b625ceb6f33533b99f932e84b.php:46]
[ error ] [8]未定义变量: info[E:\wwwroot\2026\04\jiwankang\runtime\temp\f01e142b625ceb6f33533b99f932e84b.php:48]
[ error ] [8]未定义变量: info[E:\wwwroot\2026\04\jiwankang\runtime\temp\f01e142b625ceb6f33533b99f932e84b.php:48]
[ error ] [8]未定义变量: info[E:\wwwroot\2026\04\jiwankang\runtime\temp\f01e142b625ceb6f33533b99f932e84b.php:48]
[ error ] [8]未定义变量: info[E:\wwwroot\2026\04\jiwankang\runtime\temp\f01e142b625ceb6f33533b99f932e84b.php:48]
[ error ] [8]未定义变量: info[E:\wwwroot\2026\04\jiwankang\runtime\temp\f01e142b625ceb6f33533b99f932e84b.php:48]
[ error ] [8]未定义变量: info[E:\wwwroot\2026\04\jiwankang\runtime\temp\f01e142b625ceb6f33533b99f932e84b.php:48]
[ error ] [8]未定义变量: info[E:\wwwroot\2026\04\jiwankang\runtime\temp\f01e142b625ceb6f33533b99f932e84b.php:46]
[ error ] [8]未定义变量: info[E:\wwwroot\2026\04\jiwankang\runtime\temp\f01e142b625ceb6f33533b99f932e84b.php:48]
[ error ] [8]未定义变量: info[E:\wwwroot\2026\04\jiwankang\runtime\temp\f01e142b625ceb6f33533b99f932e84b.php:46]
[ error ] [8]未定义变量: info[E:\wwwroot\2026\04\jiwankang\runtime\temp\f01e142b625ceb6f33533b99f932e84b.php:48]
[ error ] [8]未定义变量: info[E:\wwwroot\2026\04\jiwankang\runtime\temp\f01e142b625ceb6f33533b99f932e84b.php:48]
[ error ] [8]未定义变量: info[E:\wwwroot\2026\04\jiwankang\runtime\temp\f01e142b625ceb6f33533b99f932e84b.php:48]
[ error ] [8]未定义变量: info[E:\wwwroot\2026\04\jiwankang\runtime\temp\f01e142b625ceb6f33533b99f932e84b.php:48]
[ error ] [8]未定义变量: info[E:\wwwroot\2026\04\jiwankang\runtime\temp\f01e142b625ceb6f33533b99f932e84b.php:46]
[ error ] [8]未定义变量: info[E:\wwwroot\2026\04\jiwankang\runtime\temp\f01e142b625ceb6f33533b99f932e84b.php:48]
[ error ] [8]未定义变量: info[E:\wwwroot\2026\04\jiwankang\runtime\temp\f01e142b625ceb6f33533b99f932e84b.php:46]
[ error ] [8]未定义变量: info[E:\wwwroot\2026\04\jiwankang\runtime\temp\f01e142b625ceb6f33533b99f932e84b.php:48]
[ error ] [8]未定义变量: info[E:\wwwroot\2026\04\jiwankang\runtime\temp\f01e142b625ceb6f33533b99f932e84b.php:46]
[ error ] [8]未定义变量: info[E:\wwwroot\2026\04\jiwankang\runtime\temp\f01e142b625ceb6f33533b99f932e84b.php:48]
[ error ] [8]未定义变量: info[E:\wwwroot\2026\04\jiwankang\runtime\temp\f01e142b625ceb6f33533b99f932e84b.php:48]
[ error ] [8]未定义变量: info[E:\wwwroot\2026\04\jiwankang\runtime\temp\f01e142b625ceb6f33533b99f932e84b.php:46]
[ error ] [8]未定义变量: info[E:\wwwroot\2026\04\jiwankang\runtime\temp\f01e142b625ceb6f33533b99f932e84b.php:48]
[ error ] [8]未定义变量: info[E:\wwwroot\2026\04\jiwankang\runtime\temp\f01e142b625ceb6f33533b99f932e84b.php:48]
[ error ] [8]未定义变量: info[E:\wwwroot\2026\04\jiwankang\runtime\temp\f01e142b625ceb6f33533b99f932e84b.php:46]
[ error ] [8]未定义变量: info[E:\wwwroot\2026\04\jiwankang\runtime\temp\f01e142b625ceb6f33533b99f932e84b.php:48]
[ error ] [8]未定义变量: info[E:\wwwroot\2026\04\jiwankang\runtime\temp\f01e142b625ceb6f33533b99f932e84b.php:46]
[ error ] [8]未定义变量: info[E:\wwwroot\2026\04\jiwankang\runtime\temp\f01e142b625ceb6f33533b99f932e84b.php:59]
[ error ] [8]未定义变量: info[E:\wwwroot\2026\04\jiwankang\runtime\temp\f01e142b625ceb6f33533b99f932e84b.php:60]
[ error ] [8]未定义变量: info[E:\wwwroot\2026\04\jiwankang\runtime\temp\f01e142b625ceb6f33533b99f932e84b.php:68]
[ error ] [8]未定义变量: info[E:\wwwroot\2026\04\jiwankang\runtime\temp\f01e142b625ceb6f33533b99f932e84b.php:69]
[ error ] [8]未定义变量: info[E:\wwwroot\2026\04\jiwankang\runtime\temp\f01e142b625ceb6f33533b99f932e84b.php:76]
---------------------------------------------------------------
[2026-04-01T14:50:32+08:00] 127.0.0.1 GET www.jiwankang.com/manage
[运行时间：0.037509s] [吞吐率：26.66req/s] [内存消耗：4,603.30kb] [文件加载：110]
[ info ] [ LANG ] E:\wwwroot\2026\04\jiwankang\thinkphp\lang\zh-cn.php
[ info ] [ ROUTE ] array (
)
[ info ] [ HEADER ] array (
  'upgrade-insecure-requests' => '1',
  'cookie' => 'PHPSESSID=6ge3q9cob417ort2dkkl8j63da',
  'accept-language' => 'zh-CN,zh;q=0.9',
  'accept-encoding' => 'gzip, deflate',
  'accept' => 'text/html,application/xhtml+xml,application/xml;q=0.9,image/avif,image/webp,image/apng,*/*;q=0.8,application/signed-exchange;v=b3;q=0.7',
  'user-agent' => 'Mozilla/5.0 (Windows NT 10.0; Win64; x64) AppleWebKit/537.36 (KHTML, like Gecko) Chrome/146.0.0.0 Safari/537.36',
  'host' => 'www.jiwankang.com',
  'content-length' => '',
  'content-type' => '',
)
[ info ] [ PARAM ] array (
)
[ info ] [ DB ] INIT mysql
[ info ] [ VIEW ] E:\wwwroot\2026\04\jiwankang\application\manage\view\index\index.html [ array (
  0 => 'params',
  1 => 'jshopHost',
  2 => 'shop_name',
  3 => 'menu',
  4 => 'kefu',
) ]
[ sql ] [ DB ] CONNECT:[ UseTime:0.000797s ] mysql:host=127.0.0.1;port=3306;dbname=jiwankang;charset=utf8mb4
[ sql ] [ SQL ] SHOW COLUMNS FROM `wb_setting` [ RunTime:0.000551s ]
[ sql ] [ SQL ] SELECT * FROM `wb_setting` WHERE  `skey` = 'shop_name' LIMIT 1 [ RunTime:0.000208s ]
[ sql ] [ SQL ] SELECT * FROM `wb_setting` WHERE  `skey` = 'ent_id' LIMIT 1 [ RunTime:0.000378s ]
[ error ] [8]未定义数组索引: selected[E:\wwwroot\2026\04\jiwankang\runtime\temp\0ebc0da97c722c413af6448a150993b9.php:118]
[ error ] [8]未定义数组索引: selected[E:\wwwroot\2026\04\jiwankang\runtime\temp\0ebc0da97c722c413af6448a150993b9.php:118]
[ error ] [8]未定义数组索引: selected[E:\wwwroot\2026\04\jiwankang\runtime\temp\0ebc0da97c722c413af6448a150993b9.php:118]
[ error ] [8]未定义数组索引: selected[E:\wwwroot\2026\04\jiwankang\runtime\temp\0ebc0da97c722c413af6448a150993b9.php:118]
[ error ] [8]未定义数组索引: selected[E:\wwwroot\2026\04\jiwankang\runtime\temp\0ebc0da97c722c413af6448a150993b9.php:118]
[ error ] [8]未定义数组索引: selected[E:\wwwroot\2026\04\jiwankang\runtime\temp\0ebc0da97c722c413af6448a150993b9.php:118]
[ error ] [8]未定义数组索引: selected[E:\wwwroot\2026\04\jiwankang\runtime\temp\0ebc0da97c722c413af6448a150993b9.php:118]
[ error ] [8]未定义数组索引: selected[E:\wwwroot\2026\04\jiwankang\runtime\temp\0ebc0da97c722c413af6448a150993b9.php:118]
[ error ] [8]未定义数组索引: selected[E:\wwwroot\2026\04\jiwankang\runtime\temp\0ebc0da97c722c413af6448a150993b9.php:118]
[ error ] [8]未定义数组索引: selected[E:\wwwroot\2026\04\jiwankang\runtime\temp\0ebc0da97c722c413af6448a150993b9.php:118]
[ error ] [8]未定义数组索引: selected[E:\wwwroot\2026\04\jiwankang\runtime\temp\0ebc0da97c722c413af6448a150993b9.php:118]
[ error ] [8]未定义数组索引: selected[E:\wwwroot\2026\04\jiwankang\runtime\temp\0ebc0da97c722c413af6448a150993b9.php:118]
[ error ] [8]未定义数组索引: selected[E:\wwwroot\2026\04\jiwankang\runtime\temp\0ebc0da97c722c413af6448a150993b9.php:118]
[ error ] [8]未定义数组索引: selected[E:\wwwroot\2026\04\jiwankang\runtime\temp\0ebc0da97c722c413af6448a150993b9.php:118]
[ error ] [8]未定义数组索引: selected[E:\wwwroot\2026\04\jiwankang\runtime\temp\0ebc0da97c722c413af6448a150993b9.php:118]
[ error ] [8]未定义数组索引: selected[E:\wwwroot\2026\04\jiwankang\runtime\temp\0ebc0da97c722c413af6448a150993b9.php:118]
[ error ] [8]未定义数组索引: selected[E:\wwwroot\2026\04\jiwankang\runtime\temp\0ebc0da97c722c413af6448a150993b9.php:118]
[ error ] [8]未定义数组索引: selected[E:\wwwroot\2026\04\jiwankang\runtime\temp\0ebc0da97c722c413af6448a150993b9.php:118]
[ error ] [8]未定义数组索引: selected[E:\wwwroot\2026\04\jiwankang\runtime\temp\0ebc0da97c722c413af6448a150993b9.php:118]
[ error ] [8]未定义数组索引: selected[E:\wwwroot\2026\04\jiwankang\runtime\temp\0ebc0da97c722c413af6448a150993b9.php:118]
---------------------------------------------------------------
[2026-04-01T14:50:32+08:00] 127.0.0.1 GET www.jiwankang.com/manage/index/welcome.html
[运行时间：0.049194s] [吞吐率：20.33req/s] [内存消耗：5,491.36kb] [文件加载：115]
[ info ] [ LANG ] E:\wwwroot\2026\04\jiwankang\thinkphp\lang\zh-cn.php
[ info ] [ ROUTE ] array (
)
[ info ] [ HEADER ] array (
  'upgrade-insecure-requests' => '1',
  'referer' => 'http://www.jiwankang.com/manage',
  'cookie' => 'PHPSESSID=6ge3q9cob417ort2dkkl8j63da',
  'accept-language' => 'zh-CN,zh;q=0.9',
  'accept-encoding' => 'gzip, deflate',
  'accept' => 'text/html,application/xhtml+xml,application/xml;q=0.9,image/avif,image/webp,image/apng,*/*;q=0.8,application/signed-exchange;v=b3;q=0.7',
  'user-agent' => 'Mozilla/5.0 (Windows NT 10.0; Win64; x64) AppleWebKit/537.36 (KHTML, like Gecko) Chrome/146.0.0.0 Safari/537.36',
  'host' => 'www.jiwankang.com',
  'content-length' => '',
  'content-type' => '',
)
[ info ] [ PARAM ] array (
)
[ info ] [ DB ] INIT mysql
[ info ] [ VIEW ] E:\wwwroot\2026\04\jiwankang\application\manage\view\index\welcome.html [ array (
  0 => 'params',
  1 => 'jshopHost',
  2 => 'shop_name',
  3 => 'unpaid_count',
  4 => 'unship_count',
  5 => 'after_sales_count',
  6 => 'goods_statics',
  7 => 'zijinchi',
  8 => 'todayTyOrder',
  9 => 'allTyOrder',
  10 => 'daibutie',
  11 => 'yibutie',
) ]
[ sql ] [ DB ] CONNECT:[ UseTime:0.000696s ] mysql:host=127.0.0.1;port=3306;dbname=jiwankang;charset=utf8mb4
[ sql ] [ SQL ] SHOW COLUMNS FROM `wb_setting` [ RunTime:0.000480s ]
[ sql ] [ SQL ] SELECT * FROM `wb_setting` WHERE  `skey` = 'shop_name' LIMIT 1 [ RunTime:0.000296s ]
[ sql ] [ SQL ] SHOW COLUMNS FROM `wb_order` [ RunTime:0.001321s ]
[ sql ] [ SQL ] SELECT COUNT(*) AS tp_count FROM `wb_order` WHERE (  `status` = 1  AND `pay_status` = 1  AND `ship_status` = 1 ) AND `wb_order`.`isdel` IS NULL LIMIT 1 [ RunTime:0.000327s ]
[ sql ] [ SQL ] SELECT COUNT(*) AS tp_count FROM `wb_order` WHERE (  `status` = 1  AND `pay_status` = 2  AND `ship_status` IN (1,2) ) AND `wb_order`.`isdel` IS NULL LIMIT 1 [ RunTime:0.000199s ]
[ sql ] [ SQL ] SHOW COLUMNS FROM `wb_bill_aftersales` [ RunTime:0.001469s ]
[ sql ] [ SQL ] SELECT COUNT(*) AS tp_count FROM `wb_bill_aftersales` WHERE  `status` = 1 LIMIT 1 [ RunTime:0.000189s ]
[ sql ] [ SQL ] SELECT * FROM `wb_setting` WHERE  `skey` = 'shop_name' LIMIT 1 [ RunTime:0.000131s ]
[ sql ] [ SQL ] SHOW COLUMNS FROM `wb_goods` [ RunTime:0.000492s ]
[ sql ] [ SQL ] SELECT COUNT(`id`) AS tp_count FROM `wb_goods` LIMIT 1 [ RunTime:0.000107s ]
[ sql ] [ SQL ] SELECT COUNT(`id`) AS tp_count FROM `wb_goods` WHERE  `marketable` = 1 LIMIT 1 [ RunTime:0.000089s ]
[ sql ] [ SQL ] SELECT COUNT(`id`) AS tp_count FROM `wb_goods` WHERE  `marketable` = 2 LIMIT 1 [ RunTime:0.000071s ]
[ sql ] [ SQL ] SELECT * FROM `wb_setting` WHERE  `skey` = 'goods_stocks_warn' LIMIT 1 [ RunTime:0.000085s ]
[ sql ] [ SQL ] SHOW COLUMNS FROM `wb_products` [ RunTime:0.000289s ]
[ sql ] [ SQL ] SELECT COUNT(*) AS tp_count FROM ( SELECT count(id) AS think_count FROM `wb_products` WHERE  ( IF(stock < freeze_stock, 0, stock - freeze_stock)<10 ) GROUP BY `goods_id` ) `_group_count_` LIMIT 1 [ RunTime:0.000163s ]
[ sql ] [ SQL ] SHOW COLUMNS FROM `wb_money` [ RunTime:0.000434s ]
[ sql ] [ SQL ] SELECT `money` FROM `wb_money` WHERE  `type` = 1 LIMIT 1 [ RunTime:0.000119s ]
[ sql ] [ SQL ] SELECT SUM(`payed`) AS tp_sum FROM `wb_order` WHERE (  `status` < 3  AND `pay_status` = 2  AND `ctime` BETWEEN 1774972800 AND 1775059200 ) AND `wb_order`.`isdel` IS NULL LIMIT 1 [ RunTime:0.000132s ]
[ sql ] [ SQL ] SELECT SUM(`payed`) AS tp_sum FROM `wb_order` WHERE (  `status` < 3  AND `pay_status` = 2 ) AND `wb_order`.`isdel` IS NULL LIMIT 1 [ RunTime:0.000093s ]
[ sql ] [ SQL ] SHOW COLUMNS FROM `wb_user` [ RunTime:0.000341s ]
[ sql ] [ SQL ] SELECT SUM(`butie`) AS tp_sum FROM `wb_user` WHERE `wb_user`.`isdel` IS NULL LIMIT 1 [ RunTime:0.000097s ]
[ sql ] [ SQL ] SELECT SUM(`ybuite`) AS tp_sum FROM `wb_user` WHERE `wb_user`.`isdel` IS NULL LIMIT 1 [ RunTime:0.000072s ]
---------------------------------------------------------------
[2026-04-01T14:50:32+08:00] 127.0.0.1 GET www.jiwankang.com/manage/administrator/userloglist/state/1.html
[运行时间：0.032547s] [吞吐率：30.72req/s] [内存消耗：4,570.61kb] [文件加载：110]
[ info ] [ LANG ] E:\wwwroot\2026\04\jiwankang\thinkphp\lang\zh-cn.php
[ info ] [ ROUTE ] array (
)
[ info ] [ HEADER ] array (
  'x-requested-with' => 'XMLHttpRequest',
  'referer' => 'http://www.jiwankang.com/manage/index/welcome.html',
  'cookie' => 'PHPSESSID=6ge3q9cob417ort2dkkl8j63da',
  'accept-language' => 'zh-CN,zh;q=0.9',
  'accept-encoding' => 'gzip, deflate',
  'accept' => '*/*',
  'user-agent' => 'Mozilla/5.0 (Windows NT 10.0; Win64; x64) AppleWebKit/537.36 (KHTML, like Gecko) Chrome/146.0.0.0 Safari/537.36',
  'host' => 'www.jiwankang.com',
  'content-length' => '',
  'content-type' => '',
)
[ info ] [ PARAM ] array (
  'state' => '1',
)
[ info ] [ DB ] INIT mysql
[ sql ] [ DB ] CONNECT:[ UseTime:0.000766s ] mysql:host=127.0.0.1;port=3306;dbname=jiwankang;charset=utf8mb4
[ sql ] [ SQL ] SHOW COLUMNS FROM `wb_setting` [ RunTime:0.000826s ]
[ sql ] [ SQL ] SELECT * FROM `wb_setting` WHERE  `skey` = 'shop_name' LIMIT 1 [ RunTime:0.000307s ]
[ sql ] [ SQL ] SHOW COLUMNS FROM `wb_user_log` [ RunTime:0.001021s ]
[ sql ] [ SQL ] SELECT COUNT(*) AS tp_count FROM `wb_user_log` WHERE  `state` = 1  AND `type` = 2 LIMIT 1 [ RunTime:0.000243s ]
[ sql ] [ SQL ] SELECT * FROM `wb_user_log` WHERE  `state` = 1  AND `type` = 2 ORDER BY `ctime` DESC LIMIT 0,10 [ RunTime:0.000213s ]
[ sql ] [ SQL ] SHOW COLUMNS FROM `wb_manage` [ RunTime:0.000819s ]
[ sql ] [ SQL ] SELECT `id`,`username`,`nickname`,`mobile` FROM `wb_manage` WHERE  `id` = 13 LIMIT 1 [ RunTime:0.000113s ]
[ sql ] [ SQL ] SELECT `id`,`username`,`nickname`,`mobile` FROM `wb_manage` WHERE  `id` = 13 LIMIT 1 [ RunTime:0.000084s ]
[ sql ] [ SQL ] SELECT `id`,`username`,`nickname`,`mobile` FROM `wb_manage` WHERE  `id` = 13 LIMIT 1 [ RunTime:0.000071s ]
[ sql ] [ SQL ] SELECT `id`,`username`,`nickname`,`mobile` FROM `wb_manage` WHERE  `id` = 13 LIMIT 1 [ RunTime:0.000068s ]
---------------------------------------------------------------
[2026-04-01T14:50:32+08:00] 127.0.0.1 GET www.jiwankang.com/manage/operation_log/getlastlog.html
[运行时间：0.047967s] [吞吐率：20.85req/s] [内存消耗：4,525.98kb] [文件加载：110]
[ info ] [ LANG ] E:\wwwroot\2026\04\jiwankang\thinkphp\lang\zh-cn.php
[ info ] [ ROUTE ] array (
)
[ info ] [ HEADER ] array (
  'x-requested-with' => 'XMLHttpRequest',
  'referer' => 'http://www.jiwankang.com/manage/index/welcome.html',
  'cookie' => 'PHPSESSID=6ge3q9cob417ort2dkkl8j63da',
  'accept-language' => 'zh-CN,zh;q=0.9',
  'accept-encoding' => 'gzip, deflate',
  'accept' => 'application/json, text/javascript, */*; q=0.01',
  'user-agent' => 'Mozilla/5.0 (Windows NT 10.0; Win64; x64) AppleWebKit/537.36 (KHTML, like Gecko) Chrome/146.0.0.0 Safari/537.36',
  'host' => 'www.jiwankang.com',
  'content-length' => '',
  'content-type' => '',
)
[ info ] [ PARAM ] array (
)
[ info ] [ DB ] INIT mysql
[ sql ] [ DB ] CONNECT:[ UseTime:0.000972s ] mysql:host=127.0.0.1;port=3306;dbname=jiwankang;charset=utf8mb4
[ sql ] [ SQL ] SHOW COLUMNS FROM `wb_setting` [ RunTime:0.000556s ]
[ sql ] [ SQL ] SELECT * FROM `wb_setting` WHERE  `skey` = 'shop_name' LIMIT 1 [ RunTime:0.000178s ]
[ sql ] [ SQL ] SHOW COLUMNS FROM `wb_operation_log` [ RunTime:0.000900s ]
[ sql ] [ SQL ] SELECT COUNT(*) AS tp_count FROM `wb_operation_log` LIMIT 1 [ RunTime:0.000120s ]
[ sql ] [ SQL ] SELECT * FROM `wb_operation_log` ORDER BY `id` DESC LIMIT 0,10 [ RunTime:0.000113s ]
[ sql ] [ SQL ] SHOW COLUMNS FROM `wb_manage` [ RunTime:0.000796s ]
[ sql ] [ SQL ] SELECT * FROM `wb_manage` WHERE  `id` = 13 LIMIT 1 [ RunTime:0.000127s ]
[ sql ] [ SQL ] SELECT * FROM `wb_manage` WHERE  `id` = 13 LIMIT 1 [ RunTime:0.000086s ]
[ sql ] [ SQL ] SELECT * FROM `wb_manage` WHERE  `id` = 13 LIMIT 1 [ RunTime:0.000074s ]
[ sql ] [ SQL ] SELECT * FROM `wb_manage` WHERE  `id` = 13 LIMIT 1 [ RunTime:0.000073s ]
[ sql ] [ SQL ] SELECT * FROM `wb_manage` WHERE  `id` = 13 LIMIT 1 [ RunTime:0.000072s ]
[ sql ] [ SQL ] SELECT * FROM `wb_manage` WHERE  `id` = 13 LIMIT 1 [ RunTime:0.000073s ]
[ sql ] [ SQL ] SELECT * FROM `wb_manage` WHERE  `id` = 13 LIMIT 1 [ RunTime:0.000071s ]
[ sql ] [ SQL ] SELECT * FROM `wb_manage` WHERE  `id` = 13 LIMIT 1 [ RunTime:0.000075s ]
[ sql ] [ SQL ] SELECT * FROM `wb_manage` WHERE  `id` = 13 LIMIT 1 [ RunTime:0.000073s ]
[ sql ] [ SQL ] SELECT * FROM `wb_manage` WHERE  `id` = 13 LIMIT 1 [ RunTime:0.000072s ]
---------------------------------------------------------------
[2026-04-01T14:50:32+08:00] 127.0.0.1 GET www.jiwankang.com/manage/order/statistics.html
[运行时间：0.055487s] [吞吐率：18.02req/s] [内存消耗：4,694.27kb] [文件加载：110]
[ info ] [ LANG ] E:\wwwroot\2026\04\jiwankang\thinkphp\lang\zh-cn.php
[ info ] [ ROUTE ] array (
)
[ info ] [ HEADER ] array (
  'x-requested-with' => 'XMLHttpRequest',
  'referer' => 'http://www.jiwankang.com/manage/index/welcome.html',
  'cookie' => 'PHPSESSID=6ge3q9cob417ort2dkkl8j63da',
  'accept-language' => 'zh-CN,zh;q=0.9',
  'accept-encoding' => 'gzip, deflate',
  'accept' => '*/*',
  'user-agent' => 'Mozilla/5.0 (Windows NT 10.0; Win64; x64) AppleWebKit/537.36 (KHTML, like Gecko) Chrome/146.0.0.0 Safari/537.36',
  'host' => 'www.jiwankang.com',
  'content-length' => '',
  'content-type' => '',
)
[ info ] [ PARAM ] array (
)
[ info ] [ DB ] INIT mysql
[ sql ] [ DB ] CONNECT:[ UseTime:0.000715s ] mysql:host=127.0.0.1;port=3306;dbname=jiwankang;charset=utf8mb4
[ sql ] [ SQL ] SHOW COLUMNS FROM `wb_setting` [ RunTime:0.000409s ]
[ sql ] [ SQL ] SELECT * FROM `wb_setting` WHERE  `skey` = 'shop_name' LIMIT 1 [ RunTime:0.000142s ]
[ sql ] [ SQL ] SHOW COLUMNS FROM `wb_bill_payments` [ RunTime:0.000301s ]
[ sql ] [ SQL ] SELECT count(1) AS `nums`,DATE_FORMAT(FROM_UNIXTIME(ctime),"%Y-%m-%d") AS `day` FROM `wb_bill_payments` WHERE  `status` = 2  AND `type` = 1  AND ( FROM_UNIXTIME(ctime) >= 2026-03-25 ) GROUP BY DATE_FORMAT(FROM_UNIXTIME(ctime),"%Y-%m-%d") [ RunTime:0.000233s ]
[ sql ] [ SQL ] SHOW COLUMNS FROM `wb_bill_delivery` [ RunTime:0.000802s ]
[ sql ] [ SQL ] SELECT count(1) AS `nums`,DATE_FORMAT(FROM_UNIXTIME(ctime),"%Y-%m-%d") AS `day` FROM `wb_bill_delivery` WHERE  ( FROM_UNIXTIME(ctime) >= 2026-03-25 ) GROUP BY DATE_FORMAT(FROM_UNIXTIME(ctime),"%Y-%m-%d") [ RunTime:0.000152s ]
---------------------------------------------------------------
[2026-04-01T14:50:32+08:00] 127.0.0.1 GET www.jiwankang.com/manage/user/statistics.html
[运行时间：0.071124s] [吞吐率：14.06req/s] [内存消耗：5,023.93kb] [文件加载：111]
[ info ] [ LANG ] E:\wwwroot\2026\04\jiwankang\thinkphp\lang\zh-cn.php
[ info ] [ ROUTE ] array (
)
[ info ] [ HEADER ] array (
  'x-requested-with' => 'XMLHttpRequest',
  'referer' => 'http://www.jiwankang.com/manage/index/welcome.html',
  'cookie' => 'PHPSESSID=6ge3q9cob417ort2dkkl8j63da',
  'accept-language' => 'zh-CN,zh;q=0.9',
  'accept-encoding' => 'gzip, deflate',
  'accept' => '*/*',
  'user-agent' => 'Mozilla/5.0 (Windows NT 10.0; Win64; x64) AppleWebKit/537.36 (KHTML, like Gecko) Chrome/146.0.0.0 Safari/537.36',
  'host' => 'www.jiwankang.com',
  'content-length' => '',
  'content-type' => '',
)
[ info ] [ PARAM ] array (
)
[ info ] [ DB ] INIT mysql
[ sql ] [ DB ] CONNECT:[ UseTime:0.000640s ] mysql:host=127.0.0.1;port=3306;dbname=jiwankang;charset=utf8mb4
[ sql ] [ SQL ] SHOW COLUMNS FROM `wb_setting` [ RunTime:0.000412s ]
[ sql ] [ SQL ] SELECT * FROM `wb_setting` WHERE  `skey` = 'shop_name' LIMIT 1 [ RunTime:0.000140s ]
[ sql ] [ SQL ] SHOW COLUMNS FROM `wb_user` [ RunTime:0.000334s ]
[ sql ] [ SQL ] SELECT DATE_FORMAT(from_unixtime(ctime),"%Y-%m-%d") as day, count(*) as nums FROM `wb_user` WHERE (  `ctime` > 1774421432  AND ( TIMESTAMPDIFF(DAY,from_unixtime(ctime),now()) <7 ) ) AND `wb_user`.`isdel` IS NULL GROUP BY DATE_FORMAT(from_unixtime(ctime),"%Y-%m-%d") [ RunTime:0.000224s ]
[ sql ] [ SQL ] SHOW COLUMNS FROM `wb_order` [ RunTime:0.000471s ]
[ sql ] [ SQL ] SELECT COUNT(*) AS tp_count FROM ( SELECT count(*) AS think_count FROM `wb_order` WHERE (  `ctime` < 1775026232  AND `ctime` >= 1774972800 ) AND `wb_order`.`isdel` IS NULL GROUP BY `user_id` ) `_group_count_` LIMIT 1 [ RunTime:0.000201s ]
[ sql ] [ SQL ] SELECT COUNT(*) AS tp_count FROM ( SELECT count(*) AS think_count FROM `wb_order` WHERE (  `ctime` < 1774972799  AND `ctime` >= 1774886400 ) AND `wb_order`.`isdel` IS NULL GROUP BY `user_id` ) `_group_count_` LIMIT 1 [ RunTime:0.000130s ]
[ sql ] [ SQL ] SELECT COUNT(*) AS tp_count FROM ( SELECT count(*) AS think_count FROM `wb_order` WHERE (  `ctime` < 1774886399  AND `ctime` >= 1774800000 ) AND `wb_order`.`isdel` IS NULL GROUP BY `user_id` ) `_group_count_` LIMIT 1 [ RunTime:0.000106s ]
[ sql ] [ SQL ] SELECT COUNT(*) AS tp_count FROM ( SELECT count(*) AS think_count FROM `wb_order` WHERE (  `ctime` < 1774799999  AND `ctime` >= 1774713600 ) AND `wb_order`.`isdel` IS NULL GROUP BY `user_id` ) `_group_count_` LIMIT 1 [ RunTime:0.000104s ]
[ sql ] [ SQL ] SELECT COUNT(*) AS tp_count FROM ( SELECT count(*) AS think_count FROM `wb_order` WHERE (  `ctime` < 1774713599  AND `ctime` >= 1774627200 ) AND `wb_order`.`isdel` IS NULL GROUP BY `user_id` ) `_group_count_` LIMIT 1 [ RunTime:0.000094s ]
[ sql ] [ SQL ] SELECT COUNT(*) AS tp_count FROM ( SELECT count(*) AS think_count FROM `wb_order` WHERE (  `ctime` < 1774627199  AND `ctime` >= 1774540800 ) AND `wb_order`.`isdel` IS NULL GROUP BY `user_id` ) `_group_count_` LIMIT 1 [ RunTime:0.000092s ]
[ sql ] [ SQL ] SELECT COUNT(*) AS tp_count FROM ( SELECT count(*) AS think_count FROM `wb_order` WHERE (  `ctime` < 1774540799  AND `ctime` >= 1774454400 ) AND `wb_order`.`isdel` IS NULL GROUP BY `user_id` ) `_group_count_` LIMIT 1 [ RunTime:0.000093s ]
---------------------------------------------------------------
[2026-04-01T14:50:58+08:00] 127.0.0.1 GET www.jiwankang.com/manage/operation/index.html
[运行时间：0.031744s] [吞吐率：31.50req/s] [内存消耗：4,376.76kb] [文件加载：107]
[ info ] [ LANG ] E:\wwwroot\2026\04\jiwankang\thinkphp\lang\zh-cn.php
[ info ] [ ROUTE ] array (
)
[ info ] [ HEADER ] array (
  'upgrade-insecure-requests' => '1',
  'referer' => 'http://www.jiwankang.com/manage',
  'cookie' => 'PHPSESSID=6ge3q9cob417ort2dkkl8j63da',
  'accept-language' => 'zh-CN,zh;q=0.9',
  'accept-encoding' => 'gzip, deflate',
  'accept' => 'text/html,application/xhtml+xml,application/xml;q=0.9,image/avif,image/webp,image/apng,*/*;q=0.8,application/signed-exchange;v=b3;q=0.7',
  'user-agent' => 'Mozilla/5.0 (Windows NT 10.0; Win64; x64) AppleWebKit/537.36 (KHTML, like Gecko) Chrome/146.0.0.0 Safari/537.36',
  'host' => 'www.jiwankang.com',
  'content-length' => '',
  'content-type' => '',
)
[ info ] [ PARAM ] array (
)
[ info ] [ DB ] INIT mysql
[ info ] [ VIEW ] E:\wwwroot\2026\04\jiwankang\application\manage\view\operation\index.html [ array (
  0 => 'params',
  1 => 'jshopHost',
  2 => 'shop_name',
) ]
[ sql ] [ DB ] CONNECT:[ UseTime:0.000653s ] mysql:host=127.0.0.1;port=3306;dbname=jiwankang;charset=utf8mb4
[ sql ] [ SQL ] SHOW COLUMNS FROM `wb_setting` [ RunTime:0.000407s ]
[ sql ] [ SQL ] SELECT * FROM `wb_setting` WHERE  `skey` = 'shop_name' LIMIT 1 [ RunTime:0.000143s ]
---------------------------------------------------------------
[2026-04-01T14:50:58+08:00] 127.0.0.1 GET www.jiwankang.com/manage/operation/index.html
[运行时间：0.035872s] [吞吐率：27.88req/s] [内存消耗：4,376.76kb] [文件加载：107]
[ info ] [ LANG ] E:\wwwroot\2026\04\jiwankang\thinkphp\lang\zh-cn.php
[ info ] [ ROUTE ] array (
)
[ info ] [ HEADER ] array (
  'upgrade-insecure-requests' => '1',
  'referer' => 'http://www.jiwankang.com/manage',
  'cookie' => 'PHPSESSID=6ge3q9cob417ort2dkkl8j63da',
  'accept-language' => 'zh-CN,zh;q=0.9',
  'accept-encoding' => 'gzip, deflate',
  'accept' => 'text/html,application/xhtml+xml,application/xml;q=0.9,image/avif,image/webp,image/apng,*/*;q=0.8,application/signed-exchange;v=b3;q=0.7',
  'user-agent' => 'Mozilla/5.0 (Windows NT 10.0; Win64; x64) AppleWebKit/537.36 (KHTML, like Gecko) Chrome/146.0.0.0 Safari/537.36',
  'host' => 'www.jiwankang.com',
  'content-length' => '',
  'content-type' => '',
)
[ info ] [ PARAM ] array (
)
[ info ] [ DB ] INIT mysql
[ info ] [ VIEW ] E:\wwwroot\2026\04\jiwankang\application\manage\view\operation\index.html [ array (
  0 => 'params',
  1 => 'jshopHost',
  2 => 'shop_name',
) ]
[ sql ] [ DB ] CONNECT:[ UseTime:0.000517s ] mysql:host=127.0.0.1;port=3306;dbname=jiwankang;charset=utf8mb4
[ sql ] [ SQL ] SHOW COLUMNS FROM `wb_setting` [ RunTime:0.000351s ]
[ sql ] [ SQL ] SELECT * FROM `wb_setting` WHERE  `skey` = 'shop_name' LIMIT 1 [ RunTime:0.000132s ]
---------------------------------------------------------------
[2026-04-01T14:50:59+08:00] 127.0.0.1 GET www.jiwankang.com/manage/operation/index.html?_ajax=1&page=1&limit=2000
[运行时间：0.043284s] [吞吐率：23.10req/s] [内存消耗：4,562.95kb] [文件加载：112]
[ info ] [ LANG ] E:\wwwroot\2026\04\jiwankang\thinkphp\lang\zh-cn.php
[ info ] [ ROUTE ] array (
)
[ info ] [ HEADER ] array (
  'x-requested-with' => 'XMLHttpRequest',
  'referer' => 'http://www.jiwankang.com/manage/operation/index.html',
  'cookie' => 'PHPSESSID=6ge3q9cob417ort2dkkl8j63da',
  'accept-language' => 'zh-CN,zh;q=0.9',
  'accept-encoding' => 'gzip, deflate',
  'accept' => 'application/json, text/javascript, */*; q=0.01',
  'user-agent' => 'Mozilla/5.0 (Windows NT 10.0; Win64; x64) AppleWebKit/537.36 (KHTML, like Gecko) Chrome/146.0.0.0 Safari/537.36',
  'host' => 'www.jiwankang.com',
  'content-length' => '',
  'content-type' => '',
)
[ info ] [ PARAM ] array (
  '_ajax' => '1',
  'page' => '1',
  'limit' => '2000',
)
[ info ] [ DB ] INIT mysql
[ sql ] [ DB ] CONNECT:[ UseTime:0.000681s ] mysql:host=127.0.0.1;port=3306;dbname=jiwankang;charset=utf8mb4
[ sql ] [ SQL ] SHOW COLUMNS FROM `wb_setting` [ RunTime:0.000436s ]
[ sql ] [ SQL ] SELECT * FROM `wb_setting` WHERE  `skey` = 'shop_name' LIMIT 1 [ RunTime:0.000149s ]
[ sql ] [ SQL ] SHOW COLUMNS FROM `wb_operation` [ RunTime:0.000779s ]
[ sql ] [ SQL ] SELECT COUNT(*) AS tp_count FROM `wb_operation` WHERE  `parent_id` = 2 LIMIT 1 [ RunTime:0.000146s ]
[ sql ] [ SQL ] SELECT * FROM `wb_operation` WHERE  `parent_id` = 2 ORDER BY `sort` ASC,`id` DESC LIMIT 0,2000 [ RunTime:0.000192s ]
[ sql ] [ SQL ] SELECT * FROM `wb_operation` WHERE  `id` IN (2) [ RunTime:0.000098s ]
[ sql ] [ SQL ] SELECT * FROM `wb_operation` WHERE  `id` IN (356,399,2,266,244) [ RunTime:0.000142s ]
[ sql ] [ SQL ] SELECT * FROM `wb_operation` WHERE  `id` = 2 LIMIT 1 [ RunTime:0.000092s ]
---------------------------------------------------------------
[2026-04-01T14:51:01+08:00] 127.0.0.1 GET www.jiwankang.com/manage/operation/add.html?id=258
[运行时间：0.043020s] [吞吐率：23.24req/s] [内存消耗：5,012.54kb] [文件加载：110]
[ info ] [ LANG ] E:\wwwroot\2026\04\jiwankang\thinkphp\lang\zh-cn.php
[ info ] [ ROUTE ] array (
)
[ info ] [ HEADER ] array (
  'x-requested-with' => 'XMLHttpRequest',
  'referer' => 'http://www.jiwankang.com/manage/operation/index.html',
  'cookie' => 'PHPSESSID=6ge3q9cob417ort2dkkl8j63da',
  'accept-language' => 'zh-CN,zh;q=0.9',
  'accept-encoding' => 'gzip, deflate',
  'accept' => 'application/json, text/javascript, */*; q=0.01',
  'user-agent' => 'Mozilla/5.0 (Windows NT 10.0; Win64; x64) AppleWebKit/537.36 (KHTML, like Gecko) Chrome/146.0.0.0 Safari/537.36',
  'host' => 'www.jiwankang.com',
  'content-length' => '',
  'content-type' => '',
)
[ info ] [ PARAM ] array (
  'id' => '258',
)
[ info ] [ DB ] INIT mysql
[ info ] [ VIEW ] E:\wwwroot\2026\04\jiwankang\application\manage\view\operation\add.html [ array (
  0 => 'params',
  1 => 'jshopHost',
  2 => 'shop_name',
  3 => 'info',
  4 => 'tree',
  5 => 'menuTree',
) ]
[ sql ] [ DB ] CONNECT:[ UseTime:0.000653s ] mysql:host=127.0.0.1;port=3306;dbname=jiwankang;charset=utf8mb4
[ sql ] [ SQL ] SHOW COLUMNS FROM `wb_setting` [ RunTime:0.000401s ]
[ sql ] [ SQL ] SELECT * FROM `wb_setting` WHERE  `skey` = 'shop_name' LIMIT 1 [ RunTime:0.000144s ]
[ sql ] [ SQL ] SELECT * FROM `wb_setting` WHERE  `skey` = 'language' LIMIT 1 [ RunTime:0.000106s ]
[ sql ] [ SQL ] SELECT * FROM `wb_setting` WHERE  `skey` = 'language' LIMIT 1 [ RunTime:0.000073s ]
[ sql ] [ SQL ] SHOW COLUMNS FROM `wb_operation` [ RunTime:0.000830s ]
[ sql ] [ SQL ] SELECT * FROM `wb_operation` WHERE  `id` = 258 LIMIT 1 [ RunTime:0.000121s ]
[ sql ] [ SQL ] SELECT * FROM `wb_operation` WHERE  `type` <> 'a' ORDER BY `sort` ASC [ RunTime:0.000214s ]
[ sql ] [ SQL ] SELECT * FROM `wb_operation` [ RunTime:0.000288s ]
[ sql ] [ SQL ] SELECT * FROM `wb_operation` WHERE  `perm_type` < 3 ORDER BY `sort` ASC [ RunTime:0.000308s ]
---------------------------------------------------------------
[2026-04-01T14:51:43+08:00] 127.0.0.1 POST www.jiwankang.com/manage/operation/add.html
[运行时间：0.035720s] [吞吐率：28.00req/s] [内存消耗：4,331.35kb] [文件加载：106]
[ info ] [ LANG ] E:\wwwroot\2026\04\jiwankang\thinkphp\lang\zh-cn.php
[ info ] [ ROUTE ] array (
)
[ info ] [ HEADER ] array (
  'x-requested-with' => 'XMLHttpRequest',
  'referer' => 'http://www.jiwankang.com/manage/operation/index.html',
  'origin' => 'http://www.jiwankang.com',
  'cookie' => 'PHPSESSID=6ge3q9cob417ort2dkkl8j63da',
  'content-type' => 'application/x-www-form-urlencoded; charset=UTF-8',
  'accept-language' => 'zh-CN,zh;q=0.9',
  'accept-encoding' => 'gzip, deflate',
  'accept' => 'application/json, text/javascript, */*; q=0.01',
  'content-length' => '209',
  'user-agent' => 'Mozilla/5.0 (Windows NT 10.0; Win64; x64) AppleWebKit/537.36 (KHTML, like Gecko) Chrome/146.0.0.0 Safari/537.36',
  'host' => 'www.jiwankang.com',
)
[ info ] [ PARAM ] array (
  'id' => '',
  'parent_id' => '2',
  'name' => '资金池管理',
  'code' => 'Money',
  'parent_menu_id' => '611',
  'type' => 'c',
  'perm_type' => '1',
  'sort' => '100',
  'validate_form' => 'operation_add',
  '__Jshop_Token__' => '9c0e82917e1c0c619f3cb224efffef48f2362035',
)
[ info ] [ DB ] INIT mysql
[ sql ] [ DB ] CONNECT:[ UseTime:0.000651s ] mysql:host=127.0.0.1;port=3306;dbname=jiwankang;charset=utf8mb4
[ sql ] [ SQL ] SHOW COLUMNS FROM `wb_setting` [ RunTime:0.000399s ]
[ sql ] [ SQL ] SELECT * FROM `wb_setting` WHERE  `skey` = 'shop_name' LIMIT 1 [ RunTime:0.000142s ]
[ sql ] [ SQL ] SHOW COLUMNS FROM `wb_operation` [ RunTime:0.000828s ]
[ sql ] [ SQL ] SELECT * FROM `wb_operation` WHERE  `type` = 'c'  AND `code` = 'operation'  AND `parent_id` = 2 LIMIT 1 [ RunTime:0.000185s ]
[ sql ] [ SQL ] SELECT * FROM `wb_operation` WHERE  `type` = 'a'  AND `code` = 'add'  AND `parent_id` = 434 LIMIT 1 [ RunTime:0.000112s ]
[ sql ] [ SQL ] SHOW COLUMNS FROM `wb_operation_log` [ RunTime:0.000769s ]
[ sql ] [ SQL ] INSERT INTO `wb_operation_log` (`manage_id` , `controller` , `method` , `desc` , `content` , `ip` , `ctime`) VALUES (13 , 'operation' , 'add' , '节点编辑：资金池管理' , '{\"id\":\"\",\"parent_id\":\"2\",\"name\":\"\\u8d44\\u91d1\\u6c60\\u7ba1\\u7406\",\"code\":\"Money\",\"parent_menu_id\":\"611\",\"type\":\"c\",\"perm_type\":\"1\",\"sort\":\"100\",\"validate_form\":\"operation_add\",\"__Jshop_Token__\":\"9c0e82917e1c0c619f3cb224efffef48f2362035\"}' , '127.0.0.1' , 1775026303) [ RunTime:0.000141s ]
[ sql ] [ SQL ] SELECT * FROM `wb_setting` WHERE  `skey` = 'language' LIMIT 1 [ RunTime:0.000121s ]
[ sql ] [ SQL ] SELECT * FROM `wb_setting` WHERE  `skey` = 'language' LIMIT 1 [ RunTime:0.000078s ]
[ sql ] [ SQL ] SELECT * FROM `wb_operation` WHERE  `type` <> 'a'  AND `id` = 2 LIMIT 1 [ RunTime:0.000101s ]
[ sql ] [ SQL ] SELECT * FROM `wb_operation` WHERE  `parent_id` = 2  AND `code` = 'Money' LIMIT 1 [ RunTime:0.000137s ]
[ sql ] [ SQL ] SELECT * FROM `wb_operation` WHERE  `id` = 611 LIMIT 1 [ RunTime:0.000083s ]
[ sql ] [ SQL ] INSERT INTO `wb_operation` (`id` , `parent_id` , `name` , `code` , `parent_menu_id` , `type` , `perm_type` , `sort`) VALUES (0 , 2 , '资金池管理' , 'Money' , 611 , 'c' , 1 , 100) [ RunTime:0.000899s ]
---------------------------------------------------------------
[2026-04-01T14:51:43+08:00] 127.0.0.1 GET www.jiwankang.com/manage/operation/index.html?_ajax=1&page=1&limit=2000&parent_id=2
[运行时间：0.033500s] [吞吐率：29.85req/s] [内存消耗：4,563.04kb] [文件加载：112]
[ info ] [ LANG ] E:\wwwroot\2026\04\jiwankang\thinkphp\lang\zh-cn.php
[ info ] [ ROUTE ] array (
)
[ info ] [ HEADER ] array (
  'x-requested-with' => 'XMLHttpRequest',
  'referer' => 'http://www.jiwankang.com/manage/operation/index.html',
  'cookie' => 'PHPSESSID=6ge3q9cob417ort2dkkl8j63da',
  'accept-language' => 'zh-CN,zh;q=0.9',
  'accept-encoding' => 'gzip, deflate',
  'accept' => 'application/json, text/javascript, */*; q=0.01',
  'user-agent' => 'Mozilla/5.0 (Windows NT 10.0; Win64; x64) AppleWebKit/537.36 (KHTML, like Gecko) Chrome/146.0.0.0 Safari/537.36',
  'host' => 'www.jiwankang.com',
  'content-length' => '',
  'content-type' => '',
)
[ info ] [ PARAM ] array (
  '_ajax' => '1',
  'page' => '1',
  'limit' => '2000',
  'parent_id' => '2',
)
[ info ] [ DB ] INIT mysql
[ sql ] [ DB ] CONNECT:[ UseTime:0.000858s ] mysql:host=127.0.0.1;port=3306;dbname=jiwankang;charset=utf8mb4
[ sql ] [ SQL ] SHOW COLUMNS FROM `wb_setting` [ RunTime:0.000657s ]
[ sql ] [ SQL ] SELECT * FROM `wb_setting` WHERE  `skey` = 'shop_name' LIMIT 1 [ RunTime:0.000288s ]
[ sql ] [ SQL ] SHOW COLUMNS FROM `wb_operation` [ RunTime:0.000970s ]
[ sql ] [ SQL ] SELECT COUNT(*) AS tp_count FROM `wb_operation` WHERE  `parent_id` = 2 LIMIT 1 [ RunTime:0.000273s ]
[ sql ] [ SQL ] SELECT * FROM `wb_operation` WHERE  `parent_id` = 2 ORDER BY `sort` ASC,`id` DESC LIMIT 0,2000 [ RunTime:0.000334s ]
[ sql ] [ SQL ] SELECT * FROM `wb_operation` WHERE  `id` IN (2) [ RunTime:0.000121s ]
[ sql ] [ SQL ] SELECT * FROM `wb_operation` WHERE  `id` IN (356,399,2,266,244,611) [ RunTime:0.000145s ]
[ sql ] [ SQL ] SELECT * FROM `wb_operation` WHERE  `id` = 2 LIMIT 1 [ RunTime:0.000171s ]
---------------------------------------------------------------
[2026-04-01T14:51:47+08:00] 127.0.0.1 GET www.jiwankang.com/manage/operation/add.html
[运行时间：0.040717s] [吞吐率：24.56req/s] [内存消耗：5,173.16kb] [文件加载：113]
[ info ] [ LANG ] E:\wwwroot\2026\04\jiwankang\thinkphp\lang\zh-cn.php
[ info ] [ ROUTE ] array (
)
[ info ] [ HEADER ] array (
  'x-requested-with' => 'XMLHttpRequest',
  'referer' => 'http://www.jiwankang.com/manage/operation/index.html',
  'cookie' => 'PHPSESSID=6ge3q9cob417ort2dkkl8j63da',
  'accept-language' => 'zh-CN,zh;q=0.9',
  'accept-encoding' => 'gzip, deflate',
  'accept' => 'application/json, text/javascript, */*; q=0.01',
  'user-agent' => 'Mozilla/5.0 (Windows NT 10.0; Win64; x64) AppleWebKit/537.36 (KHTML, like Gecko) Chrome/146.0.0.0 Safari/537.36',
  'host' => 'www.jiwankang.com',
  'content-length' => '',
  'content-type' => '',
)
[ info ] [ PARAM ] array (
)
[ info ] [ DB ] INIT mysql
[ info ] [ VIEW ] E:\wwwroot\2026\04\jiwankang\application\manage\view\operation\add.html [ array (
  0 => 'params',
  1 => 'jshopHost',
  2 => 'shop_name',
  3 => 'tree',
  4 => 'menuTree',
) ]
[ sql ] [ DB ] CONNECT:[ UseTime:0.000642s ] mysql:host=127.0.0.1;port=3306;dbname=jiwankang;charset=utf8mb4
[ sql ] [ SQL ] SHOW COLUMNS FROM `wb_setting` [ RunTime:0.000411s ]
[ sql ] [ SQL ] SELECT * FROM `wb_setting` WHERE  `skey` = 'shop_name' LIMIT 1 [ RunTime:0.000163s ]
[ sql ] [ SQL ] SELECT * FROM `wb_setting` WHERE  `skey` = 'language' LIMIT 1 [ RunTime:0.000107s ]
[ sql ] [ SQL ] SELECT * FROM `wb_setting` WHERE  `skey` = 'language' LIMIT 1 [ RunTime:0.000076s ]
[ sql ] [ SQL ] SHOW COLUMNS FROM `wb_operation` [ RunTime:0.000954s ]
[ sql ] [ SQL ] SELECT * FROM `wb_operation` WHERE  `type` <> 'a' ORDER BY `sort` ASC [ RunTime:0.000313s ]
[ sql ] [ SQL ] SELECT * FROM `wb_operation` [ RunTime:0.000275s ]
[ sql ] [ SQL ] SELECT * FROM `wb_operation` WHERE  `perm_type` < 3 ORDER BY `sort` ASC [ RunTime:0.000423s ]
[ error ] [8]未定义变量: info[E:\wwwroot\2026\04\jiwankang\runtime\temp\f01e142b625ceb6f33533b99f932e84b.php:3]
[ error ] [8]未定义变量: info[E:\wwwroot\2026\04\jiwankang\runtime\temp\f01e142b625ceb6f33533b99f932e84b.php:11]
[ error ] [8]未定义变量: info[E:\wwwroot\2026\04\jiwankang\runtime\temp\f01e142b625ceb6f33533b99f932e84b.php:13]
[ error ] [8]未定义变量: info[E:\wwwroot\2026\04\jiwankang\runtime\temp\f01e142b625ceb6f33533b99f932e84b.php:13]
[ error ] [8]未定义变量: info[E:\wwwroot\2026\04\jiwankang\runtime\temp\f01e142b625ceb6f33533b99f932e84b.php:13]
[ error ] [8]未定义变量: info[E:\wwwroot\2026\04\jiwankang\runtime\temp\f01e142b625ceb6f33533b99f932e84b.php:13]
[ error ] [8]未定义变量: info[E:\wwwroot\2026\04\jiwankang\runtime\temp\f01e142b625ceb6f33533b99f932e84b.php:15]
[ error ] [8]未定义变量: info[E:\wwwroot\2026\04\jiwankang\runtime\temp\f01e142b625ceb6f33533b99f932e84b.php:15]
[ error ] [8]未定义变量: info[E:\wwwroot\2026\04\jiwankang\runtime\temp\f01e142b625ceb6f33533b99f932e84b.php:13]
[ error ] [8]未定义变量: info[E:\wwwroot\2026\04\jiwankang\runtime\temp\f01e142b625ceb6f33533b99f932e84b.php:15]
[ error ] [8]未定义变量: info[E:\wwwroot\2026\04\jiwankang\runtime\temp\f01e142b625ceb6f33533b99f932e84b.php:13]
[ error ] [8]未定义变量: info[E:\wwwroot\2026\04\jiwankang\runtime\temp\f01e142b625ceb6f33533b99f932e84b.php:13]
[ error ] [8]未定义变量: info[E:\wwwroot\2026\04\jiwankang\runtime\temp\f01e142b625ceb6f33533b99f932e84b.php:13]
[ error ] [8]未定义变量: info[E:\wwwroot\2026\04\jiwankang\runtime\temp\f01e142b625ceb6f33533b99f932e84b.php:13]
[ error ] [8]未定义变量: info[E:\wwwroot\2026\04\jiwankang\runtime\temp\f01e142b625ceb6f33533b99f932e84b.php:13]
[ error ] [8]未定义变量: info[E:\wwwroot\2026\04\jiwankang\runtime\temp\f01e142b625ceb6f33533b99f932e84b.php:13]
[ error ] [8]未定义变量: info[E:\wwwroot\2026\04\jiwankang\runtime\temp\f01e142b625ceb6f33533b99f932e84b.php:13]
[ error ] [8]未定义变量: info[E:\wwwroot\2026\04\jiwankang\runtime\temp\f01e142b625ceb6f33533b99f932e84b.php:13]
[ error ] [8]未定义变量: info[E:\wwwroot\2026\04\jiwankang\runtime\temp\f01e142b625ceb6f33533b99f932e84b.php:13]
[ error ] [8]未定义变量: info[E:\wwwroot\2026\04\jiwankang\runtime\temp\f01e142b625ceb6f33533b99f932e84b.php:13]
[ error ] [8]未定义变量: info[E:\wwwroot\2026\04\jiwankang\runtime\temp\f01e142b625ceb6f33533b99f932e84b.php:13]
[ error ] [8]未定义变量: info[E:\wwwroot\2026\04\jiwankang\runtime\temp\f01e142b625ceb6f33533b99f932e84b.php:13]
[ error ] [8]未定义变量: info[E:\wwwroot\2026\04\jiwankang\runtime\temp\f01e142b625ceb6f33533b99f932e84b.php:13]
[ error ] [8]未定义变量: info[E:\wwwroot\2026\04\jiwankang\runtime\temp\f01e142b625ceb6f33533b99f932e84b.php:13]
[ error ] [8]未定义变量: info[E:\wwwroot\2026\04\jiwankang\runtime\temp\f01e142b625ceb6f33533b99f932e84b.php:13]
[ error ] [8]未定义变量: info[E:\wwwroot\2026\04\jiwankang\runtime\temp\f01e142b625ceb6f33533b99f932e84b.php:13]
[ error ] [8]未定义变量: info[E:\wwwroot\2026\04\jiwankang\runtime\temp\f01e142b625ceb6f33533b99f932e84b.php:13]
[ error ] [8]未定义变量: info[E:\wwwroot\2026\04\jiwankang\runtime\temp\f01e142b625ceb6f33533b99f932e84b.php:13]
[ error ] [8]未定义变量: info[E:\wwwroot\2026\04\jiwankang\runtime\temp\f01e142b625ceb6f33533b99f932e84b.php:13]
[ error ] [8]未定义变量: info[E:\wwwroot\2026\04\jiwankang\runtime\temp\f01e142b625ceb6f33533b99f932e84b.php:13]
[ error ] [8]未定义变量: info[E:\wwwroot\2026\04\jiwankang\runtime\temp\f01e142b625ceb6f33533b99f932e84b.php:13]
[ error ] [8]未定义变量: info[E:\wwwroot\2026\04\jiwankang\runtime\temp\f01e142b625ceb6f33533b99f932e84b.php:13]
[ error ] [8]未定义变量: info[E:\wwwroot\2026\04\jiwankang\runtime\temp\f01e142b625ceb6f33533b99f932e84b.php:13]
[ error ] [8]未定义变量: info[E:\wwwroot\2026\04\jiwankang\runtime\temp\f01e142b625ceb6f33533b99f932e84b.php:13]
[ error ] [8]未定义变量: info[E:\wwwroot\2026\04\jiwankang\runtime\temp\f01e142b625ceb6f33533b99f932e84b.php:13]
[ error ] [8]未定义变量: info[E:\wwwroot\2026\04\jiwankang\runtime\temp\f01e142b625ceb6f33533b99f932e84b.php:13]
[ error ] [8]未定义变量: info[E:\wwwroot\2026\04\jiwankang\runtime\temp\f01e142b625ceb6f33533b99f932e84b.php:13]
[ error ] [8]未定义变量: info[E:\wwwroot\2026\04\jiwankang\runtime\temp\f01e142b625ceb6f33533b99f932e84b.php:15]
[ error ] [8]未定义变量: info[E:\wwwroot\2026\04\jiwankang\runtime\temp\f01e142b625ceb6f33533b99f932e84b.php:13]
[ error ] [8]未定义变量: info[E:\wwwroot\2026\04\jiwankang\runtime\temp\f01e142b625ceb6f33533b99f932e84b.php:15]
[ error ] [8]未定义变量: info[E:\wwwroot\2026\04\jiwankang\runtime\temp\f01e142b625ceb6f33533b99f932e84b.php:15]
[ error ] [8]未定义变量: info[E:\wwwroot\2026\04\jiwankang\runtime\temp\f01e142b625ceb6f33533b99f932e84b.php:15]
[ error ] [8]未定义变量: info[E:\wwwroot\2026\04\jiwankang\runtime\temp\f01e142b625ceb6f33533b99f932e84b.php:15]
[ error ] [8]未定义变量: info[E:\wwwroot\2026\04\jiwankang\runtime\temp\f01e142b625ceb6f33533b99f932e84b.php:13]
[ error ] [8]未定义变量: info[E:\wwwroot\2026\04\jiwankang\runtime\temp\f01e142b625ceb6f33533b99f932e84b.php:13]
[ error ] [8]未定义变量: info[E:\wwwroot\2026\04\jiwankang\runtime\temp\f01e142b625ceb6f33533b99f932e84b.php:13]
[ error ] [8]未定义变量: info[E:\wwwroot\2026\04\jiwankang\runtime\temp\f01e142b625ceb6f33533b99f932e84b.php:13]
[ error ] [8]未定义变量: info[E:\wwwroot\2026\04\jiwankang\runtime\temp\f01e142b625ceb6f33533b99f932e84b.php:15]
[ error ] [8]未定义变量: info[E:\wwwroot\2026\04\jiwankang\runtime\temp\f01e142b625ceb6f33533b99f932e84b.php:15]
[ error ] [8]未定义变量: info[E:\wwwroot\2026\04\jiwankang\runtime\temp\f01e142b625ceb6f33533b99f932e84b.php:15]
[ error ] [8]未定义变量: info[E:\wwwroot\2026\04\jiwankang\runtime\temp\f01e142b625ceb6f33533b99f932e84b.php:13]
[ error ] [8]未定义变量: info[E:\wwwroot\2026\04\jiwankang\runtime\temp\f01e142b625ceb6f33533b99f932e84b.php:25]
[ error ] [8]未定义变量: info[E:\wwwroot\2026\04\jiwankang\runtime\temp\f01e142b625ceb6f33533b99f932e84b.php:32]
[ error ] [8]未定义变量: info[E:\wwwroot\2026\04\jiwankang\runtime\temp\f01e142b625ceb6f33533b99f932e84b.php:42]
[ error ] [8]未定义变量: info[E:\wwwroot\2026\04\jiwankang\runtime\temp\f01e142b625ceb6f33533b99f932e84b.php:44]
[ error ] [8]未定义变量: info[E:\wwwroot\2026\04\jiwankang\runtime\temp\f01e142b625ceb6f33533b99f932e84b.php:46]
[ error ] [8]未定义变量: info[E:\wwwroot\2026\04\jiwankang\runtime\temp\f01e142b625ceb6f33533b99f932e84b.php:48]
[ error ] [8]未定义变量: info[E:\wwwroot\2026\04\jiwankang\runtime\temp\f01e142b625ceb6f33533b99f932e84b.php:48]
[ error ] [8]未定义变量: info[E:\wwwroot\2026\04\jiwankang\runtime\temp\f01e142b625ceb6f33533b99f932e84b.php:48]
[ error ] [8]未定义变量: info[E:\wwwroot\2026\04\jiwankang\runtime\temp\f01e142b625ceb6f33533b99f932e84b.php:48]
[ error ] [8]未定义变量: info[E:\wwwroot\2026\04\jiwankang\runtime\temp\f01e142b625ceb6f33533b99f932e84b.php:48]
[ error ] [8]未定义变量: info[E:\wwwroot\2026\04\jiwankang\runtime\temp\f01e142b625ceb6f33533b99f932e84b.php:48]
[ error ] [8]未定义变量: info[E:\wwwroot\2026\04\jiwankang\runtime\temp\f01e142b625ceb6f33533b99f932e84b.php:48]
[ error ] [8]未定义变量: info[E:\wwwroot\2026\04\jiwankang\runtime\temp\f01e142b625ceb6f33533b99f932e84b.php:48]
[ error ] [8]未定义变量: info[E:\wwwroot\2026\04\jiwankang\runtime\temp\f01e142b625ceb6f33533b99f932e84b.php:46]
[ error ] [8]未定义变量: info[E:\wwwroot\2026\04\jiwankang\runtime\temp\f01e142b625ceb6f33533b99f932e84b.php:48]
[ error ] [8]未定义变量: info[E:\wwwroot\2026\04\jiwankang\runtime\temp\f01e142b625ceb6f33533b99f932e84b.php:48]
[ error ] [8]未定义变量: info[E:\wwwroot\2026\04\jiwankang\runtime\temp\f01e142b625ceb6f33533b99f932e84b.php:48]
[ error ] [8]未定义变量: info[E:\wwwroot\2026\04\jiwankang\runtime\temp\f01e142b625ceb6f33533b99f932e84b.php:48]
[ error ] [8]未定义变量: info[E:\wwwroot\2026\04\jiwankang\runtime\temp\f01e142b625ceb6f33533b99f932e84b.php:46]
[ error ] [8]未定义变量: info[E:\wwwroot\2026\04\jiwankang\runtime\temp\f01e142b625ceb6f33533b99f932e84b.php:48]
[ error ] [8]未定义变量: info[E:\wwwroot\2026\04\jiwankang\runtime\temp\f01e142b625ceb6f33533b99f932e84b.php:48]
[ error ] [8]未定义变量: info[E:\wwwroot\2026\04\jiwankang\runtime\temp\f01e142b625ceb6f33533b99f932e84b.php:48]
[ error ] [8]未定义变量: info[E:\wwwroot\2026\04\jiwankang\runtime\temp\f01e142b625ceb6f33533b99f932e84b.php:46]
[ error ] [8]未定义变量: info[E:\wwwroot\2026\04\jiwankang\runtime\temp\f01e142b625ceb6f33533b99f932e84b.php:46]
[ error ] [8]未定义变量: info[E:\wwwroot\2026\04\jiwankang\runtime\temp\f01e142b625ceb6f33533b99f932e84b.php:48]
[ error ] [8]未定义变量: info[E:\wwwroot\2026\04\jiwankang\runtime\temp\f01e142b625ceb6f33533b99f932e84b.php:48]
[ error ] [8]未定义变量: info[E:\wwwroot\2026\04\jiwankang\runtime\temp\f01e142b625ceb6f33533b99f932e84b.php:48]
[ error ] [8]未定义变量: info[E:\wwwroot\2026\04\jiwankang\runtime\temp\f01e142b625ceb6f33533b99f932e84b.php:46]
[ error ] [8]未定义变量: info[E:\wwwroot\2026\04\jiwankang\runtime\temp\f01e142b625ceb6f33533b99f932e84b.php:48]
[ error ] [8]未定义变量: info[E:\wwwroot\2026\04\jiwankang\runtime\temp\f01e142b625ceb6f33533b99f932e84b.php:48]
[ error ] [8]未定义变量: info[E:\wwwroot\2026\04\jiwankang\runtime\temp\f01e142b625ceb6f33533b99f932e84b.php:48]
[ error ] [8]未定义变量: info[E:\wwwroot\2026\04\jiwankang\runtime\temp\f01e142b625ceb6f33533b99f932e84b.php:46]
[ error ] [8]未定义变量: info[E:\wwwroot\2026\04\jiwankang\runtime\temp\f01e142b625ceb6f33533b99f932e84b.php:46]
[ error ] [8]未定义变量: info[E:\wwwroot\2026\04\jiwankang\runtime\temp\f01e142b625ceb6f33533b99f932e84b.php:44]
[ error ] [8]未定义变量: info[E:\wwwroot\2026\04\jiwankang\runtime\temp\f01e142b625ceb6f33533b99f932e84b.php:46]
[ error ] [8]未定义变量: info[E:\wwwroot\2026\04\jiwankang\runtime\temp\f01e142b625ceb6f33533b99f932e84b.php:48]
[ error ] [8]未定义变量: info[E:\wwwroot\2026\04\jiwankang\runtime\temp\f01e142b625ceb6f33533b99f932e84b.php:48]
[ error ] [8]未定义变量: info[E:\wwwroot\2026\04\jiwankang\runtime\temp\f01e142b625ceb6f33533b99f932e84b.php:48]
[ error ] [8]未定义变量: info[E:\wwwroot\2026\04\jiwankang\runtime\temp\f01e142b625ceb6f33533b99f932e84b.php:48]
[ error ] [8]未定义变量: info[E:\wwwroot\2026\04\jiwankang\runtime\temp\f01e142b625ceb6f33533b99f932e84b.php:48]
[ error ] [8]未定义变量: info[E:\wwwroot\2026\04\jiwankang\runtime\temp\f01e142b625ceb6f33533b99f932e84b.php:48]
[ error ] [8]未定义变量: info[E:\wwwroot\2026\04\jiwankang\runtime\temp\f01e142b625ceb6f33533b99f932e84b.php:48]
[ error ] [8]未定义变量: info[E:\wwwroot\2026\04\jiwankang\runtime\temp\f01e142b625ceb6f33533b99f932e84b.php:48]
[ error ] [8]未定义变量: info[E:\wwwroot\2026\04\jiwankang\runtime\temp\f01e142b625ceb6f33533b99f932e84b.php:46]
[ error ] [8]未定义变量: info[E:\wwwroot\2026\04\jiwankang\runtime\temp\f01e142b625ceb6f33533b99f932e84b.php:48]
[ error ] [8]未定义变量: info[E:\wwwroot\2026\04\jiwankang\runtime\temp\f01e142b625ceb6f33533b99f932e84b.php:46]
[ error ] [8]未定义变量: info[E:\wwwroot\2026\04\jiwankang\runtime\temp\f01e142b625ceb6f33533b99f932e84b.php:46]
[ error ] [8]未定义变量: info[E:\wwwroot\2026\04\jiwankang\runtime\temp\f01e142b625ceb6f33533b99f932e84b.php:44]
[ error ] [8]未定义变量: info[E:\wwwroot\2026\04\jiwankang\runtime\temp\f01e142b625ceb6f33533b99f932e84b.php:46]
[ error ] [8]未定义变量: info[E:\wwwroot\2026\04\jiwankang\runtime\temp\f01e142b625ceb6f33533b99f932e84b.php:48]
[ error ] [8]未定义变量: info[E:\wwwroot\2026\04\jiwankang\runtime\temp\f01e142b625ceb6f33533b99f932e84b.php:48]
[ error ] [8]未定义变量: info[E:\wwwroot\2026\04\jiwankang\runtime\temp\f01e142b625ceb6f33533b99f932e84b.php:48]
[ error ] [8]未定义变量: info[E:\wwwroot\2026\04\jiwankang\runtime\temp\f01e142b625ceb6f33533b99f932e84b.php:48]
[ error ] [8]未定义变量: info[E:\wwwroot\2026\04\jiwankang\runtime\temp\f01e142b625ceb6f33533b99f932e84b.php:48]
[ error ] [8]未定义变量: info[E:\wwwroot\2026\04\jiwankang\runtime\temp\f01e142b625ceb6f33533b99f932e84b.php:46]
[ error ] [8]未定义变量: info[E:\wwwroot\2026\04\jiwankang\runtime\temp\f01e142b625ceb6f33533b99f932e84b.php:48]
[ error ] [8]未定义变量: info[E:\wwwroot\2026\04\jiwankang\runtime\temp\f01e142b625ceb6f33533b99f932e84b.php:46]
[ error ] [8]未定义变量: info[E:\wwwroot\2026\04\jiwankang\runtime\temp\f01e142b625ceb6f33533b99f932e84b.php:46]
[ error ] [8]未定义变量: info[E:\wwwroot\2026\04\jiwankang\runtime\temp\f01e142b625ceb6f33533b99f932e84b.php:48]
[ error ] [8]未定义变量: info[E:\wwwroot\2026\04\jiwankang\runtime\temp\f01e142b625ceb6f33533b99f932e84b.php:48]
[ error ] [8]未定义变量: info[E:\wwwroot\2026\04\jiwankang\runtime\temp\f01e142b625ceb6f33533b99f932e84b.php:46]
[ error ] [8]未定义变量: info[E:\wwwroot\2026\04\jiwankang\runtime\temp\f01e142b625ceb6f33533b99f932e84b.php:48]
[ error ] [8]未定义变量: info[E:\wwwroot\2026\04\jiwankang\runtime\temp\f01e142b625ceb6f33533b99f932e84b.php:48]
[ error ] [8]未定义变量: info[E:\wwwroot\2026\04\jiwankang\runtime\temp\f01e142b625ceb6f33533b99f932e84b.php:46]
[ error ] [8]未定义变量: info[E:\wwwroot\2026\04\jiwankang\runtime\temp\f01e142b625ceb6f33533b99f932e84b.php:48]
[ error ] [8]未定义变量: info[E:\wwwroot\2026\04\jiwankang\runtime\temp\f01e142b625ceb6f33533b99f932e84b.php:48]
[ error ] [8]未定义变量: info[E:\wwwroot\2026\04\jiwankang\runtime\temp\f01e142b625ceb6f33533b99f932e84b.php:48]
[ error ] [8]未定义变量: info[E:\wwwroot\2026\04\jiwankang\runtime\temp\f01e142b625ceb6f33533b99f932e84b.php:46]
[ error ] [8]未定义变量: info[E:\wwwroot\2026\04\jiwankang\runtime\temp\f01e142b625ceb6f33533b99f932e84b.php:48]
[ error ] [8]未定义变量: info[E:\wwwroot\2026\04\jiwankang\runtime\temp\f01e142b625ceb6f33533b99f932e84b.php:48]
[ error ] [8]未定义变量: info[E:\wwwroot\2026\04\jiwankang\runtime\temp\f01e142b625ceb6f33533b99f932e84b.php:48]
[ error ] [8]未定义变量: info[E:\wwwroot\2026\04\jiwankang\runtime\temp\f01e142b625ceb6f33533b99f932e84b.php:44]
[ error ] [8]未定义变量: info[E:\wwwroot\2026\04\jiwankang\runtime\temp\f01e142b625ceb6f33533b99f932e84b.php:46]
[ error ] [8]未定义变量: info[E:\wwwroot\2026\04\jiwankang\runtime\temp\f01e142b625ceb6f33533b99f932e84b.php:48]
[ error ] [8]未定义变量: info[E:\wwwroot\2026\04\jiwankang\runtime\temp\f01e142b625ceb6f33533b99f932e84b.php:48]
[ error ] [8]未定义变量: info[E:\wwwroot\2026\04\jiwankang\runtime\temp\f01e142b625ceb6f33533b99f932e84b.php:46]
[ error ] [8]未定义变量: info[E:\wwwroot\2026\04\jiwankang\runtime\temp\f01e142b625ceb6f33533b99f932e84b.php:48]
[ error ] [8]未定义变量: info[E:\wwwroot\2026\04\jiwankang\runtime\temp\f01e142b625ceb6f33533b99f932e84b.php:48]
[ error ] [8]未定义变量: info[E:\wwwroot\2026\04\jiwankang\runtime\temp\f01e142b625ceb6f33533b99f932e84b.php:48]
[ error ] [8]未定义变量: info[E:\wwwroot\2026\04\jiwankang\runtime\temp\f01e142b625ceb6f33533b99f932e84b.php:46]
[ error ] [8]未定义变量: info[E:\wwwroot\2026\04\jiwankang\runtime\temp\f01e142b625ceb6f33533b99f932e84b.php:48]
[ error ] [8]未定义变量: info[E:\wwwroot\2026\04\jiwankang\runtime\temp\f01e142b625ceb6f33533b99f932e84b.php:48]
[ error ] [8]未定义变量: info[E:\wwwroot\2026\04\jiwankang\runtime\temp\f01e142b625ceb6f33533b99f932e84b.php:48]
[ error ] [8]未定义变量: info[E:\wwwroot\2026\04\jiwankang\runtime\temp\f01e142b625ceb6f33533b99f932e84b.php:48]
[ error ] [8]未定义变量: info[E:\wwwroot\2026\04\jiwankang\runtime\temp\f01e142b625ceb6f33533b99f932e84b.php:48]
[ error ] [8]未定义变量: info[E:\wwwroot\2026\04\jiwankang\runtime\temp\f01e142b625ceb6f33533b99f932e84b.php:48]
[ error ] [8]未定义变量: info[E:\wwwroot\2026\04\jiwankang\runtime\temp\f01e142b625ceb6f33533b99f932e84b.php:48]
[ error ] [8]未定义变量: info[E:\wwwroot\2026\04\jiwankang\runtime\temp\f01e142b625ceb6f33533b99f932e84b.php:48]
[ error ] [8]未定义变量: info[E:\wwwroot\2026\04\jiwankang\runtime\temp\f01e142b625ceb6f33533b99f932e84b.php:46]
[ error ] [8]未定义变量: info[E:\wwwroot\2026\04\jiwankang\runtime\temp\f01e142b625ceb6f33533b99f932e84b.php:48]
[ error ] [8]未定义变量: info[E:\wwwroot\2026\04\jiwankang\runtime\temp\f01e142b625ceb6f33533b99f932e84b.php:48]
[ error ] [8]未定义变量: info[E:\wwwroot\2026\04\jiwankang\runtime\temp\f01e142b625ceb6f33533b99f932e84b.php:48]
[ error ] [8]未定义变量: info[E:\wwwroot\2026\04\jiwankang\runtime\temp\f01e142b625ceb6f33533b99f932e84b.php:46]
[ error ] [8]未定义变量: info[E:\wwwroot\2026\04\jiwankang\runtime\temp\f01e142b625ceb6f33533b99f932e84b.php:48]
[ error ] [8]未定义变量: info[E:\wwwroot\2026\04\jiwankang\runtime\temp\f01e142b625ceb6f33533b99f932e84b.php:48]
[ error ] [8]未定义变量: info[E:\wwwroot\2026\04\jiwankang\runtime\temp\f01e142b625ceb6f33533b99f932e84b.php:48]
[ error ] [8]未定义变量: info[E:\wwwroot\2026\04\jiwankang\runtime\temp\f01e142b625ceb6f33533b99f932e84b.php:44]
[ error ] [8]未定义变量: info[E:\wwwroot\2026\04\jiwankang\runtime\temp\f01e142b625ceb6f33533b99f932e84b.php:46]
[ error ] [8]未定义变量: info[E:\wwwroot\2026\04\jiwankang\runtime\temp\f01e142b625ceb6f33533b99f932e84b.php:48]
[ error ] [8]未定义变量: info[E:\wwwroot\2026\04\jiwankang\runtime\temp\f01e142b625ceb6f33533b99f932e84b.php:46]
[ error ] [8]未定义变量: info[E:\wwwroot\2026\04\jiwankang\runtime\temp\f01e142b625ceb6f33533b99f932e84b.php:48]
[ error ] [8]未定义变量: info[E:\wwwroot\2026\04\jiwankang\runtime\temp\f01e142b625ceb6f33533b99f932e84b.php:48]
[ error ] [8]未定义变量: info[E:\wwwroot\2026\04\jiwankang\runtime\temp\f01e142b625ceb6f33533b99f932e84b.php:46]
[ error ] [8]未定义变量: info[E:\wwwroot\2026\04\jiwankang\runtime\temp\f01e142b625ceb6f33533b99f932e84b.php:48]
[ error ] [8]未定义变量: info[E:\wwwroot\2026\04\jiwankang\runtime\temp\f01e142b625ceb6f33533b99f932e84b.php:46]
[ error ] [8]未定义变量: info[E:\wwwroot\2026\04\jiwankang\runtime\temp\f01e142b625ceb6f33533b99f932e84b.php:46]
[ error ] [8]未定义变量: info[E:\wwwroot\2026\04\jiwankang\runtime\temp\f01e142b625ceb6f33533b99f932e84b.php:46]
[ error ] [8]未定义变量: info[E:\wwwroot\2026\04\jiwankang\runtime\temp\f01e142b625ceb6f33533b99f932e84b.php:44]
[ error ] [8]未定义变量: info[E:\wwwroot\2026\04\jiwankang\runtime\temp\f01e142b625ceb6f33533b99f932e84b.php:46]
[ error ] [8]未定义变量: info[E:\wwwroot\2026\04\jiwankang\runtime\temp\f01e142b625ceb6f33533b99f932e84b.php:46]
[ error ] [8]未定义变量: info[E:\wwwroot\2026\04\jiwankang\runtime\temp\f01e142b625ceb6f33533b99f932e84b.php:46]
[ error ] [8]未定义变量: info[E:\wwwroot\2026\04\jiwankang\runtime\temp\f01e142b625ceb6f33533b99f932e84b.php:44]
[ error ] [8]未定义变量: info[E:\wwwroot\2026\04\jiwankang\runtime\temp\f01e142b625ceb6f33533b99f932e84b.php:46]
[ error ] [8]未定义变量: info[E:\wwwroot\2026\04\jiwankang\runtime\temp\f01e142b625ceb6f33533b99f932e84b.php:46]
[ error ] [8]未定义变量: info[E:\wwwroot\2026\04\jiwankang\runtime\temp\f01e142b625ceb6f33533b99f932e84b.php:44]
[ error ] [8]未定义变量: info[E:\wwwroot\2026\04\jiwankang\runtime\temp\f01e142b625ceb6f33533b99f932e84b.php:46]
[ error ] [8]未定义变量: info[E:\wwwroot\2026\04\jiwankang\runtime\temp\f01e142b625ceb6f33533b99f932e84b.php:48]
[ error ] [8]未定义变量: info[E:\wwwroot\2026\04\jiwankang\runtime\temp\f01e142b625ceb6f33533b99f932e84b.php:48]
[ error ] [8]未定义变量: info[E:\wwwroot\2026\04\jiwankang\runtime\temp\f01e142b625ceb6f33533b99f932e84b.php:46]
[ error ] [8]未定义变量: info[E:\wwwroot\2026\04\jiwankang\runtime\temp\f01e142b625ceb6f33533b99f932e84b.php:48]
[ error ] [8]未定义变量: info[E:\wwwroot\2026\04\jiwankang\runtime\temp\f01e142b625ceb6f33533b99f932e84b.php:48]
[ error ] [8]未定义变量: info[E:\wwwroot\2026\04\jiwankang\runtime\temp\f01e142b625ceb6f33533b99f932e84b.php:48]
[ error ] [8]未定义变量: info[E:\wwwroot\2026\04\jiwankang\runtime\temp\f01e142b625ceb6f33533b99f932e84b.php:46]
[ error ] [8]未定义变量: info[E:\wwwroot\2026\04\jiwankang\runtime\temp\f01e142b625ceb6f33533b99f932e84b.php:48]
[ error ] [8]未定义变量: info[E:\wwwroot\2026\04\jiwankang\runtime\temp\f01e142b625ceb6f33533b99f932e84b.php:48]
[ error ] [8]未定义变量: info[E:\wwwroot\2026\04\jiwankang\runtime\temp\f01e142b625ceb6f33533b99f932e84b.php:46]
[ error ] [8]未定义变量: info[E:\wwwroot\2026\04\jiwankang\runtime\temp\f01e142b625ceb6f33533b99f932e84b.php:48]
[ error ] [8]未定义变量: info[E:\wwwroot\2026\04\jiwankang\runtime\temp\f01e142b625ceb6f33533b99f932e84b.php:48]
[ error ] [8]未定义变量: info[E:\wwwroot\2026\04\jiwankang\runtime\temp\f01e142b625ceb6f33533b99f932e84b.php:46]
[ error ] [8]未定义变量: info[E:\wwwroot\2026\04\jiwankang\runtime\temp\f01e142b625ceb6f33533b99f932e84b.php:48]
[ error ] [8]未定义变量: info[E:\wwwroot\2026\04\jiwankang\runtime\temp\f01e142b625ceb6f33533b99f932e84b.php:48]
[ error ] [8]未定义变量: info[E:\wwwroot\2026\04\jiwankang\runtime\temp\f01e142b625ceb6f33533b99f932e84b.php:48]
[ error ] [8]未定义变量: info[E:\wwwroot\2026\04\jiwankang\runtime\temp\f01e142b625ceb6f33533b99f932e84b.php:46]
[ error ] [8]未定义变量: info[E:\wwwroot\2026\04\jiwankang\runtime\temp\f01e142b625ceb6f33533b99f932e84b.php:48]
[ error ] [8]未定义变量: info[E:\wwwroot\2026\04\jiwankang\runtime\temp\f01e142b625ceb6f33533b99f932e84b.php:46]
[ error ] [8]未定义变量: info[E:\wwwroot\2026\04\jiwankang\runtime\temp\f01e142b625ceb6f33533b99f932e84b.php:48]
[ error ] [8]未定义变量: info[E:\wwwroot\2026\04\jiwankang\runtime\temp\f01e142b625ceb6f33533b99f932e84b.php:48]
[ error ] [8]未定义变量: info[E:\wwwroot\2026\04\jiwankang\runtime\temp\f01e142b625ceb6f33533b99f932e84b.php:48]
[ error ] [8]未定义变量: info[E:\wwwroot\2026\04\jiwankang\runtime\temp\f01e142b625ceb6f33533b99f932e84b.php:46]
[ error ] [8]未定义变量: info[E:\wwwroot\2026\04\jiwankang\runtime\temp\f01e142b625ceb6f33533b99f932e84b.php:46]
[ error ] [8]未定义变量: info[E:\wwwroot\2026\04\jiwankang\runtime\temp\f01e142b625ceb6f33533b99f932e84b.php:48]
[ error ] [8]未定义变量: info[E:\wwwroot\2026\04\jiwankang\runtime\temp\f01e142b625ceb6f33533b99f932e84b.php:48]
[ error ] [8]未定义变量: info[E:\wwwroot\2026\04\jiwankang\runtime\temp\f01e142b625ceb6f33533b99f932e84b.php:44]
[ error ] [8]未定义变量: info[E:\wwwroot\2026\04\jiwankang\runtime\temp\f01e142b625ceb6f33533b99f932e84b.php:46]
[ error ] [8]未定义变量: info[E:\wwwroot\2026\04\jiwankang\runtime\temp\f01e142b625ceb6f33533b99f932e84b.php:46]
[ error ] [8]未定义变量: info[E:\wwwroot\2026\04\jiwankang\runtime\temp\f01e142b625ceb6f33533b99f932e84b.php:48]
[ error ] [8]未定义变量: info[E:\wwwroot\2026\04\jiwankang\runtime\temp\f01e142b625ceb6f33533b99f932e84b.php:46]
[ error ] [8]未定义变量: info[E:\wwwroot\2026\04\jiwankang\runtime\temp\f01e142b625ceb6f33533b99f932e84b.php:48]
[ error ] [8]未定义变量: info[E:\wwwroot\2026\04\jiwankang\runtime\temp\f01e142b625ceb6f33533b99f932e84b.php:48]
[ error ] [8]未定义变量: info[E:\wwwroot\2026\04\jiwankang\runtime\temp\f01e142b625ceb6f33533b99f932e84b.php:48]
[ error ] [8]未定义变量: info[E:\wwwroot\2026\04\jiwankang\runtime\temp\f01e142b625ceb6f33533b99f932e84b.php:48]
[ error ] [8]未定义变量: info[E:\wwwroot\2026\04\jiwankang\runtime\temp\f01e142b625ceb6f33533b99f932e84b.php:48]
[ error ] [8]未定义变量: info[E:\wwwroot\2026\04\jiwankang\runtime\temp\f01e142b625ceb6f33533b99f932e84b.php:48]
[ error ] [8]未定义变量: info[E:\wwwroot\2026\04\jiwankang\runtime\temp\f01e142b625ceb6f33533b99f932e84b.php:46]
[ error ] [8]未定义变量: info[E:\wwwroot\2026\04\jiwankang\runtime\temp\f01e142b625ceb6f33533b99f932e84b.php:48]
[ error ] [8]未定义变量: info[E:\wwwroot\2026\04\jiwankang\runtime\temp\f01e142b625ceb6f33533b99f932e84b.php:46]
[ error ] [8]未定义变量: info[E:\wwwroot\2026\04\jiwankang\runtime\temp\f01e142b625ceb6f33533b99f932e84b.php:48]
[ error ] [8]未定义变量: info[E:\wwwroot\2026\04\jiwankang\runtime\temp\f01e142b625ceb6f33533b99f932e84b.php:48]
[ error ] [8]未定义变量: info[E:\wwwroot\2026\04\jiwankang\runtime\temp\f01e142b625ceb6f33533b99f932e84b.php:48]
[ error ] [8]未定义变量: info[E:\wwwroot\2026\04\jiwankang\runtime\temp\f01e142b625ceb6f33533b99f932e84b.php:48]
[ error ] [8]未定义变量: info[E:\wwwroot\2026\04\jiwankang\runtime\temp\f01e142b625ceb6f33533b99f932e84b.php:46]
[ error ] [8]未定义变量: info[E:\wwwroot\2026\04\jiwankang\runtime\temp\f01e142b625ceb6f33533b99f932e84b.php:48]
[ error ] [8]未定义变量: info[E:\wwwroot\2026\04\jiwankang\runtime\temp\f01e142b625ceb6f33533b99f932e84b.php:46]
[ error ] [8]未定义变量: info[E:\wwwroot\2026\04\jiwankang\runtime\temp\f01e142b625ceb6f33533b99f932e84b.php:48]
[ error ] [8]未定义变量: info[E:\wwwroot\2026\04\jiwankang\runtime\temp\f01e142b625ceb6f33533b99f932e84b.php:46]
[ error ] [8]未定义变量: info[E:\wwwroot\2026\04\jiwankang\runtime\temp\f01e142b625ceb6f33533b99f932e84b.php:48]
[ error ] [8]未定义变量: info[E:\wwwroot\2026\04\jiwankang\runtime\temp\f01e142b625ceb6f33533b99f932e84b.php:48]
[ error ] [8]未定义变量: info[E:\wwwroot\2026\04\jiwankang\runtime\temp\f01e142b625ceb6f33533b99f932e84b.php:46]
[ error ] [8]未定义变量: info[E:\wwwroot\2026\04\jiwankang\runtime\temp\f01e142b625ceb6f33533b99f932e84b.php:48]
[ error ] [8]未定义变量: info[E:\wwwroot\2026\04\jiwankang\runtime\temp\f01e142b625ceb6f33533b99f932e84b.php:48]
[ error ] [8]未定义变量: info[E:\wwwroot\2026\04\jiwankang\runtime\temp\f01e142b625ceb6f33533b99f932e84b.php:46]
[ error ] [8]未定义变量: info[E:\wwwroot\2026\04\jiwankang\runtime\temp\f01e142b625ceb6f33533b99f932e84b.php:48]
[ error ] [8]未定义变量: info[E:\wwwroot\2026\04\jiwankang\runtime\temp\f01e142b625ceb6f33533b99f932e84b.php:46]
[ error ] [8]未定义变量: info[E:\wwwroot\2026\04\jiwankang\runtime\temp\f01e142b625ceb6f33533b99f932e84b.php:59]
[ error ] [8]未定义变量: info[E:\wwwroot\2026\04\jiwankang\runtime\temp\f01e142b625ceb6f33533b99f932e84b.php:60]
[ error ] [8]未定义变量: info[E:\wwwroot\2026\04\jiwankang\runtime\temp\f01e142b625ceb6f33533b99f932e84b.php:68]
[ error ] [8]未定义变量: info[E:\wwwroot\2026\04\jiwankang\runtime\temp\f01e142b625ceb6f33533b99f932e84b.php:69]
[ error ] [8]未定义变量: info[E:\wwwroot\2026\04\jiwankang\runtime\temp\f01e142b625ceb6f33533b99f932e84b.php:76]
---------------------------------------------------------------
[2026-04-01T14:52:24+08:00] 127.0.0.1 POST www.jiwankang.com/manage/operation/add.html
[运行时间：0.192288s] [吞吐率：5.20req/s] [内存消耗：4,331.35kb] [文件加载：106]
[ info ] [ LANG ] E:\wwwroot\2026\04\jiwankang\thinkphp\lang\zh-cn.php
[ info ] [ ROUTE ] array (
)
[ info ] [ HEADER ] array (
  'x-requested-with' => 'XMLHttpRequest',
  'referer' => 'http://www.jiwankang.com/manage/operation/index.html',
  'origin' => 'http://www.jiwankang.com',
  'cookie' => 'PHPSESSID=6ge3q9cob417ort2dkkl8j63da',
  'content-type' => 'application/x-www-form-urlencoded; charset=UTF-8',
  'accept-language' => 'zh-CN,zh;q=0.9',
  'accept-encoding' => 'gzip, deflate',
  'accept' => 'application/json, text/javascript, */*; q=0.01',
  'content-length' => '211',
  'user-agent' => 'Mozilla/5.0 (Windows NT 10.0; Win64; x64) AppleWebKit/537.36 (KHTML, like Gecko) Chrome/146.0.0.0 Safari/537.36',
  'host' => 'www.jiwankang.com',
)
[ info ] [ PARAM ] array (
  'id' => '',
  'parent_id' => '613',
  'name' => '资金池记录',
  'code' => 'index',
  'parent_menu_id' => '611',
  'type' => 'a',
  'perm_type' => '1',
  'sort' => '100',
  'validate_form' => 'operation_add',
  '__Jshop_Token__' => 'b29d6985626c24d43fe2175a51b9dc315996ac8a',
)
[ info ] [ DB ] INIT mysql
[ sql ] [ DB ] CONNECT:[ UseTime:0.001113s ] mysql:host=127.0.0.1;port=3306;dbname=jiwankang;charset=utf8mb4
[ sql ] [ SQL ] SHOW COLUMNS FROM `wb_setting` [ RunTime:0.000963s ]
[ sql ] [ SQL ] SELECT * FROM `wb_setting` WHERE  `skey` = 'shop_name' LIMIT 1 [ RunTime:0.000323s ]
[ sql ] [ SQL ] SHOW COLUMNS FROM `wb_operation` [ RunTime:0.001235s ]
[ sql ] [ SQL ] SELECT * FROM `wb_operation` WHERE  `type` = 'c'  AND `code` = 'operation'  AND `parent_id` = 2 LIMIT 1 [ RunTime:0.000334s ]
[ sql ] [ SQL ] SELECT * FROM `wb_operation` WHERE  `type` = 'a'  AND `code` = 'add'  AND `parent_id` = 434 LIMIT 1 [ RunTime:0.000307s ]
[ sql ] [ SQL ] SHOW COLUMNS FROM `wb_operation_log` [ RunTime:0.001211s ]
[ sql ] [ SQL ] INSERT INTO `wb_operation_log` (`manage_id` , `controller` , `method` , `desc` , `content` , `ip` , `ctime`) VALUES (13 , 'operation' , 'add' , '节点编辑：资金池记录' , '{\"id\":\"\",\"parent_id\":\"613\",\"name\":\"\\u8d44\\u91d1\\u6c60\\u8bb0\\u5f55\",\"code\":\"index\",\"parent_menu_id\":\"611\",\"type\":\"a\",\"perm_type\":\"1\",\"sort\":\"100\",\"validate_form\":\"operation_add\",\"__Jshop_Token__\":\"b29d6985626c24d43fe2175a51b9dc315996ac8a\"}' , '127.0.0.1' , 1775026344) [ RunTime:0.000196s ]
[ sql ] [ SQL ] SELECT * FROM `wb_setting` WHERE  `skey` = 'language' LIMIT 1 [ RunTime:0.001027s ]
[ sql ] [ SQL ] SELECT * FROM `wb_setting` WHERE  `skey` = 'language' LIMIT 1 [ RunTime:0.000448s ]
[ sql ] [ SQL ] SELECT * FROM `wb_operation` WHERE  `type` <> 'a'  AND `id` = 613 LIMIT 1 [ RunTime:0.000484s ]
[ sql ] [ SQL ] SELECT * FROM `wb_operation` WHERE  `parent_id` = 613  AND `code` = 'index' LIMIT 1 [ RunTime:0.000443s ]
[ sql ] [ SQL ] SELECT * FROM `wb_operation` WHERE  `id` = 611 LIMIT 1 [ RunTime:0.000377s ]
[ sql ] [ SQL ] INSERT INTO `wb_operation` (`id` , `parent_id` , `name` , `code` , `parent_menu_id` , `type` , `perm_type` , `sort`) VALUES (0 , 613 , '资金池记录' , 'index' , 611 , 'a' , 1 , 100) [ RunTime:0.000473s ]
---------------------------------------------------------------
[2026-04-01T14:52:25+08:00] 127.0.0.1 GET www.jiwankang.com/manage/operation/index.html?_ajax=1&page=1&limit=2000&parent_id=2
[运行时间：0.031923s] [吞吐率：31.33req/s] [内存消耗：4,563.04kb] [文件加载：112]
[ info ] [ LANG ] E:\wwwroot\2026\04\jiwankang\thinkphp\lang\zh-cn.php
[ info ] [ ROUTE ] array (
)
[ info ] [ HEADER ] array (
  'x-requested-with' => 'XMLHttpRequest',
  'referer' => 'http://www.jiwankang.com/manage/operation/index.html',
  'cookie' => 'PHPSESSID=6ge3q9cob417ort2dkkl8j63da',
  'accept-language' => 'zh-CN,zh;q=0.9',
  'accept-encoding' => 'gzip, deflate',
  'accept' => 'application/json, text/javascript, */*; q=0.01',
  'user-agent' => 'Mozilla/5.0 (Windows NT 10.0; Win64; x64) AppleWebKit/537.36 (KHTML, like Gecko) Chrome/146.0.0.0 Safari/537.36',
  'host' => 'www.jiwankang.com',
  'content-length' => '',
  'content-type' => '',
)
[ info ] [ PARAM ] array (
  '_ajax' => '1',
  'page' => '1',
  'limit' => '2000',
  'parent_id' => '2',
)
[ info ] [ DB ] INIT mysql
[ sql ] [ DB ] CONNECT:[ UseTime:0.000720s ] mysql:host=127.0.0.1;port=3306;dbname=jiwankang;charset=utf8mb4
[ sql ] [ SQL ] SHOW COLUMNS FROM `wb_setting` [ RunTime:0.000514s ]
[ sql ] [ SQL ] SELECT * FROM `wb_setting` WHERE  `skey` = 'shop_name' LIMIT 1 [ RunTime:0.000229s ]
[ sql ] [ SQL ] SHOW COLUMNS FROM `wb_operation` [ RunTime:0.000320s ]
[ sql ] [ SQL ] SELECT COUNT(*) AS tp_count FROM `wb_operation` WHERE  `parent_id` = 2 LIMIT 1 [ RunTime:0.000143s ]
[ sql ] [ SQL ] SELECT * FROM `wb_operation` WHERE  `parent_id` = 2 ORDER BY `sort` ASC,`id` DESC LIMIT 0,2000 [ RunTime:0.000200s ]
[ sql ] [ SQL ] SELECT * FROM `wb_operation` WHERE  `id` IN (2) [ RunTime:0.000182s ]
[ sql ] [ SQL ] SELECT * FROM `wb_operation` WHERE  `id` IN (356,399,2,266,244,611) [ RunTime:0.000366s ]
[ sql ] [ SQL ] SELECT * FROM `wb_operation` WHERE  `id` = 2 LIMIT 1 [ RunTime:0.000207s ]
---------------------------------------------------------------
[2026-04-01T14:52:26+08:00] 127.0.0.1 GET www.jiwankang.com/manage/index/clearcache.html
[运行时间：0.056101s] [吞吐率：17.82req/s] [内存消耗：5,331.23kb] [文件加载：146]
[ info ] [ LANG ] E:\wwwroot\2026\04\jiwankang\thinkphp\lang\zh-cn.php
[ info ] [ ROUTE ] array (
)
[ info ] [ HEADER ] array (
  'upgrade-insecure-requests' => '1',
  'referer' => 'http://www.jiwankang.com/manage',
  'cookie' => 'PHPSESSID=6ge3q9cob417ort2dkkl8j63da',
  'accept-language' => 'zh-CN,zh;q=0.9',
  'accept-encoding' => 'gzip, deflate',
  'accept' => 'text/html,application/xhtml+xml,application/xml;q=0.9,image/avif,image/webp,image/apng,*/*;q=0.8,application/signed-exchange;v=b3;q=0.7',
  'user-agent' => 'Mozilla/5.0 (Windows NT 10.0; Win64; x64) AppleWebKit/537.36 (KHTML, like Gecko) Chrome/146.0.0.0 Safari/537.36',
  'host' => 'www.jiwankang.com',
  'content-length' => '',
  'content-type' => '',
)
[ info ] [ PARAM ] array (
)
[ info ] [ DB ] INIT mysql
[ info ] [ VIEW ] E:\wwwroot\2026\04\jiwankang\config/tpl/dispatch_jump.tpl [ array (
  0 => 'params',
  1 => 'jshopHost',
  2 => 'shop_name',
  3 => 'code',
  4 => 'msg',
  5 => 'data',
  6 => 'url',
  7 => 'wait',
) ]
[ sql ] [ DB ] CONNECT:[ UseTime:0.000645s ] mysql:host=127.0.0.1;port=3306;dbname=jiwankang;charset=utf8mb4
[ sql ] [ SQL ] SHOW COLUMNS FROM `wb_setting` [ RunTime:0.000429s ]
[ sql ] [ SQL ] SELECT * FROM `wb_setting` WHERE  `skey` = 'shop_name' LIMIT 1 [ RunTime:0.000171s ]
---------------------------------------------------------------
[2026-04-01T14:52:26+08:00] 127.0.0.1 GET www.jiwankang.com/manage/index/clearcache.html
[运行时间：0.068490s] [吞吐率：14.60req/s] [内存消耗：5,331.23kb] [文件加载：146]
[ info ] [ LANG ] E:\wwwroot\2026\04\jiwankang\thinkphp\lang\zh-cn.php
[ info ] [ ROUTE ] array (
)
[ info ] [ HEADER ] array (
  'upgrade-insecure-requests' => '1',
  'referer' => 'http://www.jiwankang.com/manage',
  'cookie' => 'PHPSESSID=6ge3q9cob417ort2dkkl8j63da',
  'accept-language' => 'zh-CN,zh;q=0.9',
  'accept-encoding' => 'gzip, deflate',
  'accept' => 'text/html,application/xhtml+xml,application/xml;q=0.9,image/avif,image/webp,image/apng,*/*;q=0.8,application/signed-exchange;v=b3;q=0.7',
  'user-agent' => 'Mozilla/5.0 (Windows NT 10.0; Win64; x64) AppleWebKit/537.36 (KHTML, like Gecko) Chrome/146.0.0.0 Safari/537.36',
  'host' => 'www.jiwankang.com',
  'content-length' => '',
  'content-type' => '',
)
[ info ] [ PARAM ] array (
)
[ info ] [ DB ] INIT mysql
[ info ] [ VIEW ] E:\wwwroot\2026\04\jiwankang\config/tpl/dispatch_jump.tpl [ array (
  0 => 'params',
  1 => 'jshopHost',
  2 => 'shop_name',
  3 => 'code',
  4 => 'msg',
  5 => 'data',
  6 => 'url',
  7 => 'wait',
) ]
[ sql ] [ DB ] CONNECT:[ UseTime:0.000568s ] mysql:host=127.0.0.1;port=3306;dbname=jiwankang;charset=utf8mb4
[ sql ] [ SQL ] SHOW COLUMNS FROM `wb_setting` [ RunTime:0.000510s ]
[ sql ] [ SQL ] SELECT * FROM `wb_setting` WHERE  `skey` = 'shop_name' LIMIT 1 [ RunTime:0.000187s ]
---------------------------------------------------------------
[2026-04-01T14:52:27+08:00] 127.0.0.1 GET www.jiwankang.com/manage
[运行时间：0.061593s] [吞吐率：16.24req/s] [内存消耗：5,245.26kb] [文件加载：120]
[ info ] [ LANG ] E:\wwwroot\2026\04\jiwankang\thinkphp\lang\zh-cn.php
[ info ] [ DB ] INIT mysql
[ info ] [ ROUTE ] array (
)
[ info ] [ HEADER ] array (
  'upgrade-insecure-requests' => '1',
  'referer' => 'http://www.jiwankang.com/manage/common/login.html',
  'cookie' => 'PHPSESSID=6ge3q9cob417ort2dkkl8j63da',
  'cache-control' => 'max-age=0',
  'accept-language' => 'zh-CN,zh;q=0.9',
  'accept-encoding' => 'gzip, deflate',
  'accept' => 'text/html,application/xhtml+xml,application/xml;q=0.9,image/avif,image/webp,image/apng,*/*;q=0.8,application/signed-exchange;v=b3;q=0.7',
  'user-agent' => 'Mozilla/5.0 (Windows NT 10.0; Win64; x64) AppleWebKit/537.36 (KHTML, like Gecko) Chrome/146.0.0.0 Safari/537.36',
  'host' => 'www.jiwankang.com',
  'content-length' => '',
  'content-type' => '',
)
[ info ] [ PARAM ] array (
)
[ info ] [ VIEW ] E:\wwwroot\2026\04\jiwankang\application\manage\view\index\index.html [ array (
  0 => 'params',
  1 => 'jshopHost',
  2 => 'shop_name',
  3 => 'menu',
  4 => 'kefu',
) ]
[ sql ] [ DB ] CONNECT:[ UseTime:0.000938s ] mysql:host=127.0.0.1;port=3306;dbname=jiwankang;charset=utf8mb4
[ sql ] [ SQL ] SHOW COLUMNS FROM `wb_hooks` [ RunTime:0.001387s ]
[ sql ] [ SQL ] SELECT `name`,`addons` FROM `wb_hooks` [ RunTime:0.000297s ]
[ sql ] [ SQL ] SHOW COLUMNS FROM `wb_addons` [ RunTime:0.000965s ]
[ sql ] [ SQL ] SELECT `name` FROM `wb_addons` WHERE  `status` = 1  AND `name` IN ('') [ RunTime:0.000163s ]
[ sql ] [ SQL ] SELECT `name` FROM `wb_addons` WHERE  `status` = 1  AND `name` IN ('') [ RunTime:0.000098s ]
[ sql ] [ SQL ] SELECT `name` FROM `wb_addons` WHERE  `status` = 1  AND `name` IN ('') [ RunTime:0.000081s ]
[ sql ] [ SQL ] SELECT `name` FROM `wb_addons` WHERE  `status` = 1  AND `name` IN ('') [ RunTime:0.000077s ]
[ sql ] [ SQL ] SELECT `name` FROM `wb_addons` WHERE  `status` = 1  AND `name` IN ('') [ RunTime:0.000080s ]
[ sql ] [ SQL ] SELECT `name` FROM `wb_addons` WHERE  `status` = 1  AND `name` IN ('') [ RunTime:0.000084s ]
[ sql ] [ SQL ] SELECT `name` FROM `wb_addons` WHERE  `status` = 1  AND `name` IN ('') [ RunTime:0.000074s ]
[ sql ] [ SQL ] SELECT `name` FROM `wb_addons` WHERE  `status` = 1  AND `name` IN ('') [ RunTime:0.000073s ]
[ sql ] [ SQL ] SELECT `name` FROM `wb_addons` WHERE  `status` = 1  AND `name` IN ('') [ RunTime:0.000073s ]
[ sql ] [ SQL ] SELECT `name` FROM `wb_addons` WHERE  `status` = 1  AND `name` IN ('') [ RunTime:0.000074s ]
[ sql ] [ SQL ] SELECT `name` FROM `wb_addons` WHERE  `status` = 1  AND `name` IN ('') [ RunTime:0.000077s ]
[ sql ] [ SQL ] SELECT `name` FROM `wb_addons` WHERE  `status` = 1  AND `name` IN ('') [ RunTime:0.000189s ]
[ sql ] [ SQL ] SELECT `name` FROM `wb_addons` WHERE  `status` = 1  AND `name` IN ('Userupgrade','UserInvite') [ RunTime:0.000164s ]
[ sql ] [ SQL ] SELECT `name` FROM `wb_addons` WHERE  `status` = 1  AND `name` IN ('') [ RunTime:0.000226s ]
[ sql ] [ SQL ] SELECT `name` FROM `wb_addons` WHERE  `status` = 1  AND `name` IN ('') [ RunTime:0.000097s ]
[ sql ] [ SQL ] SELECT `name` FROM `wb_addons` WHERE  `status` = 1  AND `name` IN ('') [ RunTime:0.000080s ]
[ sql ] [ SQL ] SELECT `name` FROM `wb_addons` WHERE  `status` = 1  AND `name` IN ('') [ RunTime:0.000076s ]
[ sql ] [ SQL ] SELECT `name` FROM `wb_addons` WHERE  `status` = 1  AND `name` IN ('') [ RunTime:0.000076s ]
[ sql ] [ SQL ] SELECT `name` FROM `wb_addons` WHERE  `status` = 1  AND `name` IN ('Wxdelivery') [ RunTime:0.000083s ]
[ sql ] [ SQL ] SELECT `name` FROM `wb_addons` WHERE  `status` = 1  AND `name` IN ('') [ RunTime:0.000100s ]
[ sql ] [ SQL ] SELECT `name` FROM `wb_addons` WHERE  `status` = 1  AND `name` IN ('') [ RunTime:0.000078s ]
[ sql ] [ SQL ] SELECT `name` FROM `wb_addons` WHERE  `status` = 1  AND `name` IN ('') [ RunTime:0.000076s ]
[ sql ] [ SQL ] SELECT `name` FROM `wb_addons` WHERE  `status` = 1  AND `name` IN ('') [ RunTime:0.000073s ]
[ sql ] [ SQL ] SELECT `name` FROM `wb_addons` WHERE  `status` = 1  AND `name` IN ('') [ RunTime:0.000074s ]
[ sql ] [ SQL ] SELECT `name` FROM `wb_addons` WHERE  `status` = 1  AND `name` IN ('') [ RunTime:0.000196s ]
[ sql ] [ SQL ] SELECT `name` FROM `wb_addons` WHERE  `status` = 1  AND `name` IN ('') [ RunTime:0.000287s ]
[ sql ] [ SQL ] SELECT `name` FROM `wb_addons` WHERE  `status` = 1  AND `name` IN ('') [ RunTime:0.000226s ]
[ sql ] [ SQL ] SELECT `name` FROM `wb_addons` WHERE  `status` = 1  AND `name` IN ('') [ RunTime:0.000192s ]
[ sql ] [ SQL ] SELECT `name` FROM `wb_addons` WHERE  `status` = 1  AND `name` IN ('UserInvite') [ RunTime:0.000215s ]
[ sql ] [ SQL ] SELECT `name` FROM `wb_addons` WHERE  `status` = 1  AND `name` IN ('QueueCreate') [ RunTime:0.000291s ]
[ sql ] [ SQL ] SELECT `name` FROM `wb_addons` WHERE  `status` = 1  AND `name` IN ('Wxdelivery') [ RunTime:0.000348s ]
[ sql ] [ SQL ] SHOW COLUMNS FROM `wb_setting` [ RunTime:0.000533s ]
[ sql ] [ SQL ] SELECT * FROM `wb_setting` WHERE  `skey` = 'shop_name' LIMIT 1 [ RunTime:0.000166s ]
[ sql ] [ SQL ] SHOW COLUMNS FROM `wb_operation` [ RunTime:0.000900s ]
[ sql ] [ SQL ] SELECT * FROM `wb_operation` WHERE  `perm_type` <= 1 ORDER BY `sort` ASC [ RunTime:0.000353s ]
[ sql ] [ SQL ] SELECT * FROM `wb_operation` [ RunTime:0.000319s ]
[ sql ] [ SQL ] SELECT * FROM `wb_addons` WHERE  `name` = 'Wxdelivery' LIMIT 1 [ RunTime:0.000302s ]
[ sql ] [ SQL ] SELECT * FROM `wb_setting` WHERE  `skey` = 'ent_id' LIMIT 1 [ RunTime:0.000210s ]
[ error ] [8]未定义数组索引: selected[E:\wwwroot\2026\04\jiwankang\runtime\temp\0ebc0da97c722c413af6448a150993b9.php:118]
[ error ] [8]未定义数组索引: selected[E:\wwwroot\2026\04\jiwankang\runtime\temp\0ebc0da97c722c413af6448a150993b9.php:118]
[ error ] [8]未定义数组索引: selected[E:\wwwroot\2026\04\jiwankang\runtime\temp\0ebc0da97c722c413af6448a150993b9.php:118]
[ error ] [8]未定义数组索引: selected[E:\wwwroot\2026\04\jiwankang\runtime\temp\0ebc0da97c722c413af6448a150993b9.php:118]
[ error ] [8]未定义数组索引: selected[E:\wwwroot\2026\04\jiwankang\runtime\temp\0ebc0da97c722c413af6448a150993b9.php:118]
[ error ] [8]未定义数组索引: selected[E:\wwwroot\2026\04\jiwankang\runtime\temp\0ebc0da97c722c413af6448a150993b9.php:118]
[ error ] [8]未定义数组索引: selected[E:\wwwroot\2026\04\jiwankang\runtime\temp\0ebc0da97c722c413af6448a150993b9.php:118]
[ error ] [8]未定义数组索引: selected[E:\wwwroot\2026\04\jiwankang\runtime\temp\0ebc0da97c722c413af6448a150993b9.php:118]
[ error ] [8]未定义数组索引: selected[E:\wwwroot\2026\04\jiwankang\runtime\temp\0ebc0da97c722c413af6448a150993b9.php:118]
[ error ] [8]未定义数组索引: selected[E:\wwwroot\2026\04\jiwankang\runtime\temp\0ebc0da97c722c413af6448a150993b9.php:118]
[ error ] [8]未定义数组索引: selected[E:\wwwroot\2026\04\jiwankang\runtime\temp\0ebc0da97c722c413af6448a150993b9.php:118]
[ error ] [8]未定义数组索引: selected[E:\wwwroot\2026\04\jiwankang\runtime\temp\0ebc0da97c722c413af6448a150993b9.php:118]
[ error ] [8]未定义数组索引: selected[E:\wwwroot\2026\04\jiwankang\runtime\temp\0ebc0da97c722c413af6448a150993b9.php:118]
[ error ] [8]未定义数组索引: selected[E:\wwwroot\2026\04\jiwankang\runtime\temp\0ebc0da97c722c413af6448a150993b9.php:118]
[ error ] [8]未定义数组索引: selected[E:\wwwroot\2026\04\jiwankang\runtime\temp\0ebc0da97c722c413af6448a150993b9.php:118]
[ error ] [8]未定义数组索引: selected[E:\wwwroot\2026\04\jiwankang\runtime\temp\0ebc0da97c722c413af6448a150993b9.php:118]
[ error ] [8]未定义数组索引: selected[E:\wwwroot\2026\04\jiwankang\runtime\temp\0ebc0da97c722c413af6448a150993b9.php:118]
[ error ] [8]未定义数组索引: selected[E:\wwwroot\2026\04\jiwankang\runtime\temp\0ebc0da97c722c413af6448a150993b9.php:118]
[ error ] [8]未定义数组索引: selected[E:\wwwroot\2026\04\jiwankang\runtime\temp\0ebc0da97c722c413af6448a150993b9.php:118]
[ error ] [8]未定义数组索引: selected[E:\wwwroot\2026\04\jiwankang\runtime\temp\0ebc0da97c722c413af6448a150993b9.php:118]
---------------------------------------------------------------
[2026-04-01T14:52:27+08:00] 127.0.0.1 GET www.jiwankang.com/manage/index/welcome.html
[运行时间：0.049049s] [吞吐率：20.39req/s] [内存消耗：5,779.42kb] [文件加载：118]
[ info ] [ LANG ] E:\wwwroot\2026\04\jiwankang\thinkphp\lang\zh-cn.php
[ info ] [ ROUTE ] array (
)
[ info ] [ HEADER ] array (
  'upgrade-insecure-requests' => '1',
  'referer' => 'http://www.jiwankang.com/manage',
  'cookie' => 'PHPSESSID=6ge3q9cob417ort2dkkl8j63da',
  'accept-language' => 'zh-CN,zh;q=0.9',
  'accept-encoding' => 'gzip, deflate',
  'accept' => 'text/html,application/xhtml+xml,application/xml;q=0.9,image/avif,image/webp,image/apng,*/*;q=0.8,application/signed-exchange;v=b3;q=0.7',
  'user-agent' => 'Mozilla/5.0 (Windows NT 10.0; Win64; x64) AppleWebKit/537.36 (KHTML, like Gecko) Chrome/146.0.0.0 Safari/537.36',
  'host' => 'www.jiwankang.com',
  'content-length' => '',
  'content-type' => '',
)
[ info ] [ PARAM ] array (
)
[ info ] [ DB ] INIT mysql
[ info ] [ VIEW ] E:\wwwroot\2026\04\jiwankang\application\manage\view\index\welcome.html [ array (
  0 => 'params',
  1 => 'jshopHost',
  2 => 'shop_name',
  3 => 'unpaid_count',
  4 => 'unship_count',
  5 => 'after_sales_count',
  6 => 'goods_statics',
  7 => 'zijinchi',
  8 => 'todayTyOrder',
  9 => 'allTyOrder',
  10 => 'daibutie',
  11 => 'yibutie',
) ]
[ sql ] [ DB ] CONNECT:[ UseTime:0.001106s ] mysql:host=127.0.0.1;port=3306;dbname=jiwankang;charset=utf8mb4
[ sql ] [ SQL ] SHOW COLUMNS FROM `wb_setting` [ RunTime:0.000991s ]
[ sql ] [ SQL ] SELECT * FROM `wb_setting` WHERE  `skey` = 'shop_name' LIMIT 1 [ RunTime:0.000698s ]
[ sql ] [ SQL ] SHOW COLUMNS FROM `wb_order` [ RunTime:0.000694s ]
[ sql ] [ SQL ] SELECT COUNT(*) AS tp_count FROM `wb_order` WHERE (  `status` = 1  AND `pay_status` = 1  AND `ship_status` = 1 ) AND `wb_order`.`isdel` IS NULL LIMIT 1 [ RunTime:0.000273s ]
[ sql ] [ SQL ] SELECT COUNT(*) AS tp_count FROM `wb_order` WHERE (  `status` = 1  AND `pay_status` = 2  AND `ship_status` IN (1,2) ) AND `wb_order`.`isdel` IS NULL LIMIT 1 [ RunTime:0.000206s ]
[ sql ] [ SQL ] SHOW COLUMNS FROM `wb_bill_aftersales` [ RunTime:0.000525s ]
[ sql ] [ SQL ] SELECT COUNT(*) AS tp_count FROM `wb_bill_aftersales` WHERE  `status` = 1 LIMIT 1 [ RunTime:0.000198s ]
[ sql ] [ SQL ] SELECT * FROM `wb_setting` WHERE  `skey` = 'shop_name' LIMIT 1 [ RunTime:0.000150s ]
[ sql ] [ SQL ] SHOW COLUMNS FROM `wb_goods` [ RunTime:0.000405s ]
[ sql ] [ SQL ] SELECT COUNT(`id`) AS tp_count FROM `wb_goods` LIMIT 1 [ RunTime:0.000107s ]
[ sql ] [ SQL ] SELECT COUNT(`id`) AS tp_count FROM `wb_goods` WHERE  `marketable` = 1 LIMIT 1 [ RunTime:0.000096s ]
[ sql ] [ SQL ] SELECT COUNT(`id`) AS tp_count FROM `wb_goods` WHERE  `marketable` = 2 LIMIT 1 [ RunTime:0.000073s ]
[ sql ] [ SQL ] SELECT * FROM `wb_setting` WHERE  `skey` = 'goods_stocks_warn' LIMIT 1 [ RunTime:0.000087s ]
[ sql ] [ SQL ] SHOW COLUMNS FROM `wb_products` [ RunTime:0.000289s ]
[ sql ] [ SQL ] SELECT COUNT(*) AS tp_count FROM ( SELECT count(id) AS think_count FROM `wb_products` WHERE  ( IF(stock < freeze_stock, 0, stock - freeze_stock)<10 ) GROUP BY `goods_id` ) `_group_count_` LIMIT 1 [ RunTime:0.000156s ]
[ sql ] [ SQL ] SHOW COLUMNS FROM `wb_money` [ RunTime:0.000257s ]
[ sql ] [ SQL ] SELECT `money` FROM `wb_money` WHERE  `type` = 1 LIMIT 1 [ RunTime:0.000109s ]
[ sql ] [ SQL ] SELECT SUM(`payed`) AS tp_sum FROM `wb_order` WHERE (  `status` < 3  AND `pay_status` = 2  AND `ctime` BETWEEN 1774972800 AND 1775059200 ) AND `wb_order`.`isdel` IS NULL LIMIT 1 [ RunTime:0.000123s ]
[ sql ] [ SQL ] SELECT SUM(`payed`) AS tp_sum FROM `wb_order` WHERE (  `status` < 3  AND `pay_status` = 2 ) AND `wb_order`.`isdel` IS NULL LIMIT 1 [ RunTime:0.000086s ]
[ sql ] [ SQL ] SHOW COLUMNS FROM `wb_user` [ RunTime:0.000300s ]
[ sql ] [ SQL ] SELECT SUM(`butie`) AS tp_sum FROM `wb_user` WHERE `wb_user`.`isdel` IS NULL LIMIT 1 [ RunTime:0.000091s ]
[ sql ] [ SQL ] SELECT SUM(`ybuite`) AS tp_sum FROM `wb_user` WHERE `wb_user`.`isdel` IS NULL LIMIT 1 [ RunTime:0.000071s ]
---------------------------------------------------------------
[2026-04-01T14:52:27+08:00] 127.0.0.1 GET www.jiwankang.com/manage/administrator/userloglist/state/1.html
[运行时间：0.060678s] [吞吐率：16.48req/s] [内存消耗：4,570.61kb] [文件加载：110]
[ info ] [ LANG ] E:\wwwroot\2026\04\jiwankang\thinkphp\lang\zh-cn.php
[ info ] [ ROUTE ] array (
)
[ info ] [ HEADER ] array (
  'x-requested-with' => 'XMLHttpRequest',
  'referer' => 'http://www.jiwankang.com/manage/index/welcome.html',
  'cookie' => 'PHPSESSID=6ge3q9cob417ort2dkkl8j63da',
  'accept-language' => 'zh-CN,zh;q=0.9',
  'accept-encoding' => 'gzip, deflate',
  'accept' => '*/*',
  'user-agent' => 'Mozilla/5.0 (Windows NT 10.0; Win64; x64) AppleWebKit/537.36 (KHTML, like Gecko) Chrome/146.0.0.0 Safari/537.36',
  'host' => 'www.jiwankang.com',
  'content-length' => '',
  'content-type' => '',
)
[ info ] [ PARAM ] array (
  'state' => '1',
)
[ info ] [ DB ] INIT mysql
[ sql ] [ DB ] CONNECT:[ UseTime:0.021394s ] mysql:host=127.0.0.1;port=3306;dbname=jiwankang;charset=utf8mb4
[ sql ] [ SQL ] SHOW COLUMNS FROM `wb_setting` [ RunTime:0.000959s ]
[ sql ] [ SQL ] SELECT * FROM `wb_setting` WHERE  `skey` = 'shop_name' LIMIT 1 [ RunTime:0.000368s ]
[ sql ] [ SQL ] SHOW COLUMNS FROM `wb_user_log` [ RunTime:0.001031s ]
[ sql ] [ SQL ] SELECT COUNT(*) AS tp_count FROM `wb_user_log` WHERE  `state` = 1  AND `type` = 2 LIMIT 1 [ RunTime:0.000160s ]
[ sql ] [ SQL ] SELECT * FROM `wb_user_log` WHERE  `state` = 1  AND `type` = 2 ORDER BY `ctime` DESC LIMIT 0,10 [ RunTime:0.000131s ]
[ sql ] [ SQL ] SHOW COLUMNS FROM `wb_manage` [ RunTime:0.000331s ]
[ sql ] [ SQL ] SELECT `id`,`username`,`nickname`,`mobile` FROM `wb_manage` WHERE  `id` = 13 LIMIT 1 [ RunTime:0.000117s ]
[ sql ] [ SQL ] SELECT `id`,`username`,`nickname`,`mobile` FROM `wb_manage` WHERE  `id` = 13 LIMIT 1 [ RunTime:0.000085s ]
[ sql ] [ SQL ] SELECT `id`,`username`,`nickname`,`mobile` FROM `wb_manage` WHERE  `id` = 13 LIMIT 1 [ RunTime:0.000074s ]
[ sql ] [ SQL ] SELECT `id`,`username`,`nickname`,`mobile` FROM `wb_manage` WHERE  `id` = 13 LIMIT 1 [ RunTime:0.000073s ]
---------------------------------------------------------------
[2026-04-01T14:52:27+08:00] 127.0.0.1 GET www.jiwankang.com/manage/operation_log/getlastlog.html
[运行时间：0.074301s] [吞吐率：13.46req/s] [内存消耗：4,525.98kb] [文件加载：110]
[ info ] [ LANG ] E:\wwwroot\2026\04\jiwankang\thinkphp\lang\zh-cn.php
[ info ] [ ROUTE ] array (
)
[ info ] [ HEADER ] array (
  'x-requested-with' => 'XMLHttpRequest',
  'referer' => 'http://www.jiwankang.com/manage/index/welcome.html',
  'cookie' => 'PHPSESSID=6ge3q9cob417ort2dkkl8j63da',
  'accept-language' => 'zh-CN,zh;q=0.9',
  'accept-encoding' => 'gzip, deflate',
  'accept' => 'application/json, text/javascript, */*; q=0.01',
  'user-agent' => 'Mozilla/5.0 (Windows NT 10.0; Win64; x64) AppleWebKit/537.36 (KHTML, like Gecko) Chrome/146.0.0.0 Safari/537.36',
  'host' => 'www.jiwankang.com',
  'content-length' => '',
  'content-type' => '',
)
[ info ] [ PARAM ] array (
)
[ info ] [ DB ] INIT mysql
[ sql ] [ DB ] CONNECT:[ UseTime:0.001280s ] mysql:host=127.0.0.1;port=3306;dbname=jiwankang;charset=utf8mb4
[ sql ] [ SQL ] SHOW COLUMNS FROM `wb_setting` [ RunTime:0.000729s ]
[ sql ] [ SQL ] SELECT * FROM `wb_setting` WHERE  `skey` = 'shop_name' LIMIT 1 [ RunTime:0.000233s ]
[ sql ] [ SQL ] SHOW COLUMNS FROM `wb_operation_log` [ RunTime:0.000923s ]
[ sql ] [ SQL ] SELECT COUNT(*) AS tp_count FROM `wb_operation_log` LIMIT 1 [ RunTime:0.000132s ]
[ sql ] [ SQL ] SELECT * FROM `wb_operation_log` ORDER BY `id` DESC LIMIT 0,10 [ RunTime:0.000196s ]
[ sql ] [ SQL ] SHOW COLUMNS FROM `wb_manage` [ RunTime:0.000856s ]
[ sql ] [ SQL ] SELECT * FROM `wb_manage` WHERE  `id` = 13 LIMIT 1 [ RunTime:0.000133s ]
[ sql ] [ SQL ] SELECT * FROM `wb_manage` WHERE  `id` = 13 LIMIT 1 [ RunTime:0.000090s ]
[ sql ] [ SQL ] SELECT * FROM `wb_manage` WHERE  `id` = 13 LIMIT 1 [ RunTime:0.000078s ]
[ sql ] [ SQL ] SELECT * FROM `wb_manage` WHERE  `id` = 13 LIMIT 1 [ RunTime:0.000075s ]
[ sql ] [ SQL ] SELECT * FROM `wb_manage` WHERE  `id` = 13 LIMIT 1 [ RunTime:0.000073s ]
[ sql ] [ SQL ] SELECT * FROM `wb_manage` WHERE  `id` = 13 LIMIT 1 [ RunTime:0.000073s ]
[ sql ] [ SQL ] SELECT * FROM `wb_manage` WHERE  `id` = 13 LIMIT 1 [ RunTime:0.000074s ]
[ sql ] [ SQL ] SELECT * FROM `wb_manage` WHERE  `id` = 13 LIMIT 1 [ RunTime:0.000076s ]
[ sql ] [ SQL ] SELECT * FROM `wb_manage` WHERE  `id` = 13 LIMIT 1 [ RunTime:0.000073s ]
[ sql ] [ SQL ] SELECT * FROM `wb_manage` WHERE  `id` = 13 LIMIT 1 [ RunTime:0.000072s ]
---------------------------------------------------------------
[2026-04-01T14:52:27+08:00] 127.0.0.1 GET www.jiwankang.com/manage/user/statistics.html
[运行时间：0.082147s] [吞吐率：12.17req/s] [内存消耗：5,023.93kb] [文件加载：111]
[ info ] [ LANG ] E:\wwwroot\2026\04\jiwankang\thinkphp\lang\zh-cn.php
[ info ] [ ROUTE ] array (
)
[ info ] [ HEADER ] array (
  'x-requested-with' => 'XMLHttpRequest',
  'referer' => 'http://www.jiwankang.com/manage/index/welcome.html',
  'cookie' => 'PHPSESSID=6ge3q9cob417ort2dkkl8j63da',
  'accept-language' => 'zh-CN,zh;q=0.9',
  'accept-encoding' => 'gzip, deflate',
  'accept' => '*/*',
  'user-agent' => 'Mozilla/5.0 (Windows NT 10.0; Win64; x64) AppleWebKit/537.36 (KHTML, like Gecko) Chrome/146.0.0.0 Safari/537.36',
  'host' => 'www.jiwankang.com',
  'content-length' => '',
  'content-type' => '',
)
[ info ] [ PARAM ] array (
)
[ info ] [ DB ] INIT mysql
[ sql ] [ DB ] CONNECT:[ UseTime:0.000742s ] mysql:host=127.0.0.1;port=3306;dbname=jiwankang;charset=utf8mb4
[ sql ] [ SQL ] SHOW COLUMNS FROM `wb_setting` [ RunTime:0.000415s ]
[ sql ] [ SQL ] SELECT * FROM `wb_setting` WHERE  `skey` = 'shop_name' LIMIT 1 [ RunTime:0.000333s ]
[ sql ] [ SQL ] SHOW COLUMNS FROM `wb_user` [ RunTime:0.000639s ]
[ sql ] [ SQL ] SELECT DATE_FORMAT(from_unixtime(ctime),"%Y-%m-%d") as day, count(*) as nums FROM `wb_user` WHERE (  `ctime` > 1774421547  AND ( TIMESTAMPDIFF(DAY,from_unixtime(ctime),now()) <7 ) ) AND `wb_user`.`isdel` IS NULL GROUP BY DATE_FORMAT(from_unixtime(ctime),"%Y-%m-%d") [ RunTime:0.000406s ]
[ sql ] [ SQL ] SHOW COLUMNS FROM `wb_order` [ RunTime:0.000420s ]
[ sql ] [ SQL ] SELECT COUNT(*) AS tp_count FROM ( SELECT count(*) AS think_count FROM `wb_order` WHERE (  `ctime` < 1775026347  AND `ctime` >= 1774972800 ) AND `wb_order`.`isdel` IS NULL GROUP BY `user_id` ) `_group_count_` LIMIT 1 [ RunTime:0.000193s ]
[ sql ] [ SQL ] SELECT COUNT(*) AS tp_count FROM ( SELECT count(*) AS think_count FROM `wb_order` WHERE (  `ctime` < 1774972799  AND `ctime` >= 1774886400 ) AND `wb_order`.`isdel` IS NULL GROUP BY `user_id` ) `_group_count_` LIMIT 1 [ RunTime:0.000122s ]
[ sql ] [ SQL ] SELECT COUNT(*) AS tp_count FROM ( SELECT count(*) AS think_count FROM `wb_order` WHERE (  `ctime` < 1774886399  AND `ctime` >= 1774800000 ) AND `wb_order`.`isdel` IS NULL GROUP BY `user_id` ) `_group_count_` LIMIT 1 [ RunTime:0.000102s ]
[ sql ] [ SQL ] SELECT COUNT(*) AS tp_count FROM ( SELECT count(*) AS think_count FROM `wb_order` WHERE (  `ctime` < 1774799999  AND `ctime` >= 1774713600 ) AND `wb_order`.`isdel` IS NULL GROUP BY `user_id` ) `_group_count_` LIMIT 1 [ RunTime:0.000099s ]
[ sql ] [ SQL ] SELECT COUNT(*) AS tp_count FROM ( SELECT count(*) AS think_count FROM `wb_order` WHERE (  `ctime` < 1774713599  AND `ctime` >= 1774627200 ) AND `wb_order`.`isdel` IS NULL GROUP BY `user_id` ) `_group_count_` LIMIT 1 [ RunTime:0.000093s ]
[ sql ] [ SQL ] SELECT COUNT(*) AS tp_count FROM ( SELECT count(*) AS think_count FROM `wb_order` WHERE (  `ctime` < 1774627199  AND `ctime` >= 1774540800 ) AND `wb_order`.`isdel` IS NULL GROUP BY `user_id` ) `_group_count_` LIMIT 1 [ RunTime:0.000092s ]
[ sql ] [ SQL ] SELECT COUNT(*) AS tp_count FROM ( SELECT count(*) AS think_count FROM `wb_order` WHERE (  `ctime` < 1774540799  AND `ctime` >= 1774454400 ) AND `wb_order`.`isdel` IS NULL GROUP BY `user_id` ) `_group_count_` LIMIT 1 [ RunTime:0.000092s ]
---------------------------------------------------------------
[2026-04-01T14:52:27+08:00] 127.0.0.1 GET www.jiwankang.com/manage/order/statistics.html
[运行时间：0.096193s] [吞吐率：10.40req/s] [内存消耗：4,694.27kb] [文件加载：110]
[ info ] [ LANG ] E:\wwwroot\2026\04\jiwankang\thinkphp\lang\zh-cn.php
[ info ] [ ROUTE ] array (
)
[ info ] [ HEADER ] array (
  'x-requested-with' => 'XMLHttpRequest',
  'referer' => 'http://www.jiwankang.com/manage/index/welcome.html',
  'cookie' => 'PHPSESSID=6ge3q9cob417ort2dkkl8j63da',
  'accept-language' => 'zh-CN,zh;q=0.9',
  'accept-encoding' => 'gzip, deflate',
  'accept' => '*/*',
  'user-agent' => 'Mozilla/5.0 (Windows NT 10.0; Win64; x64) AppleWebKit/537.36 (KHTML, like Gecko) Chrome/146.0.0.0 Safari/537.36',
  'host' => 'www.jiwankang.com',
  'content-length' => '',
  'content-type' => '',
)
[ info ] [ PARAM ] array (
)
[ info ] [ DB ] INIT mysql
[ sql ] [ DB ] CONNECT:[ UseTime:0.000833s ] mysql:host=127.0.0.1;port=3306;dbname=jiwankang;charset=utf8mb4
[ sql ] [ SQL ] SHOW COLUMNS FROM `wb_setting` [ RunTime:0.000731s ]
[ sql ] [ SQL ] SELECT * FROM `wb_setting` WHERE  `skey` = 'shop_name' LIMIT 1 [ RunTime:0.000342s ]
[ sql ] [ SQL ] SHOW COLUMNS FROM `wb_bill_payments` [ RunTime:0.001176s ]
[ sql ] [ SQL ] SELECT count(1) AS `nums`,DATE_FORMAT(FROM_UNIXTIME(ctime),"%Y-%m-%d") AS `day` FROM `wb_bill_payments` WHERE  `status` = 2  AND `type` = 1  AND ( FROM_UNIXTIME(ctime) >= 2026-03-25 ) GROUP BY DATE_FORMAT(FROM_UNIXTIME(ctime),"%Y-%m-%d") [ RunTime:0.000306s ]
[ sql ] [ SQL ] SHOW COLUMNS FROM `wb_bill_delivery` [ RunTime:0.000861s ]
[ sql ] [ SQL ] SELECT count(1) AS `nums`,DATE_FORMAT(FROM_UNIXTIME(ctime),"%Y-%m-%d") AS `day` FROM `wb_bill_delivery` WHERE  ( FROM_UNIXTIME(ctime) >= 2026-03-25 ) GROUP BY DATE_FORMAT(FROM_UNIXTIME(ctime),"%Y-%m-%d") [ RunTime:0.000164s ]
---------------------------------------------------------------
[2026-04-01T14:52:30+08:00] 127.0.0.1 GET www.jiwankang.com/manage/money/index.html
[运行时间：0.027404s] [吞吐率：36.49req/s] [内存消耗：4,358.55kb] [文件加载：109]
[ info ] [ LANG ] E:\wwwroot\2026\04\jiwankang\thinkphp\lang\zh-cn.php
[ info ] [ ROUTE ] array (
)
[ info ] [ HEADER ] array (
  'upgrade-insecure-requests' => '1',
  'referer' => 'http://www.jiwankang.com/manage',
  'cookie' => 'PHPSESSID=6ge3q9cob417ort2dkkl8j63da',
  'accept-language' => 'zh-CN,zh;q=0.9',
  'accept-encoding' => 'gzip, deflate',
  'accept' => 'text/html,application/xhtml+xml,application/xml;q=0.9,image/avif,image/webp,image/apng,*/*;q=0.8,application/signed-exchange;v=b3;q=0.7',
  'user-agent' => 'Mozilla/5.0 (Windows NT 10.0; Win64; x64) AppleWebKit/537.36 (KHTML, like Gecko) Chrome/146.0.0.0 Safari/537.36',
  'host' => 'www.jiwankang.com',
  'content-length' => '',
  'content-type' => '',
)
[ info ] [ PARAM ] array (
)
[ info ] [ DB ] INIT mysql
[ sql ] [ DB ] CONNECT:[ UseTime:0.000721s ] mysql:host=127.0.0.1;port=3306;dbname=jiwankang;charset=utf8mb4
[ sql ] [ SQL ] SHOW COLUMNS FROM `wb_setting` [ RunTime:0.000504s ]
[ sql ] [ SQL ] SELECT * FROM `wb_setting` WHERE  `skey` = 'shop_name' LIMIT 1 [ RunTime:0.000326s ]
[ error ] [0]模板文件不存在:E:\wwwroot\2026\04\jiwankang\application\manage\view\money\index.html[E:\wwwroot\2026\04\jiwankang\thinkphp\library\think\view\driver\Think.php:86]
---------------------------------------------------------------
[2026-04-01T14:52:33+08:00] 127.0.0.1 GET www.jiwankang.com/manage/money/index.html
[运行时间：0.025926s] [吞吐率：38.57req/s] [内存消耗：4,358.55kb] [文件加载：109]
[ info ] [ LANG ] E:\wwwroot\2026\04\jiwankang\thinkphp\lang\zh-cn.php
[ info ] [ ROUTE ] array (
)
[ info ] [ HEADER ] array (
  'upgrade-insecure-requests' => '1',
  'referer' => 'http://www.jiwankang.com/manage',
  'cookie' => 'PHPSESSID=6ge3q9cob417ort2dkkl8j63da',
  'accept-language' => 'zh-CN,zh;q=0.9',
  'accept-encoding' => 'gzip, deflate',
  'accept' => 'text/html,application/xhtml+xml,application/xml;q=0.9,image/avif,image/webp,image/apng,*/*;q=0.8,application/signed-exchange;v=b3;q=0.7',
  'user-agent' => 'Mozilla/5.0 (Windows NT 10.0; Win64; x64) AppleWebKit/537.36 (KHTML, like Gecko) Chrome/146.0.0.0 Safari/537.36',
  'host' => 'www.jiwankang.com',
  'content-length' => '',
  'content-type' => '',
)
[ info ] [ PARAM ] array (
)
[ info ] [ DB ] INIT mysql
[ sql ] [ DB ] CONNECT:[ UseTime:0.000700s ] mysql:host=127.0.0.1;port=3306;dbname=jiwankang;charset=utf8mb4
[ sql ] [ SQL ] SHOW COLUMNS FROM `wb_setting` [ RunTime:0.000505s ]
[ sql ] [ SQL ] SELECT * FROM `wb_setting` WHERE  `skey` = 'shop_name' LIMIT 1 [ RunTime:0.000222s ]
[ error ] [0]模板文件不存在:E:\wwwroot\2026\04\jiwankang\application\manage\view\money\index.html[E:\wwwroot\2026\04\jiwankang\thinkphp\library\think\view\driver\Think.php:86]
---------------------------------------------------------------
[2026-04-01T14:52:39+08:00] 127.0.0.1 GET www.jiwankang.com/manage/operation/index.html
[运行时间：0.030568s] [吞吐率：32.71req/s] [内存消耗：4,711.81kb] [文件加载：110]
[ info ] [ LANG ] E:\wwwroot\2026\04\jiwankang\thinkphp\lang\zh-cn.php
[ info ] [ ROUTE ] array (
)
[ info ] [ HEADER ] array (
  'upgrade-insecure-requests' => '1',
  'referer' => 'http://www.jiwankang.com/manage',
  'cookie' => 'PHPSESSID=6ge3q9cob417ort2dkkl8j63da',
  'accept-language' => 'zh-CN,zh;q=0.9',
  'accept-encoding' => 'gzip, deflate',
  'accept' => 'text/html,application/xhtml+xml,application/xml;q=0.9,image/avif,image/webp,image/apng,*/*;q=0.8,application/signed-exchange;v=b3;q=0.7',
  'user-agent' => 'Mozilla/5.0 (Windows NT 10.0; Win64; x64) AppleWebKit/537.36 (KHTML, like Gecko) Chrome/146.0.0.0 Safari/537.36',
  'host' => 'www.jiwankang.com',
  'content-length' => '',
  'content-type' => '',
)
[ info ] [ PARAM ] array (
)
[ info ] [ DB ] INIT mysql
[ info ] [ VIEW ] E:\wwwroot\2026\04\jiwankang\application\manage\view\operation\index.html [ array (
  0 => 'params',
  1 => 'jshopHost',
  2 => 'shop_name',
) ]
[ sql ] [ DB ] CONNECT:[ UseTime:0.000698s ] mysql:host=127.0.0.1;port=3306;dbname=jiwankang;charset=utf8mb4
[ sql ] [ SQL ] SHOW COLUMNS FROM `wb_setting` [ RunTime:0.000438s ]
[ sql ] [ SQL ] SELECT * FROM `wb_setting` WHERE  `skey` = 'shop_name' LIMIT 1 [ RunTime:0.000189s ]
---------------------------------------------------------------
[2026-04-01T14:52:39+08:00] 127.0.0.1 GET www.jiwankang.com/manage/operation/index.html
[运行时间：0.035455s] [吞吐率：28.20req/s] [内存消耗：4,376.76kb] [文件加载：107]
[ info ] [ LANG ] E:\wwwroot\2026\04\jiwankang\thinkphp\lang\zh-cn.php
[ info ] [ ROUTE ] array (
)
[ info ] [ HEADER ] array (
  'upgrade-insecure-requests' => '1',
  'referer' => 'http://www.jiwankang.com/manage',
  'cookie' => 'PHPSESSID=6ge3q9cob417ort2dkkl8j63da',
  'accept-language' => 'zh-CN,zh;q=0.9',
  'accept-encoding' => 'gzip, deflate',
  'accept' => 'text/html,application/xhtml+xml,application/xml;q=0.9,image/avif,image/webp,image/apng,*/*;q=0.8,application/signed-exchange;v=b3;q=0.7',
  'user-agent' => 'Mozilla/5.0 (Windows NT 10.0; Win64; x64) AppleWebKit/537.36 (KHTML, like Gecko) Chrome/146.0.0.0 Safari/537.36',
  'host' => 'www.jiwankang.com',
  'content-length' => '',
  'content-type' => '',
)
[ info ] [ PARAM ] array (
)
[ info ] [ DB ] INIT mysql
[ info ] [ VIEW ] E:\wwwroot\2026\04\jiwankang\application\manage\view\operation\index.html [ array (
  0 => 'params',
  1 => 'jshopHost',
  2 => 'shop_name',
) ]
[ sql ] [ DB ] CONNECT:[ UseTime:0.000561s ] mysql:host=127.0.0.1;port=3306;dbname=jiwankang;charset=utf8mb4
[ sql ] [ SQL ] SHOW COLUMNS FROM `wb_setting` [ RunTime:0.000380s ]
[ sql ] [ SQL ] SELECT * FROM `wb_setting` WHERE  `skey` = 'shop_name' LIMIT 1 [ RunTime:0.000141s ]
---------------------------------------------------------------
[2026-04-01T14:52:39+08:00] 127.0.0.1 GET www.jiwankang.com/manage/operation/index.html?_ajax=1&page=1&limit=2000
[运行时间：0.030281s] [吞吐率：33.02req/s] [内存消耗：4,562.98kb] [文件加载：112]
[ info ] [ LANG ] E:\wwwroot\2026\04\jiwankang\thinkphp\lang\zh-cn.php
[ info ] [ ROUTE ] array (
)
[ info ] [ HEADER ] array (
  'x-requested-with' => 'XMLHttpRequest',
  'referer' => 'http://www.jiwankang.com/manage/operation/index.html',
  'cookie' => 'PHPSESSID=6ge3q9cob417ort2dkkl8j63da',
  'accept-language' => 'zh-CN,zh;q=0.9',
  'accept-encoding' => 'gzip, deflate',
  'accept' => 'application/json, text/javascript, */*; q=0.01',
  'user-agent' => 'Mozilla/5.0 (Windows NT 10.0; Win64; x64) AppleWebKit/537.36 (KHTML, like Gecko) Chrome/146.0.0.0 Safari/537.36',
  'host' => 'www.jiwankang.com',
  'content-length' => '',
  'content-type' => '',
)
[ info ] [ PARAM ] array (
  '_ajax' => '1',
  'page' => '1',
  'limit' => '2000',
)
[ info ] [ DB ] INIT mysql
[ sql ] [ DB ] CONNECT:[ UseTime:0.000628s ] mysql:host=127.0.0.1;port=3306;dbname=jiwankang;charset=utf8mb4
[ sql ] [ SQL ] SHOW COLUMNS FROM `wb_setting` [ RunTime:0.000417s ]
[ sql ] [ SQL ] SELECT * FROM `wb_setting` WHERE  `skey` = 'shop_name' LIMIT 1 [ RunTime:0.000159s ]
[ sql ] [ SQL ] SHOW COLUMNS FROM `wb_operation` [ RunTime:0.000288s ]
[ sql ] [ SQL ] SELECT COUNT(*) AS tp_count FROM `wb_operation` WHERE  `parent_id` = 2 LIMIT 1 [ RunTime:0.000140s ]
[ sql ] [ SQL ] SELECT * FROM `wb_operation` WHERE  `parent_id` = 2 ORDER BY `sort` ASC,`id` DESC LIMIT 0,2000 [ RunTime:0.000190s ]
[ sql ] [ SQL ] SELECT * FROM `wb_operation` WHERE  `id` IN (2) [ RunTime:0.000096s ]
[ sql ] [ SQL ] SELECT * FROM `wb_operation` WHERE  `id` IN (356,399,2,266,244,611) [ RunTime:0.000141s ]
[ sql ] [ SQL ] SELECT * FROM `wb_operation` WHERE  `id` = 2 LIMIT 1 [ RunTime:0.000179s ]
---------------------------------------------------------------
[2026-04-01T14:52:44+08:00] 127.0.0.1 GET www.jiwankang.com/manage/operation/add.html?id=613
[运行时间：0.043644s] [吞吐率：22.91req/s] [内存消耗：5,305.38kb] [文件加载：113]
[ info ] [ LANG ] E:\wwwroot\2026\04\jiwankang\thinkphp\lang\zh-cn.php
[ info ] [ ROUTE ] array (
)
[ info ] [ HEADER ] array (
  'x-requested-with' => 'XMLHttpRequest',
  'referer' => 'http://www.jiwankang.com/manage/operation/index.html',
  'cookie' => 'PHPSESSID=6ge3q9cob417ort2dkkl8j63da',
  'accept-language' => 'zh-CN,zh;q=0.9',
  'accept-encoding' => 'gzip, deflate',
  'accept' => 'application/json, text/javascript, */*; q=0.01',
  'user-agent' => 'Mozilla/5.0 (Windows NT 10.0; Win64; x64) AppleWebKit/537.36 (KHTML, like Gecko) Chrome/146.0.0.0 Safari/537.36',
  'host' => 'www.jiwankang.com',
  'content-length' => '',
  'content-type' => '',
)
[ info ] [ PARAM ] array (
  'id' => '613',
)
[ info ] [ DB ] INIT mysql
[ info ] [ VIEW ] E:\wwwroot\2026\04\jiwankang\application\manage\view\operation\add.html [ array (
  0 => 'params',
  1 => 'jshopHost',
  2 => 'shop_name',
  3 => 'info',
  4 => 'tree',
  5 => 'menuTree',
) ]
[ sql ] [ DB ] CONNECT:[ UseTime:0.000644s ] mysql:host=127.0.0.1;port=3306;dbname=jiwankang;charset=utf8mb4
[ sql ] [ SQL ] SHOW COLUMNS FROM `wb_setting` [ RunTime:0.000388s ]
[ sql ] [ SQL ] SELECT * FROM `wb_setting` WHERE  `skey` = 'shop_name' LIMIT 1 [ RunTime:0.000143s ]
[ sql ] [ SQL ] SELECT * FROM `wb_setting` WHERE  `skey` = 'language' LIMIT 1 [ RunTime:0.000105s ]
[ sql ] [ SQL ] SELECT * FROM `wb_setting` WHERE  `skey` = 'language' LIMIT 1 [ RunTime:0.000073s ]
[ sql ] [ SQL ] SHOW COLUMNS FROM `wb_operation` [ RunTime:0.000253s ]
[ sql ] [ SQL ] SELECT * FROM `wb_operation` WHERE  `id` = 613 LIMIT 1 [ RunTime:0.000105s ]
[ sql ] [ SQL ] SELECT * FROM `wb_operation` WHERE  `type` <> 'a' ORDER BY `sort` ASC [ RunTime:0.000217s ]
[ sql ] [ SQL ] SELECT * FROM `wb_operation` [ RunTime:0.000244s ]
[ sql ] [ SQL ] SELECT * FROM `wb_operation` WHERE  `perm_type` < 3 ORDER BY `sort` ASC [ RunTime:0.000528s ]
---------------------------------------------------------------
[2026-04-01T14:52:46+08:00] 127.0.0.1 POST www.jiwankang.com/manage/operation/add.html
[运行时间：0.053553s] [吞吐率：18.67req/s] [内存消耗：4,333.87kb] [文件加载：106]
[ info ] [ LANG ] E:\wwwroot\2026\04\jiwankang\thinkphp\lang\zh-cn.php
[ info ] [ ROUTE ] array (
)
[ info ] [ HEADER ] array (
  'x-requested-with' => 'XMLHttpRequest',
  'referer' => 'http://www.jiwankang.com/manage/operation/index.html',
  'origin' => 'http://www.jiwankang.com',
  'cookie' => 'PHPSESSID=6ge3q9cob417ort2dkkl8j63da',
  'content-type' => 'application/x-www-form-urlencoded; charset=UTF-8',
  'accept-language' => 'zh-CN,zh;q=0.9',
  'accept-encoding' => 'gzip, deflate',
  'accept' => 'application/json, text/javascript, */*; q=0.01',
  'content-length' => '212',
  'user-agent' => 'Mozilla/5.0 (Windows NT 10.0; Win64; x64) AppleWebKit/537.36 (KHTML, like Gecko) Chrome/146.0.0.0 Safari/537.36',
  'host' => 'www.jiwankang.com',
)
[ info ] [ PARAM ] array (
  'id' => '613',
  'parent_id' => '2',
  'name' => '资金池管理',
  'code' => 'Money',
  'parent_menu_id' => '611',
  'type' => 'c',
  'perm_type' => '2',
  'sort' => '100',
  'validate_form' => 'operation_add',
  '__Jshop_Token__' => '997f9567f869b7fac7863ec6ec7b9a1abc4dc6f4',
)
[ info ] [ DB ] INIT mysql
[ sql ] [ DB ] CONNECT:[ UseTime:0.020245s ] mysql:host=127.0.0.1;port=3306;dbname=jiwankang;charset=utf8mb4
[ sql ] [ SQL ] SHOW COLUMNS FROM `wb_setting` [ RunTime:0.000608s ]
[ sql ] [ SQL ] SELECT * FROM `wb_setting` WHERE  `skey` = 'shop_name' LIMIT 1 [ RunTime:0.000188s ]
[ sql ] [ SQL ] SHOW COLUMNS FROM `wb_operation` [ RunTime:0.000277s ]
[ sql ] [ SQL ] SELECT * FROM `wb_operation` WHERE  `type` = 'c'  AND `code` = 'operation'  AND `parent_id` = 2 LIMIT 1 [ RunTime:0.000181s ]
[ sql ] [ SQL ] SELECT * FROM `wb_operation` WHERE  `type` = 'a'  AND `code` = 'add'  AND `parent_id` = 434 LIMIT 1 [ RunTime:0.000112s ]
[ sql ] [ SQL ] SHOW COLUMNS FROM `wb_operation_log` [ RunTime:0.000270s ]
[ sql ] [ SQL ] INSERT INTO `wb_operation_log` (`manage_id` , `controller` , `method` , `desc` , `content` , `ip` , `ctime`) VALUES (13 , 'operation' , 'add' , '节点编辑：资金池管理' , '{\"id\":\"613\",\"parent_id\":\"2\",\"name\":\"\\u8d44\\u91d1\\u6c60\\u7ba1\\u7406\",\"code\":\"Money\",\"parent_menu_id\":\"611\",\"type\":\"c\",\"perm_type\":\"2\",\"sort\":\"100\",\"validate_form\":\"operation_add\",\"__Jshop_Token__\":\"997f9567f869b7fac7863ec6ec7b9a1abc4dc6f4\"}' , '127.0.0.1' , 1775026366) [ RunTime:0.000124s ]
[ sql ] [ SQL ] SELECT * FROM `wb_setting` WHERE  `skey` = 'language' LIMIT 1 [ RunTime:0.000120s ]
[ sql ] [ SQL ] SELECT * FROM `wb_setting` WHERE  `skey` = 'language' LIMIT 1 [ RunTime:0.000077s ]
[ sql ] [ SQL ] SELECT * FROM `wb_operation` WHERE  `type` <> 'a'  AND `id` = 2 LIMIT 1 [ RunTime:0.000098s ]
[ sql ] [ SQL ] SELECT * FROM `wb_operation` WHERE  `parent_id` = 2  AND `code` = 'Money'  AND `id` <> 613 LIMIT 1 [ RunTime:0.000163s ]
[ sql ] [ SQL ] SELECT * FROM `wb_operation` WHERE  `id` = 611 LIMIT 1 [ RunTime:0.000086s ]
[ sql ] [ SQL ] SELECT * FROM `wb_operation` WHERE  `id` = 2 LIMIT 1 [ RunTime:0.000076s ]
[ sql ] [ SQL ] SELECT * FROM `wb_operation` WHERE  `id` = 611 LIMIT 1 [ RunTime:0.000072s ]
[ sql ] [ SQL ] SELECT * FROM `wb_operation` WHERE  `id` = 2 LIMIT 1 [ RunTime:0.000096s ]
[ sql ] [ SQL ] UPDATE `wb_operation`  SET `parent_id` = 2 , `name` = '资金池管理' , `code` = 'Money' , `parent_menu_id` = 611 , `type` = 'c' , `perm_type` = 2 , `sort` = 100  WHERE  `id` = 613 [ RunTime:0.000127s ]
---------------------------------------------------------------
[2026-04-01T14:52:46+08:00] 127.0.0.1 GET www.jiwankang.com/manage/operation/index.html?_ajax=1&page=1&limit=2000&parent_id=2
[运行时间：0.031492s] [吞吐率：31.75req/s] [内存消耗：4,563.04kb] [文件加载：112]
[ info ] [ LANG ] E:\wwwroot\2026\04\jiwankang\thinkphp\lang\zh-cn.php
[ info ] [ ROUTE ] array (
)
[ info ] [ HEADER ] array (
  'x-requested-with' => 'XMLHttpRequest',
  'referer' => 'http://www.jiwankang.com/manage/operation/index.html',
  'cookie' => 'PHPSESSID=6ge3q9cob417ort2dkkl8j63da',
  'accept-language' => 'zh-CN,zh;q=0.9',
  'accept-encoding' => 'gzip, deflate',
  'accept' => 'application/json, text/javascript, */*; q=0.01',
  'user-agent' => 'Mozilla/5.0 (Windows NT 10.0; Win64; x64) AppleWebKit/537.36 (KHTML, like Gecko) Chrome/146.0.0.0 Safari/537.36',
  'host' => 'www.jiwankang.com',
  'content-length' => '',
  'content-type' => '',
)
[ info ] [ PARAM ] array (
  '_ajax' => '1',
  'page' => '1',
  'limit' => '2000',
  'parent_id' => '2',
)
[ info ] [ DB ] INIT mysql
[ sql ] [ DB ] CONNECT:[ UseTime:0.000658s ] mysql:host=127.0.0.1;port=3306;dbname=jiwankang;charset=utf8mb4
[ sql ] [ SQL ] SHOW COLUMNS FROM `wb_setting` [ RunTime:0.000401s ]
[ sql ] [ SQL ] SELECT * FROM `wb_setting` WHERE  `skey` = 'shop_name' LIMIT 1 [ RunTime:0.000147s ]
[ sql ] [ SQL ] SHOW COLUMNS FROM `wb_operation` [ RunTime:0.000502s ]
[ sql ] [ SQL ] SELECT COUNT(*) AS tp_count FROM `wb_operation` WHERE  `parent_id` = 2 LIMIT 1 [ RunTime:0.000191s ]
[ sql ] [ SQL ] SELECT * FROM `wb_operation` WHERE  `parent_id` = 2 ORDER BY `sort` ASC,`id` DESC LIMIT 0,2000 [ RunTime:0.000207s ]
[ sql ] [ SQL ] SELECT * FROM `wb_operation` WHERE  `id` IN (2) [ RunTime:0.000129s ]
[ sql ] [ SQL ] SELECT * FROM `wb_operation` WHERE  `id` IN (356,399,2,266,244,611) [ RunTime:0.000144s ]
[ sql ] [ SQL ] SELECT * FROM `wb_operation` WHERE  `id` = 2 LIMIT 1 [ RunTime:0.000186s ]
---------------------------------------------------------------
[2026-04-01T14:52:48+08:00] 127.0.0.1 GET www.jiwankang.com/manage/index/clearcache.html
[运行时间：0.041249s] [吞吐率：24.24req/s] [内存消耗：5,331.23kb] [文件加载：146]
[ info ] [ LANG ] E:\wwwroot\2026\04\jiwankang\thinkphp\lang\zh-cn.php
[ info ] [ ROUTE ] array (
)
[ info ] [ HEADER ] array (
  'upgrade-insecure-requests' => '1',
  'referer' => 'http://www.jiwankang.com/manage',
  'cookie' => 'PHPSESSID=6ge3q9cob417ort2dkkl8j63da',
  'accept-language' => 'zh-CN,zh;q=0.9',
  'accept-encoding' => 'gzip, deflate',
  'accept' => 'text/html,application/xhtml+xml,application/xml;q=0.9,image/avif,image/webp,image/apng,*/*;q=0.8,application/signed-exchange;v=b3;q=0.7',
  'user-agent' => 'Mozilla/5.0 (Windows NT 10.0; Win64; x64) AppleWebKit/537.36 (KHTML, like Gecko) Chrome/146.0.0.0 Safari/537.36',
  'host' => 'www.jiwankang.com',
  'content-length' => '',
  'content-type' => '',
)
[ info ] [ PARAM ] array (
)
[ info ] [ DB ] INIT mysql
[ info ] [ VIEW ] E:\wwwroot\2026\04\jiwankang\config/tpl/dispatch_jump.tpl [ array (
  0 => 'params',
  1 => 'jshopHost',
  2 => 'shop_name',
  3 => 'code',
  4 => 'msg',
  5 => 'data',
  6 => 'url',
  7 => 'wait',
) ]
[ sql ] [ DB ] CONNECT:[ UseTime:0.000674s ] mysql:host=127.0.0.1;port=3306;dbname=jiwankang;charset=utf8mb4
[ sql ] [ SQL ] SHOW COLUMNS FROM `wb_setting` [ RunTime:0.000394s ]
[ sql ] [ SQL ] SELECT * FROM `wb_setting` WHERE  `skey` = 'shop_name' LIMIT 1 [ RunTime:0.000137s ]
---------------------------------------------------------------
[2026-04-01T14:52:48+08:00] 127.0.0.1 GET www.jiwankang.com/manage/index/clearcache.html
[运行时间：0.066343s] [吞吐率：15.07req/s] [内存消耗：5,331.23kb] [文件加载：146]
[ info ] [ LANG ] E:\wwwroot\2026\04\jiwankang\thinkphp\lang\zh-cn.php
[ info ] [ ROUTE ] array (
)
[ info ] [ HEADER ] array (
  'upgrade-insecure-requests' => '1',
  'referer' => 'http://www.jiwankang.com/manage',
  'cookie' => 'PHPSESSID=6ge3q9cob417ort2dkkl8j63da',
  'accept-language' => 'zh-CN,zh;q=0.9',
  'accept-encoding' => 'gzip, deflate',
  'accept' => 'text/html,application/xhtml+xml,application/xml;q=0.9,image/avif,image/webp,image/apng,*/*;q=0.8,application/signed-exchange;v=b3;q=0.7',
  'user-agent' => 'Mozilla/5.0 (Windows NT 10.0; Win64; x64) AppleWebKit/537.36 (KHTML, like Gecko) Chrome/146.0.0.0 Safari/537.36',
  'host' => 'www.jiwankang.com',
  'content-length' => '',
  'content-type' => '',
)
[ info ] [ PARAM ] array (
)
[ info ] [ DB ] INIT mysql
[ info ] [ VIEW ] E:\wwwroot\2026\04\jiwankang\config/tpl/dispatch_jump.tpl [ array (
  0 => 'params',
  1 => 'jshopHost',
  2 => 'shop_name',
  3 => 'code',
  4 => 'msg',
  5 => 'data',
  6 => 'url',
  7 => 'wait',
) ]
[ sql ] [ DB ] CONNECT:[ UseTime:0.010700s ] mysql:host=127.0.0.1;port=3306;dbname=jiwankang;charset=utf8mb4
[ sql ] [ SQL ] SHOW COLUMNS FROM `wb_setting` [ RunTime:0.000792s ]
[ sql ] [ SQL ] SELECT * FROM `wb_setting` WHERE  `skey` = 'shop_name' LIMIT 1 [ RunTime:0.000207s ]
---------------------------------------------------------------
[2026-04-01T14:52:48+08:00] 127.0.0.1 GET www.jiwankang.com/manage
[运行时间：0.050971s] [吞吐率：19.62req/s] [内存消耗：5,244.42kb] [文件加载：120]
[ info ] [ LANG ] E:\wwwroot\2026\04\jiwankang\thinkphp\lang\zh-cn.php
[ info ] [ DB ] INIT mysql
[ info ] [ ROUTE ] array (
)
[ info ] [ HEADER ] array (
  'upgrade-insecure-requests' => '1',
  'referer' => 'http://www.jiwankang.com/manage/common/login.html',
  'cookie' => 'PHPSESSID=6ge3q9cob417ort2dkkl8j63da',
  'cache-control' => 'max-age=0',
  'accept-language' => 'zh-CN,zh;q=0.9',
  'accept-encoding' => 'gzip, deflate',
  'accept' => 'text/html,application/xhtml+xml,application/xml;q=0.9,image/avif,image/webp,image/apng,*/*;q=0.8,application/signed-exchange;v=b3;q=0.7',
  'user-agent' => 'Mozilla/5.0 (Windows NT 10.0; Win64; x64) AppleWebKit/537.36 (KHTML, like Gecko) Chrome/146.0.0.0 Safari/537.36',
  'host' => 'www.jiwankang.com',
  'content-length' => '',
  'content-type' => '',
)
[ info ] [ PARAM ] array (
)
[ info ] [ VIEW ] E:\wwwroot\2026\04\jiwankang\application\manage\view\index\index.html [ array (
  0 => 'params',
  1 => 'jshopHost',
  2 => 'shop_name',
  3 => 'menu',
  4 => 'kefu',
) ]
[ sql ] [ DB ] CONNECT:[ UseTime:0.000819s ] mysql:host=127.0.0.1;port=3306;dbname=jiwankang;charset=utf8mb4
[ sql ] [ SQL ] SHOW COLUMNS FROM `wb_hooks` [ RunTime:0.000509s ]
[ sql ] [ SQL ] SELECT `name`,`addons` FROM `wb_hooks` [ RunTime:0.000258s ]
[ sql ] [ SQL ] SHOW COLUMNS FROM `wb_addons` [ RunTime:0.000677s ]
[ sql ] [ SQL ] SELECT `name` FROM `wb_addons` WHERE  `status` = 1  AND `name` IN ('') [ RunTime:0.000322s ]
[ sql ] [ SQL ] SELECT `name` FROM `wb_addons` WHERE  `status` = 1  AND `name` IN ('') [ RunTime:0.000156s ]
[ sql ] [ SQL ] SELECT `name` FROM `wb_addons` WHERE  `status` = 1  AND `name` IN ('') [ RunTime:0.000228s ]
[ sql ] [ SQL ] SELECT `name` FROM `wb_addons` WHERE  `status` = 1  AND `name` IN ('') [ RunTime:0.000129s ]
[ sql ] [ SQL ] SELECT `name` FROM `wb_addons` WHERE  `status` = 1  AND `name` IN ('') [ RunTime:0.000086s ]
[ sql ] [ SQL ] SELECT `name` FROM `wb_addons` WHERE  `status` = 1  AND `name` IN ('') [ RunTime:0.000079s ]
[ sql ] [ SQL ] SELECT `name` FROM `wb_addons` WHERE  `status` = 1  AND `name` IN ('') [ RunTime:0.000075s ]
[ sql ] [ SQL ] SELECT `name` FROM `wb_addons` WHERE  `status` = 1  AND `name` IN ('') [ RunTime:0.000076s ]
[ sql ] [ SQL ] SELECT `name` FROM `wb_addons` WHERE  `status` = 1  AND `name` IN ('') [ RunTime:0.000075s ]
[ sql ] [ SQL ] SELECT `name` FROM `wb_addons` WHERE  `status` = 1  AND `name` IN ('') [ RunTime:0.000074s ]
[ sql ] [ SQL ] SELECT `name` FROM `wb_addons` WHERE  `status` = 1  AND `name` IN ('') [ RunTime:0.000074s ]
[ sql ] [ SQL ] SELECT `name` FROM `wb_addons` WHERE  `status` = 1  AND `name` IN ('') [ RunTime:0.000074s ]
[ sql ] [ SQL ] SELECT `name` FROM `wb_addons` WHERE  `status` = 1  AND `name` IN ('Userupgrade','UserInvite') [ RunTime:0.000155s ]
[ sql ] [ SQL ] SELECT `name` FROM `wb_addons` WHERE  `status` = 1  AND `name` IN ('') [ RunTime:0.000124s ]
[ sql ] [ SQL ] SELECT `name` FROM `wb_addons` WHERE  `status` = 1  AND `name` IN ('') [ RunTime:0.000086s ]
[ sql ] [ SQL ] SELECT `name` FROM `wb_addons` WHERE  `status` = 1  AND `name` IN ('') [ RunTime:0.000077s ]
[ sql ] [ SQL ] SELECT `name` FROM `wb_addons` WHERE  `status` = 1  AND `name` IN ('') [ RunTime:0.000075s ]
[ sql ] [ SQL ] SELECT `name` FROM `wb_addons` WHERE  `status` = 1  AND `name` IN ('') [ RunTime:0.000073s ]
[ sql ] [ SQL ] SELECT `name` FROM `wb_addons` WHERE  `status` = 1  AND `name` IN ('Wxdelivery') [ RunTime:0.000080s ]
[ sql ] [ SQL ] SELECT `name` FROM `wb_addons` WHERE  `status` = 1  AND `name` IN ('') [ RunTime:0.000100s ]
[ sql ] [ SQL ] SELECT `name` FROM `wb_addons` WHERE  `status` = 1  AND `name` IN ('') [ RunTime:0.000119s ]
[ sql ] [ SQL ] SELECT `name` FROM `wb_addons` WHERE  `status` = 1  AND `name` IN ('') [ RunTime:0.000217s ]
[ sql ] [ SQL ] SELECT `name` FROM `wb_addons` WHERE  `status` = 1  AND `name` IN ('') [ RunTime:0.000142s ]
[ sql ] [ SQL ] SELECT `name` FROM `wb_addons` WHERE  `status` = 1  AND `name` IN ('') [ RunTime:0.000127s ]
[ sql ] [ SQL ] SELECT `name` FROM `wb_addons` WHERE  `status` = 1  AND `name` IN ('') [ RunTime:0.000090s ]
[ sql ] [ SQL ] SELECT `name` FROM `wb_addons` WHERE  `status` = 1  AND `name` IN ('') [ RunTime:0.000094s ]
[ sql ] [ SQL ] SELECT `name` FROM `wb_addons` WHERE  `status` = 1  AND `name` IN ('') [ RunTime:0.000080s ]
[ sql ] [ SQL ] SELECT `name` FROM `wb_addons` WHERE  `status` = 1  AND `name` IN ('') [ RunTime:0.000074s ]
[ sql ] [ SQL ] SELECT `name` FROM `wb_addons` WHERE  `status` = 1  AND `name` IN ('UserInvite') [ RunTime:0.000079s ]
[ sql ] [ SQL ] SELECT `name` FROM `wb_addons` WHERE  `status` = 1  AND `name` IN ('QueueCreate') [ RunTime:0.000078s ]
[ sql ] [ SQL ] SELECT `name` FROM `wb_addons` WHERE  `status` = 1  AND `name` IN ('Wxdelivery') [ RunTime:0.000096s ]
[ sql ] [ SQL ] SHOW COLUMNS FROM `wb_setting` [ RunTime:0.000374s ]
[ sql ] [ SQL ] SELECT * FROM `wb_setting` WHERE  `skey` = 'shop_name' LIMIT 1 [ RunTime:0.000121s ]
[ sql ] [ SQL ] SHOW COLUMNS FROM `wb_operation` [ RunTime:0.000257s ]
[ sql ] [ SQL ] SELECT * FROM `wb_operation` WHERE  `perm_type` <= 1 ORDER BY `sort` ASC [ RunTime:0.000245s ]
[ sql ] [ SQL ] SELECT * FROM `wb_operation` [ RunTime:0.000519s ]
[ sql ] [ SQL ] SELECT * FROM `wb_addons` WHERE  `name` = 'Wxdelivery' LIMIT 1 [ RunTime:0.000281s ]
[ sql ] [ SQL ] SELECT * FROM `wb_setting` WHERE  `skey` = 'ent_id' LIMIT 1 [ RunTime:0.000195s ]
[ error ] [8]未定义数组索引: selected[E:\wwwroot\2026\04\jiwankang\runtime\temp\0ebc0da97c722c413af6448a150993b9.php:118]
[ error ] [8]未定义数组索引: selected[E:\wwwroot\2026\04\jiwankang\runtime\temp\0ebc0da97c722c413af6448a150993b9.php:118]
[ error ] [8]未定义数组索引: selected[E:\wwwroot\2026\04\jiwankang\runtime\temp\0ebc0da97c722c413af6448a150993b9.php:118]
[ error ] [8]未定义数组索引: selected[E:\wwwroot\2026\04\jiwankang\runtime\temp\0ebc0da97c722c413af6448a150993b9.php:118]
[ error ] [8]未定义数组索引: selected[E:\wwwroot\2026\04\jiwankang\runtime\temp\0ebc0da97c722c413af6448a150993b9.php:118]
[ error ] [8]未定义数组索引: selected[E:\wwwroot\2026\04\jiwankang\runtime\temp\0ebc0da97c722c413af6448a150993b9.php:118]
[ error ] [8]未定义数组索引: selected[E:\wwwroot\2026\04\jiwankang\runtime\temp\0ebc0da97c722c413af6448a150993b9.php:118]
[ error ] [8]未定义数组索引: selected[E:\wwwroot\2026\04\jiwankang\runtime\temp\0ebc0da97c722c413af6448a150993b9.php:118]
[ error ] [8]未定义数组索引: selected[E:\wwwroot\2026\04\jiwankang\runtime\temp\0ebc0da97c722c413af6448a150993b9.php:118]
[ error ] [8]未定义数组索引: selected[E:\wwwroot\2026\04\jiwankang\runtime\temp\0ebc0da97c722c413af6448a150993b9.php:118]
[ error ] [8]未定义数组索引: selected[E:\wwwroot\2026\04\jiwankang\runtime\temp\0ebc0da97c722c413af6448a150993b9.php:118]
[ error ] [8]未定义数组索引: selected[E:\wwwroot\2026\04\jiwankang\runtime\temp\0ebc0da97c722c413af6448a150993b9.php:118]
[ error ] [8]未定义数组索引: selected[E:\wwwroot\2026\04\jiwankang\runtime\temp\0ebc0da97c722c413af6448a150993b9.php:118]
[ error ] [8]未定义数组索引: selected[E:\wwwroot\2026\04\jiwankang\runtime\temp\0ebc0da97c722c413af6448a150993b9.php:118]
[ error ] [8]未定义数组索引: selected[E:\wwwroot\2026\04\jiwankang\runtime\temp\0ebc0da97c722c413af6448a150993b9.php:118]
[ error ] [8]未定义数组索引: selected[E:\wwwroot\2026\04\jiwankang\runtime\temp\0ebc0da97c722c413af6448a150993b9.php:118]
[ error ] [8]未定义数组索引: selected[E:\wwwroot\2026\04\jiwankang\runtime\temp\0ebc0da97c722c413af6448a150993b9.php:118]
[ error ] [8]未定义数组索引: selected[E:\wwwroot\2026\04\jiwankang\runtime\temp\0ebc0da97c722c413af6448a150993b9.php:118]
[ error ] [8]未定义数组索引: selected[E:\wwwroot\2026\04\jiwankang\runtime\temp\0ebc0da97c722c413af6448a150993b9.php:118]
[ error ] [8]未定义数组索引: selected[E:\wwwroot\2026\04\jiwankang\runtime\temp\0ebc0da97c722c413af6448a150993b9.php:118]
---------------------------------------------------------------
[2026-04-01T14:52:48+08:00] 127.0.0.1 GET www.jiwankang.com/manage/index/welcome.html
[运行时间：0.043603s] [吞吐率：22.93req/s] [内存消耗：5,779.42kb] [文件加载：118]
[ info ] [ LANG ] E:\wwwroot\2026\04\jiwankang\thinkphp\lang\zh-cn.php
[ info ] [ ROUTE ] array (
)
[ info ] [ HEADER ] array (
  'upgrade-insecure-requests' => '1',
  'referer' => 'http://www.jiwankang.com/manage',
  'cookie' => 'PHPSESSID=6ge3q9cob417ort2dkkl8j63da',
  'accept-language' => 'zh-CN,zh;q=0.9',
  'accept-encoding' => 'gzip, deflate',
  'accept' => 'text/html,application/xhtml+xml,application/xml;q=0.9,image/avif,image/webp,image/apng,*/*;q=0.8,application/signed-exchange;v=b3;q=0.7',
  'user-agent' => 'Mozilla/5.0 (Windows NT 10.0; Win64; x64) AppleWebKit/537.36 (KHTML, like Gecko) Chrome/146.0.0.0 Safari/537.36',
  'host' => 'www.jiwankang.com',
  'content-length' => '',
  'content-type' => '',
)
[ info ] [ PARAM ] array (
)
[ info ] [ DB ] INIT mysql
[ info ] [ VIEW ] E:\wwwroot\2026\04\jiwankang\application\manage\view\index\welcome.html [ array (
  0 => 'params',
  1 => 'jshopHost',
  2 => 'shop_name',
  3 => 'unpaid_count',
  4 => 'unship_count',
  5 => 'after_sales_count',
  6 => 'goods_statics',
  7 => 'zijinchi',
  8 => 'todayTyOrder',
  9 => 'allTyOrder',
  10 => 'daibutie',
  11 => 'yibutie',
) ]
[ sql ] [ DB ] CONNECT:[ UseTime:0.000735s ] mysql:host=127.0.0.1;port=3306;dbname=jiwankang;charset=utf8mb4
[ sql ] [ SQL ] SHOW COLUMNS FROM `wb_setting` [ RunTime:0.000518s ]
[ sql ] [ SQL ] SELECT * FROM `wb_setting` WHERE  `skey` = 'shop_name' LIMIT 1 [ RunTime:0.000250s ]
[ sql ] [ SQL ] SHOW COLUMNS FROM `wb_order` [ RunTime:0.000619s ]
[ sql ] [ SQL ] SELECT COUNT(*) AS tp_count FROM `wb_order` WHERE (  `status` = 1  AND `pay_status` = 1  AND `ship_status` = 1 ) AND `wb_order`.`isdel` IS NULL LIMIT 1 [ RunTime:0.000176s ]
[ sql ] [ SQL ] SELECT COUNT(*) AS tp_count FROM `wb_order` WHERE (  `status` = 1  AND `pay_status` = 2  AND `ship_status` IN (1,2) ) AND `wb_order`.`isdel` IS NULL LIMIT 1 [ RunTime:0.000105s ]
[ sql ] [ SQL ] SHOW COLUMNS FROM `wb_bill_aftersales` [ RunTime:0.000311s ]
[ sql ] [ SQL ] SELECT COUNT(*) AS tp_count FROM `wb_bill_aftersales` WHERE  `status` = 1 LIMIT 1 [ RunTime:0.000099s ]
[ sql ] [ SQL ] SELECT * FROM `wb_setting` WHERE  `skey` = 'shop_name' LIMIT 1 [ RunTime:0.000094s ]
[ sql ] [ SQL ] SHOW COLUMNS FROM `wb_goods` [ RunTime:0.000345s ]
[ sql ] [ SQL ] SELECT COUNT(`id`) AS tp_count FROM `wb_goods` LIMIT 1 [ RunTime:0.000127s ]
[ sql ] [ SQL ] SELECT COUNT(`id`) AS tp_count FROM `wb_goods` WHERE  `marketable` = 1 LIMIT 1 [ RunTime:0.000164s ]
[ sql ] [ SQL ] SELECT COUNT(`id`) AS tp_count FROM `wb_goods` WHERE  `marketable` = 2 LIMIT 1 [ RunTime:0.000088s ]
[ sql ] [ SQL ] SELECT * FROM `wb_setting` WHERE  `skey` = 'goods_stocks_warn' LIMIT 1 [ RunTime:0.000088s ]
[ sql ] [ SQL ] SHOW COLUMNS FROM `wb_products` [ RunTime:0.000288s ]
[ sql ] [ SQL ] SELECT COUNT(*) AS tp_count FROM ( SELECT count(id) AS think_count FROM `wb_products` WHERE  ( IF(stock < freeze_stock, 0, stock - freeze_stock)<10 ) GROUP BY `goods_id` ) `_group_count_` LIMIT 1 [ RunTime:0.000145s ]
[ sql ] [ SQL ] SHOW COLUMNS FROM `wb_money` [ RunTime:0.000234s ]
[ sql ] [ SQL ] SELECT `money` FROM `wb_money` WHERE  `type` = 1 LIMIT 1 [ RunTime:0.000102s ]
[ sql ] [ SQL ] SELECT SUM(`payed`) AS tp_sum FROM `wb_order` WHERE (  `status` < 3  AND `pay_status` = 2  AND `ctime` BETWEEN 1774972800 AND 1775059200 ) AND `wb_order`.`isdel` IS NULL LIMIT 1 [ RunTime:0.000115s ]
[ sql ] [ SQL ] SELECT SUM(`payed`) AS tp_sum FROM `wb_order` WHERE (  `status` < 3  AND `pay_status` = 2 ) AND `wb_order`.`isdel` IS NULL LIMIT 1 [ RunTime:0.000084s ]
[ sql ] [ SQL ] SHOW COLUMNS FROM `wb_user` [ RunTime:0.000300s ]
[ sql ] [ SQL ] SELECT SUM(`butie`) AS tp_sum FROM `wb_user` WHERE `wb_user`.`isdel` IS NULL LIMIT 1 [ RunTime:0.000091s ]
[ sql ] [ SQL ] SELECT SUM(`ybuite`) AS tp_sum FROM `wb_user` WHERE `wb_user`.`isdel` IS NULL LIMIT 1 [ RunTime:0.000071s ]
---------------------------------------------------------------
[2026-04-01T14:52:48+08:00] 127.0.0.1 GET www.jiwankang.com/manage/administrator/userloglist/state/1.html
[运行时间：0.040801s] [吞吐率：24.51req/s] [内存消耗：4,570.61kb] [文件加载：110]
[ info ] [ LANG ] E:\wwwroot\2026\04\jiwankang\thinkphp\lang\zh-cn.php
[ info ] [ ROUTE ] array (
)
[ info ] [ HEADER ] array (
  'x-requested-with' => 'XMLHttpRequest',
  'referer' => 'http://www.jiwankang.com/manage/index/welcome.html',
  'cookie' => 'PHPSESSID=6ge3q9cob417ort2dkkl8j63da',
  'accept-language' => 'zh-CN,zh;q=0.9',
  'accept-encoding' => 'gzip, deflate',
  'accept' => '*/*',
  'user-agent' => 'Mozilla/5.0 (Windows NT 10.0; Win64; x64) AppleWebKit/537.36 (KHTML, like Gecko) Chrome/146.0.0.0 Safari/537.36',
  'host' => 'www.jiwankang.com',
  'content-length' => '',
  'content-type' => '',
)
[ info ] [ PARAM ] array (
  'state' => '1',
)
[ info ] [ DB ] INIT mysql
[ sql ] [ DB ] CONNECT:[ UseTime:0.000706s ] mysql:host=127.0.0.1;port=3306;dbname=jiwankang;charset=utf8mb4
[ sql ] [ SQL ] SHOW COLUMNS FROM `wb_setting` [ RunTime:0.000438s ]
[ sql ] [ SQL ] SELECT * FROM `wb_setting` WHERE  `skey` = 'shop_name' LIMIT 1 [ RunTime:0.000146s ]
[ sql ] [ SQL ] SHOW COLUMNS FROM `wb_user_log` [ RunTime:0.000294s ]
[ sql ] [ SQL ] SELECT COUNT(*) AS tp_count FROM `wb_user_log` WHERE  `state` = 1  AND `type` = 2 LIMIT 1 [ RunTime:0.000129s ]
[ sql ] [ SQL ] SELECT * FROM `wb_user_log` WHERE  `state` = 1  AND `type` = 2 ORDER BY `ctime` DESC LIMIT 0,10 [ RunTime:0.000119s ]
[ sql ] [ SQL ] SHOW COLUMNS FROM `wb_manage` [ RunTime:0.000258s ]
[ sql ] [ SQL ] SELECT `id`,`username`,`nickname`,`mobile` FROM `wb_manage` WHERE  `id` = 13 LIMIT 1 [ RunTime:0.000101s ]
[ sql ] [ SQL ] SELECT `id`,`username`,`nickname`,`mobile` FROM `wb_manage` WHERE  `id` = 13 LIMIT 1 [ RunTime:0.000084s ]
[ sql ] [ SQL ] SELECT `id`,`username`,`nickname`,`mobile` FROM `wb_manage` WHERE  `id` = 13 LIMIT 1 [ RunTime:0.000176s ]
[ sql ] [ SQL ] SELECT `id`,`username`,`nickname`,`mobile` FROM `wb_manage` WHERE  `id` = 13 LIMIT 1 [ RunTime:0.000236s ]
---------------------------------------------------------------
[2026-04-01T14:52:48+08:00] 127.0.0.1 GET www.jiwankang.com/manage/order/statistics.html
[运行时间：0.045317s] [吞吐率：22.07req/s] [内存消耗：4,694.27kb] [文件加载：110]
[ info ] [ LANG ] E:\wwwroot\2026\04\jiwankang\thinkphp\lang\zh-cn.php
[ info ] [ ROUTE ] array (
)
[ info ] [ HEADER ] array (
  'x-requested-with' => 'XMLHttpRequest',
  'referer' => 'http://www.jiwankang.com/manage/index/welcome.html',
  'cookie' => 'PHPSESSID=6ge3q9cob417ort2dkkl8j63da',
  'accept-language' => 'zh-CN,zh;q=0.9',
  'accept-encoding' => 'gzip, deflate',
  'accept' => '*/*',
  'user-agent' => 'Mozilla/5.0 (Windows NT 10.0; Win64; x64) AppleWebKit/537.36 (KHTML, like Gecko) Chrome/146.0.0.0 Safari/537.36',
  'host' => 'www.jiwankang.com',
  'content-length' => '',
  'content-type' => '',
)
[ info ] [ PARAM ] array (
)
[ info ] [ DB ] INIT mysql
[ sql ] [ DB ] CONNECT:[ UseTime:0.001019s ] mysql:host=127.0.0.1;port=3306;dbname=jiwankang;charset=utf8mb4
[ sql ] [ SQL ] SHOW COLUMNS FROM `wb_setting` [ RunTime:0.001256s ]
[ sql ] [ SQL ] SELECT * FROM `wb_setting` WHERE  `skey` = 'shop_name' LIMIT 1 [ RunTime:0.000354s ]
[ sql ] [ SQL ] SHOW COLUMNS FROM `wb_bill_payments` [ RunTime:0.000517s ]
[ sql ] [ SQL ] SELECT count(1) AS `nums`,DATE_FORMAT(FROM_UNIXTIME(ctime),"%Y-%m-%d") AS `day` FROM `wb_bill_payments` WHERE  `status` = 2  AND `type` = 1  AND ( FROM_UNIXTIME(ctime) >= 2026-03-25 ) GROUP BY DATE_FORMAT(FROM_UNIXTIME(ctime),"%Y-%m-%d") [ RunTime:0.000284s ]
[ sql ] [ SQL ] SHOW COLUMNS FROM `wb_bill_delivery` [ RunTime:0.000778s ]
[ sql ] [ SQL ] SELECT count(1) AS `nums`,DATE_FORMAT(FROM_UNIXTIME(ctime),"%Y-%m-%d") AS `day` FROM `wb_bill_delivery` WHERE  ( FROM_UNIXTIME(ctime) >= 2026-03-25 ) GROUP BY DATE_FORMAT(FROM_UNIXTIME(ctime),"%Y-%m-%d") [ RunTime:0.000249s ]
---------------------------------------------------------------
[2026-04-01T14:52:48+08:00] 127.0.0.1 GET www.jiwankang.com/manage/user/statistics.html
[运行时间：0.086688s] [吞吐率：11.54req/s] [内存消耗：5,023.93kb] [文件加载：111]
[ info ] [ LANG ] E:\wwwroot\2026\04\jiwankang\thinkphp\lang\zh-cn.php
[ info ] [ ROUTE ] array (
)
[ info ] [ HEADER ] array (
  'x-requested-with' => 'XMLHttpRequest',
  'referer' => 'http://www.jiwankang.com/manage/index/welcome.html',
  'cookie' => 'PHPSESSID=6ge3q9cob417ort2dkkl8j63da',
  'accept-language' => 'zh-CN,zh;q=0.9',
  'accept-encoding' => 'gzip, deflate',
  'accept' => '*/*',
  'user-agent' => 'Mozilla/5.0 (Windows NT 10.0; Win64; x64) AppleWebKit/537.36 (KHTML, like Gecko) Chrome/146.0.0.0 Safari/537.36',
  'host' => 'www.jiwankang.com',
  'content-length' => '',
  'content-type' => '',
)
[ info ] [ PARAM ] array (
)
[ info ] [ DB ] INIT mysql
[ sql ] [ DB ] CONNECT:[ UseTime:0.023778s ] mysql:host=127.0.0.1;port=3306;dbname=jiwankang;charset=utf8mb4
[ sql ] [ SQL ] SHOW COLUMNS FROM `wb_setting` [ RunTime:0.001230s ]
[ sql ] [ SQL ] SELECT * FROM `wb_setting` WHERE  `skey` = 'shop_name' LIMIT 1 [ RunTime:0.000280s ]
[ sql ] [ SQL ] SHOW COLUMNS FROM `wb_user` [ RunTime:0.000742s ]
[ sql ] [ SQL ] SELECT DATE_FORMAT(from_unixtime(ctime),"%Y-%m-%d") as day, count(*) as nums FROM `wb_user` WHERE (  `ctime` > 1774421568  AND ( TIMESTAMPDIFF(DAY,from_unixtime(ctime),now()) <7 ) ) AND `wb_user`.`isdel` IS NULL GROUP BY DATE_FORMAT(from_unixtime(ctime),"%Y-%m-%d") [ RunTime:0.000260s ]
[ sql ] [ SQL ] SHOW COLUMNS FROM `wb_order` [ RunTime:0.000578s ]
[ sql ] [ SQL ] SELECT COUNT(*) AS tp_count FROM ( SELECT count(*) AS think_count FROM `wb_order` WHERE (  `ctime` < 1775026368  AND `ctime` >= 1774972800 ) AND `wb_order`.`isdel` IS NULL GROUP BY `user_id` ) `_group_count_` LIMIT 1 [ RunTime:0.000295s ]
[ sql ] [ SQL ] SELECT COUNT(*) AS tp_count FROM ( SELECT count(*) AS think_count FROM `wb_order` WHERE (  `ctime` < 1774972799  AND `ctime` >= 1774886400 ) AND `wb_order`.`isdel` IS NULL GROUP BY `user_id` ) `_group_count_` LIMIT 1 [ RunTime:0.000162s ]
[ sql ] [ SQL ] SELECT COUNT(*) AS tp_count FROM ( SELECT count(*) AS think_count FROM `wb_order` WHERE (  `ctime` < 1774886399  AND `ctime` >= 1774800000 ) AND `wb_order`.`isdel` IS NULL GROUP BY `user_id` ) `_group_count_` LIMIT 1 [ RunTime:0.000114s ]
[ sql ] [ SQL ] SELECT COUNT(*) AS tp_count FROM ( SELECT count(*) AS think_count FROM `wb_order` WHERE (  `ctime` < 1774799999  AND `ctime` >= 1774713600 ) AND `wb_order`.`isdel` IS NULL GROUP BY `user_id` ) `_group_count_` LIMIT 1 [ RunTime:0.000157s ]
[ sql ] [ SQL ] SELECT COUNT(*) AS tp_count FROM ( SELECT count(*) AS think_count FROM `wb_order` WHERE (  `ctime` < 1774713599  AND `ctime` >= 1774627200 ) AND `wb_order`.`isdel` IS NULL GROUP BY `user_id` ) `_group_count_` LIMIT 1 [ RunTime:0.000141s ]
[ sql ] [ SQL ] SELECT COUNT(*) AS tp_count FROM ( SELECT count(*) AS think_count FROM `wb_order` WHERE (  `ctime` < 1774627199  AND `ctime` >= 1774540800 ) AND `wb_order`.`isdel` IS NULL GROUP BY `user_id` ) `_group_count_` LIMIT 1 [ RunTime:0.000112s ]
[ sql ] [ SQL ] SELECT COUNT(*) AS tp_count FROM ( SELECT count(*) AS think_count FROM `wb_order` WHERE (  `ctime` < 1774540799  AND `ctime` >= 1774454400 ) AND `wb_order`.`isdel` IS NULL GROUP BY `user_id` ) `_group_count_` LIMIT 1 [ RunTime:0.000102s ]
---------------------------------------------------------------
[2026-04-01T14:52:48+08:00] 127.0.0.1 GET www.jiwankang.com/manage/operation_log/getlastlog.html
[运行时间：0.107121s] [吞吐率：9.34req/s] [内存消耗：4,525.98kb] [文件加载：110]
[ info ] [ LANG ] E:\wwwroot\2026\04\jiwankang\thinkphp\lang\zh-cn.php
[ info ] [ ROUTE ] array (
)
[ info ] [ HEADER ] array (
  'x-requested-with' => 'XMLHttpRequest',
  'referer' => 'http://www.jiwankang.com/manage/index/welcome.html',
  'cookie' => 'PHPSESSID=6ge3q9cob417ort2dkkl8j63da',
  'accept-language' => 'zh-CN,zh;q=0.9',
  'accept-encoding' => 'gzip, deflate',
  'accept' => 'application/json, text/javascript, */*; q=0.01',
  'user-agent' => 'Mozilla/5.0 (Windows NT 10.0; Win64; x64) AppleWebKit/537.36 (KHTML, like Gecko) Chrome/146.0.0.0 Safari/537.36',
  'host' => 'www.jiwankang.com',
  'content-length' => '',
  'content-type' => '',
)
[ info ] [ PARAM ] array (
)
[ info ] [ DB ] INIT mysql
[ sql ] [ DB ] CONNECT:[ UseTime:0.000651s ] mysql:host=127.0.0.1;port=3306;dbname=jiwankang;charset=utf8mb4
[ sql ] [ SQL ] SHOW COLUMNS FROM `wb_setting` [ RunTime:0.000395s ]
[ sql ] [ SQL ] SELECT * FROM `wb_setting` WHERE  `skey` = 'shop_name' LIMIT 1 [ RunTime:0.000149s ]
[ sql ] [ SQL ] SHOW COLUMNS FROM `wb_operation_log` [ RunTime:0.000853s ]
[ sql ] [ SQL ] SELECT COUNT(*) AS tp_count FROM `wb_operation_log` LIMIT 1 [ RunTime:0.000123s ]
[ sql ] [ SQL ] SELECT * FROM `wb_operation_log` ORDER BY `id` DESC LIMIT 0,10 [ RunTime:0.000111s ]
[ sql ] [ SQL ] SHOW COLUMNS FROM `wb_manage` [ RunTime:0.000290s ]
[ sql ] [ SQL ] SELECT * FROM `wb_manage` WHERE  `id` = 13 LIMIT 1 [ RunTime:0.000112s ]
[ sql ] [ SQL ] SELECT * FROM `wb_manage` WHERE  `id` = 13 LIMIT 1 [ RunTime:0.000085s ]
[ sql ] [ SQL ] SELECT * FROM `wb_manage` WHERE  `id` = 13 LIMIT 1 [ RunTime:0.000076s ]
[ sql ] [ SQL ] SELECT * FROM `wb_manage` WHERE  `id` = 13 LIMIT 1 [ RunTime:0.000074s ]
[ sql ] [ SQL ] SELECT * FROM `wb_manage` WHERE  `id` = 13 LIMIT 1 [ RunTime:0.000073s ]
[ sql ] [ SQL ] SELECT * FROM `wb_manage` WHERE  `id` = 13 LIMIT 1 [ RunTime:0.000074s ]
[ sql ] [ SQL ] SELECT * FROM `wb_manage` WHERE  `id` = 13 LIMIT 1 [ RunTime:0.000072s ]
[ sql ] [ SQL ] SELECT * FROM `wb_manage` WHERE  `id` = 13 LIMIT 1 [ RunTime:0.000075s ]
[ sql ] [ SQL ] SELECT * FROM `wb_manage` WHERE  `id` = 13 LIMIT 1 [ RunTime:0.000074s ]
[ sql ] [ SQL ] SELECT * FROM `wb_manage` WHERE  `id` = 13 LIMIT 1 [ RunTime:0.000073s ]
---------------------------------------------------------------
[2026-04-01T14:52:50+08:00] 127.0.0.1 GET www.jiwankang.com/manage/money/index.html
[运行时间：0.030982s] [吞吐率：32.28req/s] [内存消耗：4,358.55kb] [文件加载：109]
[ info ] [ LANG ] E:\wwwroot\2026\04\jiwankang\thinkphp\lang\zh-cn.php
[ info ] [ ROUTE ] array (
)
[ info ] [ HEADER ] array (
  'upgrade-insecure-requests' => '1',
  'referer' => 'http://www.jiwankang.com/manage',
  'cookie' => 'PHPSESSID=6ge3q9cob417ort2dkkl8j63da',
  'accept-language' => 'zh-CN,zh;q=0.9',
  'accept-encoding' => 'gzip, deflate',
  'accept' => 'text/html,application/xhtml+xml,application/xml;q=0.9,image/avif,image/webp,image/apng,*/*;q=0.8,application/signed-exchange;v=b3;q=0.7',
  'user-agent' => 'Mozilla/5.0 (Windows NT 10.0; Win64; x64) AppleWebKit/537.36 (KHTML, like Gecko) Chrome/146.0.0.0 Safari/537.36',
  'host' => 'www.jiwankang.com',
  'content-length' => '',
  'content-type' => '',
)
[ info ] [ PARAM ] array (
)
[ info ] [ DB ] INIT mysql
[ sql ] [ DB ] CONNECT:[ UseTime:0.000715s ] mysql:host=127.0.0.1;port=3306;dbname=jiwankang;charset=utf8mb4
[ sql ] [ SQL ] SHOW COLUMNS FROM `wb_setting` [ RunTime:0.000487s ]
[ sql ] [ SQL ] SELECT * FROM `wb_setting` WHERE  `skey` = 'shop_name' LIMIT 1 [ RunTime:0.000263s ]
[ error ] [0]模板文件不存在:E:\wwwroot\2026\04\jiwankang\application\manage\view\money\index.html[E:\wwwroot\2026\04\jiwankang\thinkphp\library\think\view\driver\Think.php:86]
---------------------------------------------------------------
[2026-04-01T14:52:50+08:00] 127.0.0.1 GET www.jiwankang.com/manage/money/index.html
[运行时间：0.049900s] [吞吐率：20.04req/s] [内存消耗：4,426.70kb] [文件加载：109]
[ info ] [ LANG ] E:\wwwroot\2026\04\jiwankang\thinkphp\lang\zh-cn.php
[ info ] [ ROUTE ] array (
)
[ info ] [ HEADER ] array (
  'upgrade-insecure-requests' => '1',
  'referer' => 'http://www.jiwankang.com/manage',
  'cookie' => 'PHPSESSID=6ge3q9cob417ort2dkkl8j63da',
  'accept-language' => 'zh-CN,zh;q=0.9',
  'accept-encoding' => 'gzip, deflate',
  'accept' => 'text/html,application/xhtml+xml,application/xml;q=0.9,image/avif,image/webp,image/apng,*/*;q=0.8,application/signed-exchange;v=b3;q=0.7',
  'user-agent' => 'Mozilla/5.0 (Windows NT 10.0; Win64; x64) AppleWebKit/537.36 (KHTML, like Gecko) Chrome/146.0.0.0 Safari/537.36',
  'host' => 'www.jiwankang.com',
  'content-length' => '',
  'content-type' => '',
)
[ info ] [ PARAM ] array (
)
[ info ] [ DB ] INIT mysql
[ sql ] [ DB ] CONNECT:[ UseTime:0.000980s ] mysql:host=127.0.0.1;port=3306;dbname=jiwankang;charset=utf8mb4
[ sql ] [ SQL ] SHOW COLUMNS FROM `wb_setting` [ RunTime:0.000546s ]
[ sql ] [ SQL ] SELECT * FROM `wb_setting` WHERE  `skey` = 'shop_name' LIMIT 1 [ RunTime:0.000204s ]
[ error ] [0]模板文件不存在:E:\wwwroot\2026\04\jiwankang\application\manage\view\money\index.html[E:\wwwroot\2026\04\jiwankang\thinkphp\library\think\view\driver\Think.php:86]
---------------------------------------------------------------
[2026-04-01T14:55:10+08:00] 127.0.0.1 GET www.jiwankang.com/manage/money/index.html
[运行时间：0.031482s] [吞吐率：31.76req/s] [内存消耗：4,705.40kb] [文件加载：111]
[ info ] [ LANG ] E:\wwwroot\2026\04\jiwankang\thinkphp\lang\zh-cn.php
[ info ] [ ROUTE ] array (
)
[ info ] [ HEADER ] array (
  'upgrade-insecure-requests' => '1',
  'referer' => 'http://www.jiwankang.com/manage/money/index.html',
  'cookie' => 'PHPSESSID=6ge3q9cob417ort2dkkl8j63da',
  'cache-control' => 'max-age=0',
  'accept-language' => 'zh-CN,zh;q=0.9',
  'accept-encoding' => 'gzip, deflate',
  'accept' => 'text/html,application/xhtml+xml,application/xml;q=0.9,image/avif,image/webp,image/apng,*/*;q=0.8,application/signed-exchange;v=b3;q=0.7',
  'user-agent' => 'Mozilla/5.0 (Windows NT 10.0; Win64; x64) AppleWebKit/537.36 (KHTML, like Gecko) Chrome/146.0.0.0 Safari/537.36',
  'host' => 'www.jiwankang.com',
  'content-length' => '',
  'content-type' => '',
)
[ info ] [ PARAM ] array (
)
[ info ] [ DB ] INIT mysql
[ info ] [ VIEW ] E:\wwwroot\2026\04\jiwankang\application\manage\view\money\index.html [ array (
  0 => 'params',
  1 => 'jshopHost',
  2 => 'shop_name',
) ]
[ sql ] [ DB ] CONNECT:[ UseTime:0.000605s ] mysql:host=127.0.0.1;port=3306;dbname=jiwankang;charset=utf8mb4
[ sql ] [ SQL ] SHOW COLUMNS FROM `wb_setting` [ RunTime:0.000555s ]
[ sql ] [ SQL ] SELECT * FROM `wb_setting` WHERE  `skey` = 'shop_name' LIMIT 1 [ RunTime:0.000299s ]
---------------------------------------------------------------
[2026-04-01T14:55:10+08:00] 127.0.0.1 GET www.jiwankang.com/manage/money/index.html?_ajax=1&page=1&limit=20
[运行时间：0.031611s] [吞吐率：31.63req/s] [内存消耗：4,490.88kb] [文件加载：110]
[ info ] [ LANG ] E:\wwwroot\2026\04\jiwankang\thinkphp\lang\zh-cn.php
[ info ] [ ROUTE ] array (
)
[ info ] [ HEADER ] array (
  'x-requested-with' => 'XMLHttpRequest',
  'referer' => 'http://www.jiwankang.com/manage/money/index.html',
  'cookie' => 'PHPSESSID=6ge3q9cob417ort2dkkl8j63da',
  'accept-language' => 'zh-CN,zh;q=0.9',
  'accept-encoding' => 'gzip, deflate',
  'accept' => 'application/json, text/javascript, */*; q=0.01',
  'user-agent' => 'Mozilla/5.0 (Windows NT 10.0; Win64; x64) AppleWebKit/537.36 (KHTML, like Gecko) Chrome/146.0.0.0 Safari/537.36',
  'host' => 'www.jiwankang.com',
  'content-length' => '',
  'content-type' => '',
)
[ info ] [ PARAM ] array (
  '_ajax' => '1',
  'page' => '1',
  'limit' => '20',
)
[ info ] [ DB ] INIT mysql
[ sql ] [ DB ] CONNECT:[ UseTime:0.000780s ] mysql:host=127.0.0.1;port=3306;dbname=jiwankang;charset=utf8mb4
[ sql ] [ SQL ] SHOW COLUMNS FROM `wb_setting` [ RunTime:0.000492s ]
[ sql ] [ SQL ] SELECT * FROM `wb_setting` WHERE  `skey` = 'shop_name' LIMIT 1 [ RunTime:0.000277s ]
[ sql ] [ SQL ] SHOW COLUMNS FROM `wb_money` [ RunTime:0.000284s ]
[ sql ] [ SQL ] SELECT COUNT(*) AS tp_count FROM `wb_money` LIMIT 1 [ RunTime:0.000091s ]
[ sql ] [ SQL ] SELECT * FROM `wb_money` LIMIT 0,20 [ RunTime:0.000093s ]
---------------------------------------------------------------
[2026-04-01T14:55:29+08:00] 127.0.0.1 GET www.jiwankang.com/manage/money/index.html
[运行时间：0.051360s] [吞吐率：19.47req/s] [内存消耗：4,705.34kb] [文件加载：111]
[ info ] [ LANG ] E:\wwwroot\2026\04\jiwankang\thinkphp\lang\zh-cn.php
[ info ] [ ROUTE ] array (
)
[ info ] [ HEADER ] array (
  'upgrade-insecure-requests' => '1',
  'referer' => 'http://www.jiwankang.com/manage/money/index.html',
  'cookie' => 'PHPSESSID=6ge3q9cob417ort2dkkl8j63da',
  'cache-control' => 'max-age=0',
  'accept-language' => 'zh-CN,zh;q=0.9',
  'accept-encoding' => 'gzip, deflate',
  'accept' => 'text/html,application/xhtml+xml,application/xml;q=0.9,image/avif,image/webp,image/apng,*/*;q=0.8,application/signed-exchange;v=b3;q=0.7',
  'user-agent' => 'Mozilla/5.0 (Windows NT 10.0; Win64; x64) AppleWebKit/537.36 (KHTML, like Gecko) Chrome/146.0.0.0 Safari/537.36',
  'host' => 'www.jiwankang.com',
  'content-length' => '',
  'content-type' => '',
)
[ info ] [ PARAM ] array (
)
[ info ] [ DB ] INIT mysql
[ info ] [ VIEW ] E:\wwwroot\2026\04\jiwankang\application\manage\view\money\index.html [ array (
  0 => 'params',
  1 => 'jshopHost',
  2 => 'shop_name',
) ]
[ sql ] [ DB ] CONNECT:[ UseTime:0.020349s ] mysql:host=127.0.0.1;port=3306;dbname=jiwankang;charset=utf8mb4
[ sql ] [ SQL ] SHOW COLUMNS FROM `wb_setting` [ RunTime:0.000868s ]
[ sql ] [ SQL ] SELECT * FROM `wb_setting` WHERE  `skey` = 'shop_name' LIMIT 1 [ RunTime:0.000276s ]
---------------------------------------------------------------
[2026-04-01T14:55:29+08:00] 127.0.0.1 GET www.jiwankang.com/manage/money/index.html?_ajax=1&page=1&limit=20
[运行时间：0.030165s] [吞吐率：33.15req/s] [内存消耗：4,490.88kb] [文件加载：110]
[ info ] [ LANG ] E:\wwwroot\2026\04\jiwankang\thinkphp\lang\zh-cn.php
[ info ] [ ROUTE ] array (
)
[ info ] [ HEADER ] array (
  'x-requested-with' => 'XMLHttpRequest',
  'referer' => 'http://www.jiwankang.com/manage/money/index.html',
  'cookie' => 'PHPSESSID=6ge3q9cob417ort2dkkl8j63da',
  'accept-language' => 'zh-CN,zh;q=0.9',
  'accept-encoding' => 'gzip, deflate',
  'accept' => 'application/json, text/javascript, */*; q=0.01',
  'user-agent' => 'Mozilla/5.0 (Windows NT 10.0; Win64; x64) AppleWebKit/537.36 (KHTML, like Gecko) Chrome/146.0.0.0 Safari/537.36',
  'host' => 'www.jiwankang.com',
  'content-length' => '',
  'content-type' => '',
)
[ info ] [ PARAM ] array (
  '_ajax' => '1',
  'page' => '1',
  'limit' => '20',
)
[ info ] [ DB ] INIT mysql
[ sql ] [ DB ] CONNECT:[ UseTime:0.000654s ] mysql:host=127.0.0.1;port=3306;dbname=jiwankang;charset=utf8mb4
[ sql ] [ SQL ] SHOW COLUMNS FROM `wb_setting` [ RunTime:0.000401s ]
[ sql ] [ SQL ] SELECT * FROM `wb_setting` WHERE  `skey` = 'shop_name' LIMIT 1 [ RunTime:0.000143s ]
[ sql ] [ SQL ] SHOW COLUMNS FROM `wb_money` [ RunTime:0.000281s ]
[ sql ] [ SQL ] SELECT COUNT(*) AS tp_count FROM `wb_money` LIMIT 1 [ RunTime:0.000085s ]
[ sql ] [ SQL ] SELECT * FROM `wb_money` LIMIT 0,20 [ RunTime:0.000091s ]
---------------------------------------------------------------
[2026-04-01T14:56:07+08:00] 127.0.0.1 GET www.jiwankang.com/manage/money/index.html
[运行时间：0.026951s] [吞吐率：37.10req/s] [内存消耗：4,378.06kb] [文件加载：108]
[ info ] [ LANG ] E:\wwwroot\2026\04\jiwankang\thinkphp\lang\zh-cn.php
[ info ] [ ROUTE ] array (
)
[ info ] [ HEADER ] array (
  'upgrade-insecure-requests' => '1',
  'referer' => 'http://www.jiwankang.com/manage/money/index.html',
  'cookie' => 'PHPSESSID=6ge3q9cob417ort2dkkl8j63da',
  'cache-control' => 'max-age=0',
  'accept-language' => 'zh-CN,zh;q=0.9',
  'accept-encoding' => 'gzip, deflate',
  'accept' => 'text/html,application/xhtml+xml,application/xml;q=0.9,image/avif,image/webp,image/apng,*/*;q=0.8,application/signed-exchange;v=b3;q=0.7',
  'user-agent' => 'Mozilla/5.0 (Windows NT 10.0; Win64; x64) AppleWebKit/537.36 (KHTML, like Gecko) Chrome/146.0.0.0 Safari/537.36',
  'host' => 'www.jiwankang.com',
  'content-length' => '',
  'content-type' => '',
)
[ info ] [ PARAM ] array (
)
[ info ] [ DB ] INIT mysql
[ info ] [ VIEW ] E:\wwwroot\2026\04\jiwankang\application\manage\view\money\index.html [ array (
  0 => 'params',
  1 => 'jshopHost',
  2 => 'shop_name',
) ]
[ sql ] [ DB ] CONNECT:[ UseTime:0.000789s ] mysql:host=127.0.0.1;port=3306;dbname=jiwankang;charset=utf8mb4
[ sql ] [ SQL ] SHOW COLUMNS FROM `wb_setting` [ RunTime:0.000470s ]
[ sql ] [ SQL ] SELECT * FROM `wb_setting` WHERE  `skey` = 'shop_name' LIMIT 1 [ RunTime:0.000303s ]
---------------------------------------------------------------
[2026-04-01T14:56:08+08:00] 127.0.0.1 GET www.jiwankang.com/manage/money/index.html?_ajax=1&page=1&limit=20
[运行时间：0.029179s] [吞吐率：34.27req/s] [内存消耗：4,490.88kb] [文件加载：110]
[ info ] [ LANG ] E:\wwwroot\2026\04\jiwankang\thinkphp\lang\zh-cn.php
[ info ] [ ROUTE ] array (
)
[ info ] [ HEADER ] array (
  'x-requested-with' => 'XMLHttpRequest',
  'referer' => 'http://www.jiwankang.com/manage/money/index.html',
  'cookie' => 'PHPSESSID=6ge3q9cob417ort2dkkl8j63da',
  'accept-language' => 'zh-CN,zh;q=0.9',
  'accept-encoding' => 'gzip, deflate',
  'accept' => 'application/json, text/javascript, */*; q=0.01',
  'user-agent' => 'Mozilla/5.0 (Windows NT 10.0; Win64; x64) AppleWebKit/537.36 (KHTML, like Gecko) Chrome/146.0.0.0 Safari/537.36',
  'host' => 'www.jiwankang.com',
  'content-length' => '',
  'content-type' => '',
)
[ info ] [ PARAM ] array (
  '_ajax' => '1',
  'page' => '1',
  'limit' => '20',
)
[ info ] [ DB ] INIT mysql
[ sql ] [ DB ] CONNECT:[ UseTime:0.000606s ] mysql:host=127.0.0.1;port=3306;dbname=jiwankang;charset=utf8mb4
[ sql ] [ SQL ] SHOW COLUMNS FROM `wb_setting` [ RunTime:0.000381s ]
[ sql ] [ SQL ] SELECT * FROM `wb_setting` WHERE  `skey` = 'shop_name' LIMIT 1 [ RunTime:0.000144s ]
[ sql ] [ SQL ] SHOW COLUMNS FROM `wb_money` [ RunTime:0.001483s ]
[ sql ] [ SQL ] SELECT COUNT(*) AS tp_count FROM `wb_money` LIMIT 1 [ RunTime:0.000321s ]
[ sql ] [ SQL ] SELECT * FROM `wb_money` LIMIT 0,20 [ RunTime:0.000336s ]
---------------------------------------------------------------
[2026-04-01T14:56:55+08:00] 127.0.0.1 GET www.jiwankang.com/manage/money/index.html
[运行时间：0.028908s] [吞吐率：34.59req/s] [内存消耗：4,380.84kb] [文件加载：108]
[ info ] [ LANG ] E:\wwwroot\2026\04\jiwankang\thinkphp\lang\zh-cn.php
[ info ] [ ROUTE ] array (
)
[ info ] [ HEADER ] array (
  'upgrade-insecure-requests' => '1',
  'referer' => 'http://www.jiwankang.com/manage/money/index.html',
  'cookie' => 'PHPSESSID=6ge3q9cob417ort2dkkl8j63da',
  'cache-control' => 'max-age=0',
  'accept-language' => 'zh-CN,zh;q=0.9',
  'accept-encoding' => 'gzip, deflate',
  'accept' => 'text/html,application/xhtml+xml,application/xml;q=0.9,image/avif,image/webp,image/apng,*/*;q=0.8,application/signed-exchange;v=b3;q=0.7',
  'user-agent' => 'Mozilla/5.0 (Windows NT 10.0; Win64; x64) AppleWebKit/537.36 (KHTML, like Gecko) Chrome/146.0.0.0 Safari/537.36',
  'host' => 'www.jiwankang.com',
  'content-length' => '',
  'content-type' => '',
)
[ info ] [ PARAM ] array (
)
[ info ] [ DB ] INIT mysql
[ info ] [ VIEW ] E:\wwwroot\2026\04\jiwankang\application\manage\view\money\index.html [ array (
  0 => 'params',
  1 => 'jshopHost',
  2 => 'shop_name',
) ]
[ sql ] [ DB ] CONNECT:[ UseTime:0.001149s ] mysql:host=127.0.0.1;port=3306;dbname=jiwankang;charset=utf8mb4
[ sql ] [ SQL ] SHOW COLUMNS FROM `wb_setting` [ RunTime:0.000776s ]
[ sql ] [ SQL ] SELECT * FROM `wb_setting` WHERE  `skey` = 'shop_name' LIMIT 1 [ RunTime:0.000336s ]
---------------------------------------------------------------
[2026-04-01T14:56:55+08:00] 127.0.0.1 GET www.jiwankang.com/manage/money/index.html?_ajax=1&page=1&limit=20
[运行时间：0.030186s] [吞吐率：33.13req/s] [内存消耗：4,493.65kb] [文件加载：110]
[ info ] [ LANG ] E:\wwwroot\2026\04\jiwankang\thinkphp\lang\zh-cn.php
[ info ] [ ROUTE ] array (
)
[ info ] [ HEADER ] array (
  'x-requested-with' => 'XMLHttpRequest',
  'referer' => 'http://www.jiwankang.com/manage/money/index.html',
  'cookie' => 'PHPSESSID=6ge3q9cob417ort2dkkl8j63da',
  'accept-language' => 'zh-CN,zh;q=0.9',
  'accept-encoding' => 'gzip, deflate',
  'accept' => 'application/json, text/javascript, */*; q=0.01',
  'user-agent' => 'Mozilla/5.0 (Windows NT 10.0; Win64; x64) AppleWebKit/537.36 (KHTML, like Gecko) Chrome/146.0.0.0 Safari/537.36',
  'host' => 'www.jiwankang.com',
  'content-length' => '',
  'content-type' => '',
)
[ info ] [ PARAM ] array (
  '_ajax' => '1',
  'page' => '1',
  'limit' => '20',
)
[ info ] [ DB ] INIT mysql
[ sql ] [ DB ] CONNECT:[ UseTime:0.000721s ] mysql:host=127.0.0.1;port=3306;dbname=jiwankang;charset=utf8mb4
[ sql ] [ SQL ] SHOW COLUMNS FROM `wb_setting` [ RunTime:0.000446s ]
[ sql ] [ SQL ] SELECT * FROM `wb_setting` WHERE  `skey` = 'shop_name' LIMIT 1 [ RunTime:0.000384s ]
[ sql ] [ SQL ] SHOW COLUMNS FROM `wb_money` [ RunTime:0.000991s ]
[ sql ] [ SQL ] SELECT COUNT(*) AS tp_count FROM `wb_money` LIMIT 1 [ RunTime:0.000193s ]
[ sql ] [ SQL ] SELECT * FROM `wb_money` LIMIT 0,20 [ RunTime:0.000186s ]
---------------------------------------------------------------
[2026-04-01T15:00:16+08:00] 127.0.0.1 GET www.jiwankang.com/manage/money/index.html
[运行时间：0.032571s] [吞吐率：30.70req/s] [内存消耗：4,380.88kb] [文件加载：108]
[ info ] [ LANG ] E:\wwwroot\2026\04\jiwankang\thinkphp\lang\zh-cn.php
[ info ] [ ROUTE ] array (
)
[ info ] [ HEADER ] array (
  'upgrade-insecure-requests' => '1',
  'referer' => 'http://www.jiwankang.com/manage/money/index.html',
  'cookie' => 'PHPSESSID=6ge3q9cob417ort2dkkl8j63da',
  'cache-control' => 'max-age=0',
  'accept-language' => 'zh-CN,zh;q=0.9',
  'accept-encoding' => 'gzip, deflate',
  'accept' => 'text/html,application/xhtml+xml,application/xml;q=0.9,image/avif,image/webp,image/apng,*/*;q=0.8,application/signed-exchange;v=b3;q=0.7',
  'user-agent' => 'Mozilla/5.0 (Windows NT 10.0; Win64; x64) AppleWebKit/537.36 (KHTML, like Gecko) Chrome/146.0.0.0 Safari/537.36',
  'host' => 'www.jiwankang.com',
  'content-length' => '',
  'content-type' => '',
)
[ info ] [ PARAM ] array (
)
[ info ] [ DB ] INIT mysql
[ info ] [ VIEW ] E:\wwwroot\2026\04\jiwankang\application\manage\view\money\index.html [ array (
  0 => 'params',
  1 => 'jshopHost',
  2 => 'shop_name',
) ]
[ sql ] [ DB ] CONNECT:[ UseTime:0.000788s ] mysql:host=127.0.0.1;port=3306;dbname=jiwankang;charset=utf8mb4
[ sql ] [ SQL ] SHOW COLUMNS FROM `wb_setting` [ RunTime:0.000556s ]
[ sql ] [ SQL ] SELECT * FROM `wb_setting` WHERE  `skey` = 'shop_name' LIMIT 1 [ RunTime:0.000318s ]
---------------------------------------------------------------
[2026-04-01T15:00:16+08:00] 127.0.0.1 GET www.jiwankang.com/manage/money/index.html?_ajax=1&page=1&limit=20
[运行时间：0.036325s] [吞吐率：27.53req/s] [内存消耗：4,496.24kb] [文件加载：111]
[ info ] [ LANG ] E:\wwwroot\2026\04\jiwankang\thinkphp\lang\zh-cn.php
[ info ] [ ROUTE ] array (
)
[ info ] [ HEADER ] array (
  'x-requested-with' => 'XMLHttpRequest',
  'referer' => 'http://www.jiwankang.com/manage/money/index.html',
  'cookie' => 'PHPSESSID=6ge3q9cob417ort2dkkl8j63da',
  'accept-language' => 'zh-CN,zh;q=0.9',
  'accept-encoding' => 'gzip, deflate',
  'accept' => 'application/json, text/javascript, */*; q=0.01',
  'user-agent' => 'Mozilla/5.0 (Windows NT 10.0; Win64; x64) AppleWebKit/537.36 (KHTML, like Gecko) Chrome/146.0.0.0 Safari/537.36',
  'host' => 'www.jiwankang.com',
  'content-length' => '',
  'content-type' => '',
)
[ info ] [ PARAM ] array (
  '_ajax' => '1',
  'page' => '1',
  'limit' => '20',
)
[ info ] [ DB ] INIT mysql
[ sql ] [ DB ] CONNECT:[ UseTime:0.000829s ] mysql:host=127.0.0.1;port=3306;dbname=jiwankang;charset=utf8mb4
[ sql ] [ SQL ] SHOW COLUMNS FROM `wb_setting` [ RunTime:0.000546s ]
[ sql ] [ SQL ] SELECT * FROM `wb_setting` WHERE  `skey` = 'shop_name' LIMIT 1 [ RunTime:0.000176s ]
[ sql ] [ SQL ] SHOW COLUMNS FROM `wb_money` [ RunTime:0.000311s ]
[ sql ] [ SQL ] SELECT COUNT(*) AS tp_count FROM `wb_money` LIMIT 1 [ RunTime:0.000102s ]
[ sql ] [ SQL ] SELECT * FROM `wb_money` LIMIT 0,20 [ RunTime:0.000097s ]
---------------------------------------------------------------
[2026-04-01T15:17:30+08:00] 127.0.0.1 GET www.jiwankang.com/manage/money/index.html
[运行时间：0.028678s] [吞吐率：34.87req/s] [内存消耗：4,378.55kb] [文件加载：108]
[ info ] [ LANG ] E:\wwwroot\2026\04\jiwankang\thinkphp\lang\zh-cn.php
[ info ] [ ROUTE ] array (
)
[ info ] [ HEADER ] array (
  'upgrade-insecure-requests' => '1',
  'referer' => 'http://www.jiwankang.com/manage',
  'cookie' => 'PHPSESSID=6ge3q9cob417ort2dkkl8j63da',
  'accept-language' => 'zh-CN,zh;q=0.9',
  'accept-encoding' => 'gzip, deflate',
  'accept' => 'text/html,application/xhtml+xml,application/xml;q=0.9,image/avif,image/webp,image/apng,*/*;q=0.8,application/signed-exchange;v=b3;q=0.7',
  'user-agent' => 'Mozilla/5.0 (Windows NT 10.0; Win64; x64) AppleWebKit/537.36 (KHTML, like Gecko) Chrome/146.0.0.0 Safari/537.36',
  'host' => 'www.jiwankang.com',
  'content-length' => '',
  'content-type' => '',
)
[ info ] [ PARAM ] array (
)
[ info ] [ DB ] INIT mysql
[ info ] [ VIEW ] E:\wwwroot\2026\04\jiwankang\application\manage\view\money\index.html [ array (
  0 => 'params',
  1 => 'jshopHost',
  2 => 'shop_name',
) ]
[ sql ] [ DB ] CONNECT:[ UseTime:0.000896s ] mysql:host=127.0.0.1;port=3306;dbname=jiwankang;charset=utf8mb4
[ sql ] [ SQL ] SHOW COLUMNS FROM `wb_setting` [ RunTime:0.000742s ]
[ sql ] [ SQL ] SELECT * FROM `wb_setting` WHERE  `skey` = 'shop_name' LIMIT 1 [ RunTime:0.000307s ]
---------------------------------------------------------------
[2026-04-01T15:17:30+08:00] 127.0.0.1 GET www.jiwankang.com/manage/money/index.html?_ajax=1&page=1&limit=20
[运行时间：0.030404s] [吞吐率：32.89req/s] [内存消耗：4,493.81kb] [文件加载：110]
[ info ] [ LANG ] E:\wwwroot\2026\04\jiwankang\thinkphp\lang\zh-cn.php
[ info ] [ ROUTE ] array (
)
[ info ] [ HEADER ] array (
  'x-requested-with' => 'XMLHttpRequest',
  'referer' => 'http://www.jiwankang.com/manage/money/index.html',
  'cookie' => 'PHPSESSID=6ge3q9cob417ort2dkkl8j63da',
  'accept-language' => 'zh-CN,zh;q=0.9',
  'accept-encoding' => 'gzip, deflate',
  'accept' => 'application/json, text/javascript, */*; q=0.01',
  'user-agent' => 'Mozilla/5.0 (Windows NT 10.0; Win64; x64) AppleWebKit/537.36 (KHTML, like Gecko) Chrome/146.0.0.0 Safari/537.36',
  'host' => 'www.jiwankang.com',
  'content-length' => '',
  'content-type' => '',
)
[ info ] [ PARAM ] array (
  '_ajax' => '1',
  'page' => '1',
  'limit' => '20',
)
[ info ] [ DB ] INIT mysql
[ sql ] [ DB ] CONNECT:[ UseTime:0.000733s ] mysql:host=127.0.0.1;port=3306;dbname=jiwankang;charset=utf8mb4
[ sql ] [ SQL ] SHOW COLUMNS FROM `wb_setting` [ RunTime:0.000434s ]
[ sql ] [ SQL ] SELECT * FROM `wb_setting` WHERE  `skey` = 'shop_name' LIMIT 1 [ RunTime:0.000145s ]
[ sql ] [ SQL ] SHOW COLUMNS FROM `wb_money_log` [ RunTime:0.000511s ]
[ sql ] [ SQL ] SELECT COUNT(*) AS tp_count FROM `wb_money_log` LIMIT 1 [ RunTime:0.000098s ]
[ sql ] [ SQL ] SELECT * FROM `wb_money_log` LIMIT 0,20 [ RunTime:0.000109s ]
---------------------------------------------------------------
[2026-04-01T15:17:32+08:00] 127.0.0.1 GET www.jiwankang.com/manage/money/index.html
[运行时间：0.030206s] [吞吐率：33.11req/s] [内存消耗：4,378.55kb] [文件加载：108]
[ info ] [ LANG ] E:\wwwroot\2026\04\jiwankang\thinkphp\lang\zh-cn.php
[ info ] [ ROUTE ] array (
)
[ info ] [ HEADER ] array (
  'upgrade-insecure-requests' => '1',
  'referer' => 'http://www.jiwankang.com/manage',
  'cookie' => 'PHPSESSID=6ge3q9cob417ort2dkkl8j63da',
  'accept-language' => 'zh-CN,zh;q=0.9',
  'accept-encoding' => 'gzip, deflate',
  'accept' => 'text/html,application/xhtml+xml,application/xml;q=0.9,image/avif,image/webp,image/apng,*/*;q=0.8,application/signed-exchange;v=b3;q=0.7',
  'user-agent' => 'Mozilla/5.0 (Windows NT 10.0; Win64; x64) AppleWebKit/537.36 (KHTML, like Gecko) Chrome/146.0.0.0 Safari/537.36',
  'host' => 'www.jiwankang.com',
  'content-length' => '',
  'content-type' => '',
)
[ info ] [ PARAM ] array (
)
[ info ] [ DB ] INIT mysql
[ info ] [ VIEW ] E:\wwwroot\2026\04\jiwankang\application\manage\view\money\index.html [ array (
  0 => 'params',
  1 => 'jshopHost',
  2 => 'shop_name',
) ]
[ sql ] [ DB ] CONNECT:[ UseTime:0.000832s ] mysql:host=127.0.0.1;port=3306;dbname=jiwankang;charset=utf8mb4
[ sql ] [ SQL ] SHOW COLUMNS FROM `wb_setting` [ RunTime:0.000513s ]
[ sql ] [ SQL ] SELECT * FROM `wb_setting` WHERE  `skey` = 'shop_name' LIMIT 1 [ RunTime:0.000269s ]
---------------------------------------------------------------
[2026-04-01T15:17:32+08:00] 127.0.0.1 GET www.jiwankang.com/manage/money/index.html?_ajax=1&page=1&limit=20
[运行时间：0.032639s] [吞吐率：30.64req/s] [内存消耗：4,493.81kb] [文件加载：110]
[ info ] [ LANG ] E:\wwwroot\2026\04\jiwankang\thinkphp\lang\zh-cn.php
[ info ] [ ROUTE ] array (
)
[ info ] [ HEADER ] array (
  'x-requested-with' => 'XMLHttpRequest',
  'referer' => 'http://www.jiwankang.com/manage/money/index.html',
  'cookie' => 'PHPSESSID=6ge3q9cob417ort2dkkl8j63da',
  'accept-language' => 'zh-CN,zh;q=0.9',
  'accept-encoding' => 'gzip, deflate',
  'accept' => 'application/json, text/javascript, */*; q=0.01',
  'user-agent' => 'Mozilla/5.0 (Windows NT 10.0; Win64; x64) AppleWebKit/537.36 (KHTML, like Gecko) Chrome/146.0.0.0 Safari/537.36',
  'host' => 'www.jiwankang.com',
  'content-length' => '',
  'content-type' => '',
)
[ info ] [ PARAM ] array (
  '_ajax' => '1',
  'page' => '1',
  'limit' => '20',
)
[ info ] [ DB ] INIT mysql
[ sql ] [ DB ] CONNECT:[ UseTime:0.000870s ] mysql:host=127.0.0.1;port=3306;dbname=jiwankang;charset=utf8mb4
[ sql ] [ SQL ] SHOW COLUMNS FROM `wb_setting` [ RunTime:0.000542s ]
[ sql ] [ SQL ] SELECT * FROM `wb_setting` WHERE  `skey` = 'shop_name' LIMIT 1 [ RunTime:0.000276s ]
[ sql ] [ SQL ] SHOW COLUMNS FROM `wb_money_log` [ RunTime:0.000596s ]
[ sql ] [ SQL ] SELECT COUNT(*) AS tp_count FROM `wb_money_log` LIMIT 1 [ RunTime:0.000224s ]
[ sql ] [ SQL ] SELECT * FROM `wb_money_log` LIMIT 0,20 [ RunTime:0.000251s ]
---------------------------------------------------------------
[2026-04-01T15:20:32+08:00] 127.0.0.1 GET www.jiwankang.com/manage
[运行时间：0.034190s] [吞吐率：29.25req/s] [内存消耗：4,604.76kb] [文件加载：110]
[ info ] [ LANG ] E:\wwwroot\2026\04\jiwankang\thinkphp\lang\zh-cn.php
[ info ] [ ROUTE ] array (
)
[ info ] [ HEADER ] array (
  'upgrade-insecure-requests' => '1',
  'referer' => 'http://www.jiwankang.com/manage/common/login.html',
  'cookie' => 'PHPSESSID=6ge3q9cob417ort2dkkl8j63da',
  'cache-control' => 'max-age=0',
  'accept-language' => 'zh-CN,zh;q=0.9',
  'accept-encoding' => 'gzip, deflate',
  'accept' => 'text/html,application/xhtml+xml,application/xml;q=0.9,image/avif,image/webp,image/apng,*/*;q=0.8,application/signed-exchange;v=b3;q=0.7',
  'user-agent' => 'Mozilla/5.0 (Windows NT 10.0; Win64; x64) AppleWebKit/537.36 (KHTML, like Gecko) Chrome/146.0.0.0 Safari/537.36',
  'host' => 'www.jiwankang.com',
  'content-length' => '',
  'content-type' => '',
)
[ info ] [ PARAM ] array (
)
[ info ] [ DB ] INIT mysql
[ info ] [ VIEW ] E:\wwwroot\2026\04\jiwankang\application\manage\view\index\index.html [ array (
  0 => 'params',
  1 => 'jshopHost',
  2 => 'shop_name',
  3 => 'menu',
  4 => 'kefu',
) ]
[ sql ] [ DB ] CONNECT:[ UseTime:0.001300s ] mysql:host=127.0.0.1;port=3306;dbname=jiwankang;charset=utf8mb4
[ sql ] [ SQL ] SHOW COLUMNS FROM `wb_setting` [ RunTime:0.000760s ]
[ sql ] [ SQL ] SELECT * FROM `wb_setting` WHERE  `skey` = 'shop_name' LIMIT 1 [ RunTime:0.000392s ]
[ sql ] [ SQL ] SELECT * FROM `wb_setting` WHERE  `skey` = 'ent_id' LIMIT 1 [ RunTime:0.000301s ]
[ error ] [8]未定义数组索引: selected[E:\wwwroot\2026\04\jiwankang\runtime\temp\0ebc0da97c722c413af6448a150993b9.php:118]
[ error ] [8]未定义数组索引: selected[E:\wwwroot\2026\04\jiwankang\runtime\temp\0ebc0da97c722c413af6448a150993b9.php:118]
[ error ] [8]未定义数组索引: selected[E:\wwwroot\2026\04\jiwankang\runtime\temp\0ebc0da97c722c413af6448a150993b9.php:118]
[ error ] [8]未定义数组索引: selected[E:\wwwroot\2026\04\jiwankang\runtime\temp\0ebc0da97c722c413af6448a150993b9.php:118]
[ error ] [8]未定义数组索引: selected[E:\wwwroot\2026\04\jiwankang\runtime\temp\0ebc0da97c722c413af6448a150993b9.php:118]
[ error ] [8]未定义数组索引: selected[E:\wwwroot\2026\04\jiwankang\runtime\temp\0ebc0da97c722c413af6448a150993b9.php:118]
[ error ] [8]未定义数组索引: selected[E:\wwwroot\2026\04\jiwankang\runtime\temp\0ebc0da97c722c413af6448a150993b9.php:118]
[ error ] [8]未定义数组索引: selected[E:\wwwroot\2026\04\jiwankang\runtime\temp\0ebc0da97c722c413af6448a150993b9.php:118]
[ error ] [8]未定义数组索引: selected[E:\wwwroot\2026\04\jiwankang\runtime\temp\0ebc0da97c722c413af6448a150993b9.php:118]
[ error ] [8]未定义数组索引: selected[E:\wwwroot\2026\04\jiwankang\runtime\temp\0ebc0da97c722c413af6448a150993b9.php:118]
[ error ] [8]未定义数组索引: selected[E:\wwwroot\2026\04\jiwankang\runtime\temp\0ebc0da97c722c413af6448a150993b9.php:118]
[ error ] [8]未定义数组索引: selected[E:\wwwroot\2026\04\jiwankang\runtime\temp\0ebc0da97c722c413af6448a150993b9.php:118]
[ error ] [8]未定义数组索引: selected[E:\wwwroot\2026\04\jiwankang\runtime\temp\0ebc0da97c722c413af6448a150993b9.php:118]
[ error ] [8]未定义数组索引: selected[E:\wwwroot\2026\04\jiwankang\runtime\temp\0ebc0da97c722c413af6448a150993b9.php:118]
[ error ] [8]未定义数组索引: selected[E:\wwwroot\2026\04\jiwankang\runtime\temp\0ebc0da97c722c413af6448a150993b9.php:118]
[ error ] [8]未定义数组索引: selected[E:\wwwroot\2026\04\jiwankang\runtime\temp\0ebc0da97c722c413af6448a150993b9.php:118]
[ error ] [8]未定义数组索引: selected[E:\wwwroot\2026\04\jiwankang\runtime\temp\0ebc0da97c722c413af6448a150993b9.php:118]
[ error ] [8]未定义数组索引: selected[E:\wwwroot\2026\04\jiwankang\runtime\temp\0ebc0da97c722c413af6448a150993b9.php:118]
[ error ] [8]未定义数组索引: selected[E:\wwwroot\2026\04\jiwankang\runtime\temp\0ebc0da97c722c413af6448a150993b9.php:118]
[ error ] [8]未定义数组索引: selected[E:\wwwroot\2026\04\jiwankang\runtime\temp\0ebc0da97c722c413af6448a150993b9.php:118]
---------------------------------------------------------------
[2026-04-01T15:20:32+08:00] 127.0.0.1 GET www.jiwankang.com/manage/index/welcome.html
[运行时间：0.058558s] [吞吐率：17.08req/s] [内存消耗：5,779.40kb] [文件加载：118]
[ info ] [ LANG ] E:\wwwroot\2026\04\jiwankang\thinkphp\lang\zh-cn.php
[ info ] [ ROUTE ] array (
)
[ info ] [ HEADER ] array (
  'upgrade-insecure-requests' => '1',
  'referer' => 'http://www.jiwankang.com/manage',
  'cookie' => 'PHPSESSID=6ge3q9cob417ort2dkkl8j63da',
  'accept-language' => 'zh-CN,zh;q=0.9',
  'accept-encoding' => 'gzip, deflate',
  'accept' => 'text/html,application/xhtml+xml,application/xml;q=0.9,image/avif,image/webp,image/apng,*/*;q=0.8,application/signed-exchange;v=b3;q=0.7',
  'user-agent' => 'Mozilla/5.0 (Windows NT 10.0; Win64; x64) AppleWebKit/537.36 (KHTML, like Gecko) Chrome/146.0.0.0 Safari/537.36',
  'host' => 'www.jiwankang.com',
  'content-length' => '',
  'content-type' => '',
)
[ info ] [ PARAM ] array (
)
[ info ] [ DB ] INIT mysql
[ info ] [ VIEW ] E:\wwwroot\2026\04\jiwankang\application\manage\view\index\welcome.html [ array (
  0 => 'params',
  1 => 'jshopHost',
  2 => 'shop_name',
  3 => 'unpaid_count',
  4 => 'unship_count',
  5 => 'after_sales_count',
  6 => 'goods_statics',
  7 => 'zijinchi',
  8 => 'todayTyOrder',
  9 => 'allTyOrder',
  10 => 'daibutie',
  11 => 'yibutie',
) ]
[ sql ] [ DB ] CONNECT:[ UseTime:0.000728s ] mysql:host=127.0.0.1;port=3306;dbname=jiwankang;charset=utf8mb4
[ sql ] [ SQL ] SHOW COLUMNS FROM `wb_setting` [ RunTime:0.000460s ]
[ sql ] [ SQL ] SELECT * FROM `wb_setting` WHERE  `skey` = 'shop_name' LIMIT 1 [ RunTime:0.000151s ]
[ sql ] [ SQL ] SHOW COLUMNS FROM `wb_order` [ RunTime:0.000890s ]
[ sql ] [ SQL ] SELECT COUNT(*) AS tp_count FROM `wb_order` WHERE (  `status` = 1  AND `pay_status` = 1  AND `ship_status` = 1 ) AND `wb_order`.`isdel` IS NULL LIMIT 1 [ RunTime:0.000198s ]
[ sql ] [ SQL ] SELECT COUNT(*) AS tp_count FROM `wb_order` WHERE (  `status` = 1  AND `pay_status` = 2  AND `ship_status` IN (1,2) ) AND `wb_order`.`isdel` IS NULL LIMIT 1 [ RunTime:0.000106s ]
[ sql ] [ SQL ] SHOW COLUMNS FROM `wb_bill_aftersales` [ RunTime:0.000872s ]
[ sql ] [ SQL ] SELECT COUNT(*) AS tp_count FROM `wb_bill_aftersales` WHERE  `status` = 1 LIMIT 1 [ RunTime:0.000113s ]
[ sql ] [ SQL ] SELECT * FROM `wb_setting` WHERE  `skey` = 'shop_name' LIMIT 1 [ RunTime:0.000095s ]
[ sql ] [ SQL ] SHOW COLUMNS FROM `wb_goods` [ RunTime:0.000882s ]
[ sql ] [ SQL ] SELECT COUNT(`id`) AS tp_count FROM `wb_goods` LIMIT 1 [ RunTime:0.000139s ]
[ sql ] [ SQL ] SELECT COUNT(`id`) AS tp_count FROM `wb_goods` WHERE  `marketable` = 1 LIMIT 1 [ RunTime:0.000092s ]
[ sql ] [ SQL ] SELECT COUNT(`id`) AS tp_count FROM `wb_goods` WHERE  `marketable` = 2 LIMIT 1 [ RunTime:0.000071s ]
[ sql ] [ SQL ] SELECT * FROM `wb_setting` WHERE  `skey` = 'goods_stocks_warn' LIMIT 1 [ RunTime:0.000085s ]
[ sql ] [ SQL ] SHOW COLUMNS FROM `wb_products` [ RunTime:0.000833s ]
[ sql ] [ SQL ] SELECT COUNT(*) AS tp_count FROM ( SELECT count(id) AS think_count FROM `wb_products` WHERE  ( IF(stock < freeze_stock, 0, stock - freeze_stock)<10 ) GROUP BY `goods_id` ) `_group_count_` LIMIT 1 [ RunTime:0.000173s ]
[ sql ] [ SQL ] SHOW COLUMNS FROM `wb_money` [ RunTime:0.000234s ]
[ sql ] [ SQL ] SELECT `money` FROM `wb_money` WHERE  `type` = 1 LIMIT 1 [ RunTime:0.000106s ]
[ sql ] [ SQL ] SELECT SUM(`payed`) AS tp_sum FROM `wb_order` WHERE (  `status` < 3  AND `pay_status` = 2  AND `ctime` BETWEEN 1774972800 AND 1775059200 ) AND `wb_order`.`isdel` IS NULL LIMIT 1 [ RunTime:0.000123s ]
[ sql ] [ SQL ] SELECT SUM(`payed`) AS tp_sum FROM `wb_order` WHERE (  `status` < 3  AND `pay_status` = 2 ) AND `wb_order`.`isdel` IS NULL LIMIT 1 [ RunTime:0.000087s ]
[ sql ] [ SQL ] SHOW COLUMNS FROM `wb_user` [ RunTime:0.000309s ]
[ sql ] [ SQL ] SELECT SUM(`butie`) AS tp_sum FROM `wb_user` WHERE `wb_user`.`isdel` IS NULL LIMIT 1 [ RunTime:0.000090s ]
[ sql ] [ SQL ] SELECT SUM(`ybuite`) AS tp_sum FROM `wb_user` WHERE `wb_user`.`isdel` IS NULL LIMIT 1 [ RunTime:0.000068s ]
---------------------------------------------------------------
[2026-04-01T15:20:32+08:00] 127.0.0.1 GET www.jiwankang.com/manage/user/statistics.html
[运行时间：0.042476s] [吞吐率：23.54req/s] [内存消耗：5,023.93kb] [文件加载：111]
[ info ] [ LANG ] E:\wwwroot\2026\04\jiwankang\thinkphp\lang\zh-cn.php
[ info ] [ ROUTE ] array (
)
[ info ] [ HEADER ] array (
  'x-requested-with' => 'XMLHttpRequest',
  'referer' => 'http://www.jiwankang.com/manage/index/welcome.html',
  'cookie' => 'PHPSESSID=6ge3q9cob417ort2dkkl8j63da',
  'accept-language' => 'zh-CN,zh;q=0.9',
  'accept-encoding' => 'gzip, deflate',
  'accept' => '*/*',
  'user-agent' => 'Mozilla/5.0 (Windows NT 10.0; Win64; x64) AppleWebKit/537.36 (KHTML, like Gecko) Chrome/146.0.0.0 Safari/537.36',
  'host' => 'www.jiwankang.com',
  'content-length' => '',
  'content-type' => '',
)
[ info ] [ PARAM ] array (
)
[ info ] [ DB ] INIT mysql
[ sql ] [ DB ] CONNECT:[ UseTime:0.001850s ] mysql:host=127.0.0.1;port=3306;dbname=jiwankang;charset=utf8mb4
[ sql ] [ SQL ] SHOW COLUMNS FROM `wb_setting` [ RunTime:0.001125s ]
[ sql ] [ SQL ] SELECT * FROM `wb_setting` WHERE  `skey` = 'shop_name' LIMIT 1 [ RunTime:0.000360s ]
[ sql ] [ SQL ] SHOW COLUMNS FROM `wb_user` [ RunTime:0.000540s ]
[ sql ] [ SQL ] SELECT DATE_FORMAT(from_unixtime(ctime),"%Y-%m-%d") as day, count(*) as nums FROM `wb_user` WHERE (  `ctime` > 1774423232  AND ( TIMESTAMPDIFF(DAY,from_unixtime(ctime),now()) <7 ) ) AND `wb_user`.`isdel` IS NULL GROUP BY DATE_FORMAT(from_unixtime(ctime),"%Y-%m-%d") [ RunTime:0.000265s ]
[ sql ] [ SQL ] SHOW COLUMNS FROM `wb_order` [ RunTime:0.000631s ]
[ sql ] [ SQL ] SELECT COUNT(*) AS tp_count FROM ( SELECT count(*) AS think_count FROM `wb_order` WHERE (  `ctime` < 1775028032  AND `ctime` >= 1774972800 ) AND `wb_order`.`isdel` IS NULL GROUP BY `user_id` ) `_group_count_` LIMIT 1 [ RunTime:0.000256s ]
[ sql ] [ SQL ] SELECT COUNT(*) AS tp_count FROM ( SELECT count(*) AS think_count FROM `wb_order` WHERE (  `ctime` < 1774972799  AND `ctime` >= 1774886400 ) AND `wb_order`.`isdel` IS NULL GROUP BY `user_id` ) `_group_count_` LIMIT 1 [ RunTime:0.000135s ]
[ sql ] [ SQL ] SELECT COUNT(*) AS tp_count FROM ( SELECT count(*) AS think_count FROM `wb_order` WHERE (  `ctime` < 1774886399  AND `ctime` >= 1774800000 ) AND `wb_order`.`isdel` IS NULL GROUP BY `user_id` ) `_group_count_` LIMIT 1 [ RunTime:0.000103s ]
[ sql ] [ SQL ] SELECT COUNT(*) AS tp_count FROM ( SELECT count(*) AS think_count FROM `wb_order` WHERE (  `ctime` < 1774799999  AND `ctime` >= 1774713600 ) AND `wb_order`.`isdel` IS NULL GROUP BY `user_id` ) `_group_count_` LIMIT 1 [ RunTime:0.000100s ]
[ sql ] [ SQL ] SELECT COUNT(*) AS tp_count FROM ( SELECT count(*) AS think_count FROM `wb_order` WHERE (  `ctime` < 1774713599  AND `ctime` >= 1774627200 ) AND `wb_order`.`isdel` IS NULL GROUP BY `user_id` ) `_group_count_` LIMIT 1 [ RunTime:0.000094s ]
[ sql ] [ SQL ] SELECT COUNT(*) AS tp_count FROM ( SELECT count(*) AS think_count FROM `wb_order` WHERE (  `ctime` < 1774627199  AND `ctime` >= 1774540800 ) AND `wb_order`.`isdel` IS NULL GROUP BY `user_id` ) `_group_count_` LIMIT 1 [ RunTime:0.000196s ]
[ sql ] [ SQL ] SELECT COUNT(*) AS tp_count FROM ( SELECT count(*) AS think_count FROM `wb_order` WHERE (  `ctime` < 1774540799  AND `ctime` >= 1774454400 ) AND `wb_order`.`isdel` IS NULL GROUP BY `user_id` ) `_group_count_` LIMIT 1 [ RunTime:0.000280s ]
---------------------------------------------------------------
[2026-04-01T15:20:32+08:00] 127.0.0.1 GET www.jiwankang.com/manage/order/statistics.html
[运行时间：0.059146s] [吞吐率：16.91req/s] [内存消耗：4,694.27kb] [文件加载：110]
[ info ] [ LANG ] E:\wwwroot\2026\04\jiwankang\thinkphp\lang\zh-cn.php
[ info ] [ ROUTE ] array (
)
[ info ] [ HEADER ] array (
  'x-requested-with' => 'XMLHttpRequest',
  'referer' => 'http://www.jiwankang.com/manage/index/welcome.html',
  'cookie' => 'PHPSESSID=6ge3q9cob417ort2dkkl8j63da',
  'accept-language' => 'zh-CN,zh;q=0.9',
  'accept-encoding' => 'gzip, deflate',
  'accept' => '*/*',
  'user-agent' => 'Mozilla/5.0 (Windows NT 10.0; Win64; x64) AppleWebKit/537.36 (KHTML, like Gecko) Chrome/146.0.0.0 Safari/537.36',
  'host' => 'www.jiwankang.com',
  'content-length' => '',
  'content-type' => '',
)
[ info ] [ PARAM ] array (
)
[ info ] [ DB ] INIT mysql
[ sql ] [ DB ] CONNECT:[ UseTime:0.000876s ] mysql:host=127.0.0.1;port=3306;dbname=jiwankang;charset=utf8mb4
[ sql ] [ SQL ] SHOW COLUMNS FROM `wb_setting` [ RunTime:0.000480s ]
[ sql ] [ SQL ] SELECT * FROM `wb_setting` WHERE  `skey` = 'shop_name' LIMIT 1 [ RunTime:0.000176s ]
[ sql ] [ SQL ] SHOW COLUMNS FROM `wb_bill_payments` [ RunTime:0.001550s ]
[ sql ] [ SQL ] SELECT count(1) AS `nums`,DATE_FORMAT(FROM_UNIXTIME(ctime),"%Y-%m-%d") AS `day` FROM `wb_bill_payments` WHERE  `status` = 2  AND `type` = 1  AND ( FROM_UNIXTIME(ctime) >= 2026-03-25 ) GROUP BY DATE_FORMAT(FROM_UNIXTIME(ctime),"%Y-%m-%d") [ RunTime:0.000485s ]
[ sql ] [ SQL ] SHOW COLUMNS FROM `wb_bill_delivery` [ RunTime:0.001069s ]
[ sql ] [ SQL ] SELECT count(1) AS `nums`,DATE_FORMAT(FROM_UNIXTIME(ctime),"%Y-%m-%d") AS `day` FROM `wb_bill_delivery` WHERE  ( FROM_UNIXTIME(ctime) >= 2026-03-25 ) GROUP BY DATE_FORMAT(FROM_UNIXTIME(ctime),"%Y-%m-%d") [ RunTime:0.000202s ]
---------------------------------------------------------------
[2026-04-01T15:20:33+08:00] 127.0.0.1 GET www.jiwankang.com/manage/operation_log/getlastlog.html
[运行时间：0.083242s] [吞吐率：12.01req/s] [内存消耗：4,525.98kb] [文件加载：110]
[ info ] [ LANG ] E:\wwwroot\2026\04\jiwankang\thinkphp\lang\zh-cn.php
[ info ] [ ROUTE ] array (
)
[ info ] [ HEADER ] array (
  'x-requested-with' => 'XMLHttpRequest',
  'referer' => 'http://www.jiwankang.com/manage/index/welcome.html',
  'cookie' => 'PHPSESSID=6ge3q9cob417ort2dkkl8j63da',
  'accept-language' => 'zh-CN,zh;q=0.9',
  'accept-encoding' => 'gzip, deflate',
  'accept' => 'application/json, text/javascript, */*; q=0.01',
  'user-agent' => 'Mozilla/5.0 (Windows NT 10.0; Win64; x64) AppleWebKit/537.36 (KHTML, like Gecko) Chrome/146.0.0.0 Safari/537.36',
  'host' => 'www.jiwankang.com',
  'content-length' => '',
  'content-type' => '',
)
[ info ] [ PARAM ] array (
)
[ info ] [ DB ] INIT mysql
[ sql ] [ DB ] CONNECT:[ UseTime:0.000711s ] mysql:host=127.0.0.1;port=3306;dbname=jiwankang;charset=utf8mb4
[ sql ] [ SQL ] SHOW COLUMNS FROM `wb_setting` [ RunTime:0.000427s ]
[ sql ] [ SQL ] SELECT * FROM `wb_setting` WHERE  `skey` = 'shop_name' LIMIT 1 [ RunTime:0.000140s ]
[ sql ] [ SQL ] SHOW COLUMNS FROM `wb_operation_log` [ RunTime:0.000615s ]
[ sql ] [ SQL ] SELECT COUNT(*) AS tp_count FROM `wb_operation_log` LIMIT 1 [ RunTime:0.000234s ]
[ sql ] [ SQL ] SELECT * FROM `wb_operation_log` ORDER BY `id` DESC LIMIT 0,10 [ RunTime:0.000158s ]
[ sql ] [ SQL ] SHOW COLUMNS FROM `wb_manage` [ RunTime:0.001012s ]
[ sql ] [ SQL ] SELECT * FROM `wb_manage` WHERE  `id` = 13 LIMIT 1 [ RunTime:0.000225s ]
[ sql ] [ SQL ] SELECT * FROM `wb_manage` WHERE  `id` = 13 LIMIT 1 [ RunTime:0.000155s ]
[ sql ] [ SQL ] SELECT * FROM `wb_manage` WHERE  `id` = 13 LIMIT 1 [ RunTime:0.000272s ]
[ sql ] [ SQL ] SELECT * FROM `wb_manage` WHERE  `id` = 13 LIMIT 1 [ RunTime:0.000197s ]
[ sql ] [ SQL ] SELECT * FROM `wb_manage` WHERE  `id` = 13 LIMIT 1 [ RunTime:0.000142s ]
[ sql ] [ SQL ] SELECT * FROM `wb_manage` WHERE  `id` = 13 LIMIT 1 [ RunTime:0.000168s ]
[ sql ] [ SQL ] SELECT * FROM `wb_manage` WHERE  `id` = 13 LIMIT 1 [ RunTime:0.000204s ]
[ sql ] [ SQL ] SELECT * FROM `wb_manage` WHERE  `id` = 13 LIMIT 1 [ RunTime:0.000179s ]
[ sql ] [ SQL ] SELECT * FROM `wb_manage` WHERE  `id` = 13 LIMIT 1 [ RunTime:0.000181s ]
[ sql ] [ SQL ] SELECT * FROM `wb_manage` WHERE  `id` = 13 LIMIT 1 [ RunTime:0.000197s ]
---------------------------------------------------------------
[2026-04-01T15:20:33+08:00] 127.0.0.1 GET www.jiwankang.com/manage/administrator/userloglist/state/1.html
[运行时间：0.107245s] [吞吐率：9.32req/s] [内存消耗：4,570.61kb] [文件加载：110]
[ info ] [ LANG ] E:\wwwroot\2026\04\jiwankang\thinkphp\lang\zh-cn.php
[ info ] [ ROUTE ] array (
)
[ info ] [ HEADER ] array (
  'x-requested-with' => 'XMLHttpRequest',
  'referer' => 'http://www.jiwankang.com/manage/index/welcome.html',
  'cookie' => 'PHPSESSID=6ge3q9cob417ort2dkkl8j63da',
  'accept-language' => 'zh-CN,zh;q=0.9',
  'accept-encoding' => 'gzip, deflate',
  'accept' => '*/*',
  'user-agent' => 'Mozilla/5.0 (Windows NT 10.0; Win64; x64) AppleWebKit/537.36 (KHTML, like Gecko) Chrome/146.0.0.0 Safari/537.36',
  'host' => 'www.jiwankang.com',
  'content-length' => '',
  'content-type' => '',
)
[ info ] [ PARAM ] array (
  'state' => '1',
)
[ info ] [ DB ] INIT mysql
[ sql ] [ DB ] CONNECT:[ UseTime:0.001159s ] mysql:host=127.0.0.1;port=3306;dbname=jiwankang;charset=utf8mb4
[ sql ] [ SQL ] SHOW COLUMNS FROM `wb_setting` [ RunTime:0.000589s ]
[ sql ] [ SQL ] SELECT * FROM `wb_setting` WHERE  `skey` = 'shop_name' LIMIT 1 [ RunTime:0.000304s ]
[ sql ] [ SQL ] SHOW COLUMNS FROM `wb_user_log` [ RunTime:0.000820s ]
[ sql ] [ SQL ] SELECT COUNT(*) AS tp_count FROM `wb_user_log` WHERE  `state` = 1  AND `type` = 2 LIMIT 1 [ RunTime:0.000289s ]
[ sql ] [ SQL ] SELECT * FROM `wb_user_log` WHERE  `state` = 1  AND `type` = 2 ORDER BY `ctime` DESC LIMIT 0,10 [ RunTime:0.000389s ]
[ sql ] [ SQL ] SHOW COLUMNS FROM `wb_manage` [ RunTime:0.001304s ]
[ sql ] [ SQL ] SELECT `id`,`username`,`nickname`,`mobile` FROM `wb_manage` WHERE  `id` = 13 LIMIT 1 [ RunTime:0.000484s ]
[ sql ] [ SQL ] SELECT `id`,`username`,`nickname`,`mobile` FROM `wb_manage` WHERE  `id` = 13 LIMIT 1 [ RunTime:0.000351s ]
[ sql ] [ SQL ] SELECT `id`,`username`,`nickname`,`mobile` FROM `wb_manage` WHERE  `id` = 13 LIMIT 1 [ RunTime:0.000244s ]
[ sql ] [ SQL ] SELECT `id`,`username`,`nickname`,`mobile` FROM `wb_manage` WHERE  `id` = 13 LIMIT 1 [ RunTime:0.000166s ]
---------------------------------------------------------------
[2026-04-01T15:20:34+08:00] 127.0.0.1 GET www.jiwankang.com/manage/payments/index.html
[运行时间：0.056379s] [吞吐率：17.74req/s] [内存消耗：4,760.65kb] [文件加载：114]
[ info ] [ LANG ] E:\wwwroot\2026\04\jiwankang\thinkphp\lang\zh-cn.php
[ info ] [ ROUTE ] array (
)
[ info ] [ HEADER ] array (
  'upgrade-insecure-requests' => '1',
  'referer' => 'http://www.jiwankang.com/manage',
  'cookie' => 'PHPSESSID=6ge3q9cob417ort2dkkl8j63da',
  'accept-language' => 'zh-CN,zh;q=0.9',
  'accept-encoding' => 'gzip, deflate',
  'accept' => 'text/html,application/xhtml+xml,application/xml;q=0.9,image/avif,image/webp,image/apng,*/*;q=0.8,application/signed-exchange;v=b3;q=0.7',
  'user-agent' => 'Mozilla/5.0 (Windows NT 10.0; Win64; x64) AppleWebKit/537.36 (KHTML, like Gecko) Chrome/146.0.0.0 Safari/537.36',
  'host' => 'www.jiwankang.com',
  'content-length' => '',
  'content-type' => '',
)
[ info ] [ PARAM ] array (
)
[ info ] [ DB ] INIT mysql
[ info ] [ VIEW ] E:\wwwroot\2026\04\jiwankang\application\manage\view\payments\index.html [ array (
  0 => 'params',
  1 => 'jshopHost',
  2 => 'shop_name',
) ]
[ sql ] [ DB ] CONNECT:[ UseTime:0.023275s ] mysql:host=127.0.0.1;port=3306;dbname=jiwankang;charset=utf8mb4
[ sql ] [ SQL ] SHOW COLUMNS FROM `wb_setting` [ RunTime:0.001559s ]
[ sql ] [ SQL ] SELECT * FROM `wb_setting` WHERE  `skey` = 'shop_name' LIMIT 1 [ RunTime:0.001034s ]
[ error ] [8]未定义变量: paymentList[E:\wwwroot\2026\04\jiwankang\runtime\temp\4264ef6c1580388a735370bc6ba4163e.php:40]
[ error ] [8]未定义变量: paymentList[E:\wwwroot\2026\04\jiwankang\runtime\temp\4264ef6c1580388a735370bc6ba4163e.php:40]
[ error ] [8]未定义变量: paymentList[E:\wwwroot\2026\04\jiwankang\runtime\temp\4264ef6c1580388a735370bc6ba4163e.php:40]
---------------------------------------------------------------
[2026-04-01T15:20:34+08:00] 127.0.0.1 GET www.jiwankang.com/manage/payments/index.html?page=1&limit=10
[运行时间：0.029094s] [吞吐率：34.37req/s] [内存消耗：4,507.60kb] [文件加载：110]
[ info ] [ LANG ] E:\wwwroot\2026\04\jiwankang\thinkphp\lang\zh-cn.php
[ info ] [ ROUTE ] array (
)
[ info ] [ HEADER ] array (
  'x-requested-with' => 'XMLHttpRequest',
  'referer' => 'http://www.jiwankang.com/manage/payments/index.html',
  'cookie' => 'PHPSESSID=6ge3q9cob417ort2dkkl8j63da',
  'accept-language' => 'zh-CN,zh;q=0.9',
  'accept-encoding' => 'gzip, deflate',
  'accept' => 'application/json, text/javascript, */*; q=0.01',
  'user-agent' => 'Mozilla/5.0 (Windows NT 10.0; Win64; x64) AppleWebKit/537.36 (KHTML, like Gecko) Chrome/146.0.0.0 Safari/537.36',
  'host' => 'www.jiwankang.com',
  'content-length' => '',
  'content-type' => '',
)
[ info ] [ PARAM ] array (
  'page' => '1',
  'limit' => '10',
)
[ info ] [ DB ] INIT mysql
[ sql ] [ DB ] CONNECT:[ UseTime:0.000719s ] mysql:host=127.0.0.1;port=3306;dbname=jiwankang;charset=utf8mb4
[ sql ] [ SQL ] SHOW COLUMNS FROM `wb_setting` [ RunTime:0.000509s ]
[ sql ] [ SQL ] SELECT * FROM `wb_setting` WHERE  `skey` = 'shop_name' LIMIT 1 [ RunTime:0.000258s ]
[ sql ] [ SQL ] SHOW COLUMNS FROM `wb_payments` [ RunTime:0.001879s ]
[ sql ] [ SQL ] SELECT COUNT(*) AS tp_count FROM `wb_payments` LIMIT 1 [ RunTime:0.000148s ]
[ sql ] [ SQL ] SELECT * FROM `wb_payments` ORDER BY `sort` ASC,`id` DESC LIMIT 0,10 [ RunTime:0.000125s ]
---------------------------------------------------------------
[2026-04-01T15:20:34+08:00] 127.0.0.1 GET www.jiwankang.com/manage
[运行时间：0.032402s] [吞吐率：30.86req/s] [内存消耗：4,604.76kb] [文件加载：110]
[ info ] [ LANG ] E:\wwwroot\2026\04\jiwankang\thinkphp\lang\zh-cn.php
[ info ] [ ROUTE ] array (
)
[ info ] [ HEADER ] array (
  'upgrade-insecure-requests' => '1',
  'referer' => 'http://www.jiwankang.com/manage/common/login.html',
  'cookie' => 'PHPSESSID=6ge3q9cob417ort2dkkl8j63da',
  'cache-control' => 'max-age=0',
  'accept-language' => 'zh-CN,zh;q=0.9',
  'accept-encoding' => 'gzip, deflate',
  'accept' => 'text/html,application/xhtml+xml,application/xml;q=0.9,image/avif,image/webp,image/apng,*/*;q=0.8,application/signed-exchange;v=b3;q=0.7',
  'user-agent' => 'Mozilla/5.0 (Windows NT 10.0; Win64; x64) AppleWebKit/537.36 (KHTML, like Gecko) Chrome/146.0.0.0 Safari/537.36',
  'host' => 'www.jiwankang.com',
  'content-length' => '',
  'content-type' => '',
)
[ info ] [ PARAM ] array (
)
[ info ] [ DB ] INIT mysql
[ info ] [ VIEW ] E:\wwwroot\2026\04\jiwankang\application\manage\view\index\index.html [ array (
  0 => 'params',
  1 => 'jshopHost',
  2 => 'shop_name',
  3 => 'menu',
  4 => 'kefu',
) ]
[ sql ] [ DB ] CONNECT:[ UseTime:0.000682s ] mysql:host=127.0.0.1;port=3306;dbname=jiwankang;charset=utf8mb4
[ sql ] [ SQL ] SHOW COLUMNS FROM `wb_setting` [ RunTime:0.000425s ]
[ sql ] [ SQL ] SELECT * FROM `wb_setting` WHERE  `skey` = 'shop_name' LIMIT 1 [ RunTime:0.000146s ]
[ sql ] [ SQL ] SELECT * FROM `wb_setting` WHERE  `skey` = 'ent_id' LIMIT 1 [ RunTime:0.000108s ]
[ error ] [8]未定义数组索引: selected[E:\wwwroot\2026\04\jiwankang\runtime\temp\0ebc0da97c722c413af6448a150993b9.php:118]
[ error ] [8]未定义数组索引: selected[E:\wwwroot\2026\04\jiwankang\runtime\temp\0ebc0da97c722c413af6448a150993b9.php:118]
[ error ] [8]未定义数组索引: selected[E:\wwwroot\2026\04\jiwankang\runtime\temp\0ebc0da97c722c413af6448a150993b9.php:118]
[ error ] [8]未定义数组索引: selected[E:\wwwroot\2026\04\jiwankang\runtime\temp\0ebc0da97c722c413af6448a150993b9.php:118]
[ error ] [8]未定义数组索引: selected[E:\wwwroot\2026\04\jiwankang\runtime\temp\0ebc0da97c722c413af6448a150993b9.php:118]
[ error ] [8]未定义数组索引: selected[E:\wwwroot\2026\04\jiwankang\runtime\temp\0ebc0da97c722c413af6448a150993b9.php:118]
[ error ] [8]未定义数组索引: selected[E:\wwwroot\2026\04\jiwankang\runtime\temp\0ebc0da97c722c413af6448a150993b9.php:118]
[ error ] [8]未定义数组索引: selected[E:\wwwroot\2026\04\jiwankang\runtime\temp\0ebc0da97c722c413af6448a150993b9.php:118]
[ error ] [8]未定义数组索引: selected[E:\wwwroot\2026\04\jiwankang\runtime\temp\0ebc0da97c722c413af6448a150993b9.php:118]
[ error ] [8]未定义数组索引: selected[E:\wwwroot\2026\04\jiwankang\runtime\temp\0ebc0da97c722c413af6448a150993b9.php:118]
[ error ] [8]未定义数组索引: selected[E:\wwwroot\2026\04\jiwankang\runtime\temp\0ebc0da97c722c413af6448a150993b9.php:118]
[ error ] [8]未定义数组索引: selected[E:\wwwroot\2026\04\jiwankang\runtime\temp\0ebc0da97c722c413af6448a150993b9.php:118]
[ error ] [8]未定义数组索引: selected[E:\wwwroot\2026\04\jiwankang\runtime\temp\0ebc0da97c722c413af6448a150993b9.php:118]
[ error ] [8]未定义数组索引: selected[E:\wwwroot\2026\04\jiwankang\runtime\temp\0ebc0da97c722c413af6448a150993b9.php:118]
[ error ] [8]未定义数组索引: selected[E:\wwwroot\2026\04\jiwankang\runtime\temp\0ebc0da97c722c413af6448a150993b9.php:118]
[ error ] [8]未定义数组索引: selected[E:\wwwroot\2026\04\jiwankang\runtime\temp\0ebc0da97c722c413af6448a150993b9.php:118]
[ error ] [8]未定义数组索引: selected[E:\wwwroot\2026\04\jiwankang\runtime\temp\0ebc0da97c722c413af6448a150993b9.php:118]
[ error ] [8]未定义数组索引: selected[E:\wwwroot\2026\04\jiwankang\runtime\temp\0ebc0da97c722c413af6448a150993b9.php:118]
[ error ] [8]未定义数组索引: selected[E:\wwwroot\2026\04\jiwankang\runtime\temp\0ebc0da97c722c413af6448a150993b9.php:118]
[ error ] [8]未定义数组索引: selected[E:\wwwroot\2026\04\jiwankang\runtime\temp\0ebc0da97c722c413af6448a150993b9.php:118]
---------------------------------------------------------------
[2026-04-01T15:20:34+08:00] 127.0.0.1 GET www.jiwankang.com/manage/index/welcome.html
[运行时间：0.041863s] [吞吐率：23.89req/s] [内存消耗：5,491.15kb] [文件加载：115]
[ info ] [ LANG ] E:\wwwroot\2026\04\jiwankang\thinkphp\lang\zh-cn.php
[ info ] [ ROUTE ] array (
)
[ info ] [ HEADER ] array (
  'upgrade-insecure-requests' => '1',
  'referer' => 'http://www.jiwankang.com/manage',
  'cookie' => 'PHPSESSID=6ge3q9cob417ort2dkkl8j63da',
  'accept-language' => 'zh-CN,zh;q=0.9',
  'accept-encoding' => 'gzip, deflate',
  'accept' => 'text/html,application/xhtml+xml,application/xml;q=0.9,image/avif,image/webp,image/apng,*/*;q=0.8,application/signed-exchange;v=b3;q=0.7',
  'user-agent' => 'Mozilla/5.0 (Windows NT 10.0; Win64; x64) AppleWebKit/537.36 (KHTML, like Gecko) Chrome/146.0.0.0 Safari/537.36',
  'host' => 'www.jiwankang.com',
  'content-length' => '',
  'content-type' => '',
)
[ info ] [ PARAM ] array (
)
[ info ] [ DB ] INIT mysql
[ info ] [ VIEW ] E:\wwwroot\2026\04\jiwankang\application\manage\view\index\welcome.html [ array (
  0 => 'params',
  1 => 'jshopHost',
  2 => 'shop_name',
  3 => 'unpaid_count',
  4 => 'unship_count',
  5 => 'after_sales_count',
  6 => 'goods_statics',
  7 => 'zijinchi',
  8 => 'todayTyOrder',
  9 => 'allTyOrder',
  10 => 'daibutie',
  11 => 'yibutie',
) ]
[ sql ] [ DB ] CONNECT:[ UseTime:0.000646s ] mysql:host=127.0.0.1;port=3306;dbname=jiwankang;charset=utf8mb4
[ sql ] [ SQL ] SHOW COLUMNS FROM `wb_setting` [ RunTime:0.000408s ]
[ sql ] [ SQL ] SELECT * FROM `wb_setting` WHERE  `skey` = 'shop_name' LIMIT 1 [ RunTime:0.000142s ]
[ sql ] [ SQL ] SHOW COLUMNS FROM `wb_order` [ RunTime:0.000874s ]
[ sql ] [ SQL ] SELECT COUNT(*) AS tp_count FROM `wb_order` WHERE (  `status` = 1  AND `pay_status` = 1  AND `ship_status` = 1 ) AND `wb_order`.`isdel` IS NULL LIMIT 1 [ RunTime:0.000413s ]
[ sql ] [ SQL ] SELECT COUNT(*) AS tp_count FROM `wb_order` WHERE (  `status` = 1  AND `pay_status` = 2  AND `ship_status` IN (1,2) ) AND `wb_order`.`isdel` IS NULL LIMIT 1 [ RunTime:0.000327s ]
[ sql ] [ SQL ] SHOW COLUMNS FROM `wb_bill_aftersales` [ RunTime:0.000387s ]
[ sql ] [ SQL ] SELECT COUNT(*) AS tp_count FROM `wb_bill_aftersales` WHERE  `status` = 1 LIMIT 1 [ RunTime:0.000123s ]
[ sql ] [ SQL ] SELECT * FROM `wb_setting` WHERE  `skey` = 'shop_name' LIMIT 1 [ RunTime:0.000103s ]
[ sql ] [ SQL ] SHOW COLUMNS FROM `wb_goods` [ RunTime:0.000359s ]
[ sql ] [ SQL ] SELECT COUNT(`id`) AS tp_count FROM `wb_goods` LIMIT 1 [ RunTime:0.000097s ]
[ sql ] [ SQL ] SELECT COUNT(`id`) AS tp_count FROM `wb_goods` WHERE  `marketable` = 1 LIMIT 1 [ RunTime:0.000097s ]
[ sql ] [ SQL ] SELECT COUNT(`id`) AS tp_count FROM `wb_goods` WHERE  `marketable` = 2 LIMIT 1 [ RunTime:0.000086s ]
[ sql ] [ SQL ] SELECT * FROM `wb_setting` WHERE  `skey` = 'goods_stocks_warn' LIMIT 1 [ RunTime:0.000089s ]
[ sql ] [ SQL ] SHOW COLUMNS FROM `wb_products` [ RunTime:0.000270s ]
[ sql ] [ SQL ] SELECT COUNT(*) AS tp_count FROM ( SELECT count(id) AS think_count FROM `wb_products` WHERE  ( IF(stock < freeze_stock, 0, stock - freeze_stock)<10 ) GROUP BY `goods_id` ) `_group_count_` LIMIT 1 [ RunTime:0.000158s ]
[ sql ] [ SQL ] SHOW COLUMNS FROM `wb_money` [ RunTime:0.000233s ]
[ sql ] [ SQL ] SELECT `money` FROM `wb_money` WHERE  `type` = 1 LIMIT 1 [ RunTime:0.000106s ]
[ sql ] [ SQL ] SELECT SUM(`payed`) AS tp_sum FROM `wb_order` WHERE (  `status` < 3  AND `pay_status` = 2  AND `ctime` BETWEEN 1774972800 AND 1775059200 ) AND `wb_order`.`isdel` IS NULL LIMIT 1 [ RunTime:0.000118s ]
[ sql ] [ SQL ] SELECT SUM(`payed`) AS tp_sum FROM `wb_order` WHERE (  `status` < 3  AND `pay_status` = 2 ) AND `wb_order`.`isdel` IS NULL LIMIT 1 [ RunTime:0.000192s ]
[ sql ] [ SQL ] SHOW COLUMNS FROM `wb_user` [ RunTime:0.000371s ]
[ sql ] [ SQL ] SELECT SUM(`butie`) AS tp_sum FROM `wb_user` WHERE `wb_user`.`isdel` IS NULL LIMIT 1 [ RunTime:0.000105s ]
[ sql ] [ SQL ] SELECT SUM(`ybuite`) AS tp_sum FROM `wb_user` WHERE `wb_user`.`isdel` IS NULL LIMIT 1 [ RunTime:0.000075s ]
---------------------------------------------------------------
[2026-04-01T15:20:34+08:00] 127.0.0.1 GET www.jiwankang.com/manage/administrator/userloglist/state/1.html
[运行时间：0.037175s] [吞吐率：26.90req/s] [内存消耗：4,570.61kb] [文件加载：110]
[ info ] [ LANG ] E:\wwwroot\2026\04\jiwankang\thinkphp\lang\zh-cn.php
[ info ] [ ROUTE ] array (
)
[ info ] [ HEADER ] array (
  'x-requested-with' => 'XMLHttpRequest',
  'referer' => 'http://www.jiwankang.com/manage/index/welcome.html',
  'cookie' => 'PHPSESSID=6ge3q9cob417ort2dkkl8j63da',
  'accept-language' => 'zh-CN,zh;q=0.9',
  'accept-encoding' => 'gzip, deflate',
  'accept' => '*/*',
  'user-agent' => 'Mozilla/5.0 (Windows NT 10.0; Win64; x64) AppleWebKit/537.36 (KHTML, like Gecko) Chrome/146.0.0.0 Safari/537.36',
  'host' => 'www.jiwankang.com',
  'content-length' => '',
  'content-type' => '',
)
[ info ] [ PARAM ] array (
  'state' => '1',
)
[ info ] [ DB ] INIT mysql
[ sql ] [ DB ] CONNECT:[ UseTime:0.001070s ] mysql:host=127.0.0.1;port=3306;dbname=jiwankang;charset=utf8mb4
[ sql ] [ SQL ] SHOW COLUMNS FROM `wb_setting` [ RunTime:0.000540s ]
[ sql ] [ SQL ] SELECT * FROM `wb_setting` WHERE  `skey` = 'shop_name' LIMIT 1 [ RunTime:0.000212s ]
[ sql ] [ SQL ] SHOW COLUMNS FROM `wb_user_log` [ RunTime:0.000324s ]
[ sql ] [ SQL ] SELECT COUNT(*) AS tp_count FROM `wb_user_log` WHERE  `state` = 1  AND `type` = 2 LIMIT 1 [ RunTime:0.000141s ]
[ sql ] [ SQL ] SELECT * FROM `wb_user_log` WHERE  `state` = 1  AND `type` = 2 ORDER BY `ctime` DESC LIMIT 0,10 [ RunTime:0.000121s ]
[ sql ] [ SQL ] SHOW COLUMNS FROM `wb_manage` [ RunTime:0.000484s ]
[ sql ] [ SQL ] SELECT `id`,`username`,`nickname`,`mobile` FROM `wb_manage` WHERE  `id` = 13 LIMIT 1 [ RunTime:0.000157s ]
[ sql ] [ SQL ] SELECT `id`,`username`,`nickname`,`mobile` FROM `wb_manage` WHERE  `id` = 13 LIMIT 1 [ RunTime:0.000092s ]
[ sql ] [ SQL ] SELECT `id`,`username`,`nickname`,`mobile` FROM `wb_manage` WHERE  `id` = 13 LIMIT 1 [ RunTime:0.000205s ]
[ sql ] [ SQL ] SELECT `id`,`username`,`nickname`,`mobile` FROM `wb_manage` WHERE  `id` = 13 LIMIT 1 [ RunTime:0.000112s ]
---------------------------------------------------------------
[2026-04-01T15:20:34+08:00] 127.0.0.1 GET www.jiwankang.com/manage/operation_log/getlastlog.html
[运行时间：0.055282s] [吞吐率：18.09req/s] [内存消耗：4,525.98kb] [文件加载：110]
[ info ] [ LANG ] E:\wwwroot\2026\04\jiwankang\thinkphp\lang\zh-cn.php
[ info ] [ ROUTE ] array (
)
[ info ] [ HEADER ] array (
  'x-requested-with' => 'XMLHttpRequest',
  'referer' => 'http://www.jiwankang.com/manage/index/welcome.html',
  'cookie' => 'PHPSESSID=6ge3q9cob417ort2dkkl8j63da',
  'accept-language' => 'zh-CN,zh;q=0.9',
  'accept-encoding' => 'gzip, deflate',
  'accept' => 'application/json, text/javascript, */*; q=0.01',
  'user-agent' => 'Mozilla/5.0 (Windows NT 10.0; Win64; x64) AppleWebKit/537.36 (KHTML, like Gecko) Chrome/146.0.0.0 Safari/537.36',
  'host' => 'www.jiwankang.com',
  'content-length' => '',
  'content-type' => '',
)
[ info ] [ PARAM ] array (
)
[ info ] [ DB ] INIT mysql
[ sql ] [ DB ] CONNECT:[ UseTime:0.001100s ] mysql:host=127.0.0.1;port=3306;dbname=jiwankang;charset=utf8mb4
[ sql ] [ SQL ] SHOW COLUMNS FROM `wb_setting` [ RunTime:0.000859s ]
[ sql ] [ SQL ] SELECT * FROM `wb_setting` WHERE  `skey` = 'shop_name' LIMIT 1 [ RunTime:0.000346s ]
[ sql ] [ SQL ] SHOW COLUMNS FROM `wb_operation_log` [ RunTime:0.000620s ]
[ sql ] [ SQL ] SELECT COUNT(*) AS tp_count FROM `wb_operation_log` LIMIT 1 [ RunTime:0.000156s ]
[ sql ] [ SQL ] SELECT * FROM `wb_operation_log` ORDER BY `id` DESC LIMIT 0,10 [ RunTime:0.000118s ]
[ sql ] [ SQL ] SHOW COLUMNS FROM `wb_manage` [ RunTime:0.000277s ]
[ sql ] [ SQL ] SELECT * FROM `wb_manage` WHERE  `id` = 13 LIMIT 1 [ RunTime:0.000125s ]
[ sql ] [ SQL ] SELECT * FROM `wb_manage` WHERE  `id` = 13 LIMIT 1 [ RunTime:0.000083s ]
[ sql ] [ SQL ] SELECT * FROM `wb_manage` WHERE  `id` = 13 LIMIT 1 [ RunTime:0.000152s ]
[ sql ] [ SQL ] SELECT * FROM `wb_manage` WHERE  `id` = 13 LIMIT 1 [ RunTime:0.000135s ]
[ sql ] [ SQL ] SELECT * FROM `wb_manage` WHERE  `id` = 13 LIMIT 1 [ RunTime:0.000112s ]
[ sql ] [ SQL ] SELECT * FROM `wb_manage` WHERE  `id` = 13 LIMIT 1 [ RunTime:0.000082s ]
[ sql ] [ SQL ] SELECT * FROM `wb_manage` WHERE  `id` = 13 LIMIT 1 [ RunTime:0.000080s ]
[ sql ] [ SQL ] SELECT * FROM `wb_manage` WHERE  `id` = 13 LIMIT 1 [ RunTime:0.000074s ]
[ sql ] [ SQL ] SELECT * FROM `wb_manage` WHERE  `id` = 13 LIMIT 1 [ RunTime:0.000073s ]
[ sql ] [ SQL ] SELECT * FROM `wb_manage` WHERE  `id` = 13 LIMIT 1 [ RunTime:0.000070s ]
---------------------------------------------------------------
[2026-04-01T15:20:34+08:00] 127.0.0.1 GET www.jiwankang.com/manage/user/statistics.html
[运行时间：0.072733s] [吞吐率：13.75req/s] [内存消耗：5,023.93kb] [文件加载：111]
[ info ] [ LANG ] E:\wwwroot\2026\04\jiwankang\thinkphp\lang\zh-cn.php
[ info ] [ ROUTE ] array (
)
[ info ] [ HEADER ] array (
  'x-requested-with' => 'XMLHttpRequest',
  'referer' => 'http://www.jiwankang.com/manage/index/welcome.html',
  'cookie' => 'PHPSESSID=6ge3q9cob417ort2dkkl8j63da',
  'accept-language' => 'zh-CN,zh;q=0.9',
  'accept-encoding' => 'gzip, deflate',
  'accept' => '*/*',
  'user-agent' => 'Mozilla/5.0 (Windows NT 10.0; Win64; x64) AppleWebKit/537.36 (KHTML, like Gecko) Chrome/146.0.0.0 Safari/537.36',
  'host' => 'www.jiwankang.com',
  'content-length' => '',
  'content-type' => '',
)
[ info ] [ PARAM ] array (
)
[ info ] [ DB ] INIT mysql
[ sql ] [ DB ] CONNECT:[ UseTime:0.000823s ] mysql:host=127.0.0.1;port=3306;dbname=jiwankang;charset=utf8mb4
[ sql ] [ SQL ] SHOW COLUMNS FROM `wb_setting` [ RunTime:0.000579s ]
[ sql ] [ SQL ] SELECT * FROM `wb_setting` WHERE  `skey` = 'shop_name' LIMIT 1 [ RunTime:0.000160s ]
[ sql ] [ SQL ] SHOW COLUMNS FROM `wb_user` [ RunTime:0.000757s ]
[ sql ] [ SQL ] SELECT DATE_FORMAT(from_unixtime(ctime),"%Y-%m-%d") as day, count(*) as nums FROM `wb_user` WHERE (  `ctime` > 1774423234  AND ( TIMESTAMPDIFF(DAY,from_unixtime(ctime),now()) <7 ) ) AND `wb_user`.`isdel` IS NULL GROUP BY DATE_FORMAT(from_unixtime(ctime),"%Y-%m-%d") [ RunTime:0.000531s ]
[ sql ] [ SQL ] SHOW COLUMNS FROM `wb_order` [ RunTime:0.000757s ]
[ sql ] [ SQL ] SELECT COUNT(*) AS tp_count FROM ( SELECT count(*) AS think_count FROM `wb_order` WHERE (  `ctime` < 1775028034  AND `ctime` >= 1774972800 ) AND `wb_order`.`isdel` IS NULL GROUP BY `user_id` ) `_group_count_` LIMIT 1 [ RunTime:0.000536s ]
[ sql ] [ SQL ] SELECT COUNT(*) AS tp_count FROM ( SELECT count(*) AS think_count FROM `wb_order` WHERE (  `ctime` < 1774972799  AND `ctime` >= 1774886400 ) AND `wb_order`.`isdel` IS NULL GROUP BY `user_id` ) `_group_count_` LIMIT 1 [ RunTime:0.000444s ]
[ sql ] [ SQL ] SELECT COUNT(*) AS tp_count FROM ( SELECT count(*) AS think_count FROM `wb_order` WHERE (  `ctime` < 1774886399  AND `ctime` >= 1774800000 ) AND `wb_order`.`isdel` IS NULL GROUP BY `user_id` ) `_group_count_` LIMIT 1 [ RunTime:0.000306s ]
[ sql ] [ SQL ] SELECT COUNT(*) AS tp_count FROM ( SELECT count(*) AS think_count FROM `wb_order` WHERE (  `ctime` < 1774799999  AND `ctime` >= 1774713600 ) AND `wb_order`.`isdel` IS NULL GROUP BY `user_id` ) `_group_count_` LIMIT 1 [ RunTime:0.000271s ]
[ sql ] [ SQL ] SELECT COUNT(*) AS tp_count FROM ( SELECT count(*) AS think_count FROM `wb_order` WHERE (  `ctime` < 1774713599  AND `ctime` >= 1774627200 ) AND `wb_order`.`isdel` IS NULL GROUP BY `user_id` ) `_group_count_` LIMIT 1 [ RunTime:0.000231s ]
[ sql ] [ SQL ] SELECT COUNT(*) AS tp_count FROM ( SELECT count(*) AS think_count FROM `wb_order` WHERE (  `ctime` < 1774627199  AND `ctime` >= 1774540800 ) AND `wb_order`.`isdel` IS NULL GROUP BY `user_id` ) `_group_count_` LIMIT 1 [ RunTime:0.000206s ]
[ sql ] [ SQL ] SELECT COUNT(*) AS tp_count FROM ( SELECT count(*) AS think_count FROM `wb_order` WHERE (  `ctime` < 1774540799  AND `ctime` >= 1774454400 ) AND `wb_order`.`isdel` IS NULL GROUP BY `user_id` ) `_group_count_` LIMIT 1 [ RunTime:0.000193s ]
---------------------------------------------------------------
[2026-04-01T15:20:34+08:00] 127.0.0.1 GET www.jiwankang.com/manage/order/statistics.html
[运行时间：0.087175s] [吞吐率：11.47req/s] [内存消耗：4,694.27kb] [文件加载：110]
[ info ] [ LANG ] E:\wwwroot\2026\04\jiwankang\thinkphp\lang\zh-cn.php
[ info ] [ ROUTE ] array (
)
[ info ] [ HEADER ] array (
  'x-requested-with' => 'XMLHttpRequest',
  'referer' => 'http://www.jiwankang.com/manage/index/welcome.html',
  'cookie' => 'PHPSESSID=6ge3q9cob417ort2dkkl8j63da',
  'accept-language' => 'zh-CN,zh;q=0.9',
  'accept-encoding' => 'gzip, deflate',
  'accept' => '*/*',
  'user-agent' => 'Mozilla/5.0 (Windows NT 10.0; Win64; x64) AppleWebKit/537.36 (KHTML, like Gecko) Chrome/146.0.0.0 Safari/537.36',
  'host' => 'www.jiwankang.com',
  'content-length' => '',
  'content-type' => '',
)
[ info ] [ PARAM ] array (
)
[ info ] [ DB ] INIT mysql
[ sql ] [ DB ] CONNECT:[ UseTime:0.000712s ] mysql:host=127.0.0.1;port=3306;dbname=jiwankang;charset=utf8mb4
[ sql ] [ SQL ] SHOW COLUMNS FROM `wb_setting` [ RunTime:0.000504s ]
[ sql ] [ SQL ] SELECT * FROM `wb_setting` WHERE  `skey` = 'shop_name' LIMIT 1 [ RunTime:0.000256s ]
[ sql ] [ SQL ] SHOW COLUMNS FROM `wb_bill_payments` [ RunTime:0.000366s ]
[ sql ] [ SQL ] SELECT count(1) AS `nums`,DATE_FORMAT(FROM_UNIXTIME(ctime),"%Y-%m-%d") AS `day` FROM `wb_bill_payments` WHERE  `status` = 2  AND `type` = 1  AND ( FROM_UNIXTIME(ctime) >= 2026-03-25 ) GROUP BY DATE_FORMAT(FROM_UNIXTIME(ctime),"%Y-%m-%d") [ RunTime:0.000396s ]
[ sql ] [ SQL ] SHOW COLUMNS FROM `wb_bill_delivery` [ RunTime:0.000509s ]
[ sql ] [ SQL ] SELECT count(1) AS `nums`,DATE_FORMAT(FROM_UNIXTIME(ctime),"%Y-%m-%d") AS `day` FROM `wb_bill_delivery` WHERE  ( FROM_UNIXTIME(ctime) >= 2026-03-25 ) GROUP BY DATE_FORMAT(FROM_UNIXTIME(ctime),"%Y-%m-%d") [ RunTime:0.000393s ]
---------------------------------------------------------------
[2026-04-01T15:20:36+08:00] 127.0.0.1 GET www.jiwankang.com/manage/money/index.html
[运行时间：0.025520s] [吞吐率：39.18req/s] [内存消耗：4,378.55kb] [文件加载：108]
[ info ] [ LANG ] E:\wwwroot\2026\04\jiwankang\thinkphp\lang\zh-cn.php
[ info ] [ ROUTE ] array (
)
[ info ] [ HEADER ] array (
  'upgrade-insecure-requests' => '1',
  'referer' => 'http://www.jiwankang.com/manage',
  'cookie' => 'PHPSESSID=6ge3q9cob417ort2dkkl8j63da',
  'accept-language' => 'zh-CN,zh;q=0.9',
  'accept-encoding' => 'gzip, deflate',
  'accept' => 'text/html,application/xhtml+xml,application/xml;q=0.9,image/avif,image/webp,image/apng,*/*;q=0.8,application/signed-exchange;v=b3;q=0.7',
  'user-agent' => 'Mozilla/5.0 (Windows NT 10.0; Win64; x64) AppleWebKit/537.36 (KHTML, like Gecko) Chrome/146.0.0.0 Safari/537.36',
  'host' => 'www.jiwankang.com',
  'content-length' => '',
  'content-type' => '',
)
[ info ] [ PARAM ] array (
)
[ info ] [ DB ] INIT mysql
[ info ] [ VIEW ] E:\wwwroot\2026\04\jiwankang\application\manage\view\money\index.html [ array (
  0 => 'params',
  1 => 'jshopHost',
  2 => 'shop_name',
) ]
[ sql ] [ DB ] CONNECT:[ UseTime:0.000714s ] mysql:host=127.0.0.1;port=3306;dbname=jiwankang;charset=utf8mb4
[ sql ] [ SQL ] SHOW COLUMNS FROM `wb_setting` [ RunTime:0.000509s ]
[ sql ] [ SQL ] SELECT * FROM `wb_setting` WHERE  `skey` = 'shop_name' LIMIT 1 [ RunTime:0.000263s ]
---------------------------------------------------------------
[2026-04-01T15:20:36+08:00] 127.0.0.1 GET www.jiwankang.com/manage/money/index.html?_ajax=1&page=1&limit=20
[运行时间：0.026970s] [吞吐率：37.08req/s] [内存消耗：4,493.81kb] [文件加载：110]
[ info ] [ LANG ] E:\wwwroot\2026\04\jiwankang\thinkphp\lang\zh-cn.php
[ info ] [ ROUTE ] array (
)
[ info ] [ HEADER ] array (
  'x-requested-with' => 'XMLHttpRequest',
  'referer' => 'http://www.jiwankang.com/manage/money/index.html',
  'cookie' => 'PHPSESSID=6ge3q9cob417ort2dkkl8j63da',
  'accept-language' => 'zh-CN,zh;q=0.9',
  'accept-encoding' => 'gzip, deflate',
  'accept' => 'application/json, text/javascript, */*; q=0.01',
  'user-agent' => 'Mozilla/5.0 (Windows NT 10.0; Win64; x64) AppleWebKit/537.36 (KHTML, like Gecko) Chrome/146.0.0.0 Safari/537.36',
  'host' => 'www.jiwankang.com',
  'content-length' => '',
  'content-type' => '',
)
[ info ] [ PARAM ] array (
  '_ajax' => '1',
  'page' => '1',
  'limit' => '20',
)
[ info ] [ DB ] INIT mysql
[ sql ] [ DB ] CONNECT:[ UseTime:0.000702s ] mysql:host=127.0.0.1;port=3306;dbname=jiwankang;charset=utf8mb4
[ sql ] [ SQL ] SHOW COLUMNS FROM `wb_setting` [ RunTime:0.000493s ]
[ sql ] [ SQL ] SELECT * FROM `wb_setting` WHERE  `skey` = 'shop_name' LIMIT 1 [ RunTime:0.000219s ]
[ sql ] [ SQL ] SHOW COLUMNS FROM `wb_money_log` [ RunTime:0.000544s ]
[ sql ] [ SQL ] SELECT COUNT(*) AS tp_count FROM `wb_money_log` LIMIT 1 [ RunTime:0.000258s ]
[ sql ] [ SQL ] SELECT * FROM `wb_money_log` LIMIT 0,20 [ RunTime:0.000123s ]
---------------------------------------------------------------
[2026-04-01T15:22:27+08:00] 127.0.0.1 GET www.jiwankang.com/manage/money/index.html
[运行时间：0.029171s] [吞吐率：34.28req/s] [内存消耗：4,383.95kb] [文件加载：108]
[ info ] [ LANG ] E:\wwwroot\2026\04\jiwankang\thinkphp\lang\zh-cn.php
[ info ] [ ROUTE ] array (
)
[ info ] [ HEADER ] array (
  'upgrade-insecure-requests' => '1',
  'referer' => 'http://www.jiwankang.com/manage/money/index.html',
  'cookie' => 'PHPSESSID=6ge3q9cob417ort2dkkl8j63da',
  'cache-control' => 'max-age=0',
  'accept-language' => 'zh-CN,zh;q=0.9',
  'accept-encoding' => 'gzip, deflate',
  'accept' => 'text/html,application/xhtml+xml,application/xml;q=0.9,image/avif,image/webp,image/apng,*/*;q=0.8,application/signed-exchange;v=b3;q=0.7',
  'user-agent' => 'Mozilla/5.0 (Windows NT 10.0; Win64; x64) AppleWebKit/537.36 (KHTML, like Gecko) Chrome/146.0.0.0 Safari/537.36',
  'host' => 'www.jiwankang.com',
  'content-length' => '',
  'content-type' => '',
)
[ info ] [ PARAM ] array (
)
[ info ] [ DB ] INIT mysql
[ info ] [ VIEW ] E:\wwwroot\2026\04\jiwankang\application\manage\view\money\index.html [ array (
  0 => 'params',
  1 => 'jshopHost',
  2 => 'shop_name',
) ]
[ sql ] [ DB ] CONNECT:[ UseTime:0.000747s ] mysql:host=127.0.0.1;port=3306;dbname=jiwankang;charset=utf8mb4
[ sql ] [ SQL ] SHOW COLUMNS FROM `wb_setting` [ RunTime:0.000468s ]
[ sql ] [ SQL ] SELECT * FROM `wb_setting` WHERE  `skey` = 'shop_name' LIMIT 1 [ RunTime:0.000144s ]
---------------------------------------------------------------
[2026-04-01T15:22:27+08:00] 127.0.0.1 GET www.jiwankang.com/manage/money/index.html?_ajax=1&page=1&limit=20
[运行时间：0.029480s] [吞吐率：33.92req/s] [内存消耗：4,498.98kb] [文件加载：110]
[ info ] [ LANG ] E:\wwwroot\2026\04\jiwankang\thinkphp\lang\zh-cn.php
[ info ] [ ROUTE ] array (
)
[ info ] [ HEADER ] array (
  'x-requested-with' => 'XMLHttpRequest',
  'referer' => 'http://www.jiwankang.com/manage/money/index.html',
  'cookie' => 'PHPSESSID=6ge3q9cob417ort2dkkl8j63da',
  'accept-language' => 'zh-CN,zh;q=0.9',
  'accept-encoding' => 'gzip, deflate',
  'accept' => 'application/json, text/javascript, */*; q=0.01',
  'user-agent' => 'Mozilla/5.0 (Windows NT 10.0; Win64; x64) AppleWebKit/537.36 (KHTML, like Gecko) Chrome/146.0.0.0 Safari/537.36',
  'host' => 'www.jiwankang.com',
  'content-length' => '',
  'content-type' => '',
)
[ info ] [ PARAM ] array (
  '_ajax' => '1',
  'page' => '1',
  'limit' => '20',
)
[ info ] [ DB ] INIT mysql
[ sql ] [ DB ] CONNECT:[ UseTime:0.000656s ] mysql:host=127.0.0.1;port=3306;dbname=jiwankang;charset=utf8mb4
[ sql ] [ SQL ] SHOW COLUMNS FROM `wb_setting` [ RunTime:0.000393s ]
[ sql ] [ SQL ] SELECT * FROM `wb_setting` WHERE  `skey` = 'shop_name' LIMIT 1 [ RunTime:0.000138s ]
[ sql ] [ SQL ] SHOW COLUMNS FROM `wb_money_log` [ RunTime:0.000448s ]
[ sql ] [ SQL ] SELECT COUNT(*) AS tp_count FROM `wb_money_log` LIMIT 1 [ RunTime:0.000091s ]
[ sql ] [ SQL ] SELECT * FROM `wb_money_log` LIMIT 0,20 [ RunTime:0.000104s ]
---------------------------------------------------------------
[2026-04-01T15:22:59+08:00] 127.0.0.1 GET www.jiwankang.com/manage/money/index.html
[运行时间：0.036813s] [吞吐率：27.16req/s] [内存消耗：4,711.47kb] [文件加载：111]
[ info ] [ LANG ] E:\wwwroot\2026\04\jiwankang\thinkphp\lang\zh-cn.php
[ info ] [ ROUTE ] array (
)
[ info ] [ HEADER ] array (
  'upgrade-insecure-requests' => '1',
  'referer' => 'http://www.jiwankang.com/manage/money/index.html',
  'cookie' => 'PHPSESSID=6ge3q9cob417ort2dkkl8j63da',
  'cache-control' => 'max-age=0',
  'accept-language' => 'zh-CN,zh;q=0.9',
  'accept-encoding' => 'gzip, deflate',
  'accept' => 'text/html,application/xhtml+xml,application/xml;q=0.9,image/avif,image/webp,image/apng,*/*;q=0.8,application/signed-exchange;v=b3;q=0.7',
  'user-agent' => 'Mozilla/5.0 (Windows NT 10.0; Win64; x64) AppleWebKit/537.36 (KHTML, like Gecko) Chrome/146.0.0.0 Safari/537.36',
  'host' => 'www.jiwankang.com',
  'content-length' => '',
  'content-type' => '',
)
[ info ] [ PARAM ] array (
)
[ info ] [ DB ] INIT mysql
[ info ] [ VIEW ] E:\wwwroot\2026\04\jiwankang\application\manage\view\money\index.html [ array (
  0 => 'params',
  1 => 'jshopHost',
  2 => 'shop_name',
) ]
[ sql ] [ DB ] CONNECT:[ UseTime:0.000777s ] mysql:host=127.0.0.1;port=3306;dbname=jiwankang;charset=utf8mb4
[ sql ] [ SQL ] SHOW COLUMNS FROM `wb_setting` [ RunTime:0.000447s ]
[ sql ] [ SQL ] SELECT * FROM `wb_setting` WHERE  `skey` = 'shop_name' LIMIT 1 [ RunTime:0.000232s ]
---------------------------------------------------------------
[2026-04-01T15:23:01+08:00] 127.0.0.1 GET www.jiwankang.com/manage/money/index.html
[运行时间：0.029000s] [吞吐率：34.48req/s] [内存消耗：4,384.20kb] [文件加载：108]
[ info ] [ LANG ] E:\wwwroot\2026\04\jiwankang\thinkphp\lang\zh-cn.php
[ info ] [ ROUTE ] array (
)
[ info ] [ HEADER ] array (
  'upgrade-insecure-requests' => '1',
  'referer' => 'http://www.jiwankang.com/manage/money/index.html',
  'cookie' => 'PHPSESSID=6ge3q9cob417ort2dkkl8j63da',
  'cache-control' => 'max-age=0',
  'accept-language' => 'zh-CN,zh;q=0.9',
  'accept-encoding' => 'gzip, deflate',
  'accept' => 'text/html,application/xhtml+xml,application/xml;q=0.9,image/avif,image/webp,image/apng,*/*;q=0.8,application/signed-exchange;v=b3;q=0.7',
  'user-agent' => 'Mozilla/5.0 (Windows NT 10.0; Win64; x64) AppleWebKit/537.36 (KHTML, like Gecko) Chrome/146.0.0.0 Safari/537.36',
  'host' => 'www.jiwankang.com',
  'content-length' => '',
  'content-type' => '',
)
[ info ] [ PARAM ] array (
)
[ info ] [ DB ] INIT mysql
[ info ] [ VIEW ] E:\wwwroot\2026\04\jiwankang\application\manage\view\money\index.html [ array (
  0 => 'params',
  1 => 'jshopHost',
  2 => 'shop_name',
) ]
[ sql ] [ DB ] CONNECT:[ UseTime:0.000757s ] mysql:host=127.0.0.1;port=3306;dbname=jiwankang;charset=utf8mb4
[ sql ] [ SQL ] SHOW COLUMNS FROM `wb_setting` [ RunTime:0.000418s ]
[ sql ] [ SQL ] SELECT * FROM `wb_setting` WHERE  `skey` = 'shop_name' LIMIT 1 [ RunTime:0.000158s ]
---------------------------------------------------------------
[2026-04-01T15:23:04+08:00] 127.0.0.1 GET www.jiwankang.com/manage/money/index.html
[运行时间：0.029595s] [吞吐率：33.79req/s] [内存消耗：4,384.45kb] [文件加载：108]
[ info ] [ LANG ] E:\wwwroot\2026\04\jiwankang\thinkphp\lang\zh-cn.php
[ info ] [ ROUTE ] array (
)
[ info ] [ HEADER ] array (
  'upgrade-insecure-requests' => '1',
  'referer' => 'http://www.jiwankang.com/manage/money/index.html',
  'cookie' => 'PHPSESSID=6ge3q9cob417ort2dkkl8j63da',
  'cache-control' => 'max-age=0',
  'accept-language' => 'zh-CN,zh;q=0.9',
  'accept-encoding' => 'gzip, deflate',
  'accept' => 'text/html,application/xhtml+xml,application/xml;q=0.9,image/avif,image/webp,image/apng,*/*;q=0.8,application/signed-exchange;v=b3;q=0.7',
  'user-agent' => 'Mozilla/5.0 (iPhone; CPU iPhone OS 18_5 like Mac OS X) AppleWebKit/605.1.15 (KHTML, like Gecko) Version/18.5 Mobile/15E148 Safari/604.1',
  'host' => 'www.jiwankang.com',
  'content-length' => '',
  'content-type' => '',
)
[ info ] [ PARAM ] array (
)
[ info ] [ DB ] INIT mysql
[ info ] [ VIEW ] E:\wwwroot\2026\04\jiwankang\application\manage\view\money\index.html [ array (
  0 => 'params',
  1 => 'jshopHost',
  2 => 'shop_name',
) ]
[ sql ] [ DB ] CONNECT:[ UseTime:0.000674s ] mysql:host=127.0.0.1;port=3306;dbname=jiwankang;charset=utf8mb4
[ sql ] [ SQL ] SHOW COLUMNS FROM `wb_setting` [ RunTime:0.000436s ]
[ sql ] [ SQL ] SELECT * FROM `wb_setting` WHERE  `skey` = 'shop_name' LIMIT 1 [ RunTime:0.000193s ]
---------------------------------------------------------------
[2026-04-01T15:23:15+08:00] 127.0.0.1 GET www.jiwankang.com/manage/money/index.html
[运行时间：0.030020s] [吞吐率：33.31req/s] [内存消耗：4,711.72kb] [文件加载：111]
[ info ] [ LANG ] E:\wwwroot\2026\04\jiwankang\thinkphp\lang\zh-cn.php
[ info ] [ ROUTE ] array (
)
[ info ] [ HEADER ] array (
  'upgrade-insecure-requests' => '1',
  'referer' => 'http://www.jiwankang.com/manage/money/index.html',
  'cookie' => 'PHPSESSID=6ge3q9cob417ort2dkkl8j63da',
  'cache-control' => 'max-age=0',
  'accept-language' => 'zh-CN,zh;q=0.9',
  'accept-encoding' => 'gzip, deflate',
  'accept' => 'text/html,application/xhtml+xml,application/xml;q=0.9,image/avif,image/webp,image/apng,*/*;q=0.8,application/signed-exchange;v=b3;q=0.7',
  'user-agent' => 'Mozilla/5.0 (iPhone; CPU iPhone OS 18_5 like Mac OS X) AppleWebKit/605.1.15 (KHTML, like Gecko) Version/18.5 Mobile/15E148 Safari/604.1',
  'host' => 'www.jiwankang.com',
  'content-length' => '',
  'content-type' => '',
)
[ info ] [ PARAM ] array (
)
[ info ] [ DB ] INIT mysql
[ info ] [ VIEW ] E:\wwwroot\2026\04\jiwankang\application\manage\view\money\index.html [ array (
  0 => 'params',
  1 => 'jshopHost',
  2 => 'shop_name',
) ]
[ sql ] [ DB ] CONNECT:[ UseTime:0.000732s ] mysql:host=127.0.0.1;port=3306;dbname=jiwankang;charset=utf8mb4
[ sql ] [ SQL ] SHOW COLUMNS FROM `wb_setting` [ RunTime:0.000430s ]
[ sql ] [ SQL ] SELECT * FROM `wb_setting` WHERE  `skey` = 'shop_name' LIMIT 1 [ RunTime:0.000179s ]
---------------------------------------------------------------
[2026-04-01T15:23:15+08:00] 127.0.0.1 GET www.jiwankang.com/manage/money/index.html?_ajax=1&page=1&limit=20
[运行时间：0.028016s] [吞吐率：35.69req/s] [内存消耗：4,498.98kb] [文件加载：110]
[ info ] [ LANG ] E:\wwwroot\2026\04\jiwankang\thinkphp\lang\zh-cn.php
[ info ] [ ROUTE ] array (
)
[ info ] [ HEADER ] array (
  'x-requested-with' => 'XMLHttpRequest',
  'referer' => 'http://www.jiwankang.com/manage/money/index.html',
  'cookie' => 'PHPSESSID=6ge3q9cob417ort2dkkl8j63da',
  'accept-language' => 'zh-CN,zh;q=0.9',
  'accept-encoding' => 'gzip, deflate',
  'accept' => 'application/json, text/javascript, */*; q=0.01',
  'user-agent' => 'Mozilla/5.0 (iPhone; CPU iPhone OS 18_5 like Mac OS X) AppleWebKit/605.1.15 (KHTML, like Gecko) Version/18.5 Mobile/15E148 Safari/604.1',
  'host' => 'www.jiwankang.com',
  'content-length' => '',
  'content-type' => '',
)
[ info ] [ PARAM ] array (
  '_ajax' => '1',
  'page' => '1',
  'limit' => '20',
)
[ info ] [ DB ] INIT mysql
[ sql ] [ DB ] CONNECT:[ UseTime:0.000789s ] mysql:host=127.0.0.1;port=3306;dbname=jiwankang;charset=utf8mb4
[ sql ] [ SQL ] SHOW COLUMNS FROM `wb_setting` [ RunTime:0.000640s ]
[ sql ] [ SQL ] SELECT * FROM `wb_setting` WHERE  `skey` = 'shop_name' LIMIT 1 [ RunTime:0.000369s ]
[ sql ] [ SQL ] SHOW COLUMNS FROM `wb_money_log` [ RunTime:0.000687s ]
[ sql ] [ SQL ] SELECT COUNT(*) AS tp_count FROM `wb_money_log` LIMIT 1 [ RunTime:0.000314s ]
[ sql ] [ SQL ] SELECT * FROM `wb_money_log` LIMIT 0,20 [ RunTime:0.000306s ]
---------------------------------------------------------------
[2026-04-01T15:23:55+08:00] 127.0.0.1 GET www.jiwankang.com/manage/money/index.html
[运行时间：0.035560s] [吞吐率：28.12req/s] [内存消耗：4,711.22kb] [文件加载：111]
[ info ] [ LANG ] E:\wwwroot\2026\04\jiwankang\thinkphp\lang\zh-cn.php
[ info ] [ ROUTE ] array (
)
[ info ] [ HEADER ] array (
  'upgrade-insecure-requests' => '1',
  'referer' => 'http://www.jiwankang.com/manage/money/index.html',
  'cookie' => 'PHPSESSID=6ge3q9cob417ort2dkkl8j63da',
  'cache-control' => 'max-age=0',
  'accept-language' => 'zh-CN,zh;q=0.9',
  'accept-encoding' => 'gzip, deflate',
  'accept' => 'text/html,application/xhtml+xml,application/xml;q=0.9,image/avif,image/webp,image/apng,*/*;q=0.8,application/signed-exchange;v=b3;q=0.7',
  'user-agent' => 'Mozilla/5.0 (Windows NT 10.0; Win64; x64) AppleWebKit/537.36 (KHTML, like Gecko) Chrome/146.0.0.0 Safari/537.36',
  'host' => 'www.jiwankang.com',
  'content-length' => '',
  'content-type' => '',
)
[ info ] [ PARAM ] array (
)
[ info ] [ DB ] INIT mysql
[ info ] [ VIEW ] E:\wwwroot\2026\04\jiwankang\application\manage\view\money\index.html [ array (
  0 => 'params',
  1 => 'jshopHost',
  2 => 'shop_name',
) ]
[ sql ] [ DB ] CONNECT:[ UseTime:0.001041s ] mysql:host=127.0.0.1;port=3306;dbname=jiwankang;charset=utf8mb4
[ sql ] [ SQL ] SHOW COLUMNS FROM `wb_setting` [ RunTime:0.000735s ]
[ sql ] [ SQL ] SELECT * FROM `wb_setting` WHERE  `skey` = 'shop_name' LIMIT 1 [ RunTime:0.000293s ]
---------------------------------------------------------------
[2026-04-01T15:23:55+08:00] 127.0.0.1 GET www.jiwankang.com/manage/money/index.html?_ajax=1&page=1&limit=20
[运行时间：0.029168s] [吞吐率：34.28req/s] [内存消耗：4,498.98kb] [文件加载：110]
[ info ] [ LANG ] E:\wwwroot\2026\04\jiwankang\thinkphp\lang\zh-cn.php
[ info ] [ ROUTE ] array (
)
[ info ] [ HEADER ] array (
  'x-requested-with' => 'XMLHttpRequest',
  'referer' => 'http://www.jiwankang.com/manage/money/index.html',
  'cookie' => 'PHPSESSID=6ge3q9cob417ort2dkkl8j63da',
  'accept-language' => 'zh-CN,zh;q=0.9',
  'accept-encoding' => 'gzip, deflate',
  'accept' => 'application/json, text/javascript, */*; q=0.01',
  'user-agent' => 'Mozilla/5.0 (Windows NT 10.0; Win64; x64) AppleWebKit/537.36 (KHTML, like Gecko) Chrome/146.0.0.0 Safari/537.36',
  'host' => 'www.jiwankang.com',
  'content-length' => '',
  'content-type' => '',
)
[ info ] [ PARAM ] array (
  '_ajax' => '1',
  'page' => '1',
  'limit' => '20',
)
[ info ] [ DB ] INIT mysql
[ sql ] [ DB ] CONNECT:[ UseTime:0.000778s ] mysql:host=127.0.0.1;port=3306;dbname=jiwankang;charset=utf8mb4
[ sql ] [ SQL ] SHOW COLUMNS FROM `wb_setting` [ RunTime:0.000517s ]
[ sql ] [ SQL ] SELECT * FROM `wb_setting` WHERE  `skey` = 'shop_name' LIMIT 1 [ RunTime:0.000262s ]
[ sql ] [ SQL ] SHOW COLUMNS FROM `wb_money_log` [ RunTime:0.000532s ]
[ sql ] [ SQL ] SELECT COUNT(*) AS tp_count FROM `wb_money_log` LIMIT 1 [ RunTime:0.000236s ]
[ sql ] [ SQL ] SELECT * FROM `wb_money_log` LIMIT 0,20 [ RunTime:0.000125s ]
---------------------------------------------------------------
[2026-04-01T15:24:00+08:00] 127.0.0.1 GET www.jiwankang.com/manage
[运行时间：0.030305s] [吞吐率：33.00req/s] [内存消耗：4,604.76kb] [文件加载：110]
[ info ] [ LANG ] E:\wwwroot\2026\04\jiwankang\thinkphp\lang\zh-cn.php
[ info ] [ ROUTE ] array (
)
[ info ] [ HEADER ] array (
  'upgrade-insecure-requests' => '1',
  'referer' => 'http://www.jiwankang.com/manage/common/login.html',
  'cookie' => 'PHPSESSID=6ge3q9cob417ort2dkkl8j63da',
  'cache-control' => 'max-age=0',
  'accept-language' => 'zh-CN,zh;q=0.9',
  'accept-encoding' => 'gzip, deflate',
  'accept' => 'text/html,application/xhtml+xml,application/xml;q=0.9,image/avif,image/webp,image/apng,*/*;q=0.8,application/signed-exchange;v=b3;q=0.7',
  'user-agent' => 'Mozilla/5.0 (Windows NT 10.0; Win64; x64) AppleWebKit/537.36 (KHTML, like Gecko) Chrome/146.0.0.0 Safari/537.36',
  'host' => 'www.jiwankang.com',
  'content-length' => '',
  'content-type' => '',
)
[ info ] [ PARAM ] array (
)
[ info ] [ DB ] INIT mysql
[ info ] [ VIEW ] E:\wwwroot\2026\04\jiwankang\application\manage\view\index\index.html [ array (
  0 => 'params',
  1 => 'jshopHost',
  2 => 'shop_name',
  3 => 'menu',
  4 => 'kefu',
) ]
[ sql ] [ DB ] CONNECT:[ UseTime:0.000807s ] mysql:host=127.0.0.1;port=3306;dbname=jiwankang;charset=utf8mb4
[ sql ] [ SQL ] SHOW COLUMNS FROM `wb_setting` [ RunTime:0.000808s ]
[ sql ] [ SQL ] SELECT * FROM `wb_setting` WHERE  `skey` = 'shop_name' LIMIT 1 [ RunTime:0.000361s ]
[ sql ] [ SQL ] SELECT * FROM `wb_setting` WHERE  `skey` = 'ent_id' LIMIT 1 [ RunTime:0.000264s ]
[ error ] [8]未定义数组索引: selected[E:\wwwroot\2026\04\jiwankang\runtime\temp\0ebc0da97c722c413af6448a150993b9.php:118]
[ error ] [8]未定义数组索引: selected[E:\wwwroot\2026\04\jiwankang\runtime\temp\0ebc0da97c722c413af6448a150993b9.php:118]
[ error ] [8]未定义数组索引: selected[E:\wwwroot\2026\04\jiwankang\runtime\temp\0ebc0da97c722c413af6448a150993b9.php:118]
[ error ] [8]未定义数组索引: selected[E:\wwwroot\2026\04\jiwankang\runtime\temp\0ebc0da97c722c413af6448a150993b9.php:118]
[ error ] [8]未定义数组索引: selected[E:\wwwroot\2026\04\jiwankang\runtime\temp\0ebc0da97c722c413af6448a150993b9.php:118]
[ error ] [8]未定义数组索引: selected[E:\wwwroot\2026\04\jiwankang\runtime\temp\0ebc0da97c722c413af6448a150993b9.php:118]
[ error ] [8]未定义数组索引: selected[E:\wwwroot\2026\04\jiwankang\runtime\temp\0ebc0da97c722c413af6448a150993b9.php:118]
[ error ] [8]未定义数组索引: selected[E:\wwwroot\2026\04\jiwankang\runtime\temp\0ebc0da97c722c413af6448a150993b9.php:118]
[ error ] [8]未定义数组索引: selected[E:\wwwroot\2026\04\jiwankang\runtime\temp\0ebc0da97c722c413af6448a150993b9.php:118]
[ error ] [8]未定义数组索引: selected[E:\wwwroot\2026\04\jiwankang\runtime\temp\0ebc0da97c722c413af6448a150993b9.php:118]
[ error ] [8]未定义数组索引: selected[E:\wwwroot\2026\04\jiwankang\runtime\temp\0ebc0da97c722c413af6448a150993b9.php:118]
[ error ] [8]未定义数组索引: selected[E:\wwwroot\2026\04\jiwankang\runtime\temp\0ebc0da97c722c413af6448a150993b9.php:118]
[ error ] [8]未定义数组索引: selected[E:\wwwroot\2026\04\jiwankang\runtime\temp\0ebc0da97c722c413af6448a150993b9.php:118]
[ error ] [8]未定义数组索引: selected[E:\wwwroot\2026\04\jiwankang\runtime\temp\0ebc0da97c722c413af6448a150993b9.php:118]
[ error ] [8]未定义数组索引: selected[E:\wwwroot\2026\04\jiwankang\runtime\temp\0ebc0da97c722c413af6448a150993b9.php:118]
[ error ] [8]未定义数组索引: selected[E:\wwwroot\2026\04\jiwankang\runtime\temp\0ebc0da97c722c413af6448a150993b9.php:118]
[ error ] [8]未定义数组索引: selected[E:\wwwroot\2026\04\jiwankang\runtime\temp\0ebc0da97c722c413af6448a150993b9.php:118]
[ error ] [8]未定义数组索引: selected[E:\wwwroot\2026\04\jiwankang\runtime\temp\0ebc0da97c722c413af6448a150993b9.php:118]
[ error ] [8]未定义数组索引: selected[E:\wwwroot\2026\04\jiwankang\runtime\temp\0ebc0da97c722c413af6448a150993b9.php:118]
[ error ] [8]未定义数组索引: selected[E:\wwwroot\2026\04\jiwankang\runtime\temp\0ebc0da97c722c413af6448a150993b9.php:118]
---------------------------------------------------------------
[2026-04-01T15:24:00+08:00] 127.0.0.1 GET www.jiwankang.com/manage/index/welcome.html
[运行时间：0.046510s] [吞吐率：21.50req/s] [内存消耗：5,491.15kb] [文件加载：115]
[ info ] [ LANG ] E:\wwwroot\2026\04\jiwankang\thinkphp\lang\zh-cn.php
[ info ] [ ROUTE ] array (
)
[ info ] [ HEADER ] array (
  'upgrade-insecure-requests' => '1',
  'referer' => 'http://www.jiwankang.com/manage',
  'cookie' => 'PHPSESSID=6ge3q9cob417ort2dkkl8j63da',
  'accept-language' => 'zh-CN,zh;q=0.9',
  'accept-encoding' => 'gzip, deflate',
  'accept' => 'text/html,application/xhtml+xml,application/xml;q=0.9,image/avif,image/webp,image/apng,*/*;q=0.8,application/signed-exchange;v=b3;q=0.7',
  'user-agent' => 'Mozilla/5.0 (Windows NT 10.0; Win64; x64) AppleWebKit/537.36 (KHTML, like Gecko) Chrome/146.0.0.0 Safari/537.36',
  'host' => 'www.jiwankang.com',
  'content-length' => '',
  'content-type' => '',
)
[ info ] [ PARAM ] array (
)
[ info ] [ DB ] INIT mysql
[ info ] [ VIEW ] E:\wwwroot\2026\04\jiwankang\application\manage\view\index\welcome.html [ array (
  0 => 'params',
  1 => 'jshopHost',
  2 => 'shop_name',
  3 => 'unpaid_count',
  4 => 'unship_count',
  5 => 'after_sales_count',
  6 => 'goods_statics',
  7 => 'zijinchi',
  8 => 'todayTyOrder',
  9 => 'allTyOrder',
  10 => 'daibutie',
  11 => 'yibutie',
) ]
[ sql ] [ DB ] CONNECT:[ UseTime:0.001168s ] mysql:host=127.0.0.1;port=3306;dbname=jiwankang;charset=utf8mb4
[ sql ] [ SQL ] SHOW COLUMNS FROM `wb_setting` [ RunTime:0.000691s ]
[ sql ] [ SQL ] SELECT * FROM `wb_setting` WHERE  `skey` = 'shop_name' LIMIT 1 [ RunTime:0.000170s ]
[ sql ] [ SQL ] SHOW COLUMNS FROM `wb_order` [ RunTime:0.000410s ]
[ sql ] [ SQL ] SELECT COUNT(*) AS tp_count FROM `wb_order` WHERE (  `status` = 1  AND `pay_status` = 1  AND `ship_status` = 1 ) AND `wb_order`.`isdel` IS NULL LIMIT 1 [ RunTime:0.000182s ]
[ sql ] [ SQL ] SELECT COUNT(*) AS tp_count FROM `wb_order` WHERE (  `status` = 1  AND `pay_status` = 2  AND `ship_status` IN (1,2) ) AND `wb_order`.`isdel` IS NULL LIMIT 1 [ RunTime:0.000135s ]
[ sql ] [ SQL ] SHOW COLUMNS FROM `wb_bill_aftersales` [ RunTime:0.001144s ]
[ sql ] [ SQL ] SELECT COUNT(*) AS tp_count FROM `wb_bill_aftersales` WHERE  `status` = 1 LIMIT 1 [ RunTime:0.000132s ]
[ sql ] [ SQL ] SELECT * FROM `wb_setting` WHERE  `skey` = 'shop_name' LIMIT 1 [ RunTime:0.000103s ]
[ sql ] [ SQL ] SHOW COLUMNS FROM `wb_goods` [ RunTime:0.001017s ]
[ sql ] [ SQL ] SELECT COUNT(`id`) AS tp_count FROM `wb_goods` LIMIT 1 [ RunTime:0.000118s ]
[ sql ] [ SQL ] SELECT COUNT(`id`) AS tp_count FROM `wb_goods` WHERE  `marketable` = 1 LIMIT 1 [ RunTime:0.000096s ]
[ sql ] [ SQL ] SELECT COUNT(`id`) AS tp_count FROM `wb_goods` WHERE  `marketable` = 2 LIMIT 1 [ RunTime:0.000074s ]
[ sql ] [ SQL ] SELECT * FROM `wb_setting` WHERE  `skey` = 'goods_stocks_warn' LIMIT 1 [ RunTime:0.000088s ]
[ sql ] [ SQL ] SHOW COLUMNS FROM `wb_products` [ RunTime:0.000880s ]
[ sql ] [ SQL ] SELECT COUNT(*) AS tp_count FROM ( SELECT count(id) AS think_count FROM `wb_products` WHERE  ( IF(stock < freeze_stock, 0, stock - freeze_stock)<10 ) GROUP BY `goods_id` ) `_group_count_` LIMIT 1 [ RunTime:0.000327s ]
[ sql ] [ SQL ] SHOW COLUMNS FROM `wb_money` [ RunTime:0.000413s ]
[ sql ] [ SQL ] SELECT `money` FROM `wb_money` WHERE  `type` = 1 LIMIT 1 [ RunTime:0.000232s ]
[ sql ] [ SQL ] SELECT SUM(`payed`) AS tp_sum FROM `wb_order` WHERE (  `status` < 3  AND `pay_status` = 2  AND `ctime` BETWEEN 1774972800 AND 1775059200 ) AND `wb_order`.`isdel` IS NULL LIMIT 1 [ RunTime:0.000260s ]
[ sql ] [ SQL ] SELECT SUM(`payed`) AS tp_sum FROM `wb_order` WHERE (  `status` < 3  AND `pay_status` = 2 ) AND `wb_order`.`isdel` IS NULL LIMIT 1 [ RunTime:0.000154s ]
[ sql ] [ SQL ] SHOW COLUMNS FROM `wb_user` [ RunTime:0.000342s ]
[ sql ] [ SQL ] SELECT SUM(`butie`) AS tp_sum FROM `wb_user` WHERE `wb_user`.`isdel` IS NULL LIMIT 1 [ RunTime:0.000104s ]
[ sql ] [ SQL ] SELECT SUM(`ybuite`) AS tp_sum FROM `wb_user` WHERE `wb_user`.`isdel` IS NULL LIMIT 1 [ RunTime:0.000076s ]
---------------------------------------------------------------
[2026-04-01T15:24:00+08:00] 127.0.0.1 GET www.jiwankang.com/manage/operation_log/getlastlog.html
[运行时间：0.031323s] [吞吐率：31.93req/s] [内存消耗：4,525.98kb] [文件加载：110]
[ info ] [ LANG ] E:\wwwroot\2026\04\jiwankang\thinkphp\lang\zh-cn.php
[ info ] [ ROUTE ] array (
)
[ info ] [ HEADER ] array (
  'x-requested-with' => 'XMLHttpRequest',
  'referer' => 'http://www.jiwankang.com/manage/index/welcome.html',
  'cookie' => 'PHPSESSID=6ge3q9cob417ort2dkkl8j63da',
  'accept-language' => 'zh-CN,zh;q=0.9',
  'accept-encoding' => 'gzip, deflate',
  'accept' => 'application/json, text/javascript, */*; q=0.01',
  'user-agent' => 'Mozilla/5.0 (Windows NT 10.0; Win64; x64) AppleWebKit/537.36 (KHTML, like Gecko) Chrome/146.0.0.0 Safari/537.36',
  'host' => 'www.jiwankang.com',
  'content-length' => '',
  'content-type' => '',
)
[ info ] [ PARAM ] array (
)
[ info ] [ DB ] INIT mysql
[ sql ] [ DB ] CONNECT:[ UseTime:0.000918s ] mysql:host=127.0.0.1;port=3306;dbname=jiwankang;charset=utf8mb4
[ sql ] [ SQL ] SHOW COLUMNS FROM `wb_setting` [ RunTime:0.000522s ]
[ sql ] [ SQL ] SELECT * FROM `wb_setting` WHERE  `skey` = 'shop_name' LIMIT 1 [ RunTime:0.000224s ]
[ sql ] [ SQL ] SHOW COLUMNS FROM `wb_operation_log` [ RunTime:0.000419s ]
[ sql ] [ SQL ] SELECT COUNT(*) AS tp_count FROM `wb_operation_log` LIMIT 1 [ RunTime:0.000189s ]
[ sql ] [ SQL ] SELECT * FROM `wb_operation_log` ORDER BY `id` DESC LIMIT 0,10 [ RunTime:0.000207s ]
[ sql ] [ SQL ] SHOW COLUMNS FROM `wb_manage` [ RunTime:0.000315s ]
[ sql ] [ SQL ] SELECT * FROM `wb_manage` WHERE  `id` = 13 LIMIT 1 [ RunTime:0.000126s ]
[ sql ] [ SQL ] SELECT * FROM `wb_manage` WHERE  `id` = 13 LIMIT 1 [ RunTime:0.000085s ]
[ sql ] [ SQL ] SELECT * FROM `wb_manage` WHERE  `id` = 13 LIMIT 1 [ RunTime:0.000075s ]
[ sql ] [ SQL ] SELECT * FROM `wb_manage` WHERE  `id` = 13 LIMIT 1 [ RunTime:0.000075s ]
[ sql ] [ SQL ] SELECT * FROM `wb_manage` WHERE  `id` = 13 LIMIT 1 [ RunTime:0.000074s ]
[ sql ] [ SQL ] SELECT * FROM `wb_manage` WHERE  `id` = 13 LIMIT 1 [ RunTime:0.000074s ]
[ sql ] [ SQL ] SELECT * FROM `wb_manage` WHERE  `id` = 13 LIMIT 1 [ RunTime:0.000074s ]
[ sql ] [ SQL ] SELECT * FROM `wb_manage` WHERE  `id` = 13 LIMIT 1 [ RunTime:0.000073s ]
[ sql ] [ SQL ] SELECT * FROM `wb_manage` WHERE  `id` = 13 LIMIT 1 [ RunTime:0.000073s ]
[ sql ] [ SQL ] SELECT * FROM `wb_manage` WHERE  `id` = 13 LIMIT 1 [ RunTime:0.000073s ]
---------------------------------------------------------------
[2026-04-01T15:24:00+08:00] 127.0.0.1 GET www.jiwankang.com/manage/administrator/userloglist/state/1.html
[运行时间：0.048509s] [吞吐率：20.61req/s] [内存消耗：4,570.61kb] [文件加载：110]
[ info ] [ LANG ] E:\wwwroot\2026\04\jiwankang\thinkphp\lang\zh-cn.php
[ info ] [ ROUTE ] array (
)
[ info ] [ HEADER ] array (
  'x-requested-with' => 'XMLHttpRequest',
  'referer' => 'http://www.jiwankang.com/manage/index/welcome.html',
  'cookie' => 'PHPSESSID=6ge3q9cob417ort2dkkl8j63da',
  'accept-language' => 'zh-CN,zh;q=0.9',
  'accept-encoding' => 'gzip, deflate',
  'accept' => '*/*',
  'user-agent' => 'Mozilla/5.0 (Windows NT 10.0; Win64; x64) AppleWebKit/537.36 (KHTML, like Gecko) Chrome/146.0.0.0 Safari/537.36',
  'host' => 'www.jiwankang.com',
  'content-length' => '',
  'content-type' => '',
)
[ info ] [ PARAM ] array (
  'state' => '1',
)
[ info ] [ DB ] INIT mysql
[ sql ] [ DB ] CONNECT:[ UseTime:0.000631s ] mysql:host=127.0.0.1;port=3306;dbname=jiwankang;charset=utf8mb4
[ sql ] [ SQL ] SHOW COLUMNS FROM `wb_setting` [ RunTime:0.000401s ]
[ sql ] [ SQL ] SELECT * FROM `wb_setting` WHERE  `skey` = 'shop_name' LIMIT 1 [ RunTime:0.000152s ]
[ sql ] [ SQL ] SHOW COLUMNS FROM `wb_user_log` [ RunTime:0.001595s ]
[ sql ] [ SQL ] SELECT COUNT(*) AS tp_count FROM `wb_user_log` WHERE  `state` = 1  AND `type` = 2 LIMIT 1 [ RunTime:0.000227s ]
[ sql ] [ SQL ] SELECT * FROM `wb_user_log` WHERE  `state` = 1  AND `type` = 2 ORDER BY `ctime` DESC LIMIT 0,10 [ RunTime:0.000151s ]
[ sql ] [ SQL ] SHOW COLUMNS FROM `wb_manage` [ RunTime:0.001670s ]
[ sql ] [ SQL ] SELECT `id`,`username`,`nickname`,`mobile` FROM `wb_manage` WHERE  `id` = 13 LIMIT 1 [ RunTime:0.000187s ]
[ sql ] [ SQL ] SELECT `id`,`username`,`nickname`,`mobile` FROM `wb_manage` WHERE  `id` = 13 LIMIT 1 [ RunTime:0.000189s ]
[ sql ] [ SQL ] SELECT `id`,`username`,`nickname`,`mobile` FROM `wb_manage` WHERE  `id` = 13 LIMIT 1 [ RunTime:0.000105s ]
[ sql ] [ SQL ] SELECT `id`,`username`,`nickname`,`mobile` FROM `wb_manage` WHERE  `id` = 13 LIMIT 1 [ RunTime:0.000100s ]
---------------------------------------------------------------
[2026-04-01T15:24:00+08:00] 127.0.0.1 GET www.jiwankang.com/manage/order/statistics.html
[运行时间：0.051698s] [吞吐率：19.34req/s] [内存消耗：4,694.27kb] [文件加载：110]
[ info ] [ LANG ] E:\wwwroot\2026\04\jiwankang\thinkphp\lang\zh-cn.php
[ info ] [ ROUTE ] array (
)
[ info ] [ HEADER ] array (
  'x-requested-with' => 'XMLHttpRequest',
  'referer' => 'http://www.jiwankang.com/manage/index/welcome.html',
  'cookie' => 'PHPSESSID=6ge3q9cob417ort2dkkl8j63da',
  'accept-language' => 'zh-CN,zh;q=0.9',
  'accept-encoding' => 'gzip, deflate',
  'accept' => '*/*',
  'user-agent' => 'Mozilla/5.0 (Windows NT 10.0; Win64; x64) AppleWebKit/537.36 (KHTML, like Gecko) Chrome/146.0.0.0 Safari/537.36',
  'host' => 'www.jiwankang.com',
  'content-length' => '',
  'content-type' => '',
)
[ info ] [ PARAM ] array (
)
[ info ] [ DB ] INIT mysql
[ sql ] [ DB ] CONNECT:[ UseTime:0.000611s ] mysql:host=127.0.0.1;port=3306;dbname=jiwankang;charset=utf8mb4
[ sql ] [ SQL ] SHOW COLUMNS FROM `wb_setting` [ RunTime:0.000402s ]
[ sql ] [ SQL ] SELECT * FROM `wb_setting` WHERE  `skey` = 'shop_name' LIMIT 1 [ RunTime:0.000139s ]
[ sql ] [ SQL ] SHOW COLUMNS FROM `wb_bill_payments` [ RunTime:0.000315s ]
[ sql ] [ SQL ] SELECT count(1) AS `nums`,DATE_FORMAT(FROM_UNIXTIME(ctime),"%Y-%m-%d") AS `day` FROM `wb_bill_payments` WHERE  `status` = 2  AND `type` = 1  AND ( FROM_UNIXTIME(ctime) >= 2026-03-25 ) GROUP BY DATE_FORMAT(FROM_UNIXTIME(ctime),"%Y-%m-%d") [ RunTime:0.000254s ]
[ sql ] [ SQL ] SHOW COLUMNS FROM `wb_bill_delivery` [ RunTime:0.000597s ]
[ sql ] [ SQL ] SELECT count(1) AS `nums`,DATE_FORMAT(FROM_UNIXTIME(ctime),"%Y-%m-%d") AS `day` FROM `wb_bill_delivery` WHERE  ( FROM_UNIXTIME(ctime) >= 2026-03-25 ) GROUP BY DATE_FORMAT(FROM_UNIXTIME(ctime),"%Y-%m-%d") [ RunTime:0.000306s ]
---------------------------------------------------------------
[2026-04-01T15:24:00+08:00] 127.0.0.1 GET www.jiwankang.com/manage/user/statistics.html
[运行时间：0.068731s] [吞吐率：14.55req/s] [内存消耗：5,023.93kb] [文件加载：111]
[ info ] [ LANG ] E:\wwwroot\2026\04\jiwankang\thinkphp\lang\zh-cn.php
[ info ] [ ROUTE ] array (
)
[ info ] [ HEADER ] array (
  'x-requested-with' => 'XMLHttpRequest',
  'referer' => 'http://www.jiwankang.com/manage/index/welcome.html',
  'cookie' => 'PHPSESSID=6ge3q9cob417ort2dkkl8j63da',
  'accept-language' => 'zh-CN,zh;q=0.9',
  'accept-encoding' => 'gzip, deflate',
  'accept' => '*/*',
  'user-agent' => 'Mozilla/5.0 (Windows NT 10.0; Win64; x64) AppleWebKit/537.36 (KHTML, like Gecko) Chrome/146.0.0.0 Safari/537.36',
  'host' => 'www.jiwankang.com',
  'content-length' => '',
  'content-type' => '',
)
[ info ] [ PARAM ] array (
)
[ info ] [ DB ] INIT mysql
[ sql ] [ DB ] CONNECT:[ UseTime:0.000599s ] mysql:host=127.0.0.1;port=3306;dbname=jiwankang;charset=utf8mb4
[ sql ] [ SQL ] SHOW COLUMNS FROM `wb_setting` [ RunTime:0.000409s ]
[ sql ] [ SQL ] SELECT * FROM `wb_setting` WHERE  `skey` = 'shop_name' LIMIT 1 [ RunTime:0.000141s ]
[ sql ] [ SQL ] SHOW COLUMNS FROM `wb_user` [ RunTime:0.000326s ]
[ sql ] [ SQL ] SELECT DATE_FORMAT(from_unixtime(ctime),"%Y-%m-%d") as day, count(*) as nums FROM `wb_user` WHERE (  `ctime` > 1774423440  AND ( TIMESTAMPDIFF(DAY,from_unixtime(ctime),now()) <7 ) ) AND `wb_user`.`isdel` IS NULL GROUP BY DATE_FORMAT(from_unixtime(ctime),"%Y-%m-%d") [ RunTime:0.000178s ]
[ sql ] [ SQL ] SHOW COLUMNS FROM `wb_order` [ RunTime:0.000927s ]
[ sql ] [ SQL ] SELECT COUNT(*) AS tp_count FROM ( SELECT count(*) AS think_count FROM `wb_order` WHERE (  `ctime` < 1775028240  AND `ctime` >= 1774972800 ) AND `wb_order`.`isdel` IS NULL GROUP BY `user_id` ) `_group_count_` LIMIT 1 [ RunTime:0.000261s ]
[ sql ] [ SQL ] SELECT COUNT(*) AS tp_count FROM ( SELECT count(*) AS think_count FROM `wb_order` WHERE (  `ctime` < 1774972799  AND `ctime` >= 1774886400 ) AND `wb_order`.`isdel` IS NULL GROUP BY `user_id` ) `_group_count_` LIMIT 1 [ RunTime:0.000147s ]
[ sql ] [ SQL ] SELECT COUNT(*) AS tp_count FROM ( SELECT count(*) AS think_count FROM `wb_order` WHERE (  `ctime` < 1774886399  AND `ctime` >= 1774800000 ) AND `wb_order`.`isdel` IS NULL GROUP BY `user_id` ) `_group_count_` LIMIT 1 [ RunTime:0.000166s ]
[ sql ] [ SQL ] SELECT COUNT(*) AS tp_count FROM ( SELECT count(*) AS think_count FROM `wb_order` WHERE (  `ctime` < 1774799999  AND `ctime` >= 1774713600 ) AND `wb_order`.`isdel` IS NULL GROUP BY `user_id` ) `_group_count_` LIMIT 1 [ RunTime:0.000244s ]
[ sql ] [ SQL ] SELECT COUNT(*) AS tp_count FROM ( SELECT count(*) AS think_count FROM `wb_order` WHERE (  `ctime` < 1774713599  AND `ctime` >= 1774627200 ) AND `wb_order`.`isdel` IS NULL GROUP BY `user_id` ) `_group_count_` LIMIT 1 [ RunTime:0.000252s ]
[ sql ] [ SQL ] SELECT COUNT(*) AS tp_count FROM ( SELECT count(*) AS think_count FROM `wb_order` WHERE (  `ctime` < 1774627199  AND `ctime` >= 1774540800 ) AND `wb_order`.`isdel` IS NULL GROUP BY `user_id` ) `_group_count_` LIMIT 1 [ RunTime:0.000138s ]
[ sql ] [ SQL ] SELECT COUNT(*) AS tp_count FROM ( SELECT count(*) AS think_count FROM `wb_order` WHERE (  `ctime` < 1774540799  AND `ctime` >= 1774454400 ) AND `wb_order`.`isdel` IS NULL GROUP BY `user_id` ) `_group_count_` LIMIT 1 [ RunTime:0.000228s ]
---------------------------------------------------------------
[2026-04-01T15:24:02+08:00] 127.0.0.1 GET www.jiwankang.com/manage/money/index.html
[运行时间：0.045625s] [吞吐率：21.92req/s] [内存消耗：4,383.72kb] [文件加载：108]
[ info ] [ LANG ] E:\wwwroot\2026\04\jiwankang\thinkphp\lang\zh-cn.php
[ info ] [ ROUTE ] array (
)
[ info ] [ HEADER ] array (
  'upgrade-insecure-requests' => '1',
  'referer' => 'http://www.jiwankang.com/manage',
  'cookie' => 'PHPSESSID=6ge3q9cob417ort2dkkl8j63da',
  'accept-language' => 'zh-CN,zh;q=0.9',
  'accept-encoding' => 'gzip, deflate',
  'accept' => 'text/html,application/xhtml+xml,application/xml;q=0.9,image/avif,image/webp,image/apng,*/*;q=0.8,application/signed-exchange;v=b3;q=0.7',
  'user-agent' => 'Mozilla/5.0 (Windows NT 10.0; Win64; x64) AppleWebKit/537.36 (KHTML, like Gecko) Chrome/146.0.0.0 Safari/537.36',
  'host' => 'www.jiwankang.com',
  'content-length' => '',
  'content-type' => '',
)
[ info ] [ PARAM ] array (
)
[ info ] [ DB ] INIT mysql
[ info ] [ VIEW ] E:\wwwroot\2026\04\jiwankang\application\manage\view\money\index.html [ array (
  0 => 'params',
  1 => 'jshopHost',
  2 => 'shop_name',
) ]
[ sql ] [ DB ] CONNECT:[ UseTime:0.013422s ] mysql:host=127.0.0.1;port=3306;dbname=jiwankang;charset=utf8mb4
[ sql ] [ SQL ] SHOW COLUMNS FROM `wb_setting` [ RunTime:0.001118s ]
[ sql ] [ SQL ] SELECT * FROM `wb_setting` WHERE  `skey` = 'shop_name' LIMIT 1 [ RunTime:0.000317s ]
---------------------------------------------------------------
[2026-04-01T15:24:02+08:00] 127.0.0.1 GET www.jiwankang.com/manage/money/index.html?_ajax=1&page=1&limit=20
[运行时间：0.025922s] [吞吐率：38.58req/s] [内存消耗：4,498.98kb] [文件加载：110]
[ info ] [ LANG ] E:\wwwroot\2026\04\jiwankang\thinkphp\lang\zh-cn.php
[ info ] [ ROUTE ] array (
)
[ info ] [ HEADER ] array (
  'x-requested-with' => 'XMLHttpRequest',
  'referer' => 'http://www.jiwankang.com/manage/money/index.html',
  'cookie' => 'PHPSESSID=6ge3q9cob417ort2dkkl8j63da',
  'accept-language' => 'zh-CN,zh;q=0.9',
  'accept-encoding' => 'gzip, deflate',
  'accept' => 'application/json, text/javascript, */*; q=0.01',
  'user-agent' => 'Mozilla/5.0 (Windows NT 10.0; Win64; x64) AppleWebKit/537.36 (KHTML, like Gecko) Chrome/146.0.0.0 Safari/537.36',
  'host' => 'www.jiwankang.com',
  'content-length' => '',
  'content-type' => '',
)
[ info ] [ PARAM ] array (
  '_ajax' => '1',
  'page' => '1',
  'limit' => '20',
)
[ info ] [ DB ] INIT mysql
[ sql ] [ DB ] CONNECT:[ UseTime:0.000622s ] mysql:host=127.0.0.1;port=3306;dbname=jiwankang;charset=utf8mb4
[ sql ] [ SQL ] SHOW COLUMNS FROM `wb_setting` [ RunTime:0.000399s ]
[ sql ] [ SQL ] SELECT * FROM `wb_setting` WHERE  `skey` = 'shop_name' LIMIT 1 [ RunTime:0.000142s ]
[ sql ] [ SQL ] SHOW COLUMNS FROM `wb_money_log` [ RunTime:0.000282s ]
[ sql ] [ SQL ] SELECT COUNT(*) AS tp_count FROM `wb_money_log` LIMIT 1 [ RunTime:0.000086s ]
[ sql ] [ SQL ] SELECT * FROM `wb_money_log` LIMIT 0,20 [ RunTime:0.000106s ]
---------------------------------------------------------------
[2026-04-01T15:24:04+08:00] 127.0.0.1 GET www.jiwankang.com/manage
[运行时间：0.029035s] [吞吐率：34.44req/s] [内存消耗：4,604.76kb] [文件加载：110]
[ info ] [ LANG ] E:\wwwroot\2026\04\jiwankang\thinkphp\lang\zh-cn.php
[ info ] [ ROUTE ] array (
)
[ info ] [ HEADER ] array (
  'upgrade-insecure-requests' => '1',
  'referer' => 'http://www.jiwankang.com/manage/common/login.html',
  'cookie' => 'PHPSESSID=6ge3q9cob417ort2dkkl8j63da',
  'cache-control' => 'max-age=0',
  'accept-language' => 'zh-CN,zh;q=0.9',
  'accept-encoding' => 'gzip, deflate',
  'accept' => 'text/html,application/xhtml+xml,application/xml;q=0.9,image/avif,image/webp,image/apng,*/*;q=0.8,application/signed-exchange;v=b3;q=0.7',
  'user-agent' => 'Mozilla/5.0 (Windows NT 10.0; Win64; x64) AppleWebKit/537.36 (KHTML, like Gecko) Chrome/146.0.0.0 Safari/537.36',
  'host' => 'www.jiwankang.com',
  'content-length' => '',
  'content-type' => '',
)
[ info ] [ PARAM ] array (
)
[ info ] [ DB ] INIT mysql
[ info ] [ VIEW ] E:\wwwroot\2026\04\jiwankang\application\manage\view\index\index.html [ array (
  0 => 'params',
  1 => 'jshopHost',
  2 => 'shop_name',
  3 => 'menu',
  4 => 'kefu',
) ]
[ sql ] [ DB ] CONNECT:[ UseTime:0.001010s ] mysql:host=127.0.0.1;port=3306;dbname=jiwankang;charset=utf8mb4
[ sql ] [ SQL ] SHOW COLUMNS FROM `wb_setting` [ RunTime:0.000630s ]
[ sql ] [ SQL ] SELECT * FROM `wb_setting` WHERE  `skey` = 'shop_name' LIMIT 1 [ RunTime:0.000238s ]
[ sql ] [ SQL ] SELECT * FROM `wb_setting` WHERE  `skey` = 'ent_id' LIMIT 1 [ RunTime:0.000298s ]
[ error ] [8]未定义数组索引: selected[E:\wwwroot\2026\04\jiwankang\runtime\temp\0ebc0da97c722c413af6448a150993b9.php:118]
[ error ] [8]未定义数组索引: selected[E:\wwwroot\2026\04\jiwankang\runtime\temp\0ebc0da97c722c413af6448a150993b9.php:118]
[ error ] [8]未定义数组索引: selected[E:\wwwroot\2026\04\jiwankang\runtime\temp\0ebc0da97c722c413af6448a150993b9.php:118]
[ error ] [8]未定义数组索引: selected[E:\wwwroot\2026\04\jiwankang\runtime\temp\0ebc0da97c722c413af6448a150993b9.php:118]
[ error ] [8]未定义数组索引: selected[E:\wwwroot\2026\04\jiwankang\runtime\temp\0ebc0da97c722c413af6448a150993b9.php:118]
[ error ] [8]未定义数组索引: selected[E:\wwwroot\2026\04\jiwankang\runtime\temp\0ebc0da97c722c413af6448a150993b9.php:118]
[ error ] [8]未定义数组索引: selected[E:\wwwroot\2026\04\jiwankang\runtime\temp\0ebc0da97c722c413af6448a150993b9.php:118]
[ error ] [8]未定义数组索引: selected[E:\wwwroot\2026\04\jiwankang\runtime\temp\0ebc0da97c722c413af6448a150993b9.php:118]
[ error ] [8]未定义数组索引: selected[E:\wwwroot\2026\04\jiwankang\runtime\temp\0ebc0da97c722c413af6448a150993b9.php:118]
[ error ] [8]未定义数组索引: selected[E:\wwwroot\2026\04\jiwankang\runtime\temp\0ebc0da97c722c413af6448a150993b9.php:118]
[ error ] [8]未定义数组索引: selected[E:\wwwroot\2026\04\jiwankang\runtime\temp\0ebc0da97c722c413af6448a150993b9.php:118]
[ error ] [8]未定义数组索引: selected[E:\wwwroot\2026\04\jiwankang\runtime\temp\0ebc0da97c722c413af6448a150993b9.php:118]
[ error ] [8]未定义数组索引: selected[E:\wwwroot\2026\04\jiwankang\runtime\temp\0ebc0da97c722c413af6448a150993b9.php:118]
[ error ] [8]未定义数组索引: selected[E:\wwwroot\2026\04\jiwankang\runtime\temp\0ebc0da97c722c413af6448a150993b9.php:118]
[ error ] [8]未定义数组索引: selected[E:\wwwroot\2026\04\jiwankang\runtime\temp\0ebc0da97c722c413af6448a150993b9.php:118]
[ error ] [8]未定义数组索引: selected[E:\wwwroot\2026\04\jiwankang\runtime\temp\0ebc0da97c722c413af6448a150993b9.php:118]
[ error ] [8]未定义数组索引: selected[E:\wwwroot\2026\04\jiwankang\runtime\temp\0ebc0da97c722c413af6448a150993b9.php:118]
[ error ] [8]未定义数组索引: selected[E:\wwwroot\2026\04\jiwankang\runtime\temp\0ebc0da97c722c413af6448a150993b9.php:118]
[ error ] [8]未定义数组索引: selected[E:\wwwroot\2026\04\jiwankang\runtime\temp\0ebc0da97c722c413af6448a150993b9.php:118]
[ error ] [8]未定义数组索引: selected[E:\wwwroot\2026\04\jiwankang\runtime\temp\0ebc0da97c722c413af6448a150993b9.php:118]
---------------------------------------------------------------
[2026-04-01T15:24:04+08:00] 127.0.0.1 GET www.jiwankang.com/manage/index/welcome.html
[运行时间：0.040159s] [吞吐率：24.90req/s] [内存消耗：5,491.15kb] [文件加载：115]
[ info ] [ LANG ] E:\wwwroot\2026\04\jiwankang\thinkphp\lang\zh-cn.php
[ info ] [ ROUTE ] array (
)
[ info ] [ HEADER ] array (
  'upgrade-insecure-requests' => '1',
  'referer' => 'http://www.jiwankang.com/manage',
  'cookie' => 'PHPSESSID=6ge3q9cob417ort2dkkl8j63da',
  'accept-language' => 'zh-CN,zh;q=0.9',
  'accept-encoding' => 'gzip, deflate',
  'accept' => 'text/html,application/xhtml+xml,application/xml;q=0.9,image/avif,image/webp,image/apng,*/*;q=0.8,application/signed-exchange;v=b3;q=0.7',
  'user-agent' => 'Mozilla/5.0 (Windows NT 10.0; Win64; x64) AppleWebKit/537.36 (KHTML, like Gecko) Chrome/146.0.0.0 Safari/537.36',
  'host' => 'www.jiwankang.com',
  'content-length' => '',
  'content-type' => '',
)
[ info ] [ PARAM ] array (
)
[ info ] [ DB ] INIT mysql
[ info ] [ VIEW ] E:\wwwroot\2026\04\jiwankang\application\manage\view\index\welcome.html [ array (
  0 => 'params',
  1 => 'jshopHost',
  2 => 'shop_name',
  3 => 'unpaid_count',
  4 => 'unship_count',
  5 => 'after_sales_count',
  6 => 'goods_statics',
  7 => 'zijinchi',
  8 => 'todayTyOrder',
  9 => 'allTyOrder',
  10 => 'daibutie',
  11 => 'yibutie',
) ]
[ sql ] [ DB ] CONNECT:[ UseTime:0.000648s ] mysql:host=127.0.0.1;port=3306;dbname=jiwankang;charset=utf8mb4
[ sql ] [ SQL ] SHOW COLUMNS FROM `wb_setting` [ RunTime:0.000407s ]
[ sql ] [ SQL ] SELECT * FROM `wb_setting` WHERE  `skey` = 'shop_name' LIMIT 1 [ RunTime:0.000141s ]
[ sql ] [ SQL ] SHOW COLUMNS FROM `wb_order` [ RunTime:0.000739s ]
[ sql ] [ SQL ] SELECT COUNT(*) AS tp_count FROM `wb_order` WHERE (  `status` = 1  AND `pay_status` = 1  AND `ship_status` = 1 ) AND `wb_order`.`isdel` IS NULL LIMIT 1 [ RunTime:0.000294s ]
[ sql ] [ SQL ] SELECT COUNT(*) AS tp_count FROM `wb_order` WHERE (  `status` = 1  AND `pay_status` = 2  AND `ship_status` IN (1,2) ) AND `wb_order`.`isdel` IS NULL LIMIT 1 [ RunTime:0.000175s ]
[ sql ] [ SQL ] SHOW COLUMNS FROM `wb_bill_aftersales` [ RunTime:0.000334s ]
[ sql ] [ SQL ] SELECT COUNT(*) AS tp_count FROM `wb_bill_aftersales` WHERE  `status` = 1 LIMIT 1 [ RunTime:0.000112s ]
[ sql ] [ SQL ] SELECT * FROM `wb_setting` WHERE  `skey` = 'shop_name' LIMIT 1 [ RunTime:0.000098s ]
[ sql ] [ SQL ] SHOW COLUMNS FROM `wb_goods` [ RunTime:0.000357s ]
[ sql ] [ SQL ] SELECT COUNT(`id`) AS tp_count FROM `wb_goods` LIMIT 1 [ RunTime:0.000093s ]
[ sql ] [ SQL ] SELECT COUNT(`id`) AS tp_count FROM `wb_goods` WHERE  `marketable` = 1 LIMIT 1 [ RunTime:0.000084s ]
[ sql ] [ SQL ] SELECT COUNT(`id`) AS tp_count FROM `wb_goods` WHERE  `marketable` = 2 LIMIT 1 [ RunTime:0.000070s ]
[ sql ] [ SQL ] SELECT * FROM `wb_setting` WHERE  `skey` = 'goods_stocks_warn' LIMIT 1 [ RunTime:0.000080s ]
[ sql ] [ SQL ] SHOW COLUMNS FROM `wb_products` [ RunTime:0.000955s ]
[ sql ] [ SQL ] SELECT COUNT(*) AS tp_count FROM ( SELECT count(id) AS think_count FROM `wb_products` WHERE  ( IF(stock < freeze_stock, 0, stock - freeze_stock)<10 ) GROUP BY `goods_id` ) `_group_count_` LIMIT 1 [ RunTime:0.000268s ]
[ sql ] [ SQL ] SHOW COLUMNS FROM `wb_money` [ RunTime:0.000549s ]
[ sql ] [ SQL ] SELECT `money` FROM `wb_money` WHERE  `type` = 1 LIMIT 1 [ RunTime:0.000135s ]
[ sql ] [ SQL ] SELECT SUM(`payed`) AS tp_sum FROM `wb_order` WHERE (  `status` < 3  AND `pay_status` = 2  AND `ctime` BETWEEN 1774972800 AND 1775059200 ) AND `wb_order`.`isdel` IS NULL LIMIT 1 [ RunTime:0.000135s ]
[ sql ] [ SQL ] SELECT SUM(`payed`) AS tp_sum FROM `wb_order` WHERE (  `status` < 3  AND `pay_status` = 2 ) AND `wb_order`.`isdel` IS NULL LIMIT 1 [ RunTime:0.000091s ]
[ sql ] [ SQL ] SHOW COLUMNS FROM `wb_user` [ RunTime:0.000330s ]
[ sql ] [ SQL ] SELECT SUM(`butie`) AS tp_sum FROM `wb_user` WHERE `wb_user`.`isdel` IS NULL LIMIT 1 [ RunTime:0.000095s ]
[ sql ] [ SQL ] SELECT SUM(`ybuite`) AS tp_sum FROM `wb_user` WHERE `wb_user`.`isdel` IS NULL LIMIT 1 [ RunTime:0.000070s ]
---------------------------------------------------------------
[2026-04-01T15:24:04+08:00] 127.0.0.1 GET www.jiwankang.com/manage/administrator/userloglist/state/1.html
[运行时间：0.036904s] [吞吐率：27.10req/s] [内存消耗：4,570.61kb] [文件加载：110]
[ info ] [ LANG ] E:\wwwroot\2026\04\jiwankang\thinkphp\lang\zh-cn.php
[ info ] [ ROUTE ] array (
)
[ info ] [ HEADER ] array (
  'x-requested-with' => 'XMLHttpRequest',
  'referer' => 'http://www.jiwankang.com/manage/index/welcome.html',
  'cookie' => 'PHPSESSID=6ge3q9cob417ort2dkkl8j63da',
  'accept-language' => 'zh-CN,zh;q=0.9',
  'accept-encoding' => 'gzip, deflate',
  'accept' => '*/*',
  'user-agent' => 'Mozilla/5.0 (Windows NT 10.0; Win64; x64) AppleWebKit/537.36 (KHTML, like Gecko) Chrome/146.0.0.0 Safari/537.36',
  'host' => 'www.jiwankang.com',
  'content-length' => '',
  'content-type' => '',
)
[ info ] [ PARAM ] array (
  'state' => '1',
)
[ info ] [ DB ] INIT mysql
[ sql ] [ DB ] CONNECT:[ UseTime:0.001344s ] mysql:host=127.0.0.1;port=3306;dbname=jiwankang;charset=utf8mb4
[ sql ] [ SQL ] SHOW COLUMNS FROM `wb_setting` [ RunTime:0.000508s ]
[ sql ] [ SQL ] SELECT * FROM `wb_setting` WHERE  `skey` = 'shop_name' LIMIT 1 [ RunTime:0.000190s ]
[ sql ] [ SQL ] SHOW COLUMNS FROM `wb_user_log` [ RunTime:0.001161s ]
[ sql ] [ SQL ] SELECT COUNT(*) AS tp_count FROM `wb_user_log` WHERE  `state` = 1  AND `type` = 2 LIMIT 1 [ RunTime:0.000380s ]
[ sql ] [ SQL ] SELECT * FROM `wb_user_log` WHERE  `state` = 1  AND `type` = 2 ORDER BY `ctime` DESC LIMIT 0,10 [ RunTime:0.000368s ]
[ sql ] [ SQL ] SHOW COLUMNS FROM `wb_manage` [ RunTime:0.001325s ]
[ sql ] [ SQL ] SELECT `id`,`username`,`nickname`,`mobile` FROM `wb_manage` WHERE  `id` = 13 LIMIT 1 [ RunTime:0.000307s ]
[ sql ] [ SQL ] SELECT `id`,`username`,`nickname`,`mobile` FROM `wb_manage` WHERE  `id` = 13 LIMIT 1 [ RunTime:0.000185s ]
[ sql ] [ SQL ] SELECT `id`,`username`,`nickname`,`mobile` FROM `wb_manage` WHERE  `id` = 13 LIMIT 1 [ RunTime:0.000083s ]
[ sql ] [ SQL ] SELECT `id`,`username`,`nickname`,`mobile` FROM `wb_manage` WHERE  `id` = 13 LIMIT 1 [ RunTime:0.000073s ]
---------------------------------------------------------------
[2026-04-01T15:24:04+08:00] 127.0.0.1 GET www.jiwankang.com/manage/operation_log/getlastlog.html
[运行时间：0.070431s] [吞吐率：14.20req/s] [内存消耗：4,525.98kb] [文件加载：110]
[ info ] [ LANG ] E:\wwwroot\2026\04\jiwankang\thinkphp\lang\zh-cn.php
[ info ] [ ROUTE ] array (
)
[ info ] [ HEADER ] array (
  'x-requested-with' => 'XMLHttpRequest',
  'referer' => 'http://www.jiwankang.com/manage/index/welcome.html',
  'cookie' => 'PHPSESSID=6ge3q9cob417ort2dkkl8j63da',
  'accept-language' => 'zh-CN,zh;q=0.9',
  'accept-encoding' => 'gzip, deflate',
  'accept' => 'application/json, text/javascript, */*; q=0.01',
  'user-agent' => 'Mozilla/5.0 (Windows NT 10.0; Win64; x64) AppleWebKit/537.36 (KHTML, like Gecko) Chrome/146.0.0.0 Safari/537.36',
  'host' => 'www.jiwankang.com',
  'content-length' => '',
  'content-type' => '',
)
[ info ] [ PARAM ] array (
)
[ info ] [ DB ] INIT mysql
[ sql ] [ DB ] CONNECT:[ UseTime:0.019689s ] mysql:host=127.0.0.1;port=3306;dbname=jiwankang;charset=utf8mb4
[ sql ] [ SQL ] SHOW COLUMNS FROM `wb_setting` [ RunTime:0.001272s ]
[ sql ] [ SQL ] SELECT * FROM `wb_setting` WHERE  `skey` = 'shop_name' LIMIT 1 [ RunTime:0.000492s ]
[ sql ] [ SQL ] SHOW COLUMNS FROM `wb_operation_log` [ RunTime:0.000628s ]
[ sql ] [ SQL ] SELECT COUNT(*) AS tp_count FROM `wb_operation_log` LIMIT 1 [ RunTime:0.000156s ]
[ sql ] [ SQL ] SELECT * FROM `wb_operation_log` ORDER BY `id` DESC LIMIT 0,10 [ RunTime:0.000124s ]
[ sql ] [ SQL ] SHOW COLUMNS FROM `wb_manage` [ RunTime:0.000293s ]
[ sql ] [ SQL ] SELECT * FROM `wb_manage` WHERE  `id` = 13 LIMIT 1 [ RunTime:0.000124s ]
[ sql ] [ SQL ] SELECT * FROM `wb_manage` WHERE  `id` = 13 LIMIT 1 [ RunTime:0.000190s ]
[ sql ] [ SQL ] SELECT * FROM `wb_manage` WHERE  `id` = 13 LIMIT 1 [ RunTime:0.000172s ]
[ sql ] [ SQL ] SELECT * FROM `wb_manage` WHERE  `id` = 13 LIMIT 1 [ RunTime:0.000140s ]
[ sql ] [ SQL ] SELECT * FROM `wb_manage` WHERE  `id` = 13 LIMIT 1 [ RunTime:0.000088s ]
[ sql ] [ SQL ] SELECT * FROM `wb_manage` WHERE  `id` = 13 LIMIT 1 [ RunTime:0.000075s ]
[ sql ] [ SQL ] SELECT * FROM `wb_manage` WHERE  `id` = 13 LIMIT 1 [ RunTime:0.000075s ]
[ sql ] [ SQL ] SELECT * FROM `wb_manage` WHERE  `id` = 13 LIMIT 1 [ RunTime:0.000074s ]
[ sql ] [ SQL ] SELECT * FROM `wb_manage` WHERE  `id` = 13 LIMIT 1 [ RunTime:0.000073s ]
[ sql ] [ SQL ] SELECT * FROM `wb_manage` WHERE  `id` = 13 LIMIT 1 [ RunTime:0.000073s ]
---------------------------------------------------------------
[2026-04-01T15:24:04+08:00] 127.0.0.1 GET www.jiwankang.com/manage/order/statistics.html
[运行时间：0.088266s] [吞吐率：11.33req/s] [内存消耗：4,694.27kb] [文件加载：110]
[ info ] [ LANG ] E:\wwwroot\2026\04\jiwankang\thinkphp\lang\zh-cn.php
[ info ] [ ROUTE ] array (
)
[ info ] [ HEADER ] array (
  'x-requested-with' => 'XMLHttpRequest',
  'referer' => 'http://www.jiwankang.com/manage/index/welcome.html',
  'cookie' => 'PHPSESSID=6ge3q9cob417ort2dkkl8j63da',
  'accept-language' => 'zh-CN,zh;q=0.9',
  'accept-encoding' => 'gzip, deflate',
  'accept' => '*/*',
  'user-agent' => 'Mozilla/5.0 (Windows NT 10.0; Win64; x64) AppleWebKit/537.36 (KHTML, like Gecko) Chrome/146.0.0.0 Safari/537.36',
  'host' => 'www.jiwankang.com',
  'content-length' => '',
  'content-type' => '',
)
[ info ] [ PARAM ] array (
)
[ info ] [ DB ] INIT mysql
[ sql ] [ DB ] CONNECT:[ UseTime:0.002366s ] mysql:host=127.0.0.1;port=3306;dbname=jiwankang;charset=utf8mb4
[ sql ] [ SQL ] SHOW COLUMNS FROM `wb_setting` [ RunTime:0.001455s ]
[ sql ] [ SQL ] SELECT * FROM `wb_setting` WHERE  `skey` = 'shop_name' LIMIT 1 [ RunTime:0.000599s ]
[ sql ] [ SQL ] SHOW COLUMNS FROM `wb_bill_payments` [ RunTime:0.001309s ]
[ sql ] [ SQL ] SELECT count(1) AS `nums`,DATE_FORMAT(FROM_UNIXTIME(ctime),"%Y-%m-%d") AS `day` FROM `wb_bill_payments` WHERE  `status` = 2  AND `type` = 1  AND ( FROM_UNIXTIME(ctime) >= 2026-03-25 ) GROUP BY DATE_FORMAT(FROM_UNIXTIME(ctime),"%Y-%m-%d") [ RunTime:0.000283s ]
[ sql ] [ SQL ] SHOW COLUMNS FROM `wb_bill_delivery` [ RunTime:0.000883s ]
[ sql ] [ SQL ] SELECT count(1) AS `nums`,DATE_FORMAT(FROM_UNIXTIME(ctime),"%Y-%m-%d") AS `day` FROM `wb_bill_delivery` WHERE  ( FROM_UNIXTIME(ctime) >= 2026-03-25 ) GROUP BY DATE_FORMAT(FROM_UNIXTIME(ctime),"%Y-%m-%d") [ RunTime:0.000179s ]
---------------------------------------------------------------
[2026-04-01T15:24:04+08:00] 127.0.0.1 GET www.jiwankang.com/manage/user/statistics.html
[运行时间：0.105330s] [吞吐率：9.49req/s] [内存消耗：5,023.93kb] [文件加载：111]
[ info ] [ LANG ] E:\wwwroot\2026\04\jiwankang\thinkphp\lang\zh-cn.php
[ info ] [ ROUTE ] array (
)
[ info ] [ HEADER ] array (
  'x-requested-with' => 'XMLHttpRequest',
  'referer' => 'http://www.jiwankang.com/manage/index/welcome.html',
  'cookie' => 'PHPSESSID=6ge3q9cob417ort2dkkl8j63da',
  'accept-language' => 'zh-CN,zh;q=0.9',
  'accept-encoding' => 'gzip, deflate',
  'accept' => '*/*',
  'user-agent' => 'Mozilla/5.0 (Windows NT 10.0; Win64; x64) AppleWebKit/537.36 (KHTML, like Gecko) Chrome/146.0.0.0 Safari/537.36',
  'host' => 'www.jiwankang.com',
  'content-length' => '',
  'content-type' => '',
)
[ info ] [ PARAM ] array (
)
[ info ] [ DB ] INIT mysql
[ sql ] [ DB ] CONNECT:[ UseTime:0.000947s ] mysql:host=127.0.0.1;port=3306;dbname=jiwankang;charset=utf8mb4
[ sql ] [ SQL ] SHOW COLUMNS FROM `wb_setting` [ RunTime:0.000525s ]
[ sql ] [ SQL ] SELECT * FROM `wb_setting` WHERE  `skey` = 'shop_name' LIMIT 1 [ RunTime:0.000225s ]
[ sql ] [ SQL ] SHOW COLUMNS FROM `wb_user` [ RunTime:0.000378s ]
[ sql ] [ SQL ] SELECT DATE_FORMAT(from_unixtime(ctime),"%Y-%m-%d") as day, count(*) as nums FROM `wb_user` WHERE (  `ctime` > 1774423444  AND ( TIMESTAMPDIFF(DAY,from_unixtime(ctime),now()) <7 ) ) AND `wb_user`.`isdel` IS NULL GROUP BY DATE_FORMAT(from_unixtime(ctime),"%Y-%m-%d") [ RunTime:0.000186s ]
[ sql ] [ SQL ] SHOW COLUMNS FROM `wb_order` [ RunTime:0.000378s ]
[ sql ] [ SQL ] SELECT COUNT(*) AS tp_count FROM ( SELECT count(*) AS think_count FROM `wb_order` WHERE (  `ctime` < 1775028244  AND `ctime` >= 1774972800 ) AND `wb_order`.`isdel` IS NULL GROUP BY `user_id` ) `_group_count_` LIMIT 1 [ RunTime:0.000178s ]
[ sql ] [ SQL ] SELECT COUNT(*) AS tp_count FROM ( SELECT count(*) AS think_count FROM `wb_order` WHERE (  `ctime` < 1774972799  AND `ctime` >= 1774886400 ) AND `wb_order`.`isdel` IS NULL GROUP BY `user_id` ) `_group_count_` LIMIT 1 [ RunTime:0.000117s ]
[ sql ] [ SQL ] SELECT COUNT(*) AS tp_count FROM ( SELECT count(*) AS think_count FROM `wb_order` WHERE (  `ctime` < 1774886399  AND `ctime` >= 1774800000 ) AND `wb_order`.`isdel` IS NULL GROUP BY `user_id` ) `_group_count_` LIMIT 1 [ RunTime:0.000101s ]
[ sql ] [ SQL ] SELECT COUNT(*) AS tp_count FROM ( SELECT count(*) AS think_count FROM `wb_order` WHERE (  `ctime` < 1774799999  AND `ctime` >= 1774713600 ) AND `wb_order`.`isdel` IS NULL GROUP BY `user_id` ) `_group_count_` LIMIT 1 [ RunTime:0.000096s ]
[ sql ] [ SQL ] SELECT COUNT(*) AS tp_count FROM ( SELECT count(*) AS think_count FROM `wb_order` WHERE (  `ctime` < 1774713599  AND `ctime` >= 1774627200 ) AND `wb_order`.`isdel` IS NULL GROUP BY `user_id` ) `_group_count_` LIMIT 1 [ RunTime:0.000093s ]
[ sql ] [ SQL ] SELECT COUNT(*) AS tp_count FROM ( SELECT count(*) AS think_count FROM `wb_order` WHERE (  `ctime` < 1774627199  AND `ctime` >= 1774540800 ) AND `wb_order`.`isdel` IS NULL GROUP BY `user_id` ) `_group_count_` LIMIT 1 [ RunTime:0.000232s ]
[ sql ] [ SQL ] SELECT COUNT(*) AS tp_count FROM ( SELECT count(*) AS think_count FROM `wb_order` WHERE (  `ctime` < 1774540799  AND `ctime` >= 1774454400 ) AND `wb_order`.`isdel` IS NULL GROUP BY `user_id` ) `_group_count_` LIMIT 1 [ RunTime:0.000144s ]
---------------------------------------------------------------
[2026-04-01T15:24:05+08:00] 127.0.0.1 GET www.jiwankang.com/manage/order/index.html
[运行时间：0.056718s] [吞吐率：17.63req/s] [内存消耗：5,364.66kb] [文件加载：115]
[ info ] [ LANG ] E:\wwwroot\2026\04\jiwankang\thinkphp\lang\zh-cn.php
[ info ] [ ROUTE ] array (
)
[ info ] [ HEADER ] array (
  'upgrade-insecure-requests' => '1',
  'referer' => 'http://www.jiwankang.com/manage',
  'cookie' => 'PHPSESSID=6ge3q9cob417ort2dkkl8j63da',
  'accept-language' => 'zh-CN,zh;q=0.9',
  'accept-encoding' => 'gzip, deflate',
  'accept' => 'text/html,application/xhtml+xml,application/xml;q=0.9,image/avif,image/webp,image/apng,*/*;q=0.8,application/signed-exchange;v=b3;q=0.7',
  'user-agent' => 'Mozilla/5.0 (Windows NT 10.0; Win64; x64) AppleWebKit/537.36 (KHTML, like Gecko) Chrome/146.0.0.0 Safari/537.36',
  'host' => 'www.jiwankang.com',
  'content-length' => '',
  'content-type' => '',
)
[ info ] [ PARAM ] array (
)
[ info ] [ DB ] INIT mysql
[ info ] [ VIEW ] E:\wwwroot\2026\04\jiwankang\application\manage\view\order\index.html [ array (
  0 => 'params',
  1 => 'jshopHost',
  2 => 'shop_name',
  3 => 'count',
  4 => 'storelist',
) ]
[ sql ] [ DB ] CONNECT:[ UseTime:0.017723s ] mysql:host=127.0.0.1;port=3306;dbname=jiwankang;charset=utf8mb4
[ sql ] [ SQL ] SHOW COLUMNS FROM `wb_setting` [ RunTime:0.000762s ]
[ sql ] [ SQL ] SELECT * FROM `wb_setting` WHERE  `skey` = 'shop_name' LIMIT 1 [ RunTime:0.000224s ]
[ sql ] [ SQL ] SHOW COLUMNS FROM `wb_order` [ RunTime:0.000433s ]
[ sql ] [ SQL ] SELECT COUNT(*) AS tp_count FROM `wb_order` WHERE `wb_order`.`isdel` IS NULL LIMIT 1 [ RunTime:0.000127s ]
[ sql ] [ SQL ] SELECT COUNT(*) AS tp_count FROM `wb_order` WHERE (  `status` = 1  AND `pay_status` = 1 ) AND `wb_order`.`isdel` IS NULL LIMIT 1 [ RunTime:0.000107s ]
[ sql ] [ SQL ] SELECT COUNT(*) AS tp_count FROM `wb_order` WHERE (  `status` = 1  AND `pay_status` <> 1  AND `ship_status` IN (1,2) ) AND `wb_order`.`isdel` IS NULL LIMIT 1 [ RunTime:0.000099s ]
[ sql ] [ SQL ] SELECT COUNT(*) AS tp_count FROM `wb_order` WHERE (  `status` = 1  AND `ship_status` IN (3,2)  AND `confirm` = 1 ) AND `wb_order`.`isdel` IS NULL LIMIT 1 [ RunTime:0.000087s ]
[ sql ] [ SQL ] SELECT COUNT(*) AS tp_count FROM `wb_order` WHERE (  `status` = 1  AND `pay_status` <> 1  AND `ship_status` <> 1  AND `confirm` = 2  AND `is_comment` = 1 ) AND `wb_order`.`isdel` IS NULL LIMIT 1 [ RunTime:0.000089s ]
[ sql ] [ SQL ] SELECT COUNT(*) AS tp_count FROM `wb_order` WHERE (  `status` = 1  AND `pay_status` <> 1  AND `ship_status` <> 1  AND `confirm` = 2  AND `is_comment` = 2 ) AND `wb_order`.`isdel` IS NULL LIMIT 1 [ RunTime:0.000085s ]
[ sql ] [ SQL ] SELECT COUNT(*) AS tp_count FROM `wb_order` WHERE (  `status` = 2 ) AND `wb_order`.`isdel` IS NULL LIMIT 1 [ RunTime:0.000074s ]
[ sql ] [ SQL ] SELECT COUNT(*) AS tp_count FROM `wb_order` WHERE (  `status` = 3 ) AND `wb_order`.`isdel` IS NULL LIMIT 1 [ RunTime:0.000072s ]
[ sql ] [ SQL ] SHOW COLUMNS FROM `wb_store` [ RunTime:0.000800s ]
[ sql ] [ SQL ] SELECT * FROM `wb_store` [ RunTime:0.000108s ]
---------------------------------------------------------------
[2026-04-01T15:24:05+08:00] 127.0.0.1 POST www.jiwankang.com/manage/order/index.html
[运行时间：0.054414s] [吞吐率：18.38req/s] [内存消耗：5,401.12kb] [文件加载：115]
[ info ] [ LANG ] E:\wwwroot\2026\04\jiwankang\thinkphp\lang\zh-cn.php
[ info ] [ ROUTE ] array (
)
[ info ] [ HEADER ] array (
  'x-requested-with' => 'XMLHttpRequest',
  'referer' => 'http://www.jiwankang.com/manage/order/index.html',
  'origin' => 'http://www.jiwankang.com',
  'cookie' => 'PHPSESSID=6ge3q9cob417ort2dkkl8j63da',
  'content-type' => 'application/x-www-form-urlencoded; charset=UTF-8',
  'accept-language' => 'zh-CN,zh;q=0.9',
  'accept-encoding' => 'gzip, deflate',
  'accept' => 'application/json, text/javascript, */*; q=0.01',
  'content-length' => '15',
  'user-agent' => 'Mozilla/5.0 (Windows NT 10.0; Win64; x64) AppleWebKit/537.36 (KHTML, like Gecko) Chrome/146.0.0.0 Safari/537.36',
  'host' => 'www.jiwankang.com',
)
[ info ] [ PARAM ] array (
  'page' => '1',
  'limit' => '20',
)
[ info ] [ DB ] INIT mysql
[ sql ] [ DB ] CONNECT:[ UseTime:0.001196s ] mysql:host=127.0.0.1;port=3306;dbname=jiwankang;charset=utf8mb4
[ sql ] [ SQL ] SHOW COLUMNS FROM `wb_setting` [ RunTime:0.000413s ]
[ sql ] [ SQL ] SELECT * FROM `wb_setting` WHERE  `skey` = 'shop_name' LIMIT 1 [ RunTime:0.000149s ]
[ sql ] [ SQL ] SHOW COLUMNS FROM `wb_order` [ RunTime:0.000393s ]
[ sql ] [ SQL ] SELECT `o`.`order_id`,`o`.`point`,`o`.`user_id`,`o`.`ctime`,`o`.`ship_mobile`,`o`.`ship_address`,`o`.`status`,`o`.`pay_status`,`o`.`ship_status`,`o`.`confirm`,`o`.`is_comment`,`o`.`order_amount`,`o`.`source`,`o`.`ship_area_id`,`o`.`ship_name`,`o`.`mark`,`o`.`order_type`,`o`.`store_id` FROM `wb_order` `o` LEFT JOIN `wb_user` `u` ON `o`.`user_id`=`u`.`id` WHERE `o`.`isdel` IS NULL ORDER BY `ctime` DESC LIMIT 0,20 [ RunTime:0.000209s ]
[ sql ] [ SQL ] SHOW COLUMNS FROM `wb_bill_aftersales` [ RunTime:0.000244s ]
[ sql ] [ SQL ] SELECT * FROM `wb_bill_aftersales` WHERE  `order_id` IN ('S04011446465005','S04011446193341','S04011440425714','S04011439326329','S04011435366644') [ RunTime:0.000139s ]
[ sql ] [ SQL ] SELECT COUNT(*) AS tp_count FROM `wb_order` `o` LEFT JOIN `wb_user` `u` ON `o`.`user_id`=`u`.`id` WHERE `o`.`isdel` IS NULL LIMIT 1 [ RunTime:0.000179s ]
[ sql ] [ SQL ] SHOW COLUMNS FROM `wb_user` [ RunTime:0.000344s ]
[ sql ] [ SQL ] SELECT `nickname` FROM `wb_user` WHERE (  `id` = 1 ) AND `wb_user`.`isdel` IS NULL LIMIT 1 [ RunTime:0.000111s ]
[ sql ] [ SQL ] SHOW COLUMNS FROM `wb_area` [ RunTime:0.000246s ]
[ sql ] [ SQL ] SELECT `id`,`name`,`parent_id`,`postal_code` FROM `wb_area` WHERE  `id` = 150525 LIMIT 1 [ RunTime:0.000104s ]
[ sql ] [ SQL ] SELECT `id`,`name`,`parent_id`,`postal_code` FROM `wb_area` WHERE  `parent_id` = 150500 [ RunTime:0.000669s ]
[ sql ] [ SQL ] SELECT `id`,`name`,`parent_id`,`postal_code` FROM `wb_area` WHERE  `id` = 150500 LIMIT 1 [ RunTime:0.000084s ]
[ sql ] [ SQL ] SELECT `id`,`name`,`parent_id`,`postal_code` FROM `wb_area` WHERE  `parent_id` = 150000 [ RunTime:0.000626s ]
[ sql ] [ SQL ] SELECT `id`,`name`,`parent_id`,`postal_code` FROM `wb_area` WHERE  `id` = 150000 LIMIT 1 [ RunTime:0.000075s ]
[ sql ] [ SQL ] SELECT `id`,`name`,`parent_id`,`postal_code` FROM `wb_area` WHERE  `parent_id` = 0 [ RunTime:0.000629s ]
[ sql ] [ SQL ] SHOW COLUMNS FROM `wb_store` [ RunTime:0.001738s ]
[ sql ] [ SQL ] SELECT `store_name` FROM `wb_store` WHERE  `id` = 0 LIMIT 1 [ RunTime:0.000444s ]
[ sql ] [ SQL ] SELECT `nickname` FROM `wb_user` WHERE (  `id` = 1 ) AND `wb_user`.`isdel` IS NULL LIMIT 1 [ RunTime:0.000393s ]
[ sql ] [ SQL ] SELECT `id`,`name`,`parent_id`,`postal_code` FROM `wb_area` WHERE  `id` = 150525 LIMIT 1 [ RunTime:0.000232s ]
[ sql ] [ SQL ] SELECT `id`,`name`,`parent_id`,`postal_code` FROM `wb_area` WHERE  `parent_id` = 150500 [ RunTime:0.000736s ]
[ sql ] [ SQL ] SELECT `id`,`name`,`parent_id`,`postal_code` FROM `wb_area` WHERE  `id` = 150500 LIMIT 1 [ RunTime:0.000094s ]
[ sql ] [ SQL ] SELECT `id`,`name`,`parent_id`,`postal_code` FROM `wb_area` WHERE  `parent_id` = 150000 [ RunTime:0.000632s ]
[ sql ] [ SQL ] SELECT `id`,`name`,`parent_id`,`postal_code` FROM `wb_area` WHERE  `id` = 150000 LIMIT 1 [ RunTime:0.000077s ]
[ sql ] [ SQL ] SELECT `id`,`name`,`parent_id`,`postal_code` FROM `wb_area` WHERE  `parent_id` = 0 [ RunTime:0.000635s ]
[ sql ] [ SQL ] SELECT `store_name` FROM `wb_store` WHERE  `id` = 0 LIMIT 1 [ RunTime:0.000078s ]
[ sql ] [ SQL ] SELECT `nickname` FROM `wb_user` WHERE (  `id` = 1 ) AND `wb_user`.`isdel` IS NULL LIMIT 1 [ RunTime:0.000082s ]
[ sql ] [ SQL ] SELECT `id`,`name`,`parent_id`,`postal_code` FROM `wb_area` WHERE  `id` = 150525 LIMIT 1 [ RunTime:0.000079s ]
[ sql ] [ SQL ] SELECT `id`,`name`,`parent_id`,`postal_code` FROM `wb_area` WHERE  `parent_id` = 150500 [ RunTime:0.000623s ]
[ sql ] [ SQL ] SELECT `id`,`name`,`parent_id`,`postal_code` FROM `wb_area` WHERE  `id` = 150500 LIMIT 1 [ RunTime:0.000076s ]
[ sql ] [ SQL ] SELECT `id`,`name`,`parent_id`,`postal_code` FROM `wb_area` WHERE  `parent_id` = 150000 [ RunTime:0.000623s ]
[ sql ] [ SQL ] SELECT `id`,`name`,`parent_id`,`postal_code` FROM `wb_area` WHERE  `id` = 150000 LIMIT 1 [ RunTime:0.000072s ]
[ sql ] [ SQL ] SELECT `id`,`name`,`parent_id`,`postal_code` FROM `wb_area` WHERE  `parent_id` = 0 [ RunTime:0.000629s ]
[ sql ] [ SQL ] SELECT `store_name` FROM `wb_store` WHERE  `id` = 0 LIMIT 1 [ RunTime:0.000071s ]
[ sql ] [ SQL ] SELECT `nickname` FROM `wb_user` WHERE (  `id` = 1 ) AND `wb_user`.`isdel` IS NULL LIMIT 1 [ RunTime:0.000074s ]
[ sql ] [ SQL ] SELECT `id`,`name`,`parent_id`,`postal_code` FROM `wb_area` WHERE  `id` = 150525 LIMIT 1 [ RunTime:0.000072s ]
[ sql ] [ SQL ] SELECT `id`,`name`,`parent_id`,`postal_code` FROM `wb_area` WHERE  `parent_id` = 150500 [ RunTime:0.000621s ]
[ sql ] [ SQL ] SELECT `id`,`name`,`parent_id`,`postal_code` FROM `wb_area` WHERE  `id` = 150500 LIMIT 1 [ RunTime:0.000138s ]
[ sql ] [ SQL ] SELECT `id`,`name`,`parent_id`,`postal_code` FROM `wb_area` WHERE  `parent_id` = 150000 [ RunTime:0.000645s ]
[ sql ] [ SQL ] SELECT `id`,`name`,`parent_id`,`postal_code` FROM `wb_area` WHERE  `id` = 150000 LIMIT 1 [ RunTime:0.000089s ]
[ sql ] [ SQL ] SELECT `id`,`name`,`parent_id`,`postal_code` FROM `wb_area` WHERE  `parent_id` = 0 [ RunTime:0.000625s ]
[ sql ] [ SQL ] SELECT `store_name` FROM `wb_store` WHERE  `id` = 0 LIMIT 1 [ RunTime:0.000074s ]
[ sql ] [ SQL ] SELECT `nickname` FROM `wb_user` WHERE (  `id` = 1 ) AND `wb_user`.`isdel` IS NULL LIMIT 1 [ RunTime:0.000077s ]
[ sql ] [ SQL ] SELECT `id`,`name`,`parent_id`,`postal_code` FROM `wb_area` WHERE  `id` = 150525 LIMIT 1 [ RunTime:0.000073s ]
[ sql ] [ SQL ] SELECT `id`,`name`,`parent_id`,`postal_code` FROM `wb_area` WHERE  `parent_id` = 150500 [ RunTime:0.000622s ]
[ sql ] [ SQL ] SELECT `id`,`name`,`parent_id`,`postal_code` FROM `wb_area` WHERE  `id` = 150500 LIMIT 1 [ RunTime:0.000072s ]
[ sql ] [ SQL ] SELECT `id`,`name`,`parent_id`,`postal_code` FROM `wb_area` WHERE  `parent_id` = 150000 [ RunTime:0.000617s ]
[ sql ] [ SQL ] SELECT `id`,`name`,`parent_id`,`postal_code` FROM `wb_area` WHERE  `id` = 150000 LIMIT 1 [ RunTime:0.000072s ]
[ sql ] [ SQL ] SELECT `id`,`name`,`parent_id`,`postal_code` FROM `wb_area` WHERE  `parent_id` = 0 [ RunTime:0.000622s ]
[ sql ] [ SQL ] SELECT `store_name` FROM `wb_store` WHERE  `id` = 0 LIMIT 1 [ RunTime:0.000073s ]
---------------------------------------------------------------
[2026-04-01T15:24:07+08:00] 127.0.0.1 GET www.jiwankang.com/manage
[运行时间：0.028752s] [吞吐率：34.78req/s] [内存消耗：4,604.76kb] [文件加载：110]
[ info ] [ LANG ] E:\wwwroot\2026\04\jiwankang\thinkphp\lang\zh-cn.php
[ info ] [ ROUTE ] array (
)
[ info ] [ HEADER ] array (
  'upgrade-insecure-requests' => '1',
  'referer' => 'http://www.jiwankang.com/manage/common/login.html',
  'cookie' => 'PHPSESSID=6ge3q9cob417ort2dkkl8j63da',
  'cache-control' => 'max-age=0',
  'accept-language' => 'zh-CN,zh;q=0.9',
  'accept-encoding' => 'gzip, deflate',
  'accept' => 'text/html,application/xhtml+xml,application/xml;q=0.9,image/avif,image/webp,image/apng,*/*;q=0.8,application/signed-exchange;v=b3;q=0.7',
  'user-agent' => 'Mozilla/5.0 (Windows NT 10.0; Win64; x64) AppleWebKit/537.36 (KHTML, like Gecko) Chrome/146.0.0.0 Safari/537.36',
  'host' => 'www.jiwankang.com',
  'content-length' => '',
  'content-type' => '',
)
[ info ] [ PARAM ] array (
)
[ info ] [ DB ] INIT mysql
[ info ] [ VIEW ] E:\wwwroot\2026\04\jiwankang\application\manage\view\index\index.html [ array (
  0 => 'params',
  1 => 'jshopHost',
  2 => 'shop_name',
  3 => 'menu',
  4 => 'kefu',
) ]
[ sql ] [ DB ] CONNECT:[ UseTime:0.001264s ] mysql:host=127.0.0.1;port=3306;dbname=jiwankang;charset=utf8mb4
[ sql ] [ SQL ] SHOW COLUMNS FROM `wb_setting` [ RunTime:0.000716s ]
[ sql ] [ SQL ] SELECT * FROM `wb_setting` WHERE  `skey` = 'shop_name' LIMIT 1 [ RunTime:0.000156s ]
[ sql ] [ SQL ] SELECT * FROM `wb_setting` WHERE  `skey` = 'ent_id' LIMIT 1 [ RunTime:0.000166s ]
[ error ] [8]未定义数组索引: selected[E:\wwwroot\2026\04\jiwankang\runtime\temp\0ebc0da97c722c413af6448a150993b9.php:118]
[ error ] [8]未定义数组索引: selected[E:\wwwroot\2026\04\jiwankang\runtime\temp\0ebc0da97c722c413af6448a150993b9.php:118]
[ error ] [8]未定义数组索引: selected[E:\wwwroot\2026\04\jiwankang\runtime\temp\0ebc0da97c722c413af6448a150993b9.php:118]
[ error ] [8]未定义数组索引: selected[E:\wwwroot\2026\04\jiwankang\runtime\temp\0ebc0da97c722c413af6448a150993b9.php:118]
[ error ] [8]未定义数组索引: selected[E:\wwwroot\2026\04\jiwankang\runtime\temp\0ebc0da97c722c413af6448a150993b9.php:118]
[ error ] [8]未定义数组索引: selected[E:\wwwroot\2026\04\jiwankang\runtime\temp\0ebc0da97c722c413af6448a150993b9.php:118]
[ error ] [8]未定义数组索引: selected[E:\wwwroot\2026\04\jiwankang\runtime\temp\0ebc0da97c722c413af6448a150993b9.php:118]
[ error ] [8]未定义数组索引: selected[E:\wwwroot\2026\04\jiwankang\runtime\temp\0ebc0da97c722c413af6448a150993b9.php:118]
[ error ] [8]未定义数组索引: selected[E:\wwwroot\2026\04\jiwankang\runtime\temp\0ebc0da97c722c413af6448a150993b9.php:118]
[ error ] [8]未定义数组索引: selected[E:\wwwroot\2026\04\jiwankang\runtime\temp\0ebc0da97c722c413af6448a150993b9.php:118]
[ error ] [8]未定义数组索引: selected[E:\wwwroot\2026\04\jiwankang\runtime\temp\0ebc0da97c722c413af6448a150993b9.php:118]
[ error ] [8]未定义数组索引: selected[E:\wwwroot\2026\04\jiwankang\runtime\temp\0ebc0da97c722c413af6448a150993b9.php:118]
[ error ] [8]未定义数组索引: selected[E:\wwwroot\2026\04\jiwankang\runtime\temp\0ebc0da97c722c413af6448a150993b9.php:118]
[ error ] [8]未定义数组索引: selected[E:\wwwroot\2026\04\jiwankang\runtime\temp\0ebc0da97c722c413af6448a150993b9.php:118]
[ error ] [8]未定义数组索引: selected[E:\wwwroot\2026\04\jiwankang\runtime\temp\0ebc0da97c722c413af6448a150993b9.php:118]
[ error ] [8]未定义数组索引: selected[E:\wwwroot\2026\04\jiwankang\runtime\temp\0ebc0da97c722c413af6448a150993b9.php:118]
[ error ] [8]未定义数组索引: selected[E:\wwwroot\2026\04\jiwankang\runtime\temp\0ebc0da97c722c413af6448a150993b9.php:118]
[ error ] [8]未定义数组索引: selected[E:\wwwroot\2026\04\jiwankang\runtime\temp\0ebc0da97c722c413af6448a150993b9.php:118]
[ error ] [8]未定义数组索引: selected[E:\wwwroot\2026\04\jiwankang\runtime\temp\0ebc0da97c722c413af6448a150993b9.php:118]
[ error ] [8]未定义数组索引: selected[E:\wwwroot\2026\04\jiwankang\runtime\temp\0ebc0da97c722c413af6448a150993b9.php:118]
---------------------------------------------------------------
[2026-04-01T15:24:07+08:00] 127.0.0.1 GET www.jiwankang.com/manage/index/welcome.html
[运行时间：0.038183s] [吞吐率：26.19req/s] [内存消耗：5,491.15kb] [文件加载：115]
[ info ] [ LANG ] E:\wwwroot\2026\04\jiwankang\thinkphp\lang\zh-cn.php
[ info ] [ ROUTE ] array (
)
[ info ] [ HEADER ] array (
  'upgrade-insecure-requests' => '1',
  'referer' => 'http://www.jiwankang.com/manage',
  'cookie' => 'PHPSESSID=6ge3q9cob417ort2dkkl8j63da',
  'accept-language' => 'zh-CN,zh;q=0.9',
  'accept-encoding' => 'gzip, deflate',
  'accept' => 'text/html,application/xhtml+xml,application/xml;q=0.9,image/avif,image/webp,image/apng,*/*;q=0.8,application/signed-exchange;v=b3;q=0.7',
  'user-agent' => 'Mozilla/5.0 (Windows NT 10.0; Win64; x64) AppleWebKit/537.36 (KHTML, like Gecko) Chrome/146.0.0.0 Safari/537.36',
  'host' => 'www.jiwankang.com',
  'content-length' => '',
  'content-type' => '',
)
[ info ] [ PARAM ] array (
)
[ info ] [ DB ] INIT mysql
[ info ] [ VIEW ] E:\wwwroot\2026\04\jiwankang\application\manage\view\index\welcome.html [ array (
  0 => 'params',
  1 => 'jshopHost',
  2 => 'shop_name',
  3 => 'unpaid_count',
  4 => 'unship_count',
  5 => 'after_sales_count',
  6 => 'goods_statics',
  7 => 'zijinchi',
  8 => 'todayTyOrder',
  9 => 'allTyOrder',
  10 => 'daibutie',
  11 => 'yibutie',
) ]
[ sql ] [ DB ] CONNECT:[ UseTime:0.000722s ] mysql:host=127.0.0.1;port=3306;dbname=jiwankang;charset=utf8mb4
[ sql ] [ SQL ] SHOW COLUMNS FROM `wb_setting` [ RunTime:0.000583s ]
[ sql ] [ SQL ] SELECT * FROM `wb_setting` WHERE  `skey` = 'shop_name' LIMIT 1 [ RunTime:0.000222s ]
[ sql ] [ SQL ] SHOW COLUMNS FROM `wb_order` [ RunTime:0.000434s ]
[ sql ] [ SQL ] SELECT COUNT(*) AS tp_count FROM `wb_order` WHERE (  `status` = 1  AND `pay_status` = 1  AND `ship_status` = 1 ) AND `wb_order`.`isdel` IS NULL LIMIT 1 [ RunTime:0.000156s ]
[ sql ] [ SQL ] SELECT COUNT(*) AS tp_count FROM `wb_order` WHERE (  `status` = 1  AND `pay_status` = 2  AND `ship_status` IN (1,2) ) AND `wb_order`.`isdel` IS NULL LIMIT 1 [ RunTime:0.000107s ]
[ sql ] [ SQL ] SHOW COLUMNS FROM `wb_bill_aftersales` [ RunTime:0.000278s ]
[ sql ] [ SQL ] SELECT COUNT(*) AS tp_count FROM `wb_bill_aftersales` WHERE  `status` = 1 LIMIT 1 [ RunTime:0.000103s ]
[ sql ] [ SQL ] SELECT * FROM `wb_setting` WHERE  `skey` = 'shop_name' LIMIT 1 [ RunTime:0.000091s ]
[ sql ] [ SQL ] SHOW COLUMNS FROM `wb_goods` [ RunTime:0.000365s ]
[ sql ] [ SQL ] SELECT COUNT(`id`) AS tp_count FROM `wb_goods` LIMIT 1 [ RunTime:0.000123s ]
[ sql ] [ SQL ] SELECT COUNT(`id`) AS tp_count FROM `wb_goods` WHERE  `marketable` = 1 LIMIT 1 [ RunTime:0.000115s ]
[ sql ] [ SQL ] SELECT COUNT(`id`) AS tp_count FROM `wb_goods` WHERE  `marketable` = 2 LIMIT 1 [ RunTime:0.000167s ]
[ sql ] [ SQL ] SELECT * FROM `wb_setting` WHERE  `skey` = 'goods_stocks_warn' LIMIT 1 [ RunTime:0.000178s ]
[ sql ] [ SQL ] SHOW COLUMNS FROM `wb_products` [ RunTime:0.000583s ]
[ sql ] [ SQL ] SELECT COUNT(*) AS tp_count FROM ( SELECT count(id) AS think_count FROM `wb_products` WHERE  ( IF(stock < freeze_stock, 0, stock - freeze_stock)<10 ) GROUP BY `goods_id` ) `_group_count_` LIMIT 1 [ RunTime:0.000253s ]
[ sql ] [ SQL ] SHOW COLUMNS FROM `wb_money` [ RunTime:0.000264s ]
[ sql ] [ SQL ] SELECT `money` FROM `wb_money` WHERE  `type` = 1 LIMIT 1 [ RunTime:0.000114s ]
[ sql ] [ SQL ] SELECT SUM(`payed`) AS tp_sum FROM `wb_order` WHERE (  `status` < 3  AND `pay_status` = 2  AND `ctime` BETWEEN 1774972800 AND 1775059200 ) AND `wb_order`.`isdel` IS NULL LIMIT 1 [ RunTime:0.000128s ]
[ sql ] [ SQL ] SELECT SUM(`payed`) AS tp_sum FROM `wb_order` WHERE (  `status` < 3  AND `pay_status` = 2 ) AND `wb_order`.`isdel` IS NULL LIMIT 1 [ RunTime:0.000088s ]
[ sql ] [ SQL ] SHOW COLUMNS FROM `wb_user` [ RunTime:0.000345s ]
[ sql ] [ SQL ] SELECT SUM(`butie`) AS tp_sum FROM `wb_user` WHERE `wb_user`.`isdel` IS NULL LIMIT 1 [ RunTime:0.000096s ]
[ sql ] [ SQL ] SELECT SUM(`ybuite`) AS tp_sum FROM `wb_user` WHERE `wb_user`.`isdel` IS NULL LIMIT 1 [ RunTime:0.000073s ]
---------------------------------------------------------------
[2026-04-01T15:24:07+08:00] 127.0.0.1 GET www.jiwankang.com/manage/administrator/userloglist/state/1.html
[运行时间：0.037372s] [吞吐率：26.76req/s] [内存消耗：4,570.61kb] [文件加载：110]
[ info ] [ LANG ] E:\wwwroot\2026\04\jiwankang\thinkphp\lang\zh-cn.php
[ info ] [ ROUTE ] array (
)
[ info ] [ HEADER ] array (
  'x-requested-with' => 'XMLHttpRequest',
  'referer' => 'http://www.jiwankang.com/manage/index/welcome.html',
  'cookie' => 'PHPSESSID=6ge3q9cob417ort2dkkl8j63da',
  'accept-language' => 'zh-CN,zh;q=0.9',
  'accept-encoding' => 'gzip, deflate',
  'accept' => '*/*',
  'user-agent' => 'Mozilla/5.0 (Windows NT 10.0; Win64; x64) AppleWebKit/537.36 (KHTML, like Gecko) Chrome/146.0.0.0 Safari/537.36',
  'host' => 'www.jiwankang.com',
  'content-length' => '',
  'content-type' => '',
)
[ info ] [ PARAM ] array (
  'state' => '1',
)
[ info ] [ DB ] INIT mysql
[ sql ] [ DB ] CONNECT:[ UseTime:0.000671s ] mysql:host=127.0.0.1;port=3306;dbname=jiwankang;charset=utf8mb4
[ sql ] [ SQL ] SHOW COLUMNS FROM `wb_setting` [ RunTime:0.000421s ]
[ sql ] [ SQL ] SELECT * FROM `wb_setting` WHERE  `skey` = 'shop_name' LIMIT 1 [ RunTime:0.000146s ]
[ sql ] [ SQL ] SHOW COLUMNS FROM `wb_user_log` [ RunTime:0.000961s ]
[ sql ] [ SQL ] SELECT COUNT(*) AS tp_count FROM `wb_user_log` WHERE  `state` = 1  AND `type` = 2 LIMIT 1 [ RunTime:0.000157s ]
[ sql ] [ SQL ] SELECT * FROM `wb_user_log` WHERE  `state` = 1  AND `type` = 2 ORDER BY `ctime` DESC LIMIT 0,10 [ RunTime:0.000124s ]
[ sql ] [ SQL ] SHOW COLUMNS FROM `wb_manage` [ RunTime:0.000556s ]
[ sql ] [ SQL ] SELECT `id`,`username`,`nickname`,`mobile` FROM `wb_manage` WHERE  `id` = 13 LIMIT 1 [ RunTime:0.000256s ]
[ sql ] [ SQL ] SELECT `id`,`username`,`nickname`,`mobile` FROM `wb_manage` WHERE  `id` = 13 LIMIT 1 [ RunTime:0.000176s ]
[ sql ] [ SQL ] SELECT `id`,`username`,`nickname`,`mobile` FROM `wb_manage` WHERE  `id` = 13 LIMIT 1 [ RunTime:0.000258s ]
[ sql ] [ SQL ] SELECT `id`,`username`,`nickname`,`mobile` FROM `wb_manage` WHERE  `id` = 13 LIMIT 1 [ RunTime:0.000320s ]
---------------------------------------------------------------
[2026-04-01T15:24:07+08:00] 127.0.0.1 GET www.jiwankang.com/manage/order/statistics.html
[运行时间：0.067559s] [吞吐率：14.80req/s] [内存消耗：4,694.27kb] [文件加载：110]
[ info ] [ LANG ] E:\wwwroot\2026\04\jiwankang\thinkphp\lang\zh-cn.php
[ info ] [ ROUTE ] array (
)
[ info ] [ HEADER ] array (
  'x-requested-with' => 'XMLHttpRequest',
  'referer' => 'http://www.jiwankang.com/manage/index/welcome.html',
  'cookie' => 'PHPSESSID=6ge3q9cob417ort2dkkl8j63da',
  'accept-language' => 'zh-CN,zh;q=0.9',
  'accept-encoding' => 'gzip, deflate',
  'accept' => '*/*',
  'user-agent' => 'Mozilla/5.0 (Windows NT 10.0; Win64; x64) AppleWebKit/537.36 (KHTML, like Gecko) Chrome/146.0.0.0 Safari/537.36',
  'host' => 'www.jiwankang.com',
  'content-length' => '',
  'content-type' => '',
)
[ info ] [ PARAM ] array (
)
[ info ] [ DB ] INIT mysql
[ sql ] [ DB ] CONNECT:[ UseTime:0.001556s ] mysql:host=127.0.0.1;port=3306;dbname=jiwankang;charset=utf8mb4
[ sql ] [ SQL ] SHOW COLUMNS FROM `wb_setting` [ RunTime:0.000973s ]
[ sql ] [ SQL ] SELECT * FROM `wb_setting` WHERE  `skey` = 'shop_name' LIMIT 1 [ RunTime:0.000430s ]
[ sql ] [ SQL ] SHOW COLUMNS FROM `wb_bill_payments` [ RunTime:0.001358s ]
[ sql ] [ SQL ] SELECT count(1) AS `nums`,DATE_FORMAT(FROM_UNIXTIME(ctime),"%Y-%m-%d") AS `day` FROM `wb_bill_payments` WHERE  `status` = 2  AND `type` = 1  AND ( FROM_UNIXTIME(ctime) >= 2026-03-25 ) GROUP BY DATE_FORMAT(FROM_UNIXTIME(ctime),"%Y-%m-%d") [ RunTime:0.000661s ]
[ sql ] [ SQL ] SHOW COLUMNS FROM `wb_bill_delivery` [ RunTime:0.001027s ]
[ sql ] [ SQL ] SELECT count(1) AS `nums`,DATE_FORMAT(FROM_UNIXTIME(ctime),"%Y-%m-%d") AS `day` FROM `wb_bill_delivery` WHERE  ( FROM_UNIXTIME(ctime) >= 2026-03-25 ) GROUP BY DATE_FORMAT(FROM_UNIXTIME(ctime),"%Y-%m-%d") [ RunTime:0.000417s ]
---------------------------------------------------------------
[2026-04-01T15:24:07+08:00] 127.0.0.1 GET www.jiwankang.com/manage/user/statistics.html
[运行时间：0.092482s] [吞吐率：10.81req/s] [内存消耗：5,023.93kb] [文件加载：111]
[ info ] [ LANG ] E:\wwwroot\2026\04\jiwankang\thinkphp\lang\zh-cn.php
[ info ] [ ROUTE ] array (
)
[ info ] [ HEADER ] array (
  'x-requested-with' => 'XMLHttpRequest',
  'referer' => 'http://www.jiwankang.com/manage/index/welcome.html',
  'cookie' => 'PHPSESSID=6ge3q9cob417ort2dkkl8j63da',
  'accept-language' => 'zh-CN,zh;q=0.9',
  'accept-encoding' => 'gzip, deflate',
  'accept' => '*/*',
  'user-agent' => 'Mozilla/5.0 (Windows NT 10.0; Win64; x64) AppleWebKit/537.36 (KHTML, like Gecko) Chrome/146.0.0.0 Safari/537.36',
  'host' => 'www.jiwankang.com',
  'content-length' => '',
  'content-type' => '',
)
[ info ] [ PARAM ] array (
)
[ info ] [ DB ] INIT mysql
[ sql ] [ DB ] CONNECT:[ UseTime:0.001616s ] mysql:host=127.0.0.1;port=3306;dbname=jiwankang;charset=utf8mb4
[ sql ] [ SQL ] SHOW COLUMNS FROM `wb_setting` [ RunTime:0.001316s ]
[ sql ] [ SQL ] SELECT * FROM `wb_setting` WHERE  `skey` = 'shop_name' LIMIT 1 [ RunTime:0.000528s ]
[ sql ] [ SQL ] SHOW COLUMNS FROM `wb_user` [ RunTime:0.001208s ]
[ sql ] [ SQL ] SELECT DATE_FORMAT(from_unixtime(ctime),"%Y-%m-%d") as day, count(*) as nums FROM `wb_user` WHERE (  `ctime` > 1774423447  AND ( TIMESTAMPDIFF(DAY,from_unixtime(ctime),now()) <7 ) ) AND `wb_user`.`isdel` IS NULL GROUP BY DATE_FORMAT(from_unixtime(ctime),"%Y-%m-%d") [ RunTime:0.000426s ]
[ sql ] [ SQL ] SHOW COLUMNS FROM `wb_order` [ RunTime:0.000965s ]
[ sql ] [ SQL ] SELECT COUNT(*) AS tp_count FROM ( SELECT count(*) AS think_count FROM `wb_order` WHERE (  `ctime` < 1775028247  AND `ctime` >= 1774972800 ) AND `wb_order`.`isdel` IS NULL GROUP BY `user_id` ) `_group_count_` LIMIT 1 [ RunTime:0.000274s ]
[ sql ] [ SQL ] SELECT COUNT(*) AS tp_count FROM ( SELECT count(*) AS think_count FROM `wb_order` WHERE (  `ctime` < 1774972799  AND `ctime` >= 1774886400 ) AND `wb_order`.`isdel` IS NULL GROUP BY `user_id` ) `_group_count_` LIMIT 1 [ RunTime:0.000175s ]
[ sql ] [ SQL ] SELECT COUNT(*) AS tp_count FROM ( SELECT count(*) AS think_count FROM `wb_order` WHERE (  `ctime` < 1774886399  AND `ctime` >= 1774800000 ) AND `wb_order`.`isdel` IS NULL GROUP BY `user_id` ) `_group_count_` LIMIT 1 [ RunTime:0.000244s ]
[ sql ] [ SQL ] SELECT COUNT(*) AS tp_count FROM ( SELECT count(*) AS think_count FROM `wb_order` WHERE (  `ctime` < 1774799999  AND `ctime` >= 1774713600 ) AND `wb_order`.`isdel` IS NULL GROUP BY `user_id` ) `_group_count_` LIMIT 1 [ RunTime:0.000295s ]
[ sql ] [ SQL ] SELECT COUNT(*) AS tp_count FROM ( SELECT count(*) AS think_count FROM `wb_order` WHERE (  `ctime` < 1774713599  AND `ctime` >= 1774627200 ) AND `wb_order`.`isdel` IS NULL GROUP BY `user_id` ) `_group_count_` LIMIT 1 [ RunTime:0.000153s ]
[ sql ] [ SQL ] SELECT COUNT(*) AS tp_count FROM ( SELECT count(*) AS think_count FROM `wb_order` WHERE (  `ctime` < 1774627199  AND `ctime` >= 1774540800 ) AND `wb_order`.`isdel` IS NULL GROUP BY `user_id` ) `_group_count_` LIMIT 1 [ RunTime:0.000114s ]
[ sql ] [ SQL ] SELECT COUNT(*) AS tp_count FROM ( SELECT count(*) AS think_count FROM `wb_order` WHERE (  `ctime` < 1774540799  AND `ctime` >= 1774454400 ) AND `wb_order`.`isdel` IS NULL GROUP BY `user_id` ) `_group_count_` LIMIT 1 [ RunTime:0.000230s ]
---------------------------------------------------------------
[2026-04-01T15:24:07+08:00] 127.0.0.1 GET www.jiwankang.com/manage/operation_log/getlastlog.html
[运行时间：0.110150s] [吞吐率：9.08req/s] [内存消耗：4,525.98kb] [文件加载：110]
[ info ] [ LANG ] E:\wwwroot\2026\04\jiwankang\thinkphp\lang\zh-cn.php
[ info ] [ ROUTE ] array (
)
[ info ] [ HEADER ] array (
  'x-requested-with' => 'XMLHttpRequest',
  'referer' => 'http://www.jiwankang.com/manage/index/welcome.html',
  'cookie' => 'PHPSESSID=6ge3q9cob417ort2dkkl8j63da',
  'accept-language' => 'zh-CN,zh;q=0.9',
  'accept-encoding' => 'gzip, deflate',
  'accept' => 'application/json, text/javascript, */*; q=0.01',
  'user-agent' => 'Mozilla/5.0 (Windows NT 10.0; Win64; x64) AppleWebKit/537.36 (KHTML, like Gecko) Chrome/146.0.0.0 Safari/537.36',
  'host' => 'www.jiwankang.com',
  'content-length' => '',
  'content-type' => '',
)
[ info ] [ PARAM ] array (
)
[ info ] [ DB ] INIT mysql
[ sql ] [ DB ] CONNECT:[ UseTime:0.001300s ] mysql:host=127.0.0.1;port=3306;dbname=jiwankang;charset=utf8mb4
[ sql ] [ SQL ] SHOW COLUMNS FROM `wb_setting` [ RunTime:0.000682s ]
[ sql ] [ SQL ] SELECT * FROM `wb_setting` WHERE  `skey` = 'shop_name' LIMIT 1 [ RunTime:0.000273s ]
[ sql ] [ SQL ] SHOW COLUMNS FROM `wb_operation_log` [ RunTime:0.000613s ]
[ sql ] [ SQL ] SELECT COUNT(*) AS tp_count FROM `wb_operation_log` LIMIT 1 [ RunTime:0.000193s ]
[ sql ] [ SQL ] SELECT * FROM `wb_operation_log` ORDER BY `id` DESC LIMIT 0,10 [ RunTime:0.000156s ]
[ sql ] [ SQL ] SHOW COLUMNS FROM `wb_manage` [ RunTime:0.000573s ]
[ sql ] [ SQL ] SELECT * FROM `wb_manage` WHERE  `id` = 13 LIMIT 1 [ RunTime:0.000163s ]
[ sql ] [ SQL ] SELECT * FROM `wb_manage` WHERE  `id` = 13 LIMIT 1 [ RunTime:0.000220s ]
[ sql ] [ SQL ] SELECT * FROM `wb_manage` WHERE  `id` = 13 LIMIT 1 [ RunTime:0.000251s ]
[ sql ] [ SQL ] SELECT * FROM `wb_manage` WHERE  `id` = 13 LIMIT 1 [ RunTime:0.000165s ]
[ sql ] [ SQL ] SELECT * FROM `wb_manage` WHERE  `id` = 13 LIMIT 1 [ RunTime:0.000175s ]
[ sql ] [ SQL ] SELECT * FROM `wb_manage` WHERE  `id` = 13 LIMIT 1 [ RunTime:0.000199s ]
[ sql ] [ SQL ] SELECT * FROM `wb_manage` WHERE  `id` = 13 LIMIT 1 [ RunTime:0.000178s ]
[ sql ] [ SQL ] SELECT * FROM `wb_manage` WHERE  `id` = 13 LIMIT 1 [ RunTime:0.000231s ]
[ sql ] [ SQL ] SELECT * FROM `wb_manage` WHERE  `id` = 13 LIMIT 1 [ RunTime:0.000207s ]
[ sql ] [ SQL ] SELECT * FROM `wb_manage` WHERE  `id` = 13 LIMIT 1 [ RunTime:0.000240s ]
---------------------------------------------------------------
[2026-04-01T15:24:08+08:00] 127.0.0.1 GET www.jiwankang.com/manage/bill_aftersales/index.html
[运行时间：0.028276s] [吞吐率：35.37req/s] [内存消耗：4,764.79kb] [文件加载：113]
[ info ] [ LANG ] E:\wwwroot\2026\04\jiwankang\thinkphp\lang\zh-cn.php
[ info ] [ ROUTE ] array (
)
[ info ] [ HEADER ] array (
  'upgrade-insecure-requests' => '1',
  'referer' => 'http://www.jiwankang.com/manage',
  'cookie' => 'PHPSESSID=6ge3q9cob417ort2dkkl8j63da',
  'accept-language' => 'zh-CN,zh;q=0.9',
  'accept-encoding' => 'gzip, deflate',
  'accept' => 'text/html,application/xhtml+xml,application/xml;q=0.9,image/avif,image/webp,image/apng,*/*;q=0.8,application/signed-exchange;v=b3;q=0.7',
  'user-agent' => 'Mozilla/5.0 (Windows NT 10.0; Win64; x64) AppleWebKit/537.36 (KHTML, like Gecko) Chrome/146.0.0.0 Safari/537.36',
  'host' => 'www.jiwankang.com',
  'content-length' => '',
  'content-type' => '',
)
[ info ] [ PARAM ] array (
)
[ info ] [ DB ] INIT mysql
[ info ] [ VIEW ] E:\wwwroot\2026\04\jiwankang\application\manage\view\bill_aftersales\index.html [ array (
  0 => 'params',
  1 => 'jshopHost',
  2 => 'shop_name',
  3 => 'search',
) ]
[ sql ] [ DB ] CONNECT:[ UseTime:0.000781s ] mysql:host=127.0.0.1;port=3306;dbname=jiwankang;charset=utf8mb4
[ sql ] [ SQL ] SHOW COLUMNS FROM `wb_setting` [ RunTime:0.000471s ]
[ sql ] [ SQL ] SELECT * FROM `wb_setting` WHERE  `skey` = 'shop_name' LIMIT 1 [ RunTime:0.000192s ]
[ error ] [8]未定义数组索引: order_id[E:\wwwroot\2026\04\jiwankang\runtime\temp\d58c92246d0efcecd5289abfe0ebac22.php:75]
---------------------------------------------------------------
[2026-04-01T15:24:08+08:00] 127.0.0.1 GET www.jiwankang.com/manage/bill_aftersales/index.html?_ajax=1&page=1&limit=10
[运行时间：0.047151s] [吞吐率：21.21req/s] [内存消耗：4,651.49kb] [文件加载：110]
[ info ] [ LANG ] E:\wwwroot\2026\04\jiwankang\thinkphp\lang\zh-cn.php
[ info ] [ ROUTE ] array (
)
[ info ] [ HEADER ] array (
  'x-requested-with' => 'XMLHttpRequest',
  'referer' => 'http://www.jiwankang.com/manage/bill_aftersales/index.html',
  'cookie' => 'PHPSESSID=6ge3q9cob417ort2dkkl8j63da',
  'accept-language' => 'zh-CN,zh;q=0.9',
  'accept-encoding' => 'gzip, deflate',
  'accept' => 'application/json, text/javascript, */*; q=0.01',
  'user-agent' => 'Mozilla/5.0 (Windows NT 10.0; Win64; x64) AppleWebKit/537.36 (KHTML, like Gecko) Chrome/146.0.0.0 Safari/537.36',
  'host' => 'www.jiwankang.com',
  'content-length' => '',
  'content-type' => '',
)
[ info ] [ PARAM ] array (
  '_ajax' => '1',
  'page' => '1',
  'limit' => '10',
)
[ info ] [ DB ] INIT mysql
[ sql ] [ DB ] CONNECT:[ UseTime:0.017317s ] mysql:host=127.0.0.1;port=3306;dbname=jiwankang;charset=utf8mb4
[ sql ] [ SQL ] SHOW COLUMNS FROM `wb_setting` [ RunTime:0.000720s ]
[ sql ] [ SQL ] SELECT * FROM `wb_setting` WHERE  `skey` = 'shop_name' LIMIT 1 [ RunTime:0.000309s ]
[ sql ] [ SQL ] SHOW COLUMNS FROM `wb_bill_aftersales` [ RunTime:0.000359s ]
[ sql ] [ SQL ] SELECT COUNT(*) AS tp_count FROM `wb_bill_aftersales` LIMIT 1 [ RunTime:0.000109s ]
[ sql ] [ SQL ] SELECT * FROM `wb_bill_aftersales` ORDER BY `aftersales_id` DESC LIMIT 0,10 [ RunTime:0.000097s ]
---------------------------------------------------------------
[2026-04-01T15:24:39+08:00] 127.0.0.1 GET www.jiwankang.com/manage
[运行时间：0.036731s] [吞吐率：27.22req/s] [内存消耗：4,604.76kb] [文件加载：110]
[ info ] [ LANG ] E:\wwwroot\2026\04\jiwankang\thinkphp\lang\zh-cn.php
[ info ] [ ROUTE ] array (
)
[ info ] [ HEADER ] array (
  'upgrade-insecure-requests' => '1',
  'referer' => 'http://www.jiwankang.com/manage/common/login.html',
  'cookie' => 'PHPSESSID=6ge3q9cob417ort2dkkl8j63da',
  'cache-control' => 'max-age=0',
  'accept-language' => 'zh-CN,zh;q=0.9',
  'accept-encoding' => 'gzip, deflate',
  'accept' => 'text/html,application/xhtml+xml,application/xml;q=0.9,image/avif,image/webp,image/apng,*/*;q=0.8,application/signed-exchange;v=b3;q=0.7',
  'user-agent' => 'Mozilla/5.0 (Windows NT 10.0; Win64; x64) AppleWebKit/537.36 (KHTML, like Gecko) Chrome/146.0.0.0 Safari/537.36',
  'host' => 'www.jiwankang.com',
  'content-length' => '',
  'content-type' => '',
)
[ info ] [ PARAM ] array (
)
[ info ] [ DB ] INIT mysql
[ info ] [ VIEW ] E:\wwwroot\2026\04\jiwankang\application\manage\view\index\index.html [ array (
  0 => 'params',
  1 => 'jshopHost',
  2 => 'shop_name',
  3 => 'menu',
  4 => 'kefu',
) ]
[ sql ] [ DB ] CONNECT:[ UseTime:0.000767s ] mysql:host=127.0.0.1;port=3306;dbname=jiwankang;charset=utf8mb4
[ sql ] [ SQL ] SHOW COLUMNS FROM `wb_setting` [ RunTime:0.000700s ]
[ sql ] [ SQL ] SELECT * FROM `wb_setting` WHERE  `skey` = 'shop_name' LIMIT 1 [ RunTime:0.000223s ]
[ sql ] [ SQL ] SELECT * FROM `wb_setting` WHERE  `skey` = 'ent_id' LIMIT 1 [ RunTime:0.000439s ]
[ error ] [8]未定义数组索引: selected[E:\wwwroot\2026\04\jiwankang\runtime\temp\0ebc0da97c722c413af6448a150993b9.php:118]
[ error ] [8]未定义数组索引: selected[E:\wwwroot\2026\04\jiwankang\runtime\temp\0ebc0da97c722c413af6448a150993b9.php:118]
[ error ] [8]未定义数组索引: selected[E:\wwwroot\2026\04\jiwankang\runtime\temp\0ebc0da97c722c413af6448a150993b9.php:118]
[ error ] [8]未定义数组索引: selected[E:\wwwroot\2026\04\jiwankang\runtime\temp\0ebc0da97c722c413af6448a150993b9.php:118]
[ error ] [8]未定义数组索引: selected[E:\wwwroot\2026\04\jiwankang\runtime\temp\0ebc0da97c722c413af6448a150993b9.php:118]
[ error ] [8]未定义数组索引: selected[E:\wwwroot\2026\04\jiwankang\runtime\temp\0ebc0da97c722c413af6448a150993b9.php:118]
[ error ] [8]未定义数组索引: selected[E:\wwwroot\2026\04\jiwankang\runtime\temp\0ebc0da97c722c413af6448a150993b9.php:118]
[ error ] [8]未定义数组索引: selected[E:\wwwroot\2026\04\jiwankang\runtime\temp\0ebc0da97c722c413af6448a150993b9.php:118]
[ error ] [8]未定义数组索引: selected[E:\wwwroot\2026\04\jiwankang\runtime\temp\0ebc0da97c722c413af6448a150993b9.php:118]
[ error ] [8]未定义数组索引: selected[E:\wwwroot\2026\04\jiwankang\runtime\temp\0ebc0da97c722c413af6448a150993b9.php:118]
[ error ] [8]未定义数组索引: selected[E:\wwwroot\2026\04\jiwankang\runtime\temp\0ebc0da97c722c413af6448a150993b9.php:118]
[ error ] [8]未定义数组索引: selected[E:\wwwroot\2026\04\jiwankang\runtime\temp\0ebc0da97c722c413af6448a150993b9.php:118]
[ error ] [8]未定义数组索引: selected[E:\wwwroot\2026\04\jiwankang\runtime\temp\0ebc0da97c722c413af6448a150993b9.php:118]
[ error ] [8]未定义数组索引: selected[E:\wwwroot\2026\04\jiwankang\runtime\temp\0ebc0da97c722c413af6448a150993b9.php:118]
[ error ] [8]未定义数组索引: selected[E:\wwwroot\2026\04\jiwankang\runtime\temp\0ebc0da97c722c413af6448a150993b9.php:118]
[ error ] [8]未定义数组索引: selected[E:\wwwroot\2026\04\jiwankang\runtime\temp\0ebc0da97c722c413af6448a150993b9.php:118]
[ error ] [8]未定义数组索引: selected[E:\wwwroot\2026\04\jiwankang\runtime\temp\0ebc0da97c722c413af6448a150993b9.php:118]
[ error ] [8]未定义数组索引: selected[E:\wwwroot\2026\04\jiwankang\runtime\temp\0ebc0da97c722c413af6448a150993b9.php:118]
[ error ] [8]未定义数组索引: selected[E:\wwwroot\2026\04\jiwankang\runtime\temp\0ebc0da97c722c413af6448a150993b9.php:118]
[ error ] [8]未定义数组索引: selected[E:\wwwroot\2026\04\jiwankang\runtime\temp\0ebc0da97c722c413af6448a150993b9.php:118]
---------------------------------------------------------------
[2026-04-01T15:24:39+08:00] 127.0.0.1 GET www.jiwankang.com/manage/index/welcome.html
[运行时间：0.049971s] [吞吐率：20.01req/s] [内存消耗：5,779.40kb] [文件加载：118]
[ info ] [ LANG ] E:\wwwroot\2026\04\jiwankang\thinkphp\lang\zh-cn.php
[ info ] [ ROUTE ] array (
)
[ info ] [ HEADER ] array (
  'upgrade-insecure-requests' => '1',
  'referer' => 'http://www.jiwankang.com/manage',
  'cookie' => 'PHPSESSID=6ge3q9cob417ort2dkkl8j63da',
  'accept-language' => 'zh-CN,zh;q=0.9',
  'accept-encoding' => 'gzip, deflate',
  'accept' => 'text/html,application/xhtml+xml,application/xml;q=0.9,image/avif,image/webp,image/apng,*/*;q=0.8,application/signed-exchange;v=b3;q=0.7',
  'user-agent' => 'Mozilla/5.0 (Windows NT 10.0; Win64; x64) AppleWebKit/537.36 (KHTML, like Gecko) Chrome/146.0.0.0 Safari/537.36',
  'host' => 'www.jiwankang.com',
  'content-length' => '',
  'content-type' => '',
)
[ info ] [ PARAM ] array (
)
[ info ] [ DB ] INIT mysql
[ info ] [ VIEW ] E:\wwwroot\2026\04\jiwankang\application\manage\view\index\welcome.html [ array (
  0 => 'params',
  1 => 'jshopHost',
  2 => 'shop_name',
  3 => 'unpaid_count',
  4 => 'unship_count',
  5 => 'after_sales_count',
  6 => 'goods_statics',
  7 => 'zijinchi',
  8 => 'todayTyOrder',
  9 => 'allTyOrder',
  10 => 'daibutie',
  11 => 'yibutie',
) ]
[ sql ] [ DB ] CONNECT:[ UseTime:0.000686s ] mysql:host=127.0.0.1;port=3306;dbname=jiwankang;charset=utf8mb4
[ sql ] [ SQL ] SHOW COLUMNS FROM `wb_setting` [ RunTime:0.000417s ]
[ sql ] [ SQL ] SELECT * FROM `wb_setting` WHERE  `skey` = 'shop_name' LIMIT 1 [ RunTime:0.000149s ]
[ sql ] [ SQL ] SHOW COLUMNS FROM `wb_order` [ RunTime:0.000372s ]
[ sql ] [ SQL ] SELECT COUNT(*) AS tp_count FROM `wb_order` WHERE (  `status` = 1  AND `pay_status` = 1  AND `ship_status` = 1 ) AND `wb_order`.`isdel` IS NULL LIMIT 1 [ RunTime:0.000144s ]
[ sql ] [ SQL ] SELECT COUNT(*) AS tp_count FROM `wb_order` WHERE (  `status` = 1  AND `pay_status` = 2  AND `ship_status` IN (1,2) ) AND `wb_order`.`isdel` IS NULL LIMIT 1 [ RunTime:0.000104s ]
[ sql ] [ SQL ] SHOW COLUMNS FROM `wb_bill_aftersales` [ RunTime:0.000275s ]
[ sql ] [ SQL ] SELECT COUNT(*) AS tp_count FROM `wb_bill_aftersales` WHERE  `status` = 1 LIMIT 1 [ RunTime:0.000100s ]
[ sql ] [ SQL ] SELECT * FROM `wb_setting` WHERE  `skey` = 'shop_name' LIMIT 1 [ RunTime:0.000089s ]
[ sql ] [ SQL ] SHOW COLUMNS FROM `wb_goods` [ RunTime:0.000842s ]
[ sql ] [ SQL ] SELECT COUNT(`id`) AS tp_count FROM `wb_goods` LIMIT 1 [ RunTime:0.000297s ]
[ sql ] [ SQL ] SELECT COUNT(`id`) AS tp_count FROM `wb_goods` WHERE  `marketable` = 1 LIMIT 1 [ RunTime:0.000238s ]
[ sql ] [ SQL ] SELECT COUNT(`id`) AS tp_count FROM `wb_goods` WHERE  `marketable` = 2 LIMIT 1 [ RunTime:0.000191s ]
[ sql ] [ SQL ] SELECT * FROM `wb_setting` WHERE  `skey` = 'goods_stocks_warn' LIMIT 1 [ RunTime:0.000205s ]
[ sql ] [ SQL ] SHOW COLUMNS FROM `wb_products` [ RunTime:0.000450s ]
[ sql ] [ SQL ] SELECT COUNT(*) AS tp_count FROM ( SELECT count(id) AS think_count FROM `wb_products` WHERE  ( IF(stock < freeze_stock, 0, stock - freeze_stock)<10 ) GROUP BY `goods_id` ) `_group_count_` LIMIT 1 [ RunTime:0.000192s ]
[ sql ] [ SQL ] SHOW COLUMNS FROM `wb_money` [ RunTime:0.000254s ]
[ sql ] [ SQL ] SELECT `money` FROM `wb_money` WHERE  `type` = 1 LIMIT 1 [ RunTime:0.000111s ]
[ sql ] [ SQL ] SELECT SUM(`payed`) AS tp_sum FROM `wb_order` WHERE (  `status` < 3  AND `pay_status` = 2  AND `ctime` BETWEEN 1774972800 AND 1775059200 ) AND `wb_order`.`isdel` IS NULL LIMIT 1 [ RunTime:0.000127s ]
[ sql ] [ SQL ] SELECT SUM(`payed`) AS tp_sum FROM `wb_order` WHERE (  `status` < 3  AND `pay_status` = 2 ) AND `wb_order`.`isdel` IS NULL LIMIT 1 [ RunTime:0.000087s ]
[ sql ] [ SQL ] SHOW COLUMNS FROM `wb_user` [ RunTime:0.000459s ]
[ sql ] [ SQL ] SELECT SUM(`butie`) AS tp_sum FROM `wb_user` WHERE `wb_user`.`isdel` IS NULL LIMIT 1 [ RunTime:0.000140s ]
[ sql ] [ SQL ] SELECT SUM(`ybuite`) AS tp_sum FROM `wb_user` WHERE `wb_user`.`isdel` IS NULL LIMIT 1 [ RunTime:0.000104s ]
---------------------------------------------------------------
[2026-04-01T15:24:40+08:00] 127.0.0.1 GET www.jiwankang.com/manage/administrator/userloglist/state/1.html
[运行时间：0.038028s] [吞吐率：26.30req/s] [内存消耗：4,570.61kb] [文件加载：110]
[ info ] [ LANG ] E:\wwwroot\2026\04\jiwankang\thinkphp\lang\zh-cn.php
[ info ] [ ROUTE ] array (
)
[ info ] [ HEADER ] array (
  'x-requested-with' => 'XMLHttpRequest',
  'referer' => 'http://www.jiwankang.com/manage/index/welcome.html',
  'cookie' => 'PHPSESSID=6ge3q9cob417ort2dkkl8j63da',
  'accept-language' => 'zh-CN,zh;q=0.9',
  'accept-encoding' => 'gzip, deflate',
  'accept' => '*/*',
  'user-agent' => 'Mozilla/5.0 (Windows NT 10.0; Win64; x64) AppleWebKit/537.36 (KHTML, like Gecko) Chrome/146.0.0.0 Safari/537.36',
  'host' => 'www.jiwankang.com',
  'content-length' => '',
  'content-type' => '',
)
[ info ] [ PARAM ] array (
  'state' => '1',
)
[ info ] [ DB ] INIT mysql
[ sql ] [ DB ] CONNECT:[ UseTime:0.001014s ] mysql:host=127.0.0.1;port=3306;dbname=jiwankang;charset=utf8mb4
[ sql ] [ SQL ] SHOW COLUMNS FROM `wb_setting` [ RunTime:0.000541s ]
[ sql ] [ SQL ] SELECT * FROM `wb_setting` WHERE  `skey` = 'shop_name' LIMIT 1 [ RunTime:0.000286s ]
[ sql ] [ SQL ] SHOW COLUMNS FROM `wb_user_log` [ RunTime:0.000559s ]
[ sql ] [ SQL ] SELECT COUNT(*) AS tp_count FROM `wb_user_log` WHERE  `state` = 1  AND `type` = 2 LIMIT 1 [ RunTime:0.000244s ]
[ sql ] [ SQL ] SELECT * FROM `wb_user_log` WHERE  `state` = 1  AND `type` = 2 ORDER BY `ctime` DESC LIMIT 0,10 [ RunTime:0.000142s ]
[ sql ] [ SQL ] SHOW COLUMNS FROM `wb_manage` [ RunTime:0.000366s ]
[ sql ] [ SQL ] SELECT `id`,`username`,`nickname`,`mobile` FROM `wb_manage` WHERE  `id` = 13 LIMIT 1 [ RunTime:0.000119s ]
[ sql ] [ SQL ] SELECT `id`,`username`,`nickname`,`mobile` FROM `wb_manage` WHERE  `id` = 13 LIMIT 1 [ RunTime:0.000086s ]
[ sql ] [ SQL ] SELECT `id`,`username`,`nickname`,`mobile` FROM `wb_manage` WHERE  `id` = 13 LIMIT 1 [ RunTime:0.000076s ]
[ sql ] [ SQL ] SELECT `id`,`username`,`nickname`,`mobile` FROM `wb_manage` WHERE  `id` = 13 LIMIT 1 [ RunTime:0.000072s ]
---------------------------------------------------------------
[2026-04-01T15:24:40+08:00] 127.0.0.1 GET www.jiwankang.com/manage/operation_log/getlastlog.html
[运行时间：0.054144s] [吞吐率：18.47req/s] [内存消耗：4,525.98kb] [文件加载：110]
[ info ] [ LANG ] E:\wwwroot\2026\04\jiwankang\thinkphp\lang\zh-cn.php
[ info ] [ ROUTE ] array (
)
[ info ] [ HEADER ] array (
  'x-requested-with' => 'XMLHttpRequest',
  'referer' => 'http://www.jiwankang.com/manage/index/welcome.html',
  'cookie' => 'PHPSESSID=6ge3q9cob417ort2dkkl8j63da',
  'accept-language' => 'zh-CN,zh;q=0.9',
  'accept-encoding' => 'gzip, deflate',
  'accept' => 'application/json, text/javascript, */*; q=0.01',
  'user-agent' => 'Mozilla/5.0 (Windows NT 10.0; Win64; x64) AppleWebKit/537.36 (KHTML, like Gecko) Chrome/146.0.0.0 Safari/537.36',
  'host' => 'www.jiwankang.com',
  'content-length' => '',
  'content-type' => '',
)
[ info ] [ PARAM ] array (
)
[ info ] [ DB ] INIT mysql
[ sql ] [ DB ] CONNECT:[ UseTime:0.001351s ] mysql:host=127.0.0.1;port=3306;dbname=jiwankang;charset=utf8mb4
[ sql ] [ SQL ] SHOW COLUMNS FROM `wb_setting` [ RunTime:0.000488s ]
[ sql ] [ SQL ] SELECT * FROM `wb_setting` WHERE  `skey` = 'shop_name' LIMIT 1 [ RunTime:0.000168s ]
[ sql ] [ SQL ] SHOW COLUMNS FROM `wb_operation_log` [ RunTime:0.000863s ]
[ sql ] [ SQL ] SELECT COUNT(*) AS tp_count FROM `wb_operation_log` LIMIT 1 [ RunTime:0.000485s ]
[ sql ] [ SQL ] SELECT * FROM `wb_operation_log` ORDER BY `id` DESC LIMIT 0,10 [ RunTime:0.000385s ]
[ sql ] [ SQL ] SHOW COLUMNS FROM `wb_manage` [ RunTime:0.000726s ]
[ sql ] [ SQL ] SELECT * FROM `wb_manage` WHERE  `id` = 13 LIMIT 1 [ RunTime:0.000237s ]
[ sql ] [ SQL ] SELECT * FROM `wb_manage` WHERE  `id` = 13 LIMIT 1 [ RunTime:0.000114s ]
[ sql ] [ SQL ] SELECT * FROM `wb_manage` WHERE  `id` = 13 LIMIT 1 [ RunTime:0.000084s ]
[ sql ] [ SQL ] SELECT * FROM `wb_manage` WHERE  `id` = 13 LIMIT 1 [ RunTime:0.000079s ]
[ sql ] [ SQL ] SELECT * FROM `wb_manage` WHERE  `id` = 13 LIMIT 1 [ RunTime:0.000075s ]
[ sql ] [ SQL ] SELECT * FROM `wb_manage` WHERE  `id` = 13 LIMIT 1 [ RunTime:0.000074s ]
[ sql ] [ SQL ] SELECT * FROM `wb_manage` WHERE  `id` = 13 LIMIT 1 [ RunTime:0.000072s ]
[ sql ] [ SQL ] SELECT * FROM `wb_manage` WHERE  `id` = 13 LIMIT 1 [ RunTime:0.000076s ]
[ sql ] [ SQL ] SELECT * FROM `wb_manage` WHERE  `id` = 13 LIMIT 1 [ RunTime:0.000092s ]
[ sql ] [ SQL ] SELECT * FROM `wb_manage` WHERE  `id` = 13 LIMIT 1 [ RunTime:0.000145s ]
---------------------------------------------------------------
[2026-04-01T15:24:40+08:00] 127.0.0.1 GET www.jiwankang.com/manage/order/statistics.html
[运行时间：0.062826s] [吞吐率：15.92req/s] [内存消耗：4,694.27kb] [文件加载：110]
[ info ] [ LANG ] E:\wwwroot\2026\04\jiwankang\thinkphp\lang\zh-cn.php
[ info ] [ ROUTE ] array (
)
[ info ] [ HEADER ] array (
  'x-requested-with' => 'XMLHttpRequest',
  'referer' => 'http://www.jiwankang.com/manage/index/welcome.html',
  'cookie' => 'PHPSESSID=6ge3q9cob417ort2dkkl8j63da',
  'accept-language' => 'zh-CN,zh;q=0.9',
  'accept-encoding' => 'gzip, deflate',
  'accept' => '*/*',
  'user-agent' => 'Mozilla/5.0 (Windows NT 10.0; Win64; x64) AppleWebKit/537.36 (KHTML, like Gecko) Chrome/146.0.0.0 Safari/537.36',
  'host' => 'www.jiwankang.com',
  'content-length' => '',
  'content-type' => '',
)
[ info ] [ PARAM ] array (
)
[ info ] [ DB ] INIT mysql
[ sql ] [ DB ] CONNECT:[ UseTime:0.000951s ] mysql:host=127.0.0.1;port=3306;dbname=jiwankang;charset=utf8mb4
[ sql ] [ SQL ] SHOW COLUMNS FROM `wb_setting` [ RunTime:0.000602s ]
[ sql ] [ SQL ] SELECT * FROM `wb_setting` WHERE  `skey` = 'shop_name' LIMIT 1 [ RunTime:0.000194s ]
[ sql ] [ SQL ] SHOW COLUMNS FROM `wb_bill_payments` [ RunTime:0.000389s ]
[ sql ] [ SQL ] SELECT count(1) AS `nums`,DATE_FORMAT(FROM_UNIXTIME(ctime),"%Y-%m-%d") AS `day` FROM `wb_bill_payments` WHERE  `status` = 2  AND `type` = 1  AND ( FROM_UNIXTIME(ctime) >= 2026-03-25 ) GROUP BY DATE_FORMAT(FROM_UNIXTIME(ctime),"%Y-%m-%d") [ RunTime:0.000237s ]
[ sql ] [ SQL ] SHOW COLUMNS FROM `wb_bill_delivery` [ RunTime:0.000306s ]
[ sql ] [ SQL ] SELECT count(1) AS `nums`,DATE_FORMAT(FROM_UNIXTIME(ctime),"%Y-%m-%d") AS `day` FROM `wb_bill_delivery` WHERE  ( FROM_UNIXTIME(ctime) >= 2026-03-25 ) GROUP BY DATE_FORMAT(FROM_UNIXTIME(ctime),"%Y-%m-%d") [ RunTime:0.000141s ]
---------------------------------------------------------------
[2026-04-01T15:24:40+08:00] 127.0.0.1 GET www.jiwankang.com/manage/user/statistics.html
[运行时间：0.079130s] [吞吐率：12.64req/s] [内存消耗：5,023.93kb] [文件加载：111]
[ info ] [ LANG ] E:\wwwroot\2026\04\jiwankang\thinkphp\lang\zh-cn.php
[ info ] [ ROUTE ] array (
)
[ info ] [ HEADER ] array (
  'x-requested-with' => 'XMLHttpRequest',
  'referer' => 'http://www.jiwankang.com/manage/index/welcome.html',
  'cookie' => 'PHPSESSID=6ge3q9cob417ort2dkkl8j63da',
  'accept-language' => 'zh-CN,zh;q=0.9',
  'accept-encoding' => 'gzip, deflate',
  'accept' => '*/*',
  'user-agent' => 'Mozilla/5.0 (Windows NT 10.0; Win64; x64) AppleWebKit/537.36 (KHTML, like Gecko) Chrome/146.0.0.0 Safari/537.36',
  'host' => 'www.jiwankang.com',
  'content-length' => '',
  'content-type' => '',
)
[ info ] [ PARAM ] array (
)
[ info ] [ DB ] INIT mysql
[ sql ] [ DB ] CONNECT:[ UseTime:0.000763s ] mysql:host=127.0.0.1;port=3306;dbname=jiwankang;charset=utf8mb4
[ sql ] [ SQL ] SHOW COLUMNS FROM `wb_setting` [ RunTime:0.000444s ]
[ sql ] [ SQL ] SELECT * FROM `wb_setting` WHERE  `skey` = 'shop_name' LIMIT 1 [ RunTime:0.000149s ]
[ sql ] [ SQL ] SHOW COLUMNS FROM `wb_user` [ RunTime:0.000842s ]
[ sql ] [ SQL ] SELECT DATE_FORMAT(from_unixtime(ctime),"%Y-%m-%d") as day, count(*) as nums FROM `wb_user` WHERE (  `ctime` > 1774423480  AND ( TIMESTAMPDIFF(DAY,from_unixtime(ctime),now()) <7 ) ) AND `wb_user`.`isdel` IS NULL GROUP BY DATE_FORMAT(from_unixtime(ctime),"%Y-%m-%d") [ RunTime:0.000350s ]
[ sql ] [ SQL ] SHOW COLUMNS FROM `wb_order` [ RunTime:0.000531s ]
[ sql ] [ SQL ] SELECT COUNT(*) AS tp_count FROM ( SELECT count(*) AS think_count FROM `wb_order` WHERE (  `ctime` < 1775028280  AND `ctime` >= 1774972800 ) AND `wb_order`.`isdel` IS NULL GROUP BY `user_id` ) `_group_count_` LIMIT 1 [ RunTime:0.000211s ]
[ sql ] [ SQL ] SELECT COUNT(*) AS tp_count FROM ( SELECT count(*) AS think_count FROM `wb_order` WHERE (  `ctime` < 1774972799  AND `ctime` >= 1774886400 ) AND `wb_order`.`isdel` IS NULL GROUP BY `user_id` ) `_group_count_` LIMIT 1 [ RunTime:0.000128s ]
[ sql ] [ SQL ] SELECT COUNT(*) AS tp_count FROM ( SELECT count(*) AS think_count FROM `wb_order` WHERE (  `ctime` < 1774886399  AND `ctime` >= 1774800000 ) AND `wb_order`.`isdel` IS NULL GROUP BY `user_id` ) `_group_count_` LIMIT 1 [ RunTime:0.000106s ]
[ sql ] [ SQL ] SELECT COUNT(*) AS tp_count FROM ( SELECT count(*) AS think_count FROM `wb_order` WHERE (  `ctime` < 1774799999  AND `ctime` >= 1774713600 ) AND `wb_order`.`isdel` IS NULL GROUP BY `user_id` ) `_group_count_` LIMIT 1 [ RunTime:0.000098s ]
[ sql ] [ SQL ] SELECT COUNT(*) AS tp_count FROM ( SELECT count(*) AS think_count FROM `wb_order` WHERE (  `ctime` < 1774713599  AND `ctime` >= 1774627200 ) AND `wb_order`.`isdel` IS NULL GROUP BY `user_id` ) `_group_count_` LIMIT 1 [ RunTime:0.000093s ]
[ sql ] [ SQL ] SELECT COUNT(*) AS tp_count FROM ( SELECT count(*) AS think_count FROM `wb_order` WHERE (  `ctime` < 1774627199  AND `ctime` >= 1774540800 ) AND `wb_order`.`isdel` IS NULL GROUP BY `user_id` ) `_group_count_` LIMIT 1 [ RunTime:0.000092s ]
[ sql ] [ SQL ] SELECT COUNT(*) AS tp_count FROM ( SELECT count(*) AS think_count FROM `wb_order` WHERE (  `ctime` < 1774540799  AND `ctime` >= 1774454400 ) AND `wb_order`.`isdel` IS NULL GROUP BY `user_id` ) `_group_count_` LIMIT 1 [ RunTime:0.000090s ]
---------------------------------------------------------------
[2026-04-01T15:39:32+08:00] 127.0.0.1 GET www.jiwankang.com/manage/user/index.html
[运行时间：0.033858s] [吞吐率：29.54req/s] [内存消耗：4,887.96kb] [文件加载：113]
[ info ] [ LANG ] E:\wwwroot\2026\04\jiwankang\thinkphp\lang\zh-cn.php
[ info ] [ ROUTE ] array (
)
[ info ] [ HEADER ] array (
  'cookie' => 'PHPSESSID=6ge3q9cob417ort2dkkl8j63da',
  'accept-language' => 'zh-CN,zh;q=0.9',
  'accept-encoding' => 'gzip, deflate',
  'referer' => 'http://www.jiwankang.com/manage',
  'accept' => 'text/html,application/xhtml+xml,application/xml;q=0.9,image/avif,image/webp,image/apng,*/*;q=0.8,application/signed-exchange;v=b3;q=0.7',
  'user-agent' => 'Mozilla/5.0 (Windows NT 10.0; Win64; x64) AppleWebKit/537.36 (KHTML, like Gecko) Chrome/146.0.0.0 Safari/537.36',
  'upgrade-insecure-requests' => '1',
  'connection' => 'keep-alive',
  'host' => 'www.jiwankang.com',
  'content-length' => '',
  'content-type' => '',
)
[ info ] [ PARAM ] array (
)
[ info ] [ DB ] INIT mysql
[ info ] [ VIEW ] E:\wwwroot\2026\04\jiwankang\application\manage\view\user\index.html [ array (
  0 => 'params',
  1 => 'jshopHost',
  2 => 'shop_name',
  3 => 'grade',
) ]
[ sql ] [ DB ] CONNECT:[ UseTime:0.000797s ] mysql:host=127.0.0.1;port=3306;dbname=jiwankang;charset=utf8mb4
[ sql ] [ SQL ] SHOW COLUMNS FROM `wb_setting` [ RunTime:0.000547s ]
[ sql ] [ SQL ] SELECT * FROM `wb_setting` WHERE  `skey` = 'shop_name' LIMIT 1 [ RunTime:0.000338s ]
[ sql ] [ SQL ] SHOW COLUMNS FROM `wb_user_grade` [ RunTime:0.000375s ]
[ sql ] [ SQL ] SELECT * FROM `wb_user_grade` [ RunTime:0.000159s ]
---------------------------------------------------------------
[2026-04-01T15:39:32+08:00] 127.0.0.1 GET www.jiwankang.com/manage/user/index.html
[运行时间：0.040816s] [吞吐率：24.50req/s] [内存消耗：4,588.14kb] [文件加载：110]
[ info ] [ LANG ] E:\wwwroot\2026\04\jiwankang\thinkphp\lang\zh-cn.php
[ info ] [ ROUTE ] array (
)
[ info ] [ HEADER ] array (
  'cookie' => 'PHPSESSID=6ge3q9cob417ort2dkkl8j63da',
  'accept-language' => 'zh-CN,zh;q=0.9',
  'accept-encoding' => 'gzip, deflate',
  'referer' => 'http://www.jiwankang.com/manage',
  'accept' => 'text/html,application/xhtml+xml,application/xml;q=0.9,image/avif,image/webp,image/apng,*/*;q=0.8,application/signed-exchange;v=b3;q=0.7',
  'user-agent' => 'Mozilla/5.0 (Windows NT 10.0; Win64; x64) AppleWebKit/537.36 (KHTML, like Gecko) Chrome/146.0.0.0 Safari/537.36',
  'upgrade-insecure-requests' => '1',
  'connection' => 'keep-alive',
  'host' => 'www.jiwankang.com',
  'content-length' => '',
  'content-type' => '',
)
[ info ] [ PARAM ] array (
)
[ info ] [ DB ] INIT mysql
[ info ] [ VIEW ] E:\wwwroot\2026\04\jiwankang\application\manage\view\user\index.html [ array (
  0 => 'params',
  1 => 'jshopHost',
  2 => 'shop_name',
  3 => 'grade',
) ]
[ sql ] [ DB ] CONNECT:[ UseTime:0.000806s ] mysql:host=127.0.0.1;port=3306;dbname=jiwankang;charset=utf8mb4
[ sql ] [ SQL ] SHOW COLUMNS FROM `wb_setting` [ RunTime:0.000448s ]
[ sql ] [ SQL ] SELECT * FROM `wb_setting` WHERE  `skey` = 'shop_name' LIMIT 1 [ RunTime:0.000141s ]
[ sql ] [ SQL ] SHOW COLUMNS FROM `wb_user_grade` [ RunTime:0.000368s ]
[ sql ] [ SQL ] SELECT * FROM `wb_user_grade` [ RunTime:0.000108s ]
---------------------------------------------------------------
[2026-04-01T15:39:32+08:00] 127.0.0.1 GET www.jiwankang.com/manage/user/index.html?_ajax=1&page=1&limit=20
[运行时间：0.034723s] [吞吐率：28.80req/s] [内存消耗：4,900.38kb] [文件加载：117]
[ info ] [ LANG ] E:\wwwroot\2026\04\jiwankang\thinkphp\lang\zh-cn.php
[ info ] [ ROUTE ] array (
)
[ info ] [ HEADER ] array (
  'cookie' => 'PHPSESSID=6ge3q9cob417ort2dkkl8j63da',
  'accept-language' => 'zh-CN,zh;q=0.9',
  'accept-encoding' => 'gzip, deflate',
  'referer' => 'http://www.jiwankang.com/manage/user/index.html',
  'x-requested-with' => 'XMLHttpRequest',
  'accept' => 'application/json, text/javascript, */*; q=0.01',
  'user-agent' => 'Mozilla/5.0 (Windows NT 10.0; Win64; x64) AppleWebKit/537.36 (KHTML, like Gecko) Chrome/146.0.0.0 Safari/537.36',
  'connection' => 'keep-alive',
  'host' => 'www.jiwankang.com',
  'content-length' => '',
  'content-type' => '',
)
[ info ] [ PARAM ] array (
  '_ajax' => '1',
  'page' => '1',
  'limit' => '20',
)
[ info ] [ DB ] INIT mysql
[ sql ] [ DB ] CONNECT:[ UseTime:0.000664s ] mysql:host=127.0.0.1;port=3306;dbname=jiwankang;charset=utf8mb4
[ sql ] [ SQL ] SHOW COLUMNS FROM `wb_setting` [ RunTime:0.000415s ]
[ sql ] [ SQL ] SELECT * FROM `wb_setting` WHERE  `skey` = 'shop_name' LIMIT 1 [ RunTime:0.000142s ]
[ sql ] [ SQL ] SHOW COLUMNS FROM `wb_user` [ RunTime:0.000591s ]
[ sql ] [ SQL ] SELECT COUNT(*) AS tp_count FROM `wb_user` WHERE `wb_user`.`isdel` IS NULL LIMIT 1 [ RunTime:0.000143s ]
[ sql ] [ SQL ] SELECT * FROM `wb_user` WHERE `wb_user`.`isdel` IS NULL ORDER BY `id` DESC LIMIT 0,20 [ RunTime:0.000126s ]
[ sql ] [ SQL ] SHOW COLUMNS FROM `wb_user_grade` [ RunTime:0.000761s ]
[ sql ] [ SQL ] SELECT * FROM `wb_user_grade` WHERE  `id` IN (3) [ RunTime:0.000122s ]
[ sql ] [ SQL ] SHOW COLUMNS FROM `wb_user_wx` [ RunTime:0.000788s ]
[ sql ] [ SQL ] SELECT * FROM `wb_user_wx` WHERE  `user_id` IN (1) [ RunTime:0.000125s ]
---------------------------------------------------------------
[2026-04-01T15:53:48+08:00] 127.0.0.1 GET www.jiwankang.com/manage/setting/index.html
[运行时间：0.050491s] [吞吐率：19.81req/s] [内存消耗：5,077.48kb] [文件加载：113]
[ info ] [ LANG ] E:\wwwroot\2026\04\jiwankang\thinkphp\lang\zh-cn.php
[ info ] [ ROUTE ] array (
)
[ info ] [ HEADER ] array (
  'cookie' => 'PHPSESSID=6ge3q9cob417ort2dkkl8j63da',
  'accept-language' => 'zh-CN,zh;q=0.9',
  'accept-encoding' => 'gzip, deflate',
  'referer' => 'http://www.jiwankang.com/manage',
  'accept' => 'text/html,application/xhtml+xml,application/xml;q=0.9,image/avif,image/webp,image/apng,*/*;q=0.8,application/signed-exchange;v=b3;q=0.7',
  'user-agent' => 'Mozilla/5.0 (Windows NT 10.0; Win64; x64) AppleWebKit/537.36 (KHTML, like Gecko) Chrome/146.0.0.0 Safari/537.36',
  'upgrade-insecure-requests' => '1',
  'connection' => 'keep-alive',
  'host' => 'www.jiwankang.com',
  'content-length' => '',
  'content-type' => '',
)
[ info ] [ PARAM ] array (
)
[ info ] [ DB ] INIT mysql
[ info ] [ VIEW ] E:\wwwroot\2026\04\jiwankang\application\manage\view\setting\index.html [ array (
  0 => 'params',
  1 => 'jshopHost',
  2 => 'shop_name',
  3 => 'data',
) ]
[ sql ] [ DB ] CONNECT:[ UseTime:0.000842s ] mysql:host=127.0.0.1;port=3306;dbname=jiwankang;charset=utf8mb4
[ sql ] [ SQL ] SHOW COLUMNS FROM `wb_setting` [ RunTime:0.000593s ]
[ sql ] [ SQL ] SELECT * FROM `wb_setting` WHERE  `skey` = 'shop_name' LIMIT 1 [ RunTime:0.000187s ]
[ sql ] [ SQL ] SELECT * FROM `wb_setting` [ RunTime:0.000169s ]
[ sql ] [ SQL ] SHOW COLUMNS FROM `wb_images` [ RunTime:0.001242s ]
[ sql ] [ SQL ] SELECT `url` FROM `wb_images` WHERE  `id` = '64e93548032d6240b0b46088f38df3a8' LIMIT 1 [ RunTime:0.000155s ]
[ sql ] [ SQL ] SELECT * FROM `wb_setting` WHERE  `skey` = 'shop_default_image' LIMIT 1 [ RunTime:0.000147s ]
---------------------------------------------------------------
[2026-04-01T15:53:48+08:00] 127.0.0.1 GET www.jiwankang.com/manage/images/manage.html?action=config&&noCache=1775030028808
[运行时间：0.043557s] [吞吐率：22.96req/s] [内存消耗：4,341.02kb] [文件加载：104]
[ info ] [ LANG ] E:\wwwroot\2026\04\jiwankang\thinkphp\lang\zh-cn.php
[ info ] [ ROUTE ] array (
)
[ info ] [ HEADER ] array (
  'cookie' => 'PHPSESSID=6ge3q9cob417ort2dkkl8j63da',
  'accept-language' => 'zh-CN,zh;q=0.9',
  'accept-encoding' => 'gzip, deflate',
  'referer' => 'http://www.jiwankang.com/manage/setting/index.html',
  'accept' => '*/*',
  'user-agent' => 'Mozilla/5.0 (Windows NT 10.0; Win64; x64) AppleWebKit/537.36 (KHTML, like Gecko) Chrome/146.0.0.0 Safari/537.36',
  'connection' => 'keep-alive',
  'host' => 'www.jiwankang.com',
  'content-length' => '',
  'content-type' => '',
)
[ info ] [ PARAM ] array (
  'action' => 'config',
  'noCache' => '1775030028808',
)
[ info ] [ DB ] INIT mysql
[ sql ] [ DB ] CONNECT:[ UseTime:0.000922s ] mysql:host=127.0.0.1;port=3306;dbname=jiwankang;charset=utf8mb4
[ sql ] [ SQL ] SHOW COLUMNS FROM `wb_setting` [ RunTime:0.000577s ]
[ sql ] [ SQL ] SELECT * FROM `wb_setting` WHERE  `skey` = 'shop_name' LIMIT 1 [ RunTime:0.000278s ]
---------------------------------------------------------------
[2026-04-01T15:53:48+08:00] 127.0.0.1 GET www.jiwankang.com/manage/images/manage.html?action=config&&noCache=1775030028823
[运行时间：0.039681s] [吞吐率：25.20req/s] [内存消耗：4,341.02kb] [文件加载：104]
[ info ] [ LANG ] E:\wwwroot\2026\04\jiwankang\thinkphp\lang\zh-cn.php
[ info ] [ ROUTE ] array (
)
[ info ] [ HEADER ] array (
  'cookie' => 'PHPSESSID=6ge3q9cob417ort2dkkl8j63da',
  'accept-language' => 'zh-CN,zh;q=0.9',
  'accept-encoding' => 'gzip, deflate',
  'referer' => 'http://www.jiwankang.com/manage/setting/index.html',
  'accept' => '*/*',
  'user-agent' => 'Mozilla/5.0 (Windows NT 10.0; Win64; x64) AppleWebKit/537.36 (KHTML, like Gecko) Chrome/146.0.0.0 Safari/537.36',
  'connection' => 'keep-alive',
  'host' => 'www.jiwankang.com',
  'content-length' => '',
  'content-type' => '',
)
[ info ] [ PARAM ] array (
  'action' => 'config',
  'noCache' => '1775030028823',
)
[ info ] [ DB ] INIT mysql
[ sql ] [ DB ] CONNECT:[ UseTime:0.001197s ] mysql:host=127.0.0.1;port=3306;dbname=jiwankang;charset=utf8mb4
[ sql ] [ SQL ] SHOW COLUMNS FROM `wb_setting` [ RunTime:0.000628s ]
[ sql ] [ SQL ] SELECT * FROM `wb_setting` WHERE  `skey` = 'shop_name' LIMIT 1 [ RunTime:0.000316s ]
---------------------------------------------------------------
[2026-04-01T15:53:48+08:00] 127.0.0.1 GET www.jiwankang.com/manage/images/manage.html?action=config&&noCache=1775030028823
[运行时间：0.031801s] [吞吐率：31.45req/s] [内存消耗：4,341.02kb] [文件加载：104]
[ info ] [ LANG ] E:\wwwroot\2026\04\jiwankang\thinkphp\lang\zh-cn.php
[ info ] [ ROUTE ] array (
)
[ info ] [ HEADER ] array (
  'cookie' => 'PHPSESSID=6ge3q9cob417ort2dkkl8j63da',
  'accept-language' => 'zh-CN,zh;q=0.9',
  'accept-encoding' => 'gzip, deflate',
  'referer' => 'http://www.jiwankang.com/manage/setting/index.html',
  'accept' => '*/*',
  'user-agent' => 'Mozilla/5.0 (Windows NT 10.0; Win64; x64) AppleWebKit/537.36 (KHTML, like Gecko) Chrome/146.0.0.0 Safari/537.36',
  'connection' => 'keep-alive',
  'host' => 'www.jiwankang.com',
  'content-length' => '',
  'content-type' => '',
)
[ info ] [ PARAM ] array (
  'action' => 'config',
  'noCache' => '1775030028823',
)
[ info ] [ DB ] INIT mysql
[ sql ] [ DB ] CONNECT:[ UseTime:0.000953s ] mysql:host=127.0.0.1;port=3306;dbname=jiwankang;charset=utf8mb4
[ sql ] [ SQL ] SHOW COLUMNS FROM `wb_setting` [ RunTime:0.000565s ]
[ sql ] [ SQL ] SELECT * FROM `wb_setting` WHERE  `skey` = 'shop_name' LIMIT 1 [ RunTime:0.000207s ]
---------------------------------------------------------------
[2026-04-01T15:54:53+08:00] 127.0.0.1 POST www.jiwankang.com/manage/setting/index.html
[运行时间：0.050782s] [吞吐率：19.69req/s] [内存消耗：4,997.26kb] [文件加载：140]
[ info ] [ LANG ] E:\wwwroot\2026\04\jiwankang\thinkphp\lang\zh-cn.php
[ info ] [ ROUTE ] array (
)
[ info ] [ HEADER ] array (
  'cookie' => 'PHPSESSID=6ge3q9cob417ort2dkkl8j63da',
  'accept-language' => 'zh-CN,zh;q=0.9',
  'accept-encoding' => 'gzip, deflate',
  'referer' => 'http://www.jiwankang.com/manage/setting/index.html',
  'origin' => 'http://www.jiwankang.com',
  'content-type' => 'application/x-www-form-urlencoded; charset=UTF-8',
  'accept' => 'application/json, text/javascript, */*; q=0.01',
  'user-agent' => 'Mozilla/5.0 (Windows NT 10.0; Win64; x64) AppleWebKit/537.36 (KHTML, like Gecko) Chrome/146.0.0.0 Safari/537.36',
  'x-requested-with' => 'XMLHttpRequest',
  'content-length' => '146',
  'connection' => 'keep-alive',
  'host' => 'www.jiwankang.com',
)
[ info ] [ PARAM ] array (
  'tocash_money_low' => '100',
  'tocash_money_rate' => '10',
  'tocash_money_limit' => '0',
  '__Jshop_Token__' => '8dde025b8f8a6262d997a73079b6f58d6ad40997',
  'validate_form' => 'setting_save',
)
[ info ] [ DB ] INIT mysql
[ sql ] [ DB ] CONNECT:[ UseTime:0.000972s ] mysql:host=127.0.0.1;port=3306;dbname=jiwankang;charset=utf8mb4
[ sql ] [ SQL ] SHOW COLUMNS FROM `wb_setting` [ RunTime:0.000607s ]
[ sql ] [ SQL ] SELECT * FROM `wb_setting` WHERE  `skey` = 'shop_name' LIMIT 1 [ RunTime:0.000271s ]
[ sql ] [ SQL ] SELECT * FROM `wb_setting` WHERE  `skey` = 'tocash_money_low' LIMIT 1 [ RunTime:0.000287s ]
[ sql ] [ SQL ] SELECT * FROM `wb_setting` WHERE  `skey` = 'tocash_money_rate' LIMIT 1 [ RunTime:0.000238s ]
[ sql ] [ SQL ] UPDATE `wb_setting`  SET `value` = '10'  WHERE  `skey` = 'tocash_money_rate' [ RunTime:0.001117s ]
[ sql ] [ SQL ] SELECT * FROM `wb_setting` WHERE  `skey` = 'tocash_money_limit' LIMIT 1 [ RunTime:0.000318s ]
[ sql ] [ SQL ] SELECT * FROM `wb_setting` WHERE  `skey` = 'language' LIMIT 1 [ RunTime:0.000183s ]
[ sql ] [ SQL ] SELECT * FROM `wb_setting` WHERE  `skey` = 'language' LIMIT 1 [ RunTime:0.000093s ]
[ sql ] [ SQL ] SELECT * FROM `wb_setting` WHERE  `skey` = 'language' LIMIT 1 [ RunTime:0.000075s ]
[ sql ] [ SQL ] SELECT * FROM `wb_setting` WHERE  `skey` = 'language' LIMIT 1 [ RunTime:0.000069s ]
---------------------------------------------------------------
[2026-04-01T15:54:55+08:00] 127.0.0.1 GET www.jiwankang.com/manage/setting/index.html
[运行时间：0.046975s] [吞吐率：21.29req/s] [内存消耗：5,183.41kb] [文件加载：118]
[ info ] [ LANG ] E:\wwwroot\2026\04\jiwankang\thinkphp\lang\zh-cn.php
[ info ] [ DB ] INIT mysql
[ info ] [ ROUTE ] array (
)
[ info ] [ HEADER ] array (
  'cookie' => 'PHPSESSID=6ge3q9cob417ort2dkkl8j63da',
  'accept-language' => 'zh-CN,zh;q=0.9',
  'accept-encoding' => 'gzip, deflate',
  'referer' => 'http://www.jiwankang.com/manage/setting/index.html',
  'accept' => 'text/html,application/xhtml+xml,application/xml;q=0.9,image/avif,image/webp,image/apng,*/*;q=0.8,application/signed-exchange;v=b3;q=0.7',
  'user-agent' => 'Mozilla/5.0 (Windows NT 10.0; Win64; x64) AppleWebKit/537.36 (KHTML, like Gecko) Chrome/146.0.0.0 Safari/537.36',
  'upgrade-insecure-requests' => '1',
  'cache-control' => 'max-age=0',
  'connection' => 'keep-alive',
  'host' => 'www.jiwankang.com',
  'content-length' => '',
  'content-type' => '',
)
[ info ] [ PARAM ] array (
)
[ info ] [ VIEW ] E:\wwwroot\2026\04\jiwankang\application\manage\view\setting\index.html [ array (
  0 => 'params',
  1 => 'jshopHost',
  2 => 'shop_name',
  3 => 'data',
) ]
[ sql ] [ DB ] CONNECT:[ UseTime:0.000610s ] mysql:host=127.0.0.1;port=3306;dbname=jiwankang;charset=utf8mb4
[ sql ] [ SQL ] SHOW COLUMNS FROM `wb_hooks` [ RunTime:0.001006s ]
[ sql ] [ SQL ] SELECT `name`,`addons` FROM `wb_hooks` [ RunTime:0.000140s ]
[ sql ] [ SQL ] SHOW COLUMNS FROM `wb_addons` [ RunTime:0.001033s ]
[ sql ] [ SQL ] SELECT `name` FROM `wb_addons` WHERE  `status` = 1  AND `name` IN ('') [ RunTime:0.000297s ]
[ sql ] [ SQL ] SELECT `name` FROM `wb_addons` WHERE  `status` = 1  AND `name` IN ('') [ RunTime:0.000250s ]
[ sql ] [ SQL ] SELECT `name` FROM `wb_addons` WHERE  `status` = 1  AND `name` IN ('') [ RunTime:0.000145s ]
[ sql ] [ SQL ] SELECT `name` FROM `wb_addons` WHERE  `status` = 1  AND `name` IN ('') [ RunTime:0.000177s ]
[ sql ] [ SQL ] SELECT `name` FROM `wb_addons` WHERE  `status` = 1  AND `name` IN ('') [ RunTime:0.000158s ]
[ sql ] [ SQL ] SELECT `name` FROM `wb_addons` WHERE  `status` = 1  AND `name` IN ('') [ RunTime:0.000121s ]
[ sql ] [ SQL ] SELECT `name` FROM `wb_addons` WHERE  `status` = 1  AND `name` IN ('') [ RunTime:0.000130s ]
[ sql ] [ SQL ] SELECT `name` FROM `wb_addons` WHERE  `status` = 1  AND `name` IN ('') [ RunTime:0.000114s ]
[ sql ] [ SQL ] SELECT `name` FROM `wb_addons` WHERE  `status` = 1  AND `name` IN ('') [ RunTime:0.000104s ]
[ sql ] [ SQL ] SELECT `name` FROM `wb_addons` WHERE  `status` = 1  AND `name` IN ('') [ RunTime:0.000082s ]
[ sql ] [ SQL ] SELECT `name` FROM `wb_addons` WHERE  `status` = 1  AND `name` IN ('') [ RunTime:0.000076s ]
[ sql ] [ SQL ] SELECT `name` FROM `wb_addons` WHERE  `status` = 1  AND `name` IN ('') [ RunTime:0.000074s ]
[ sql ] [ SQL ] SELECT `name` FROM `wb_addons` WHERE  `status` = 1  AND `name` IN ('Userupgrade','UserInvite') [ RunTime:0.000106s ]
[ sql ] [ SQL ] SELECT `name` FROM `wb_addons` WHERE  `status` = 1  AND `name` IN ('') [ RunTime:0.000107s ]
[ sql ] [ SQL ] SELECT `name` FROM `wb_addons` WHERE  `status` = 1  AND `name` IN ('') [ RunTime:0.000079s ]
[ sql ] [ SQL ] SELECT `name` FROM `wb_addons` WHERE  `status` = 1  AND `name` IN ('') [ RunTime:0.000075s ]
[ sql ] [ SQL ] SELECT `name` FROM `wb_addons` WHERE  `status` = 1  AND `name` IN ('') [ RunTime:0.000073s ]
[ sql ] [ SQL ] SELECT `name` FROM `wb_addons` WHERE  `status` = 1  AND `name` IN ('') [ RunTime:0.000074s ]
[ sql ] [ SQL ] SELECT `name` FROM `wb_addons` WHERE  `status` = 1  AND `name` IN ('Wxdelivery') [ RunTime:0.000075s ]
[ sql ] [ SQL ] SELECT `name` FROM `wb_addons` WHERE  `status` = 1  AND `name` IN ('') [ RunTime:0.000093s ]
[ sql ] [ SQL ] SELECT `name` FROM `wb_addons` WHERE  `status` = 1  AND `name` IN ('') [ RunTime:0.000075s ]
[ sql ] [ SQL ] SELECT `name` FROM `wb_addons` WHERE  `status` = 1  AND `name` IN ('') [ RunTime:0.000073s ]
[ sql ] [ SQL ] SELECT `name` FROM `wb_addons` WHERE  `status` = 1  AND `name` IN ('') [ RunTime:0.000072s ]
[ sql ] [ SQL ] SELECT `name` FROM `wb_addons` WHERE  `status` = 1  AND `name` IN ('') [ RunTime:0.000085s ]
[ sql ] [ SQL ] SELECT `name` FROM `wb_addons` WHERE  `status` = 1  AND `name` IN ('') [ RunTime:0.000073s ]
[ sql ] [ SQL ] SELECT `name` FROM `wb_addons` WHERE  `status` = 1  AND `name` IN ('') [ RunTime:0.000072s ]
[ sql ] [ SQL ] SELECT `name` FROM `wb_addons` WHERE  `status` = 1  AND `name` IN ('') [ RunTime:0.000071s ]
[ sql ] [ SQL ] SELECT `name` FROM `wb_addons` WHERE  `status` = 1  AND `name` IN ('') [ RunTime:0.000072s ]
[ sql ] [ SQL ] SELECT `name` FROM `wb_addons` WHERE  `status` = 1  AND `name` IN ('UserInvite') [ RunTime:0.000074s ]
[ sql ] [ SQL ] SELECT `name` FROM `wb_addons` WHERE  `status` = 1  AND `name` IN ('QueueCreate') [ RunTime:0.000076s ]
[ sql ] [ SQL ] SELECT `name` FROM `wb_addons` WHERE  `status` = 1  AND `name` IN ('Wxdelivery') [ RunTime:0.000090s ]
[ sql ] [ SQL ] SHOW COLUMNS FROM `wb_setting` [ RunTime:0.000352s ]
[ sql ] [ SQL ] SELECT * FROM `wb_setting` WHERE  `skey` = 'shop_name' LIMIT 1 [ RunTime:0.000117s ]
[ sql ] [ SQL ] SELECT * FROM `wb_setting` [ RunTime:0.000125s ]
[ sql ] [ SQL ] SHOW COLUMNS FROM `wb_images` [ RunTime:0.000913s ]
[ sql ] [ SQL ] SELECT `url` FROM `wb_images` WHERE  `id` = '64e93548032d6240b0b46088f38df3a8' LIMIT 1 [ RunTime:0.000148s ]
[ sql ] [ SQL ] SELECT * FROM `wb_setting` WHERE  `skey` = 'shop_default_image' LIMIT 1 [ RunTime:0.000130s ]
---------------------------------------------------------------
[2026-04-01T15:54:55+08:00] 127.0.0.1 GET www.jiwankang.com/manage/images/manage.html?action=config&&noCache=1775030095448
[运行时间：0.037307s] [吞吐率：26.80req/s] [内存消耗：4,341.02kb] [文件加载：104]
[ info ] [ LANG ] E:\wwwroot\2026\04\jiwankang\thinkphp\lang\zh-cn.php
[ info ] [ ROUTE ] array (
)
[ info ] [ HEADER ] array (
  'cookie' => 'PHPSESSID=6ge3q9cob417ort2dkkl8j63da',
  'accept-language' => 'zh-CN,zh;q=0.9',
  'accept-encoding' => 'gzip, deflate',
  'referer' => 'http://www.jiwankang.com/manage/setting/index.html',
  'accept' => '*/*',
  'user-agent' => 'Mozilla/5.0 (Windows NT 10.0; Win64; x64) AppleWebKit/537.36 (KHTML, like Gecko) Chrome/146.0.0.0 Safari/537.36',
  'connection' => 'keep-alive',
  'host' => 'www.jiwankang.com',
  'content-length' => '',
  'content-type' => '',
)
[ info ] [ PARAM ] array (
  'action' => 'config',
  'noCache' => '1775030095448',
)
[ info ] [ DB ] INIT mysql
[ sql ] [ DB ] CONNECT:[ UseTime:0.002668s ] mysql:host=127.0.0.1;port=3306;dbname=jiwankang;charset=utf8mb4
[ sql ] [ SQL ] SHOW COLUMNS FROM `wb_setting` [ RunTime:0.001221s ]
[ sql ] [ SQL ] SELECT * FROM `wb_setting` WHERE  `skey` = 'shop_name' LIMIT 1 [ RunTime:0.000389s ]
---------------------------------------------------------------
[2026-04-01T15:54:55+08:00] 127.0.0.1 GET www.jiwankang.com/manage/images/manage.html?action=config&&noCache=1775030095491
[运行时间：0.035146s] [吞吐率：28.45req/s] [内存消耗：4,341.02kb] [文件加载：104]
[ info ] [ LANG ] E:\wwwroot\2026\04\jiwankang\thinkphp\lang\zh-cn.php
[ info ] [ ROUTE ] array (
)
[ info ] [ HEADER ] array (
  'cookie' => 'PHPSESSID=6ge3q9cob417ort2dkkl8j63da',
  'accept-language' => 'zh-CN,zh;q=0.9',
  'accept-encoding' => 'gzip, deflate',
  'referer' => 'http://www.jiwankang.com/manage/setting/index.html',
  'accept' => '*/*',
  'user-agent' => 'Mozilla/5.0 (Windows NT 10.0; Win64; x64) AppleWebKit/537.36 (KHTML, like Gecko) Chrome/146.0.0.0 Safari/537.36',
  'connection' => 'keep-alive',
  'host' => 'www.jiwankang.com',
  'content-length' => '',
  'content-type' => '',
)
[ info ] [ PARAM ] array (
  'action' => 'config',
  'noCache' => '1775030095491',
)
[ info ] [ DB ] INIT mysql
[ sql ] [ DB ] CONNECT:[ UseTime:0.000776s ] mysql:host=127.0.0.1;port=3306;dbname=jiwankang;charset=utf8mb4
[ sql ] [ SQL ] SHOW COLUMNS FROM `wb_setting` [ RunTime:0.000547s ]
[ sql ] [ SQL ] SELECT * FROM `wb_setting` WHERE  `skey` = 'shop_name' LIMIT 1 [ RunTime:0.000308s ]
---------------------------------------------------------------
[2026-04-01T15:54:55+08:00] 127.0.0.1 GET www.jiwankang.com/manage/images/manage.html?action=config&&noCache=1775030095491
[运行时间：0.030042s] [吞吐率：33.29req/s] [内存消耗：4,341.02kb] [文件加载：104]
[ info ] [ LANG ] E:\wwwroot\2026\04\jiwankang\thinkphp\lang\zh-cn.php
[ info ] [ ROUTE ] array (
)
[ info ] [ HEADER ] array (
  'cookie' => 'PHPSESSID=6ge3q9cob417ort2dkkl8j63da',
  'accept-language' => 'zh-CN,zh;q=0.9',
  'accept-encoding' => 'gzip, deflate',
  'referer' => 'http://www.jiwankang.com/manage/setting/index.html',
  'accept' => '*/*',
  'user-agent' => 'Mozilla/5.0 (Windows NT 10.0; Win64; x64) AppleWebKit/537.36 (KHTML, like Gecko) Chrome/146.0.0.0 Safari/537.36',
  'connection' => 'keep-alive',
  'host' => 'www.jiwankang.com',
  'content-length' => '',
  'content-type' => '',
)
[ info ] [ PARAM ] array (
  'action' => 'config',
  'noCache' => '1775030095491',
)
[ info ] [ DB ] INIT mysql
[ sql ] [ DB ] CONNECT:[ UseTime:0.000762s ] mysql:host=127.0.0.1;port=3306;dbname=jiwankang;charset=utf8mb4
[ sql ] [ SQL ] SHOW COLUMNS FROM `wb_setting` [ RunTime:0.000476s ]
[ sql ] [ SQL ] SELECT * FROM `wb_setting` WHERE  `skey` = 'shop_name' LIMIT 1 [ RunTime:0.000299s ]
---------------------------------------------------------------
[2026-04-01T16:01:18+08:00] 127.0.0.1 GET www.jiwankang.com/manage
[运行时间：0.046530s] [吞吐率：21.49req/s] [内存消耗：5,186.35kb] [文件加载：117]
[ info ] [ LANG ] E:\wwwroot\2026\04\jiwankang\thinkphp\lang\zh-cn.php
[ info ] [ ROUTE ] array (
)
[ info ] [ HEADER ] array (
  'cookie' => 'PHPSESSID=6ge3q9cob417ort2dkkl8j63da',
  'accept-language' => 'zh-CN,zh;q=0.9',
  'accept-encoding' => 'gzip, deflate',
  'referer' => 'http://www.jiwankang.com/manage/common/login.html',
  'accept' => 'text/html,application/xhtml+xml,application/xml;q=0.9,image/avif,image/webp,image/apng,*/*;q=0.8,application/signed-exchange;v=b3;q=0.7',
  'user-agent' => 'Mozilla/5.0 (Windows NT 10.0; Win64; x64) AppleWebKit/537.36 (KHTML, like Gecko) Chrome/146.0.0.0 Safari/537.36',
  'upgrade-insecure-requests' => '1',
  'cache-control' => 'max-age=0',
  'connection' => 'keep-alive',
  'host' => 'www.jiwankang.com',
  'content-length' => '',
  'content-type' => '',
)
[ info ] [ PARAM ] array (
)
[ info ] [ DB ] INIT mysql
[ info ] [ VIEW ] E:\wwwroot\2026\04\jiwankang\application\manage\view\index\index.html [ array (
  0 => 'params',
  1 => 'jshopHost',
  2 => 'shop_name',
  3 => 'menu',
  4 => 'kefu',
) ]
[ sql ] [ DB ] CONNECT:[ UseTime:0.001170s ] mysql:host=127.0.0.1;port=3306;dbname=jiwankang;charset=utf8mb4
[ sql ] [ SQL ] SHOW COLUMNS FROM `wb_setting` [ RunTime:0.000446s ]
[ sql ] [ SQL ] SELECT * FROM `wb_setting` WHERE  `skey` = 'shop_name' LIMIT 1 [ RunTime:0.000191s ]
[ sql ] [ SQL ] SHOW COLUMNS FROM `wb_operation` [ RunTime:0.000292s ]
[ sql ] [ SQL ] SELECT * FROM `wb_operation` WHERE  `perm_type` <= 1 ORDER BY `sort` ASC [ RunTime:0.000262s ]
[ sql ] [ SQL ] SELECT * FROM `wb_operation` [ RunTime:0.000543s ]
[ sql ] [ SQL ] SHOW COLUMNS FROM `wb_addons` [ RunTime:0.001186s ]
[ sql ] [ SQL ] SELECT * FROM `wb_addons` WHERE  `name` = 'Wxdelivery' LIMIT 1 [ RunTime:0.000213s ]
[ sql ] [ SQL ] SELECT * FROM `wb_setting` WHERE  `skey` = 'ent_id' LIMIT 1 [ RunTime:0.000452s ]
[ error ] [8]未定义数组索引: selected[E:\wwwroot\2026\04\jiwankang\runtime\temp\0ebc0da97c722c413af6448a150993b9.php:118]
[ error ] [8]未定义数组索引: selected[E:\wwwroot\2026\04\jiwankang\runtime\temp\0ebc0da97c722c413af6448a150993b9.php:118]
[ error ] [8]未定义数组索引: selected[E:\wwwroot\2026\04\jiwankang\runtime\temp\0ebc0da97c722c413af6448a150993b9.php:118]
[ error ] [8]未定义数组索引: selected[E:\wwwroot\2026\04\jiwankang\runtime\temp\0ebc0da97c722c413af6448a150993b9.php:118]
[ error ] [8]未定义数组索引: selected[E:\wwwroot\2026\04\jiwankang\runtime\temp\0ebc0da97c722c413af6448a150993b9.php:118]
[ error ] [8]未定义数组索引: selected[E:\wwwroot\2026\04\jiwankang\runtime\temp\0ebc0da97c722c413af6448a150993b9.php:118]
[ error ] [8]未定义数组索引: selected[E:\wwwroot\2026\04\jiwankang\runtime\temp\0ebc0da97c722c413af6448a150993b9.php:118]
[ error ] [8]未定义数组索引: selected[E:\wwwroot\2026\04\jiwankang\runtime\temp\0ebc0da97c722c413af6448a150993b9.php:118]
[ error ] [8]未定义数组索引: selected[E:\wwwroot\2026\04\jiwankang\runtime\temp\0ebc0da97c722c413af6448a150993b9.php:118]
[ error ] [8]未定义数组索引: selected[E:\wwwroot\2026\04\jiwankang\runtime\temp\0ebc0da97c722c413af6448a150993b9.php:118]
[ error ] [8]未定义数组索引: selected[E:\wwwroot\2026\04\jiwankang\runtime\temp\0ebc0da97c722c413af6448a150993b9.php:118]
[ error ] [8]未定义数组索引: selected[E:\wwwroot\2026\04\jiwankang\runtime\temp\0ebc0da97c722c413af6448a150993b9.php:118]
[ error ] [8]未定义数组索引: selected[E:\wwwroot\2026\04\jiwankang\runtime\temp\0ebc0da97c722c413af6448a150993b9.php:118]
[ error ] [8]未定义数组索引: selected[E:\wwwroot\2026\04\jiwankang\runtime\temp\0ebc0da97c722c413af6448a150993b9.php:118]
[ error ] [8]未定义数组索引: selected[E:\wwwroot\2026\04\jiwankang\runtime\temp\0ebc0da97c722c413af6448a150993b9.php:118]
[ error ] [8]未定义数组索引: selected[E:\wwwroot\2026\04\jiwankang\runtime\temp\0ebc0da97c722c413af6448a150993b9.php:118]
[ error ] [8]未定义数组索引: selected[E:\wwwroot\2026\04\jiwankang\runtime\temp\0ebc0da97c722c413af6448a150993b9.php:118]
[ error ] [8]未定义数组索引: selected[E:\wwwroot\2026\04\jiwankang\runtime\temp\0ebc0da97c722c413af6448a150993b9.php:118]
[ error ] [8]未定义数组索引: selected[E:\wwwroot\2026\04\jiwankang\runtime\temp\0ebc0da97c722c413af6448a150993b9.php:118]
[ error ] [8]未定义数组索引: selected[E:\wwwroot\2026\04\jiwankang\runtime\temp\0ebc0da97c722c413af6448a150993b9.php:118]
---------------------------------------------------------------
[2026-04-01T16:01:18+08:00] 127.0.0.1 GET www.jiwankang.com/manage/index/welcome.html
[运行时间：0.050316s] [吞吐率：19.87req/s] [内存消耗：5,779.41kb] [文件加载：118]
[ info ] [ LANG ] E:\wwwroot\2026\04\jiwankang\thinkphp\lang\zh-cn.php
[ info ] [ ROUTE ] array (
)
[ info ] [ HEADER ] array (
  'cookie' => 'PHPSESSID=6ge3q9cob417ort2dkkl8j63da',
  'accept-language' => 'zh-CN,zh;q=0.9',
  'accept-encoding' => 'gzip, deflate',
  'referer' => 'http://www.jiwankang.com/manage',
  'accept' => 'text/html,application/xhtml+xml,application/xml;q=0.9,image/avif,image/webp,image/apng,*/*;q=0.8,application/signed-exchange;v=b3;q=0.7',
  'user-agent' => 'Mozilla/5.0 (Windows NT 10.0; Win64; x64) AppleWebKit/537.36 (KHTML, like Gecko) Chrome/146.0.0.0 Safari/537.36',
  'upgrade-insecure-requests' => '1',
  'connection' => 'keep-alive',
  'host' => 'www.jiwankang.com',
  'content-length' => '',
  'content-type' => '',
)
[ info ] [ PARAM ] array (
)
[ info ] [ DB ] INIT mysql
[ info ] [ VIEW ] E:\wwwroot\2026\04\jiwankang\application\manage\view\index\welcome.html [ array (
  0 => 'params',
  1 => 'jshopHost',
  2 => 'shop_name',
  3 => 'unpaid_count',
  4 => 'unship_count',
  5 => 'after_sales_count',
  6 => 'goods_statics',
  7 => 'zijinchi',
  8 => 'todayTyOrder',
  9 => 'allTyOrder',
  10 => 'daibutie',
  11 => 'yibutie',
) ]
[ sql ] [ DB ] CONNECT:[ UseTime:0.000910s ] mysql:host=127.0.0.1;port=3306;dbname=jiwankang;charset=utf8mb4
[ sql ] [ SQL ] SHOW COLUMNS FROM `wb_setting` [ RunTime:0.000535s ]
[ sql ] [ SQL ] SELECT * FROM `wb_setting` WHERE  `skey` = 'shop_name' LIMIT 1 [ RunTime:0.000235s ]
[ sql ] [ SQL ] SHOW COLUMNS FROM `wb_order` [ RunTime:0.000829s ]
[ sql ] [ SQL ] SELECT COUNT(*) AS tp_count FROM `wb_order` WHERE (  `status` = 1  AND `pay_status` = 1  AND `ship_status` = 1 ) AND `wb_order`.`isdel` IS NULL LIMIT 1 [ RunTime:0.000260s ]
[ sql ] [ SQL ] SELECT COUNT(*) AS tp_count FROM `wb_order` WHERE (  `status` = 1  AND `pay_status` = 2  AND `ship_status` IN (1,2) ) AND `wb_order`.`isdel` IS NULL LIMIT 1 [ RunTime:0.000132s ]
[ sql ] [ SQL ] SHOW COLUMNS FROM `wb_bill_aftersales` [ RunTime:0.000350s ]
[ sql ] [ SQL ] SELECT COUNT(*) AS tp_count FROM `wb_bill_aftersales` WHERE  `status` = 1 LIMIT 1 [ RunTime:0.000105s ]
[ sql ] [ SQL ] SELECT * FROM `wb_setting` WHERE  `skey` = 'shop_name' LIMIT 1 [ RunTime:0.000102s ]
[ sql ] [ SQL ] SHOW COLUMNS FROM `wb_goods` [ RunTime:0.000344s ]
[ sql ] [ SQL ] SELECT COUNT(`id`) AS tp_count FROM `wb_goods` LIMIT 1 [ RunTime:0.000098s ]
[ sql ] [ SQL ] SELECT COUNT(`id`) AS tp_count FROM `wb_goods` WHERE  `marketable` = 1 LIMIT 1 [ RunTime:0.000086s ]
[ sql ] [ SQL ] SELECT COUNT(`id`) AS tp_count FROM `wb_goods` WHERE  `marketable` = 2 LIMIT 1 [ RunTime:0.000070s ]
[ sql ] [ SQL ] SELECT * FROM `wb_setting` WHERE  `skey` = 'goods_stocks_warn' LIMIT 1 [ RunTime:0.000082s ]
[ sql ] [ SQL ] SHOW COLUMNS FROM `wb_products` [ RunTime:0.000278s ]
[ sql ] [ SQL ] SELECT COUNT(*) AS tp_count FROM ( SELECT count(id) AS think_count FROM `wb_products` WHERE  ( IF(stock < freeze_stock, 0, stock - freeze_stock)<10 ) GROUP BY `goods_id` ) `_group_count_` LIMIT 1 [ RunTime:0.000167s ]
[ sql ] [ SQL ] SHOW COLUMNS FROM `wb_money` [ RunTime:0.000406s ]
[ sql ] [ SQL ] SELECT `money` FROM `wb_money` WHERE  `type` = 1 LIMIT 1 [ RunTime:0.000196s ]
[ sql ] [ SQL ] SELECT SUM(`payed`) AS tp_sum FROM `wb_order` WHERE (  `status` < 3  AND `pay_status` = 2  AND `ctime` BETWEEN 1774972800 AND 1775059200 ) AND `wb_order`.`isdel` IS NULL LIMIT 1 [ RunTime:0.000174s ]
[ sql ] [ SQL ] SELECT SUM(`payed`) AS tp_sum FROM `wb_order` WHERE (  `status` < 3  AND `pay_status` = 2 ) AND `wb_order`.`isdel` IS NULL LIMIT 1 [ RunTime:0.000097s ]
[ sql ] [ SQL ] SHOW COLUMNS FROM `wb_user` [ RunTime:0.000334s ]
[ sql ] [ SQL ] SELECT SUM(`butie`) AS tp_sum FROM `wb_user` WHERE `wb_user`.`isdel` IS NULL LIMIT 1 [ RunTime:0.000097s ]
[ sql ] [ SQL ] SELECT SUM(`ybuite`) AS tp_sum FROM `wb_user` WHERE `wb_user`.`isdel` IS NULL LIMIT 1 [ RunTime:0.000069s ]
---------------------------------------------------------------
[2026-04-01T16:01:18+08:00] 127.0.0.1 GET www.jiwankang.com/manage/administrator/userloglist/state/1.html
[运行时间：0.078705s] [吞吐率：12.71req/s] [内存消耗：4,570.69kb] [文件加载：110]
[ info ] [ LANG ] E:\wwwroot\2026\04\jiwankang\thinkphp\lang\zh-cn.php
[ info ] [ ROUTE ] array (
)
[ info ] [ HEADER ] array (
  'cookie' => 'PHPSESSID=6ge3q9cob417ort2dkkl8j63da',
  'accept-language' => 'zh-CN,zh;q=0.9',
  'accept-encoding' => 'gzip, deflate',
  'referer' => 'http://www.jiwankang.com/manage/index/welcome.html',
  'x-requested-with' => 'XMLHttpRequest',
  'accept' => '*/*',
  'user-agent' => 'Mozilla/5.0 (Windows NT 10.0; Win64; x64) AppleWebKit/537.36 (KHTML, like Gecko) Chrome/146.0.0.0 Safari/537.36',
  'connection' => 'keep-alive',
  'host' => 'www.jiwankang.com',
  'content-length' => '',
  'content-type' => '',
)
[ info ] [ PARAM ] array (
  'state' => '1',
)
[ info ] [ DB ] INIT mysql
[ sql ] [ DB ] CONNECT:[ UseTime:0.001721s ] mysql:host=127.0.0.1;port=3306;dbname=jiwankang;charset=utf8mb4
[ sql ] [ SQL ] SHOW COLUMNS FROM `wb_setting` [ RunTime:0.001160s ]
[ sql ] [ SQL ] SELECT * FROM `wb_setting` WHERE  `skey` = 'shop_name' LIMIT 1 [ RunTime:0.000575s ]
[ sql ] [ SQL ] SHOW COLUMNS FROM `wb_user_log` [ RunTime:0.002695s ]
[ sql ] [ SQL ] SELECT COUNT(*) AS tp_count FROM `wb_user_log` WHERE  `state` = 1  AND `type` = 2 LIMIT 1 [ RunTime:0.000633s ]
[ sql ] [ SQL ] SELECT * FROM `wb_user_log` WHERE  `state` = 1  AND `type` = 2 ORDER BY `ctime` DESC LIMIT 0,10 [ RunTime:0.000567s ]
[ sql ] [ SQL ] SHOW COLUMNS FROM `wb_manage` [ RunTime:0.002600s ]
[ sql ] [ SQL ] SELECT `id`,`username`,`nickname`,`mobile` FROM `wb_manage` WHERE  `id` = 13 LIMIT 1 [ RunTime:0.000695s ]
[ sql ] [ SQL ] SELECT `id`,`username`,`nickname`,`mobile` FROM `wb_manage` WHERE  `id` = 13 LIMIT 1 [ RunTime:0.000369s ]
[ sql ] [ SQL ] SELECT `id`,`username`,`nickname`,`mobile` FROM `wb_manage` WHERE  `id` = 13 LIMIT 1 [ RunTime:0.000219s ]
[ sql ] [ SQL ] SELECT `id`,`username`,`nickname`,`mobile` FROM `wb_manage` WHERE  `id` = 13 LIMIT 1 [ RunTime:0.000132s ]
---------------------------------------------------------------
[2026-04-01T16:01:18+08:00] 127.0.0.1 GET www.jiwankang.com/manage/operation_log/getlastlog.html
[运行时间：0.093244s] [吞吐率：10.72req/s] [内存消耗：4,526.19kb] [文件加载：110]
[ info ] [ LANG ] E:\wwwroot\2026\04\jiwankang\thinkphp\lang\zh-cn.php
[ info ] [ ROUTE ] array (
)
[ info ] [ HEADER ] array (
  'cookie' => 'PHPSESSID=6ge3q9cob417ort2dkkl8j63da',
  'accept-language' => 'zh-CN,zh;q=0.9',
  'accept-encoding' => 'gzip, deflate',
  'referer' => 'http://www.jiwankang.com/manage/index/welcome.html',
  'x-requested-with' => 'XMLHttpRequest',
  'accept' => 'application/json, text/javascript, */*; q=0.01',
  'user-agent' => 'Mozilla/5.0 (Windows NT 10.0; Win64; x64) AppleWebKit/537.36 (KHTML, like Gecko) Chrome/146.0.0.0 Safari/537.36',
  'connection' => 'keep-alive',
  'host' => 'www.jiwankang.com',
  'content-length' => '',
  'content-type' => '',
)
[ info ] [ PARAM ] array (
)
[ info ] [ DB ] INIT mysql
[ sql ] [ DB ] CONNECT:[ UseTime:0.000773s ] mysql:host=127.0.0.1;port=3306;dbname=jiwankang;charset=utf8mb4
[ sql ] [ SQL ] SHOW COLUMNS FROM `wb_setting` [ RunTime:0.000392s ]
[ sql ] [ SQL ] SELECT * FROM `wb_setting` WHERE  `skey` = 'shop_name' LIMIT 1 [ RunTime:0.000140s ]
[ sql ] [ SQL ] SHOW COLUMNS FROM `wb_operation_log` [ RunTime:0.001135s ]
[ sql ] [ SQL ] SELECT COUNT(*) AS tp_count FROM `wb_operation_log` LIMIT 1 [ RunTime:0.000162s ]
[ sql ] [ SQL ] SELECT * FROM `wb_operation_log` ORDER BY `id` DESC LIMIT 0,10 [ RunTime:0.000127s ]
[ sql ] [ SQL ] SHOW COLUMNS FROM `wb_manage` [ RunTime:0.000847s ]
[ sql ] [ SQL ] SELECT * FROM `wb_manage` WHERE  `id` = 13 LIMIT 1 [ RunTime:0.000161s ]
[ sql ] [ SQL ] SELECT * FROM `wb_manage` WHERE  `id` = 13 LIMIT 1 [ RunTime:0.000139s ]
[ sql ] [ SQL ] SELECT * FROM `wb_manage` WHERE  `id` = 13 LIMIT 1 [ RunTime:0.000088s ]
[ sql ] [ SQL ] SELECT * FROM `wb_manage` WHERE  `id` = 13 LIMIT 1 [ RunTime:0.000077s ]
[ sql ] [ SQL ] SELECT * FROM `wb_manage` WHERE  `id` = 13 LIMIT 1 [ RunTime:0.000074s ]
[ sql ] [ SQL ] SELECT * FROM `wb_manage` WHERE  `id` = 13 LIMIT 1 [ RunTime:0.000125s ]
[ sql ] [ SQL ] SELECT * FROM `wb_manage` WHERE  `id` = 13 LIMIT 1 [ RunTime:0.000157s ]
[ sql ] [ SQL ] SELECT * FROM `wb_manage` WHERE  `id` = 13 LIMIT 1 [ RunTime:0.000114s ]
[ sql ] [ SQL ] SELECT * FROM `wb_manage` WHERE  `id` = 13 LIMIT 1 [ RunTime:0.000135s ]
[ sql ] [ SQL ] SELECT * FROM `wb_manage` WHERE  `id` = 13 LIMIT 1 [ RunTime:0.000122s ]
---------------------------------------------------------------
[2026-04-01T16:01:18+08:00] 127.0.0.1 GET www.jiwankang.com/manage/user/statistics.html
[运行时间：0.073171s] [吞吐率：13.67req/s] [内存消耗：5,024.01kb] [文件加载：111]
[ info ] [ LANG ] E:\wwwroot\2026\04\jiwankang\thinkphp\lang\zh-cn.php
[ info ] [ ROUTE ] array (
)
[ info ] [ HEADER ] array (
  'cookie' => 'PHPSESSID=6ge3q9cob417ort2dkkl8j63da',
  'accept-language' => 'zh-CN,zh;q=0.9',
  'accept-encoding' => 'gzip, deflate',
  'referer' => 'http://www.jiwankang.com/manage/index/welcome.html',
  'x-requested-with' => 'XMLHttpRequest',
  'accept' => '*/*',
  'user-agent' => 'Mozilla/5.0 (Windows NT 10.0; Win64; x64) AppleWebKit/537.36 (KHTML, like Gecko) Chrome/146.0.0.0 Safari/537.36',
  'connection' => 'keep-alive',
  'host' => 'www.jiwankang.com',
  'content-length' => '',
  'content-type' => '',
)
[ info ] [ PARAM ] array (
)
[ info ] [ DB ] INIT mysql
[ sql ] [ DB ] CONNECT:[ UseTime:0.000713s ] mysql:host=127.0.0.1;port=3306;dbname=jiwankang;charset=utf8mb4
[ sql ] [ SQL ] SHOW COLUMNS FROM `wb_setting` [ RunTime:0.000521s ]
[ sql ] [ SQL ] SELECT * FROM `wb_setting` WHERE  `skey` = 'shop_name' LIMIT 1 [ RunTime:0.000380s ]
[ sql ] [ SQL ] SHOW COLUMNS FROM `wb_user` [ RunTime:0.000759s ]
[ sql ] [ SQL ] SELECT DATE_FORMAT(from_unixtime(ctime),"%Y-%m-%d") as day, count(*) as nums FROM `wb_user` WHERE (  `ctime` > 1774425678  AND ( TIMESTAMPDIFF(DAY,from_unixtime(ctime),now()) <7 ) ) AND `wb_user`.`isdel` IS NULL GROUP BY DATE_FORMAT(from_unixtime(ctime),"%Y-%m-%d") [ RunTime:0.000307s ]
[ sql ] [ SQL ] SHOW COLUMNS FROM `wb_order` [ RunTime:0.000507s ]
[ sql ] [ SQL ] SELECT COUNT(*) AS tp_count FROM ( SELECT count(*) AS think_count FROM `wb_order` WHERE (  `ctime` < 1775030478  AND `ctime` >= 1774972800 ) AND `wb_order`.`isdel` IS NULL GROUP BY `user_id` ) `_group_count_` LIMIT 1 [ RunTime:0.000206s ]
[ sql ] [ SQL ] SELECT COUNT(*) AS tp_count FROM ( SELECT count(*) AS think_count FROM `wb_order` WHERE (  `ctime` < 1774972799  AND `ctime` >= 1774886400 ) AND `wb_order`.`isdel` IS NULL GROUP BY `user_id` ) `_group_count_` LIMIT 1 [ RunTime:0.000125s ]
[ sql ] [ SQL ] SELECT COUNT(*) AS tp_count FROM ( SELECT count(*) AS think_count FROM `wb_order` WHERE (  `ctime` < 1774886399  AND `ctime` >= 1774800000 ) AND `wb_order`.`isdel` IS NULL GROUP BY `user_id` ) `_group_count_` LIMIT 1 [ RunTime:0.000103s ]
[ sql ] [ SQL ] SELECT COUNT(*) AS tp_count FROM ( SELECT count(*) AS think_count FROM `wb_order` WHERE (  `ctime` < 1774799999  AND `ctime` >= 1774713600 ) AND `wb_order`.`isdel` IS NULL GROUP BY `user_id` ) `_group_count_` LIMIT 1 [ RunTime:0.000097s ]
[ sql ] [ SQL ] SELECT COUNT(*) AS tp_count FROM ( SELECT count(*) AS think_count FROM `wb_order` WHERE (  `ctime` < 1774713599  AND `ctime` >= 1774627200 ) AND `wb_order`.`isdel` IS NULL GROUP BY `user_id` ) `_group_count_` LIMIT 1 [ RunTime:0.000093s ]
[ sql ] [ SQL ] SELECT COUNT(*) AS tp_count FROM ( SELECT count(*) AS think_count FROM `wb_order` WHERE (  `ctime` < 1774627199  AND `ctime` >= 1774540800 ) AND `wb_order`.`isdel` IS NULL GROUP BY `user_id` ) `_group_count_` LIMIT 1 [ RunTime:0.000094s ]
[ sql ] [ SQL ] SELECT COUNT(*) AS tp_count FROM ( SELECT count(*) AS think_count FROM `wb_order` WHERE (  `ctime` < 1774540799  AND `ctime` >= 1774454400 ) AND `wb_order`.`isdel` IS NULL GROUP BY `user_id` ) `_group_count_` LIMIT 1 [ RunTime:0.000091s ]
---------------------------------------------------------------
[2026-04-01T16:01:18+08:00] 127.0.0.1 GET www.jiwankang.com/manage/order/statistics.html
[运行时间：0.088391s] [吞吐率：11.31req/s] [内存消耗：4,694.34kb] [文件加载：110]
[ info ] [ LANG ] E:\wwwroot\2026\04\jiwankang\thinkphp\lang\zh-cn.php
[ info ] [ ROUTE ] array (
)
[ info ] [ HEADER ] array (
  'cookie' => 'PHPSESSID=6ge3q9cob417ort2dkkl8j63da',
  'accept-language' => 'zh-CN,zh;q=0.9',
  'accept-encoding' => 'gzip, deflate',
  'referer' => 'http://www.jiwankang.com/manage/index/welcome.html',
  'x-requested-with' => 'XMLHttpRequest',
  'accept' => '*/*',
  'user-agent' => 'Mozilla/5.0 (Windows NT 10.0; Win64; x64) AppleWebKit/537.36 (KHTML, like Gecko) Chrome/146.0.0.0 Safari/537.36',
  'connection' => 'keep-alive',
  'host' => 'www.jiwankang.com',
  'content-length' => '',
  'content-type' => '',
)
[ info ] [ PARAM ] array (
)
[ info ] [ DB ] INIT mysql
[ sql ] [ DB ] CONNECT:[ UseTime:0.001027s ] mysql:host=127.0.0.1;port=3306;dbname=jiwankang;charset=utf8mb4
[ sql ] [ SQL ] SHOW COLUMNS FROM `wb_setting` [ RunTime:0.000720s ]
[ sql ] [ SQL ] SELECT * FROM `wb_setting` WHERE  `skey` = 'shop_name' LIMIT 1 [ RunTime:0.000272s ]
[ sql ] [ SQL ] SHOW COLUMNS FROM `wb_bill_payments` [ RunTime:0.001255s ]
[ sql ] [ SQL ] SELECT count(1) AS `nums`,DATE_FORMAT(FROM_UNIXTIME(ctime),"%Y-%m-%d") AS `day` FROM `wb_bill_payments` WHERE  `status` = 2  AND `type` = 1  AND ( FROM_UNIXTIME(ctime) >= 2026-03-25 ) GROUP BY DATE_FORMAT(FROM_UNIXTIME(ctime),"%Y-%m-%d") [ RunTime:0.000329s ]
[ sql ] [ SQL ] SHOW COLUMNS FROM `wb_bill_delivery` [ RunTime:0.001001s ]
[ sql ] [ SQL ] SELECT count(1) AS `nums`,DATE_FORMAT(FROM_UNIXTIME(ctime),"%Y-%m-%d") AS `day` FROM `wb_bill_delivery` WHERE  ( FROM_UNIXTIME(ctime) >= 2026-03-25 ) GROUP BY DATE_FORMAT(FROM_UNIXTIME(ctime),"%Y-%m-%d") [ RunTime:0.000215s ]
---------------------------------------------------------------
[2026-04-01T16:03:49+08:00] 127.0.0.1 GET www.jiwankang.com/manage
[运行时间：0.041020s] [吞吐率：24.38req/s] [内存消耗：4,604.91kb] [文件加载：110]
[ info ] [ LANG ] E:\wwwroot\2026\04\jiwankang\thinkphp\lang\zh-cn.php
[ info ] [ ROUTE ] array (
)
[ info ] [ HEADER ] array (
  'cookie' => 'PHPSESSID=6ge3q9cob417ort2dkkl8j63da',
  'accept-language' => 'zh-CN,zh;q=0.9',
  'accept-encoding' => 'gzip, deflate',
  'referer' => 'http://www.jiwankang.com/manage/common/login.html',
  'accept' => 'text/html,application/xhtml+xml,application/xml;q=0.9,image/avif,image/webp,image/apng,*/*;q=0.8,application/signed-exchange;v=b3;q=0.7',
  'user-agent' => 'Mozilla/5.0 (Windows NT 10.0; Win64; x64) AppleWebKit/537.36 (KHTML, like Gecko) Chrome/146.0.0.0 Safari/537.36',
  'upgrade-insecure-requests' => '1',
  'cache-control' => 'max-age=0',
  'connection' => 'keep-alive',
  'host' => 'www.jiwankang.com',
  'content-length' => '',
  'content-type' => '',
)
[ info ] [ PARAM ] array (
)
[ info ] [ DB ] INIT mysql
[ info ] [ VIEW ] E:\wwwroot\2026\04\jiwankang\application\manage\view\index\index.html [ array (
  0 => 'params',
  1 => 'jshopHost',
  2 => 'shop_name',
  3 => 'menu',
  4 => 'kefu',
) ]
[ sql ] [ DB ] CONNECT:[ UseTime:0.001732s ] mysql:host=127.0.0.1;port=3306;dbname=jiwankang;charset=utf8mb4
[ sql ] [ SQL ] SHOW COLUMNS FROM `wb_setting` [ RunTime:0.000753s ]
[ sql ] [ SQL ] SELECT * FROM `wb_setting` WHERE  `skey` = 'shop_name' LIMIT 1 [ RunTime:0.000228s ]
[ sql ] [ SQL ] SELECT * FROM `wb_setting` WHERE  `skey` = 'ent_id' LIMIT 1 [ RunTime:0.000499s ]
[ error ] [8]未定义数组索引: selected[E:\wwwroot\2026\04\jiwankang\runtime\temp\0ebc0da97c722c413af6448a150993b9.php:118]
[ error ] [8]未定义数组索引: selected[E:\wwwroot\2026\04\jiwankang\runtime\temp\0ebc0da97c722c413af6448a150993b9.php:118]
[ error ] [8]未定义数组索引: selected[E:\wwwroot\2026\04\jiwankang\runtime\temp\0ebc0da97c722c413af6448a150993b9.php:118]
[ error ] [8]未定义数组索引: selected[E:\wwwroot\2026\04\jiwankang\runtime\temp\0ebc0da97c722c413af6448a150993b9.php:118]
[ error ] [8]未定义数组索引: selected[E:\wwwroot\2026\04\jiwankang\runtime\temp\0ebc0da97c722c413af6448a150993b9.php:118]
[ error ] [8]未定义数组索引: selected[E:\wwwroot\2026\04\jiwankang\runtime\temp\0ebc0da97c722c413af6448a150993b9.php:118]
[ error ] [8]未定义数组索引: selected[E:\wwwroot\2026\04\jiwankang\runtime\temp\0ebc0da97c722c413af6448a150993b9.php:118]
[ error ] [8]未定义数组索引: selected[E:\wwwroot\2026\04\jiwankang\runtime\temp\0ebc0da97c722c413af6448a150993b9.php:118]
[ error ] [8]未定义数组索引: selected[E:\wwwroot\2026\04\jiwankang\runtime\temp\0ebc0da97c722c413af6448a150993b9.php:118]
[ error ] [8]未定义数组索引: selected[E:\wwwroot\2026\04\jiwankang\runtime\temp\0ebc0da97c722c413af6448a150993b9.php:118]
[ error ] [8]未定义数组索引: selected[E:\wwwroot\2026\04\jiwankang\runtime\temp\0ebc0da97c722c413af6448a150993b9.php:118]
[ error ] [8]未定义数组索引: selected[E:\wwwroot\2026\04\jiwankang\runtime\temp\0ebc0da97c722c413af6448a150993b9.php:118]
[ error ] [8]未定义数组索引: selected[E:\wwwroot\2026\04\jiwankang\runtime\temp\0ebc0da97c722c413af6448a150993b9.php:118]
[ error ] [8]未定义数组索引: selected[E:\wwwroot\2026\04\jiwankang\runtime\temp\0ebc0da97c722c413af6448a150993b9.php:118]
[ error ] [8]未定义数组索引: selected[E:\wwwroot\2026\04\jiwankang\runtime\temp\0ebc0da97c722c413af6448a150993b9.php:118]
[ error ] [8]未定义数组索引: selected[E:\wwwroot\2026\04\jiwankang\runtime\temp\0ebc0da97c722c413af6448a150993b9.php:118]
[ error ] [8]未定义数组索引: selected[E:\wwwroot\2026\04\jiwankang\runtime\temp\0ebc0da97c722c413af6448a150993b9.php:118]
[ error ] [8]未定义数组索引: selected[E:\wwwroot\2026\04\jiwankang\runtime\temp\0ebc0da97c722c413af6448a150993b9.php:118]
[ error ] [8]未定义数组索引: selected[E:\wwwroot\2026\04\jiwankang\runtime\temp\0ebc0da97c722c413af6448a150993b9.php:118]
[ error ] [8]未定义数组索引: selected[E:\wwwroot\2026\04\jiwankang\runtime\temp\0ebc0da97c722c413af6448a150993b9.php:118]
---------------------------------------------------------------
[2026-04-01T16:03:49+08:00] 127.0.0.1 GET www.jiwankang.com/manage/index/welcome.html
[运行时间：0.051054s] [吞吐率：19.59req/s] [内存消耗：5,780.18kb] [文件加载：118]
[ info ] [ LANG ] E:\wwwroot\2026\04\jiwankang\thinkphp\lang\zh-cn.php
[ info ] [ ROUTE ] array (
)
[ info ] [ HEADER ] array (
  'cookie' => 'PHPSESSID=6ge3q9cob417ort2dkkl8j63da',
  'accept-language' => 'zh-CN,zh;q=0.9',
  'accept-encoding' => 'gzip, deflate',
  'referer' => 'http://www.jiwankang.com/manage',
  'accept' => 'text/html,application/xhtml+xml,application/xml;q=0.9,image/avif,image/webp,image/apng,*/*;q=0.8,application/signed-exchange;v=b3;q=0.7',
  'user-agent' => 'Mozilla/5.0 (Windows NT 10.0; Win64; x64) AppleWebKit/537.36 (KHTML, like Gecko) Chrome/146.0.0.0 Safari/537.36',
  'upgrade-insecure-requests' => '1',
  'connection' => 'keep-alive',
  'host' => 'www.jiwankang.com',
  'content-length' => '',
  'content-type' => '',
)
[ info ] [ PARAM ] array (
)
[ info ] [ DB ] INIT mysql
[ info ] [ VIEW ] E:\wwwroot\2026\04\jiwankang\application\manage\view\index\welcome.html [ array (
  0 => 'params',
  1 => 'jshopHost',
  2 => 'shop_name',
  3 => 'unpaid_count',
  4 => 'unship_count',
  5 => 'after_sales_count',
  6 => 'goods_statics',
  7 => 'zijinchi',
  8 => 'todayTyOrder',
  9 => 'allTyOrder',
  10 => 'daibutie',
  11 => 'yibutie',
  12 => 'weekByOrder',
) ]
[ sql ] [ DB ] CONNECT:[ UseTime:0.001610s ] mysql:host=127.0.0.1;port=3306;dbname=jiwankang;charset=utf8mb4
[ sql ] [ SQL ] SHOW COLUMNS FROM `wb_setting` [ RunTime:0.000780s ]
[ sql ] [ SQL ] SELECT * FROM `wb_setting` WHERE  `skey` = 'shop_name' LIMIT 1 [ RunTime:0.000218s ]
[ sql ] [ SQL ] SHOW COLUMNS FROM `wb_order` [ RunTime:0.000451s ]
[ sql ] [ SQL ] SELECT COUNT(*) AS tp_count FROM `wb_order` WHERE (  `status` = 1  AND `pay_status` = 1  AND `ship_status` = 1 ) AND `wb_order`.`isdel` IS NULL LIMIT 1 [ RunTime:0.000331s ]
[ sql ] [ SQL ] SELECT COUNT(*) AS tp_count FROM `wb_order` WHERE (  `status` = 1  AND `pay_status` = 2  AND `ship_status` IN (1,2) ) AND `wb_order`.`isdel` IS NULL LIMIT 1 [ RunTime:0.000210s ]
[ sql ] [ SQL ] SHOW COLUMNS FROM `wb_bill_aftersales` [ RunTime:0.000580s ]
[ sql ] [ SQL ] SELECT COUNT(*) AS tp_count FROM `wb_bill_aftersales` WHERE  `status` = 1 LIMIT 1 [ RunTime:0.000188s ]
[ sql ] [ SQL ] SELECT * FROM `wb_setting` WHERE  `skey` = 'shop_name' LIMIT 1 [ RunTime:0.000174s ]
[ sql ] [ SQL ] SHOW COLUMNS FROM `wb_goods` [ RunTime:0.000542s ]
[ sql ] [ SQL ] SELECT COUNT(`id`) AS tp_count FROM `wb_goods` LIMIT 1 [ RunTime:0.000125s ]
[ sql ] [ SQL ] SELECT COUNT(`id`) AS tp_count FROM `wb_goods` WHERE  `marketable` = 1 LIMIT 1 [ RunTime:0.000095s ]
[ sql ] [ SQL ] SELECT COUNT(`id`) AS tp_count FROM `wb_goods` WHERE  `marketable` = 2 LIMIT 1 [ RunTime:0.000074s ]
[ sql ] [ SQL ] SELECT * FROM `wb_setting` WHERE  `skey` = 'goods_stocks_warn' LIMIT 1 [ RunTime:0.000086s ]
[ sql ] [ SQL ] SHOW COLUMNS FROM `wb_products` [ RunTime:0.000305s ]
[ sql ] [ SQL ] SELECT COUNT(*) AS tp_count FROM ( SELECT count(id) AS think_count FROM `wb_products` WHERE  ( IF(stock < freeze_stock, 0, stock - freeze_stock)<10 ) GROUP BY `goods_id` ) `_group_count_` LIMIT 1 [ RunTime:0.000174s ]
[ sql ] [ SQL ] SHOW COLUMNS FROM `wb_money` [ RunTime:0.000551s ]
[ sql ] [ SQL ] SELECT `money` FROM `wb_money` WHERE  `type` = 1 LIMIT 1 [ RunTime:0.000120s ]
[ sql ] [ SQL ] SELECT SUM(`payed`) AS tp_sum FROM `wb_order` WHERE (  `status` < 3  AND `pay_status` = 2  AND `ctime` BETWEEN 1774972800 AND 1775059200 ) AND `wb_order`.`isdel` IS NULL LIMIT 1 [ RunTime:0.000130s ]
[ sql ] [ SQL ] SELECT SUM(`payed`) AS tp_sum FROM `wb_order` WHERE (  `status` < 3  AND `pay_status` = 2 ) AND `wb_order`.`isdel` IS NULL LIMIT 1 [ RunTime:0.000162s ]
[ sql ] [ SQL ] SELECT SUM(`payed`) AS tp_sum FROM `wb_order` WHERE (  `status` < 3  AND `pay_status` = 2  AND `ctime` BETWEEN 1774800000 AND 1775404800 ) AND `wb_order`.`isdel` IS NULL LIMIT 1 [ RunTime:0.000101s ]
[ sql ] [ SQL ] SHOW COLUMNS FROM `wb_user` [ RunTime:0.000358s ]
[ sql ] [ SQL ] SELECT SUM(`butie`) AS tp_sum FROM `wb_user` WHERE `wb_user`.`isdel` IS NULL LIMIT 1 [ RunTime:0.000111s ]
[ sql ] [ SQL ] SELECT SUM(`ybuite`) AS tp_sum FROM `wb_user` WHERE `wb_user`.`isdel` IS NULL LIMIT 1 [ RunTime:0.000072s ]
---------------------------------------------------------------
[2026-04-01T16:03:49+08:00] 127.0.0.1 GET www.jiwankang.com/manage/administrator/userloglist/state/1.html
[运行时间：0.042783s] [吞吐率：23.37req/s] [内存消耗：4,570.69kb] [文件加载：110]
[ info ] [ LANG ] E:\wwwroot\2026\04\jiwankang\thinkphp\lang\zh-cn.php
[ info ] [ ROUTE ] array (
)
[ info ] [ HEADER ] array (
  'cookie' => 'PHPSESSID=6ge3q9cob417ort2dkkl8j63da',
  'accept-language' => 'zh-CN,zh;q=0.9',
  'accept-encoding' => 'gzip, deflate',
  'referer' => 'http://www.jiwankang.com/manage/index/welcome.html',
  'x-requested-with' => 'XMLHttpRequest',
  'accept' => '*/*',
  'user-agent' => 'Mozilla/5.0 (Windows NT 10.0; Win64; x64) AppleWebKit/537.36 (KHTML, like Gecko) Chrome/146.0.0.0 Safari/537.36',
  'connection' => 'keep-alive',
  'host' => 'www.jiwankang.com',
  'content-length' => '',
  'content-type' => '',
)
[ info ] [ PARAM ] array (
  'state' => '1',
)
[ info ] [ DB ] INIT mysql
[ sql ] [ DB ] CONNECT:[ UseTime:0.000909s ] mysql:host=127.0.0.1;port=3306;dbname=jiwankang;charset=utf8mb4
[ sql ] [ SQL ] SHOW COLUMNS FROM `wb_setting` [ RunTime:0.000675s ]
[ sql ] [ SQL ] SELECT * FROM `wb_setting` WHERE  `skey` = 'shop_name' LIMIT 1 [ RunTime:0.000422s ]
[ sql ] [ SQL ] SHOW COLUMNS FROM `wb_user_log` [ RunTime:0.000905s ]
[ sql ] [ SQL ] SELECT COUNT(*) AS tp_count FROM `wb_user_log` WHERE  `state` = 1  AND `type` = 2 LIMIT 1 [ RunTime:0.000230s ]
[ sql ] [ SQL ] SELECT * FROM `wb_user_log` WHERE  `state` = 1  AND `type` = 2 ORDER BY `ctime` DESC LIMIT 0,10 [ RunTime:0.000366s ]
[ sql ] [ SQL ] SHOW COLUMNS FROM `wb_manage` [ RunTime:0.000862s ]
[ sql ] [ SQL ] SELECT `id`,`username`,`nickname`,`mobile` FROM `wb_manage` WHERE  `id` = 13 LIMIT 1 [ RunTime:0.000277s ]
[ sql ] [ SQL ] SELECT `id`,`username`,`nickname`,`mobile` FROM `wb_manage` WHERE  `id` = 13 LIMIT 1 [ RunTime:0.000145s ]
[ sql ] [ SQL ] SELECT `id`,`username`,`nickname`,`mobile` FROM `wb_manage` WHERE  `id` = 13 LIMIT 1 [ RunTime:0.000159s ]
[ sql ] [ SQL ] SELECT `id`,`username`,`nickname`,`mobile` FROM `wb_manage` WHERE  `id` = 13 LIMIT 1 [ RunTime:0.000142s ]
---------------------------------------------------------------
[2026-04-01T16:03:49+08:00] 127.0.0.1 GET www.jiwankang.com/manage/user/statistics.html
[运行时间：0.065972s] [吞吐率：15.16req/s] [内存消耗：5,024.01kb] [文件加载：111]
[ info ] [ LANG ] E:\wwwroot\2026\04\jiwankang\thinkphp\lang\zh-cn.php
[ info ] [ ROUTE ] array (
)
[ info ] [ HEADER ] array (
  'cookie' => 'PHPSESSID=6ge3q9cob417ort2dkkl8j63da',
  'accept-language' => 'zh-CN,zh;q=0.9',
  'accept-encoding' => 'gzip, deflate',
  'referer' => 'http://www.jiwankang.com/manage/index/welcome.html',
  'x-requested-with' => 'XMLHttpRequest',
  'accept' => '*/*',
  'user-agent' => 'Mozilla/5.0 (Windows NT 10.0; Win64; x64) AppleWebKit/537.36 (KHTML, like Gecko) Chrome/146.0.0.0 Safari/537.36',
  'connection' => 'keep-alive',
  'host' => 'www.jiwankang.com',
  'content-length' => '',
  'content-type' => '',
)
[ info ] [ PARAM ] array (
)
[ info ] [ DB ] INIT mysql
[ sql ] [ DB ] CONNECT:[ UseTime:0.000663s ] mysql:host=127.0.0.1;port=3306;dbname=jiwankang;charset=utf8mb4
[ sql ] [ SQL ] SHOW COLUMNS FROM `wb_setting` [ RunTime:0.000442s ]
[ sql ] [ SQL ] SELECT * FROM `wb_setting` WHERE  `skey` = 'shop_name' LIMIT 1 [ RunTime:0.000151s ]
[ sql ] [ SQL ] SHOW COLUMNS FROM `wb_user` [ RunTime:0.000807s ]
[ sql ] [ SQL ] SELECT DATE_FORMAT(from_unixtime(ctime),"%Y-%m-%d") as day, count(*) as nums FROM `wb_user` WHERE (  `ctime` > 1774425829  AND ( TIMESTAMPDIFF(DAY,from_unixtime(ctime),now()) <7 ) ) AND `wb_user`.`isdel` IS NULL GROUP BY DATE_FORMAT(from_unixtime(ctime),"%Y-%m-%d") [ RunTime:0.000229s ]
[ sql ] [ SQL ] SHOW COLUMNS FROM `wb_order` [ RunTime:0.000538s ]
[ sql ] [ SQL ] SELECT COUNT(*) AS tp_count FROM ( SELECT count(*) AS think_count FROM `wb_order` WHERE (  `ctime` < 1775030629  AND `ctime` >= 1774972800 ) AND `wb_order`.`isdel` IS NULL GROUP BY `user_id` ) `_group_count_` LIMIT 1 [ RunTime:0.000226s ]
[ sql ] [ SQL ] SELECT COUNT(*) AS tp_count FROM ( SELECT count(*) AS think_count FROM `wb_order` WHERE (  `ctime` < 1774972799  AND `ctime` >= 1774886400 ) AND `wb_order`.`isdel` IS NULL GROUP BY `user_id` ) `_group_count_` LIMIT 1 [ RunTime:0.000133s ]
[ sql ] [ SQL ] SELECT COUNT(*) AS tp_count FROM ( SELECT count(*) AS think_count FROM `wb_order` WHERE (  `ctime` < 1774886399  AND `ctime` >= 1774800000 ) AND `wb_order`.`isdel` IS NULL GROUP BY `user_id` ) `_group_count_` LIMIT 1 [ RunTime:0.000120s ]
[ sql ] [ SQL ] SELECT COUNT(*) AS tp_count FROM ( SELECT count(*) AS think_count FROM `wb_order` WHERE (  `ctime` < 1774799999  AND `ctime` >= 1774713600 ) AND `wb_order`.`isdel` IS NULL GROUP BY `user_id` ) `_group_count_` LIMIT 1 [ RunTime:0.000100s ]
[ sql ] [ SQL ] SELECT COUNT(*) AS tp_count FROM ( SELECT count(*) AS think_count FROM `wb_order` WHERE (  `ctime` < 1774713599  AND `ctime` >= 1774627200 ) AND `wb_order`.`isdel` IS NULL GROUP BY `user_id` ) `_group_count_` LIMIT 1 [ RunTime:0.000095s ]
[ sql ] [ SQL ] SELECT COUNT(*) AS tp_count FROM ( SELECT count(*) AS think_count FROM `wb_order` WHERE (  `ctime` < 1774627199  AND `ctime` >= 1774540800 ) AND `wb_order`.`isdel` IS NULL GROUP BY `user_id` ) `_group_count_` LIMIT 1 [ RunTime:0.000092s ]
[ sql ] [ SQL ] SELECT COUNT(*) AS tp_count FROM ( SELECT count(*) AS think_count FROM `wb_order` WHERE (  `ctime` < 1774540799  AND `ctime` >= 1774454400 ) AND `wb_order`.`isdel` IS NULL GROUP BY `user_id` ) `_group_count_` LIMIT 1 [ RunTime:0.000091s ]
---------------------------------------------------------------
[2026-04-01T16:03:49+08:00] 127.0.0.1 GET www.jiwankang.com/manage/order/statistics.html
[运行时间：0.084002s] [吞吐率：11.90req/s] [内存消耗：4,694.34kb] [文件加载：110]
[ info ] [ LANG ] E:\wwwroot\2026\04\jiwankang\thinkphp\lang\zh-cn.php
[ info ] [ ROUTE ] array (
)
[ info ] [ HEADER ] array (
  'cookie' => 'PHPSESSID=6ge3q9cob417ort2dkkl8j63da',
  'accept-language' => 'zh-CN,zh;q=0.9',
  'accept-encoding' => 'gzip, deflate',
  'referer' => 'http://www.jiwankang.com/manage/index/welcome.html',
  'x-requested-with' => 'XMLHttpRequest',
  'accept' => '*/*',
  'user-agent' => 'Mozilla/5.0 (Windows NT 10.0; Win64; x64) AppleWebKit/537.36 (KHTML, like Gecko) Chrome/146.0.0.0 Safari/537.36',
  'connection' => 'keep-alive',
  'host' => 'www.jiwankang.com',
  'content-length' => '',
  'content-type' => '',
)
[ info ] [ PARAM ] array (
)
[ info ] [ DB ] INIT mysql
[ sql ] [ DB ] CONNECT:[ UseTime:0.001055s ] mysql:host=127.0.0.1;port=3306;dbname=jiwankang;charset=utf8mb4
[ sql ] [ SQL ] SHOW COLUMNS FROM `wb_setting` [ RunTime:0.000786s ]
[ sql ] [ SQL ] SELECT * FROM `wb_setting` WHERE  `skey` = 'shop_name' LIMIT 1 [ RunTime:0.000257s ]
[ sql ] [ SQL ] SHOW COLUMNS FROM `wb_bill_payments` [ RunTime:0.001228s ]
[ sql ] [ SQL ] SELECT count(1) AS `nums`,DATE_FORMAT(FROM_UNIXTIME(ctime),"%Y-%m-%d") AS `day` FROM `wb_bill_payments` WHERE  `status` = 2  AND `type` = 1  AND ( FROM_UNIXTIME(ctime) >= 2026-03-25 ) GROUP BY DATE_FORMAT(FROM_UNIXTIME(ctime),"%Y-%m-%d") [ RunTime:0.000397s ]
[ sql ] [ SQL ] SHOW COLUMNS FROM `wb_bill_delivery` [ RunTime:0.001097s ]
[ sql ] [ SQL ] SELECT count(1) AS `nums`,DATE_FORMAT(FROM_UNIXTIME(ctime),"%Y-%m-%d") AS `day` FROM `wb_bill_delivery` WHERE  ( FROM_UNIXTIME(ctime) >= 2026-03-25 ) GROUP BY DATE_FORMAT(FROM_UNIXTIME(ctime),"%Y-%m-%d") [ RunTime:0.000216s ]
---------------------------------------------------------------
[2026-04-01T16:03:49+08:00] 127.0.0.1 GET www.jiwankang.com/manage/operation_log/getlastlog.html
[运行时间：0.092173s] [吞吐率：10.85req/s] [内存消耗：4,526.19kb] [文件加载：110]
[ info ] [ LANG ] E:\wwwroot\2026\04\jiwankang\thinkphp\lang\zh-cn.php
[ info ] [ ROUTE ] array (
)
[ info ] [ HEADER ] array (
  'cookie' => 'PHPSESSID=6ge3q9cob417ort2dkkl8j63da',
  'accept-language' => 'zh-CN,zh;q=0.9',
  'accept-encoding' => 'gzip, deflate',
  'referer' => 'http://www.jiwankang.com/manage/index/welcome.html',
  'x-requested-with' => 'XMLHttpRequest',
  'accept' => 'application/json, text/javascript, */*; q=0.01',
  'user-agent' => 'Mozilla/5.0 (Windows NT 10.0; Win64; x64) AppleWebKit/537.36 (KHTML, like Gecko) Chrome/146.0.0.0 Safari/537.36',
  'connection' => 'keep-alive',
  'host' => 'www.jiwankang.com',
  'content-length' => '',
  'content-type' => '',
)
[ info ] [ PARAM ] array (
)
[ info ] [ DB ] INIT mysql
[ sql ] [ DB ] CONNECT:[ UseTime:0.000650s ] mysql:host=127.0.0.1;port=3306;dbname=jiwankang;charset=utf8mb4
[ sql ] [ SQL ] SHOW COLUMNS FROM `wb_setting` [ RunTime:0.000539s ]
[ sql ] [ SQL ] SELECT * FROM `wb_setting` WHERE  `skey` = 'shop_name' LIMIT 1 [ RunTime:0.000300s ]
[ sql ] [ SQL ] SHOW COLUMNS FROM `wb_operation_log` [ RunTime:0.001038s ]
[ sql ] [ SQL ] SELECT COUNT(*) AS tp_count FROM `wb_operation_log` LIMIT 1 [ RunTime:0.000238s ]
[ sql ] [ SQL ] SELECT * FROM `wb_operation_log` ORDER BY `id` DESC LIMIT 0,10 [ RunTime:0.000175s ]
[ sql ] [ SQL ] SHOW COLUMNS FROM `wb_manage` [ RunTime:0.000350s ]
[ sql ] [ SQL ] SELECT * FROM `wb_manage` WHERE  `id` = 13 LIMIT 1 [ RunTime:0.000183s ]
[ sql ] [ SQL ] SELECT * FROM `wb_manage` WHERE  `id` = 13 LIMIT 1 [ RunTime:0.000248s ]
[ sql ] [ SQL ] SELECT * FROM `wb_manage` WHERE  `id` = 13 LIMIT 1 [ RunTime:0.000204s ]
[ sql ] [ SQL ] SELECT * FROM `wb_manage` WHERE  `id` = 13 LIMIT 1 [ RunTime:0.000261s ]
[ sql ] [ SQL ] SELECT * FROM `wb_manage` WHERE  `id` = 13 LIMIT 1 [ RunTime:0.000187s ]
[ sql ] [ SQL ] SELECT * FROM `wb_manage` WHERE  `id` = 13 LIMIT 1 [ RunTime:0.000190s ]
[ sql ] [ SQL ] SELECT * FROM `wb_manage` WHERE  `id` = 13 LIMIT 1 [ RunTime:0.000185s ]
[ sql ] [ SQL ] SELECT * FROM `wb_manage` WHERE  `id` = 13 LIMIT 1 [ RunTime:0.000188s ]
[ sql ] [ SQL ] SELECT * FROM `wb_manage` WHERE  `id` = 13 LIMIT 1 [ RunTime:0.000145s ]
[ sql ] [ SQL ] SELECT * FROM `wb_manage` WHERE  `id` = 13 LIMIT 1 [ RunTime:0.000125s ]
---------------------------------------------------------------
[2026-04-01T16:04:22+08:00] 127.0.0.1 GET www.jiwankang.com/manage
[运行时间：0.043321s] [吞吐率：23.08req/s] [内存消耗：4,604.91kb] [文件加载：110]
[ info ] [ LANG ] E:\wwwroot\2026\04\jiwankang\thinkphp\lang\zh-cn.php
[ info ] [ ROUTE ] array (
)
[ info ] [ HEADER ] array (
  'cookie' => 'PHPSESSID=6ge3q9cob417ort2dkkl8j63da',
  'accept-language' => 'zh-CN,zh;q=0.9',
  'accept-encoding' => 'gzip, deflate',
  'referer' => 'http://www.jiwankang.com/manage/common/login.html',
  'accept' => 'text/html,application/xhtml+xml,application/xml;q=0.9,image/avif,image/webp,image/apng,*/*;q=0.8,application/signed-exchange;v=b3;q=0.7',
  'user-agent' => 'Mozilla/5.0 (Windows NT 10.0; Win64; x64) AppleWebKit/537.36 (KHTML, like Gecko) Chrome/146.0.0.0 Safari/537.36',
  'upgrade-insecure-requests' => '1',
  'cache-control' => 'max-age=0',
  'connection' => 'keep-alive',
  'host' => 'www.jiwankang.com',
  'content-length' => '',
  'content-type' => '',
)
[ info ] [ PARAM ] array (
)
[ info ] [ DB ] INIT mysql
[ info ] [ VIEW ] E:\wwwroot\2026\04\jiwankang\application\manage\view\index\index.html [ array (
  0 => 'params',
  1 => 'jshopHost',
  2 => 'shop_name',
  3 => 'menu',
  4 => 'kefu',
) ]
[ sql ] [ DB ] CONNECT:[ UseTime:0.001741s ] mysql:host=127.0.0.1;port=3306;dbname=jiwankang;charset=utf8mb4
[ sql ] [ SQL ] SHOW COLUMNS FROM `wb_setting` [ RunTime:0.001090s ]
[ sql ] [ SQL ] SELECT * FROM `wb_setting` WHERE  `skey` = 'shop_name' LIMIT 1 [ RunTime:0.000232s ]
[ sql ] [ SQL ] SELECT * FROM `wb_setting` WHERE  `skey` = 'ent_id' LIMIT 1 [ RunTime:0.000164s ]
[ error ] [8]未定义数组索引: selected[E:\wwwroot\2026\04\jiwankang\runtime\temp\0ebc0da97c722c413af6448a150993b9.php:118]
[ error ] [8]未定义数组索引: selected[E:\wwwroot\2026\04\jiwankang\runtime\temp\0ebc0da97c722c413af6448a150993b9.php:118]
[ error ] [8]未定义数组索引: selected[E:\wwwroot\2026\04\jiwankang\runtime\temp\0ebc0da97c722c413af6448a150993b9.php:118]
[ error ] [8]未定义数组索引: selected[E:\wwwroot\2026\04\jiwankang\runtime\temp\0ebc0da97c722c413af6448a150993b9.php:118]
[ error ] [8]未定义数组索引: selected[E:\wwwroot\2026\04\jiwankang\runtime\temp\0ebc0da97c722c413af6448a150993b9.php:118]
[ error ] [8]未定义数组索引: selected[E:\wwwroot\2026\04\jiwankang\runtime\temp\0ebc0da97c722c413af6448a150993b9.php:118]
[ error ] [8]未定义数组索引: selected[E:\wwwroot\2026\04\jiwankang\runtime\temp\0ebc0da97c722c413af6448a150993b9.php:118]
[ error ] [8]未定义数组索引: selected[E:\wwwroot\2026\04\jiwankang\runtime\temp\0ebc0da97c722c413af6448a150993b9.php:118]
[ error ] [8]未定义数组索引: selected[E:\wwwroot\2026\04\jiwankang\runtime\temp\0ebc0da97c722c413af6448a150993b9.php:118]
[ error ] [8]未定义数组索引: selected[E:\wwwroot\2026\04\jiwankang\runtime\temp\0ebc0da97c722c413af6448a150993b9.php:118]
[ error ] [8]未定义数组索引: selected[E:\wwwroot\2026\04\jiwankang\runtime\temp\0ebc0da97c722c413af6448a150993b9.php:118]
[ error ] [8]未定义数组索引: selected[E:\wwwroot\2026\04\jiwankang\runtime\temp\0ebc0da97c722c413af6448a150993b9.php:118]
[ error ] [8]未定义数组索引: selected[E:\wwwroot\2026\04\jiwankang\runtime\temp\0ebc0da97c722c413af6448a150993b9.php:118]
[ error ] [8]未定义数组索引: selected[E:\wwwroot\2026\04\jiwankang\runtime\temp\0ebc0da97c722c413af6448a150993b9.php:118]
[ error ] [8]未定义数组索引: selected[E:\wwwroot\2026\04\jiwankang\runtime\temp\0ebc0da97c722c413af6448a150993b9.php:118]
[ error ] [8]未定义数组索引: selected[E:\wwwroot\2026\04\jiwankang\runtime\temp\0ebc0da97c722c413af6448a150993b9.php:118]
[ error ] [8]未定义数组索引: selected[E:\wwwroot\2026\04\jiwankang\runtime\temp\0ebc0da97c722c413af6448a150993b9.php:118]
[ error ] [8]未定义数组索引: selected[E:\wwwroot\2026\04\jiwankang\runtime\temp\0ebc0da97c722c413af6448a150993b9.php:118]
[ error ] [8]未定义数组索引: selected[E:\wwwroot\2026\04\jiwankang\runtime\temp\0ebc0da97c722c413af6448a150993b9.php:118]
[ error ] [8]未定义数组索引: selected[E:\wwwroot\2026\04\jiwankang\runtime\temp\0ebc0da97c722c413af6448a150993b9.php:118]
---------------------------------------------------------------
[2026-04-01T16:04:23+08:00] 127.0.0.1 GET www.jiwankang.com/manage/index/welcome.html
[运行时间：0.042281s] [吞吐率：23.65req/s] [内存消耗：5,491.94kb] [文件加载：115]
[ info ] [ LANG ] E:\wwwroot\2026\04\jiwankang\thinkphp\lang\zh-cn.php
[ info ] [ ROUTE ] array (
)
[ info ] [ HEADER ] array (
  'cookie' => 'PHPSESSID=6ge3q9cob417ort2dkkl8j63da',
  'accept-language' => 'zh-CN,zh;q=0.9',
  'accept-encoding' => 'gzip, deflate',
  'referer' => 'http://www.jiwankang.com/manage',
  'accept' => 'text/html,application/xhtml+xml,application/xml;q=0.9,image/avif,image/webp,image/apng,*/*;q=0.8,application/signed-exchange;v=b3;q=0.7',
  'user-agent' => 'Mozilla/5.0 (Windows NT 10.0; Win64; x64) AppleWebKit/537.36 (KHTML, like Gecko) Chrome/146.0.0.0 Safari/537.36',
  'upgrade-insecure-requests' => '1',
  'connection' => 'keep-alive',
  'host' => 'www.jiwankang.com',
  'content-length' => '',
  'content-type' => '',
)
[ info ] [ PARAM ] array (
)
[ info ] [ DB ] INIT mysql
[ info ] [ VIEW ] E:\wwwroot\2026\04\jiwankang\application\manage\view\index\welcome.html [ array (
  0 => 'params',
  1 => 'jshopHost',
  2 => 'shop_name',
  3 => 'unpaid_count',
  4 => 'unship_count',
  5 => 'after_sales_count',
  6 => 'goods_statics',
  7 => 'zijinchi',
  8 => 'todayTyOrder',
  9 => 'allTyOrder',
  10 => 'daibutie',
  11 => 'yibutie',
  12 => 'weekByOrder',
) ]
[ sql ] [ DB ] CONNECT:[ UseTime:0.001299s ] mysql:host=127.0.0.1;port=3306;dbname=jiwankang;charset=utf8mb4
[ sql ] [ SQL ] SHOW COLUMNS FROM `wb_setting` [ RunTime:0.000499s ]
[ sql ] [ SQL ] SELECT * FROM `wb_setting` WHERE  `skey` = 'shop_name' LIMIT 1 [ RunTime:0.000175s ]
[ sql ] [ SQL ] SHOW COLUMNS FROM `wb_order` [ RunTime:0.001147s ]
[ sql ] [ SQL ] SELECT COUNT(*) AS tp_count FROM `wb_order` WHERE (  `status` = 1  AND `pay_status` = 1  AND `ship_status` = 1 ) AND `wb_order`.`isdel` IS NULL LIMIT 1 [ RunTime:0.000276s ]
[ sql ] [ SQL ] SELECT COUNT(*) AS tp_count FROM `wb_order` WHERE (  `status` = 1  AND `pay_status` = 2  AND `ship_status` IN (1,2) ) AND `wb_order`.`isdel` IS NULL LIMIT 1 [ RunTime:0.000128s ]
[ sql ] [ SQL ] SHOW COLUMNS FROM `wb_bill_aftersales` [ RunTime:0.000307s ]
[ sql ] [ SQL ] SELECT COUNT(*) AS tp_count FROM `wb_bill_aftersales` WHERE  `status` = 1 LIMIT 1 [ RunTime:0.000104s ]
[ sql ] [ SQL ] SELECT * FROM `wb_setting` WHERE  `skey` = 'shop_name' LIMIT 1 [ RunTime:0.000096s ]
[ sql ] [ SQL ] SHOW COLUMNS FROM `wb_goods` [ RunTime:0.000349s ]
[ sql ] [ SQL ] SELECT COUNT(`id`) AS tp_count FROM `wb_goods` LIMIT 1 [ RunTime:0.000100s ]
[ sql ] [ SQL ] SELECT COUNT(`id`) AS tp_count FROM `wb_goods` WHERE  `marketable` = 1 LIMIT 1 [ RunTime:0.000087s ]
[ sql ] [ SQL ] SELECT COUNT(`id`) AS tp_count FROM `wb_goods` WHERE  `marketable` = 2 LIMIT 1 [ RunTime:0.000074s ]
[ sql ] [ SQL ] SELECT * FROM `wb_setting` WHERE  `skey` = 'goods_stocks_warn' LIMIT 1 [ RunTime:0.000085s ]
[ sql ] [ SQL ] SHOW COLUMNS FROM `wb_products` [ RunTime:0.000311s ]
[ sql ] [ SQL ] SELECT COUNT(*) AS tp_count FROM ( SELECT count(id) AS think_count FROM `wb_products` WHERE  ( IF(stock < freeze_stock, 0, stock - freeze_stock)<10 ) GROUP BY `goods_id` ) `_group_count_` LIMIT 1 [ RunTime:0.000245s ]
[ sql ] [ SQL ] SHOW COLUMNS FROM `wb_money` [ RunTime:0.000701s ]
[ sql ] [ SQL ] SELECT `money` FROM `wb_money` WHERE  `type` = 1 LIMIT 1 [ RunTime:0.000107s ]
[ sql ] [ SQL ] SELECT SUM(`payed`) AS tp_sum FROM `wb_order` WHERE (  `status` < 3  AND `pay_status` = 2  AND `ctime` BETWEEN 1774972800 AND 1775059200 ) AND `wb_order`.`isdel` IS NULL LIMIT 1 [ RunTime:0.000133s ]
[ sql ] [ SQL ] SELECT SUM(`payed`) AS tp_sum FROM `wb_order` WHERE (  `status` < 3  AND `pay_status` = 2 ) AND `wb_order`.`isdel` IS NULL LIMIT 1 [ RunTime:0.000087s ]
[ sql ] [ SQL ] SELECT SUM(`payed`) AS tp_sum FROM `wb_order` WHERE (  `status` < 3  AND `pay_status` = 2  AND `ctime` BETWEEN 1774800000 AND 1775404800 ) AND `wb_order`.`isdel` IS NULL LIMIT 1 [ RunTime:0.000085s ]
[ sql ] [ SQL ] SHOW COLUMNS FROM `wb_user` [ RunTime:0.000582s ]
[ sql ] [ SQL ] SELECT SUM(`butie`) AS tp_sum FROM `wb_user` WHERE `wb_user`.`isdel` IS NULL LIMIT 1 [ RunTime:0.000246s ]
[ sql ] [ SQL ] SELECT SUM(`ybuite`) AS tp_sum FROM `wb_user` WHERE `wb_user`.`isdel` IS NULL LIMIT 1 [ RunTime:0.000245s ]
---------------------------------------------------------------
[2026-04-01T16:04:23+08:00] 127.0.0.1 GET www.jiwankang.com/manage/order/statistics.html
[运行时间：0.036659s] [吞吐率：27.28req/s] [内存消耗：4,694.34kb] [文件加载：110]
[ info ] [ LANG ] E:\wwwroot\2026\04\jiwankang\thinkphp\lang\zh-cn.php
[ info ] [ ROUTE ] array (
)
[ info ] [ HEADER ] array (
  'cookie' => 'PHPSESSID=6ge3q9cob417ort2dkkl8j63da',
  'accept-language' => 'zh-CN,zh;q=0.9',
  'accept-encoding' => 'gzip, deflate',
  'referer' => 'http://www.jiwankang.com/manage/index/welcome.html',
  'x-requested-with' => 'XMLHttpRequest',
  'accept' => '*/*',
  'user-agent' => 'Mozilla/5.0 (Windows NT 10.0; Win64; x64) AppleWebKit/537.36 (KHTML, like Gecko) Chrome/146.0.0.0 Safari/537.36',
  'connection' => 'keep-alive',
  'host' => 'www.jiwankang.com',
  'content-length' => '',
  'content-type' => '',
)
[ info ] [ PARAM ] array (
)
[ info ] [ DB ] INIT mysql
[ sql ] [ DB ] CONNECT:[ UseTime:0.000945s ] mysql:host=127.0.0.1;port=3306;dbname=jiwankang;charset=utf8mb4
[ sql ] [ SQL ] SHOW COLUMNS FROM `wb_setting` [ RunTime:0.000644s ]
[ sql ] [ SQL ] SELECT * FROM `wb_setting` WHERE  `skey` = 'shop_name' LIMIT 1 [ RunTime:0.000294s ]
[ sql ] [ SQL ] SHOW COLUMNS FROM `wb_bill_payments` [ RunTime:0.000468s ]
[ sql ] [ SQL ] SELECT count(1) AS `nums`,DATE_FORMAT(FROM_UNIXTIME(ctime),"%Y-%m-%d") AS `day` FROM `wb_bill_payments` WHERE  `status` = 2  AND `type` = 1  AND ( FROM_UNIXTIME(ctime) >= 2026-03-25 ) GROUP BY DATE_FORMAT(FROM_UNIXTIME(ctime),"%Y-%m-%d") [ RunTime:0.000262s ]
[ sql ] [ SQL ] SHOW COLUMNS FROM `wb_bill_delivery` [ RunTime:0.000304s ]
[ sql ] [ SQL ] SELECT count(1) AS `nums`,DATE_FORMAT(FROM_UNIXTIME(ctime),"%Y-%m-%d") AS `day` FROM `wb_bill_delivery` WHERE  ( FROM_UNIXTIME(ctime) >= 2026-03-25 ) GROUP BY DATE_FORMAT(FROM_UNIXTIME(ctime),"%Y-%m-%d") [ RunTime:0.000258s ]
---------------------------------------------------------------
[2026-04-01T16:04:23+08:00] 127.0.0.1 GET www.jiwankang.com/manage/user/statistics.html
[运行时间：0.054707s] [吞吐率：18.28req/s] [内存消耗：5,024.01kb] [文件加载：111]
[ info ] [ LANG ] E:\wwwroot\2026\04\jiwankang\thinkphp\lang\zh-cn.php
[ info ] [ ROUTE ] array (
)
[ info ] [ HEADER ] array (
  'cookie' => 'PHPSESSID=6ge3q9cob417ort2dkkl8j63da',
  'accept-language' => 'zh-CN,zh;q=0.9',
  'accept-encoding' => 'gzip, deflate',
  'referer' => 'http://www.jiwankang.com/manage/index/welcome.html',
  'x-requested-with' => 'XMLHttpRequest',
  'accept' => '*/*',
  'user-agent' => 'Mozilla/5.0 (Windows NT 10.0; Win64; x64) AppleWebKit/537.36 (KHTML, like Gecko) Chrome/146.0.0.0 Safari/537.36',
  'connection' => 'keep-alive',
  'host' => 'www.jiwankang.com',
  'content-length' => '',
  'content-type' => '',
)
[ info ] [ PARAM ] array (
)
[ info ] [ DB ] INIT mysql
[ sql ] [ DB ] CONNECT:[ UseTime:0.000864s ] mysql:host=127.0.0.1;port=3306;dbname=jiwankang;charset=utf8mb4
[ sql ] [ SQL ] SHOW COLUMNS FROM `wb_setting` [ RunTime:0.000622s ]
[ sql ] [ SQL ] SELECT * FROM `wb_setting` WHERE  `skey` = 'shop_name' LIMIT 1 [ RunTime:0.000403s ]
[ sql ] [ SQL ] SHOW COLUMNS FROM `wb_user` [ RunTime:0.000408s ]
[ sql ] [ SQL ] SELECT DATE_FORMAT(from_unixtime(ctime),"%Y-%m-%d") as day, count(*) as nums FROM `wb_user` WHERE (  `ctime` > 1774425863  AND ( TIMESTAMPDIFF(DAY,from_unixtime(ctime),now()) <7 ) ) AND `wb_user`.`isdel` IS NULL GROUP BY DATE_FORMAT(from_unixtime(ctime),"%Y-%m-%d") [ RunTime:0.000205s ]
[ sql ] [ SQL ] SHOW COLUMNS FROM `wb_order` [ RunTime:0.001076s ]
[ sql ] [ SQL ] SELECT COUNT(*) AS tp_count FROM ( SELECT count(*) AS think_count FROM `wb_order` WHERE (  `ctime` < 1775030663  AND `ctime` >= 1774972800 ) AND `wb_order`.`isdel` IS NULL GROUP BY `user_id` ) `_group_count_` LIMIT 1 [ RunTime:0.000203s ]
[ sql ] [ SQL ] SELECT COUNT(*) AS tp_count FROM ( SELECT count(*) AS think_count FROM `wb_order` WHERE (  `ctime` < 1774972799  AND `ctime` >= 1774886400 ) AND `wb_order`.`isdel` IS NULL GROUP BY `user_id` ) `_group_count_` LIMIT 1 [ RunTime:0.000123s ]
[ sql ] [ SQL ] SELECT COUNT(*) AS tp_count FROM ( SELECT count(*) AS think_count FROM `wb_order` WHERE (  `ctime` < 1774886399  AND `ctime` >= 1774800000 ) AND `wb_order`.`isdel` IS NULL GROUP BY `user_id` ) `_group_count_` LIMIT 1 [ RunTime:0.000225s ]
[ sql ] [ SQL ] SELECT COUNT(*) AS tp_count FROM ( SELECT count(*) AS think_count FROM `wb_order` WHERE (  `ctime` < 1774799999  AND `ctime` >= 1774713600 ) AND `wb_order`.`isdel` IS NULL GROUP BY `user_id` ) `_group_count_` LIMIT 1 [ RunTime:0.000125s ]
[ sql ] [ SQL ] SELECT COUNT(*) AS tp_count FROM ( SELECT count(*) AS think_count FROM `wb_order` WHERE (  `ctime` < 1774713599  AND `ctime` >= 1774627200 ) AND `wb_order`.`isdel` IS NULL GROUP BY `user_id` ) `_group_count_` LIMIT 1 [ RunTime:0.000177s ]
[ sql ] [ SQL ] SELECT COUNT(*) AS tp_count FROM ( SELECT count(*) AS think_count FROM `wb_order` WHERE (  `ctime` < 1774627199  AND `ctime` >= 1774540800 ) AND `wb_order`.`isdel` IS NULL GROUP BY `user_id` ) `_group_count_` LIMIT 1 [ RunTime:0.000142s ]
[ sql ] [ SQL ] SELECT COUNT(*) AS tp_count FROM ( SELECT count(*) AS think_count FROM `wb_order` WHERE (  `ctime` < 1774540799  AND `ctime` >= 1774454400 ) AND `wb_order`.`isdel` IS NULL GROUP BY `user_id` ) `_group_count_` LIMIT 1 [ RunTime:0.000135s ]
---------------------------------------------------------------
[2026-04-01T16:04:23+08:00] 127.0.0.1 GET www.jiwankang.com/manage/administrator/userloglist/state/1.html
[运行时间：0.066892s] [吞吐率：14.95req/s] [内存消耗：4,570.69kb] [文件加载：110]
[ info ] [ LANG ] E:\wwwroot\2026\04\jiwankang\thinkphp\lang\zh-cn.php
[ info ] [ ROUTE ] array (
)
[ info ] [ HEADER ] array (
  'cookie' => 'PHPSESSID=6ge3q9cob417ort2dkkl8j63da',
  'accept-language' => 'zh-CN,zh;q=0.9',
  'accept-encoding' => 'gzip, deflate',
  'referer' => 'http://www.jiwankang.com/manage/index/welcome.html',
  'x-requested-with' => 'XMLHttpRequest',
  'accept' => '*/*',
  'user-agent' => 'Mozilla/5.0 (Windows NT 10.0; Win64; x64) AppleWebKit/537.36 (KHTML, like Gecko) Chrome/146.0.0.0 Safari/537.36',
  'connection' => 'keep-alive',
  'host' => 'www.jiwankang.com',
  'content-length' => '',
  'content-type' => '',
)
[ info ] [ PARAM ] array (
  'state' => '1',
)
[ info ] [ DB ] INIT mysql
[ sql ] [ DB ] CONNECT:[ UseTime:0.001445s ] mysql:host=127.0.0.1;port=3306;dbname=jiwankang;charset=utf8mb4
[ sql ] [ SQL ] SHOW COLUMNS FROM `wb_setting` [ RunTime:0.000728s ]
[ sql ] [ SQL ] SELECT * FROM `wb_setting` WHERE  `skey` = 'shop_name' LIMIT 1 [ RunTime:0.000241s ]
[ sql ] [ SQL ] SHOW COLUMNS FROM `wb_user_log` [ RunTime:0.000969s ]
[ sql ] [ SQL ] SELECT COUNT(*) AS tp_count FROM `wb_user_log` WHERE  `state` = 1  AND `type` = 2 LIMIT 1 [ RunTime:0.000171s ]
[ sql ] [ SQL ] SELECT * FROM `wb_user_log` WHERE  `state` = 1  AND `type` = 2 ORDER BY `ctime` DESC LIMIT 0,10 [ RunTime:0.000142s ]
[ sql ] [ SQL ] SHOW COLUMNS FROM `wb_manage` [ RunTime:0.000859s ]
[ sql ] [ SQL ] SELECT `id`,`username`,`nickname`,`mobile` FROM `wb_manage` WHERE  `id` = 13 LIMIT 1 [ RunTime:0.000133s ]
[ sql ] [ SQL ] SELECT `id`,`username`,`nickname`,`mobile` FROM `wb_manage` WHERE  `id` = 13 LIMIT 1 [ RunTime:0.000181s ]
[ sql ] [ SQL ] SELECT `id`,`username`,`nickname`,`mobile` FROM `wb_manage` WHERE  `id` = 13 LIMIT 1 [ RunTime:0.000103s ]
[ sql ] [ SQL ] SELECT `id`,`username`,`nickname`,`mobile` FROM `wb_manage` WHERE  `id` = 13 LIMIT 1 [ RunTime:0.000075s ]
---------------------------------------------------------------
[2026-04-01T16:04:23+08:00] 127.0.0.1 GET www.jiwankang.com/manage/operation_log/getlastlog.html
[运行时间：0.082053s] [吞吐率：12.19req/s] [内存消耗：4,526.19kb] [文件加载：110]
[ info ] [ LANG ] E:\wwwroot\2026\04\jiwankang\thinkphp\lang\zh-cn.php
[ info ] [ ROUTE ] array (
)
[ info ] [ HEADER ] array (
  'cookie' => 'PHPSESSID=6ge3q9cob417ort2dkkl8j63da',
  'accept-language' => 'zh-CN,zh;q=0.9',
  'accept-encoding' => 'gzip, deflate',
  'referer' => 'http://www.jiwankang.com/manage/index/welcome.html',
  'x-requested-with' => 'XMLHttpRequest',
  'accept' => 'application/json, text/javascript, */*; q=0.01',
  'user-agent' => 'Mozilla/5.0 (Windows NT 10.0; Win64; x64) AppleWebKit/537.36 (KHTML, like Gecko) Chrome/146.0.0.0 Safari/537.36',
  'connection' => 'keep-alive',
  'host' => 'www.jiwankang.com',
  'content-length' => '',
  'content-type' => '',
)
[ info ] [ PARAM ] array (
)
[ info ] [ DB ] INIT mysql
[ sql ] [ DB ] CONNECT:[ UseTime:0.000678s ] mysql:host=127.0.0.1;port=3306;dbname=jiwankang;charset=utf8mb4
[ sql ] [ SQL ] SHOW COLUMNS FROM `wb_setting` [ RunTime:0.002024s ]
[ sql ] [ SQL ] SELECT * FROM `wb_setting` WHERE  `skey` = 'shop_name' LIMIT 1 [ RunTime:0.000214s ]
[ sql ] [ SQL ] SHOW COLUMNS FROM `wb_operation_log` [ RunTime:0.001042s ]
[ sql ] [ SQL ] SELECT COUNT(*) AS tp_count FROM `wb_operation_log` LIMIT 1 [ RunTime:0.000205s ]
[ sql ] [ SQL ] SELECT * FROM `wb_operation_log` ORDER BY `id` DESC LIMIT 0,10 [ RunTime:0.000246s ]
[ sql ] [ SQL ] SHOW COLUMNS FROM `wb_manage` [ RunTime:0.001356s ]
[ sql ] [ SQL ] SELECT * FROM `wb_manage` WHERE  `id` = 13 LIMIT 1 [ RunTime:0.000314s ]
[ sql ] [ SQL ] SELECT * FROM `wb_manage` WHERE  `id` = 13 LIMIT 1 [ RunTime:0.000231s ]
[ sql ] [ SQL ] SELECT * FROM `wb_manage` WHERE  `id` = 13 LIMIT 1 [ RunTime:0.000195s ]
[ sql ] [ SQL ] SELECT * FROM `wb_manage` WHERE  `id` = 13 LIMIT 1 [ RunTime:0.000159s ]
[ sql ] [ SQL ] SELECT * FROM `wb_manage` WHERE  `id` = 13 LIMIT 1 [ RunTime:0.000211s ]
[ sql ] [ SQL ] SELECT * FROM `wb_manage` WHERE  `id` = 13 LIMIT 1 [ RunTime:0.000159s ]
[ sql ] [ SQL ] SELECT * FROM `wb_manage` WHERE  `id` = 13 LIMIT 1 [ RunTime:0.000148s ]
[ sql ] [ SQL ] SELECT * FROM `wb_manage` WHERE  `id` = 13 LIMIT 1 [ RunTime:0.000178s ]
[ sql ] [ SQL ] SELECT * FROM `wb_manage` WHERE  `id` = 13 LIMIT 1 [ RunTime:0.000184s ]
[ sql ] [ SQL ] SELECT * FROM `wb_manage` WHERE  `id` = 13 LIMIT 1 [ RunTime:0.000130s ]
---------------------------------------------------------------
[2026-04-01T16:04:49+08:00] 127.0.0.1 GET www.jiwankang.com/manage
[运行时间：0.026346s] [吞吐率：37.96req/s] [内存消耗：4,604.91kb] [文件加载：110]
[ info ] [ LANG ] E:\wwwroot\2026\04\jiwankang\thinkphp\lang\zh-cn.php
[ info ] [ ROUTE ] array (
)
[ info ] [ HEADER ] array (
  'cookie' => 'PHPSESSID=6ge3q9cob417ort2dkkl8j63da',
  'accept-language' => 'zh-CN,zh;q=0.9',
  'accept-encoding' => 'gzip, deflate',
  'referer' => 'http://www.jiwankang.com/manage/common/login.html',
  'accept' => 'text/html,application/xhtml+xml,application/xml;q=0.9,image/avif,image/webp,image/apng,*/*;q=0.8,application/signed-exchange;v=b3;q=0.7',
  'user-agent' => 'Mozilla/5.0 (Windows NT 10.0; Win64; x64) AppleWebKit/537.36 (KHTML, like Gecko) Chrome/146.0.0.0 Safari/537.36',
  'upgrade-insecure-requests' => '1',
  'cache-control' => 'max-age=0',
  'connection' => 'keep-alive',
  'host' => 'www.jiwankang.com',
  'content-length' => '',
  'content-type' => '',
)
[ info ] [ PARAM ] array (
)
[ info ] [ DB ] INIT mysql
[ info ] [ VIEW ] E:\wwwroot\2026\04\jiwankang\application\manage\view\index\index.html [ array (
  0 => 'params',
  1 => 'jshopHost',
  2 => 'shop_name',
  3 => 'menu',
  4 => 'kefu',
) ]
[ sql ] [ DB ] CONNECT:[ UseTime:0.000685s ] mysql:host=127.0.0.1;port=3306;dbname=jiwankang;charset=utf8mb4
[ sql ] [ SQL ] SHOW COLUMNS FROM `wb_setting` [ RunTime:0.000506s ]
[ sql ] [ SQL ] SELECT * FROM `wb_setting` WHERE  `skey` = 'shop_name' LIMIT 1 [ RunTime:0.000161s ]
[ sql ] [ SQL ] SELECT * FROM `wb_setting` WHERE  `skey` = 'ent_id' LIMIT 1 [ RunTime:0.000123s ]
[ error ] [8]未定义数组索引: selected[E:\wwwroot\2026\04\jiwankang\runtime\temp\0ebc0da97c722c413af6448a150993b9.php:118]
[ error ] [8]未定义数组索引: selected[E:\wwwroot\2026\04\jiwankang\runtime\temp\0ebc0da97c722c413af6448a150993b9.php:118]
[ error ] [8]未定义数组索引: selected[E:\wwwroot\2026\04\jiwankang\runtime\temp\0ebc0da97c722c413af6448a150993b9.php:118]
[ error ] [8]未定义数组索引: selected[E:\wwwroot\2026\04\jiwankang\runtime\temp\0ebc0da97c722c413af6448a150993b9.php:118]
[ error ] [8]未定义数组索引: selected[E:\wwwroot\2026\04\jiwankang\runtime\temp\0ebc0da97c722c413af6448a150993b9.php:118]
[ error ] [8]未定义数组索引: selected[E:\wwwroot\2026\04\jiwankang\runtime\temp\0ebc0da97c722c413af6448a150993b9.php:118]
[ error ] [8]未定义数组索引: selected[E:\wwwroot\2026\04\jiwankang\runtime\temp\0ebc0da97c722c413af6448a150993b9.php:118]
[ error ] [8]未定义数组索引: selected[E:\wwwroot\2026\04\jiwankang\runtime\temp\0ebc0da97c722c413af6448a150993b9.php:118]
[ error ] [8]未定义数组索引: selected[E:\wwwroot\2026\04\jiwankang\runtime\temp\0ebc0da97c722c413af6448a150993b9.php:118]
[ error ] [8]未定义数组索引: selected[E:\wwwroot\2026\04\jiwankang\runtime\temp\0ebc0da97c722c413af6448a150993b9.php:118]
[ error ] [8]未定义数组索引: selected[E:\wwwroot\2026\04\jiwankang\runtime\temp\0ebc0da97c722c413af6448a150993b9.php:118]
[ error ] [8]未定义数组索引: selected[E:\wwwroot\2026\04\jiwankang\runtime\temp\0ebc0da97c722c413af6448a150993b9.php:118]
[ error ] [8]未定义数组索引: selected[E:\wwwroot\2026\04\jiwankang\runtime\temp\0ebc0da97c722c413af6448a150993b9.php:118]
[ error ] [8]未定义数组索引: selected[E:\wwwroot\2026\04\jiwankang\runtime\temp\0ebc0da97c722c413af6448a150993b9.php:118]
[ error ] [8]未定义数组索引: selected[E:\wwwroot\2026\04\jiwankang\runtime\temp\0ebc0da97c722c413af6448a150993b9.php:118]
[ error ] [8]未定义数组索引: selected[E:\wwwroot\2026\04\jiwankang\runtime\temp\0ebc0da97c722c413af6448a150993b9.php:118]
[ error ] [8]未定义数组索引: selected[E:\wwwroot\2026\04\jiwankang\runtime\temp\0ebc0da97c722c413af6448a150993b9.php:118]
[ error ] [8]未定义数组索引: selected[E:\wwwroot\2026\04\jiwankang\runtime\temp\0ebc0da97c722c413af6448a150993b9.php:118]
[ error ] [8]未定义数组索引: selected[E:\wwwroot\2026\04\jiwankang\runtime\temp\0ebc0da97c722c413af6448a150993b9.php:118]
[ error ] [8]未定义数组索引: selected[E:\wwwroot\2026\04\jiwankang\runtime\temp\0ebc0da97c722c413af6448a150993b9.php:118]
---------------------------------------------------------------
[2026-04-01T16:04:49+08:00] 127.0.0.1 GET www.jiwankang.com/manage/index/welcome.html
[运行时间：0.043244s] [吞吐率：23.12req/s] [内存消耗：5,491.94kb] [文件加载：115]
[ info ] [ LANG ] E:\wwwroot\2026\04\jiwankang\thinkphp\lang\zh-cn.php
[ info ] [ ROUTE ] array (
)
[ info ] [ HEADER ] array (
  'cookie' => 'PHPSESSID=6ge3q9cob417ort2dkkl8j63da',
  'accept-language' => 'zh-CN,zh;q=0.9',
  'accept-encoding' => 'gzip, deflate',
  'referer' => 'http://www.jiwankang.com/manage',
  'accept' => 'text/html,application/xhtml+xml,application/xml;q=0.9,image/avif,image/webp,image/apng,*/*;q=0.8,application/signed-exchange;v=b3;q=0.7',
  'user-agent' => 'Mozilla/5.0 (Windows NT 10.0; Win64; x64) AppleWebKit/537.36 (KHTML, like Gecko) Chrome/146.0.0.0 Safari/537.36',
  'upgrade-insecure-requests' => '1',
  'connection' => 'keep-alive',
  'host' => 'www.jiwankang.com',
  'content-length' => '',
  'content-type' => '',
)
[ info ] [ PARAM ] array (
)
[ info ] [ DB ] INIT mysql
[ info ] [ VIEW ] E:\wwwroot\2026\04\jiwankang\application\manage\view\index\welcome.html [ array (
  0 => 'params',
  1 => 'jshopHost',
  2 => 'shop_name',
  3 => 'unpaid_count',
  4 => 'unship_count',
  5 => 'after_sales_count',
  6 => 'goods_statics',
  7 => 'zijinchi',
  8 => 'todayTyOrder',
  9 => 'allTyOrder',
  10 => 'daibutie',
  11 => 'yibutie',
  12 => 'weekByOrder',
) ]
[ sql ] [ DB ] CONNECT:[ UseTime:0.000634s ] mysql:host=127.0.0.1;port=3306;dbname=jiwankang;charset=utf8mb4
[ sql ] [ SQL ] SHOW COLUMNS FROM `wb_setting` [ RunTime:0.000406s ]
[ sql ] [ SQL ] SELECT * FROM `wb_setting` WHERE  `skey` = 'shop_name' LIMIT 1 [ RunTime:0.000144s ]
[ sql ] [ SQL ] SHOW COLUMNS FROM `wb_order` [ RunTime:0.001117s ]
[ sql ] [ SQL ] SELECT COUNT(*) AS tp_count FROM `wb_order` WHERE (  `status` = 1  AND `pay_status` = 1  AND `ship_status` = 1 ) AND `wb_order`.`isdel` IS NULL LIMIT 1 [ RunTime:0.000173s ]
[ sql ] [ SQL ] SELECT COUNT(*) AS tp_count FROM `wb_order` WHERE (  `status` = 1  AND `pay_status` = 2  AND `ship_status` IN (1,2) ) AND `wb_order`.`isdel` IS NULL LIMIT 1 [ RunTime:0.000104s ]
[ sql ] [ SQL ] SHOW COLUMNS FROM `wb_bill_aftersales` [ RunTime:0.000296s ]
[ sql ] [ SQL ] SELECT COUNT(*) AS tp_count FROM `wb_bill_aftersales` WHERE  `status` = 1 LIMIT 1 [ RunTime:0.000101s ]
[ sql ] [ SQL ] SELECT * FROM `wb_setting` WHERE  `skey` = 'shop_name' LIMIT 1 [ RunTime:0.000094s ]
[ sql ] [ SQL ] SHOW COLUMNS FROM `wb_goods` [ RunTime:0.000334s ]
[ sql ] [ SQL ] SELECT COUNT(`id`) AS tp_count FROM `wb_goods` LIMIT 1 [ RunTime:0.000103s ]
[ sql ] [ SQL ] SELECT COUNT(`id`) AS tp_count FROM `wb_goods` WHERE  `marketable` = 1 LIMIT 1 [ RunTime:0.000085s ]
[ sql ] [ SQL ] SELECT COUNT(`id`) AS tp_count FROM `wb_goods` WHERE  `marketable` = 2 LIMIT 1 [ RunTime:0.000072s ]
[ sql ] [ SQL ] SELECT * FROM `wb_setting` WHERE  `skey` = 'goods_stocks_warn' LIMIT 1 [ RunTime:0.000084s ]
[ sql ] [ SQL ] SHOW COLUMNS FROM `wb_products` [ RunTime:0.000284s ]
[ sql ] [ SQL ] SELECT COUNT(*) AS tp_count FROM ( SELECT count(id) AS think_count FROM `wb_products` WHERE  ( IF(stock < freeze_stock, 0, stock - freeze_stock)<10 ) GROUP BY `goods_id` ) `_group_count_` LIMIT 1 [ RunTime:0.000335s ]
[ sql ] [ SQL ] SHOW COLUMNS FROM `wb_money` [ RunTime:0.000672s ]
[ sql ] [ SQL ] SELECT `money` FROM `wb_money` WHERE  `type` = 1 LIMIT 1 [ RunTime:0.000257s ]
[ sql ] [ SQL ] SELECT SUM(`payed`) AS tp_sum FROM `wb_order` WHERE (  `status` < 3  AND `pay_status` = 2  AND `ctime` BETWEEN 1774972800 AND 1775059200 ) AND `wb_order`.`isdel` IS NULL LIMIT 1 [ RunTime:0.000341s ]
[ sql ] [ SQL ] SELECT SUM(`payed`) AS tp_sum FROM `wb_order` WHERE (  `status` < 3  AND `pay_status` = 2 ) AND `wb_order`.`isdel` IS NULL LIMIT 1 [ RunTime:0.000215s ]
[ sql ] [ SQL ] SELECT SUM(`payed`) AS tp_sum FROM `wb_order` WHERE (  `status` < 3  AND `pay_status` = 2  AND `ctime` BETWEEN 1774800000 AND 1775404800 ) AND `wb_order`.`isdel` IS NULL LIMIT 1 [ RunTime:0.000287s ]
[ sql ] [ SQL ] SHOW COLUMNS FROM `wb_user` [ RunTime:0.000514s ]
[ sql ] [ SQL ] SELECT SUM(`butie`) AS tp_sum FROM `wb_user` WHERE `wb_user`.`isdel` IS NULL LIMIT 1 [ RunTime:0.000120s ]
[ sql ] [ SQL ] SELECT SUM(`ybuite`) AS tp_sum FROM `wb_user` WHERE `wb_user`.`isdel` IS NULL LIMIT 1 [ RunTime:0.000083s ]
---------------------------------------------------------------
[2026-04-01T16:04:49+08:00] 127.0.0.1 GET www.jiwankang.com/manage/administrator/userloglist/state/1.html
[运行时间：0.037206s] [吞吐率：26.88req/s] [内存消耗：4,570.69kb] [文件加载：110]
[ info ] [ LANG ] E:\wwwroot\2026\04\jiwankang\thinkphp\lang\zh-cn.php
[ info ] [ ROUTE ] array (
)
[ info ] [ HEADER ] array (
  'cookie' => 'PHPSESSID=6ge3q9cob417ort2dkkl8j63da',
  'accept-language' => 'zh-CN,zh;q=0.9',
  'accept-encoding' => 'gzip, deflate',
  'referer' => 'http://www.jiwankang.com/manage/index/welcome.html',
  'x-requested-with' => 'XMLHttpRequest',
  'accept' => '*/*',
  'user-agent' => 'Mozilla/5.0 (Windows NT 10.0; Win64; x64) AppleWebKit/537.36 (KHTML, like Gecko) Chrome/146.0.0.0 Safari/537.36',
  'connection' => 'keep-alive',
  'host' => 'www.jiwankang.com',
  'content-length' => '',
  'content-type' => '',
)
[ info ] [ PARAM ] array (
  'state' => '1',
)
[ info ] [ DB ] INIT mysql
[ sql ] [ DB ] CONNECT:[ UseTime:0.000827s ] mysql:host=127.0.0.1;port=3306;dbname=jiwankang;charset=utf8mb4
[ sql ] [ SQL ] SHOW COLUMNS FROM `wb_setting` [ RunTime:0.000975s ]
[ sql ] [ SQL ] SELECT * FROM `wb_setting` WHERE  `skey` = 'shop_name' LIMIT 1 [ RunTime:0.000306s ]
[ sql ] [ SQL ] SHOW COLUMNS FROM `wb_user_log` [ RunTime:0.001159s ]
[ sql ] [ SQL ] SELECT COUNT(*) AS tp_count FROM `wb_user_log` WHERE  `state` = 1  AND `type` = 2 LIMIT 1 [ RunTime:0.000268s ]
[ sql ] [ SQL ] SELECT * FROM `wb_user_log` WHERE  `state` = 1  AND `type` = 2 ORDER BY `ctime` DESC LIMIT 0,10 [ RunTime:0.000267s ]
[ sql ] [ SQL ] SHOW COLUMNS FROM `wb_manage` [ RunTime:0.000451s ]
[ sql ] [ SQL ] SELECT `id`,`username`,`nickname`,`mobile` FROM `wb_manage` WHERE  `id` = 13 LIMIT 1 [ RunTime:0.000263s ]
[ sql ] [ SQL ] SELECT `id`,`username`,`nickname`,`mobile` FROM `wb_manage` WHERE  `id` = 13 LIMIT 1 [ RunTime:0.000259s ]
[ sql ] [ SQL ] SELECT `id`,`username`,`nickname`,`mobile` FROM `wb_manage` WHERE  `id` = 13 LIMIT 1 [ RunTime:0.000165s ]
[ sql ] [ SQL ] SELECT `id`,`username`,`nickname`,`mobile` FROM `wb_manage` WHERE  `id` = 13 LIMIT 1 [ RunTime:0.000179s ]
---------------------------------------------------------------
[2026-04-01T16:04:49+08:00] 127.0.0.1 GET www.jiwankang.com/manage/operation_log/getlastlog.html
[运行时间：0.052898s] [吞吐率：18.90req/s] [内存消耗：4,526.19kb] [文件加载：110]
[ info ] [ LANG ] E:\wwwroot\2026\04\jiwankang\thinkphp\lang\zh-cn.php
[ info ] [ ROUTE ] array (
)
[ info ] [ HEADER ] array (
  'cookie' => 'PHPSESSID=6ge3q9cob417ort2dkkl8j63da',
  'accept-language' => 'zh-CN,zh;q=0.9',
  'accept-encoding' => 'gzip, deflate',
  'referer' => 'http://www.jiwankang.com/manage/index/welcome.html',
  'x-requested-with' => 'XMLHttpRequest',
  'accept' => 'application/json, text/javascript, */*; q=0.01',
  'user-agent' => 'Mozilla/5.0 (Windows NT 10.0; Win64; x64) AppleWebKit/537.36 (KHTML, like Gecko) Chrome/146.0.0.0 Safari/537.36',
  'connection' => 'keep-alive',
  'host' => 'www.jiwankang.com',
  'content-length' => '',
  'content-type' => '',
)
[ info ] [ PARAM ] array (
)
[ info ] [ DB ] INIT mysql
[ sql ] [ DB ] CONNECT:[ UseTime:0.000700s ] mysql:host=127.0.0.1;port=3306;dbname=jiwankang;charset=utf8mb4
[ sql ] [ SQL ] SHOW COLUMNS FROM `wb_setting` [ RunTime:0.000411s ]
[ sql ] [ SQL ] SELECT * FROM `wb_setting` WHERE  `skey` = 'shop_name' LIMIT 1 [ RunTime:0.000317s ]
[ sql ] [ SQL ] SHOW COLUMNS FROM `wb_operation_log` [ RunTime:0.001009s ]
[ sql ] [ SQL ] SELECT COUNT(*) AS tp_count FROM `wb_operation_log` LIMIT 1 [ RunTime:0.000131s ]
[ sql ] [ SQL ] SELECT * FROM `wb_operation_log` ORDER BY `id` DESC LIMIT 0,10 [ RunTime:0.000116s ]
[ sql ] [ SQL ] SHOW COLUMNS FROM `wb_manage` [ RunTime:0.000301s ]
[ sql ] [ SQL ] SELECT * FROM `wb_manage` WHERE  `id` = 13 LIMIT 1 [ RunTime:0.000117s ]
[ sql ] [ SQL ] SELECT * FROM `wb_manage` WHERE  `id` = 13 LIMIT 1 [ RunTime:0.000086s ]
[ sql ] [ SQL ] SELECT * FROM `wb_manage` WHERE  `id` = 13 LIMIT 1 [ RunTime:0.000247s ]
[ sql ] [ SQL ] SELECT * FROM `wb_manage` WHERE  `id` = 13 LIMIT 1 [ RunTime:0.000133s ]
[ sql ] [ SQL ] SELECT * FROM `wb_manage` WHERE  `id` = 13 LIMIT 1 [ RunTime:0.000087s ]
[ sql ] [ SQL ] SELECT * FROM `wb_manage` WHERE  `id` = 13 LIMIT 1 [ RunTime:0.000079s ]
[ sql ] [ SQL ] SELECT * FROM `wb_manage` WHERE  `id` = 13 LIMIT 1 [ RunTime:0.000184s ]
[ sql ] [ SQL ] SELECT * FROM `wb_manage` WHERE  `id` = 13 LIMIT 1 [ RunTime:0.000153s ]
[ sql ] [ SQL ] SELECT * FROM `wb_manage` WHERE  `id` = 13 LIMIT 1 [ RunTime:0.000199s ]
[ sql ] [ SQL ] SELECT * FROM `wb_manage` WHERE  `id` = 13 LIMIT 1 [ RunTime:0.000173s ]
---------------------------------------------------------------
[2026-04-01T16:04:49+08:00] 127.0.0.1 GET www.jiwankang.com/manage/user/statistics.html
[运行时间：0.070092s] [吞吐率：14.27req/s] [内存消耗：5,024.01kb] [文件加载：111]
[ info ] [ LANG ] E:\wwwroot\2026\04\jiwankang\thinkphp\lang\zh-cn.php
[ info ] [ ROUTE ] array (
)
[ info ] [ HEADER ] array (
  'cookie' => 'PHPSESSID=6ge3q9cob417ort2dkkl8j63da',
  'accept-language' => 'zh-CN,zh;q=0.9',
  'accept-encoding' => 'gzip, deflate',
  'referer' => 'http://www.jiwankang.com/manage/index/welcome.html',
  'x-requested-with' => 'XMLHttpRequest',
  'accept' => '*/*',
  'user-agent' => 'Mozilla/5.0 (Windows NT 10.0; Win64; x64) AppleWebKit/537.36 (KHTML, like Gecko) Chrome/146.0.0.0 Safari/537.36',
  'connection' => 'keep-alive',
  'host' => 'www.jiwankang.com',
  'content-length' => '',
  'content-type' => '',
)
[ info ] [ PARAM ] array (
)
[ info ] [ DB ] INIT mysql
[ sql ] [ DB ] CONNECT:[ UseTime:0.001023s ] mysql:host=127.0.0.1;port=3306;dbname=jiwankang;charset=utf8mb4
[ sql ] [ SQL ] SHOW COLUMNS FROM `wb_setting` [ RunTime:0.000668s ]
[ sql ] [ SQL ] SELECT * FROM `wb_setting` WHERE  `skey` = 'shop_name' LIMIT 1 [ RunTime:0.000295s ]
[ sql ] [ SQL ] SHOW COLUMNS FROM `wb_user` [ RunTime:0.000432s ]
[ sql ] [ SQL ] SELECT DATE_FORMAT(from_unixtime(ctime),"%Y-%m-%d") as day, count(*) as nums FROM `wb_user` WHERE (  `ctime` > 1774425889  AND ( TIMESTAMPDIFF(DAY,from_unixtime(ctime),now()) <7 ) ) AND `wb_user`.`isdel` IS NULL GROUP BY DATE_FORMAT(from_unixtime(ctime),"%Y-%m-%d") [ RunTime:0.000225s ]
[ sql ] [ SQL ] SHOW COLUMNS FROM `wb_order` [ RunTime:0.001826s ]
[ sql ] [ SQL ] SELECT COUNT(*) AS tp_count FROM ( SELECT count(*) AS think_count FROM `wb_order` WHERE (  `ctime` < 1775030689  AND `ctime` >= 1774972800 ) AND `wb_order`.`isdel` IS NULL GROUP BY `user_id` ) `_group_count_` LIMIT 1 [ RunTime:0.000628s ]
[ sql ] [ SQL ] SELECT COUNT(*) AS tp_count FROM ( SELECT count(*) AS think_count FROM `wb_order` WHERE (  `ctime` < 1774972799  AND `ctime` >= 1774886400 ) AND `wb_order`.`isdel` IS NULL GROUP BY `user_id` ) `_group_count_` LIMIT 1 [ RunTime:0.000288s ]
[ sql ] [ SQL ] SELECT COUNT(*) AS tp_count FROM ( SELECT count(*) AS think_count FROM `wb_order` WHERE (  `ctime` < 1774886399  AND `ctime` >= 1774800000 ) AND `wb_order`.`isdel` IS NULL GROUP BY `user_id` ) `_group_count_` LIMIT 1 [ RunTime:0.000171s ]
[ sql ] [ SQL ] SELECT COUNT(*) AS tp_count FROM ( SELECT count(*) AS think_count FROM `wb_order` WHERE (  `ctime` < 1774799999  AND `ctime` >= 1774713600 ) AND `wb_order`.`isdel` IS NULL GROUP BY `user_id` ) `_group_count_` LIMIT 1 [ RunTime:0.000126s ]
[ sql ] [ SQL ] SELECT COUNT(*) AS tp_count FROM ( SELECT count(*) AS think_count FROM `wb_order` WHERE (  `ctime` < 1774713599  AND `ctime` >= 1774627200 ) AND `wb_order`.`isdel` IS NULL GROUP BY `user_id` ) `_group_count_` LIMIT 1 [ RunTime:0.000230s ]
[ sql ] [ SQL ] SELECT COUNT(*) AS tp_count FROM ( SELECT count(*) AS think_count FROM `wb_order` WHERE (  `ctime` < 1774627199  AND `ctime` >= 1774540800 ) AND `wb_order`.`isdel` IS NULL GROUP BY `user_id` ) `_group_count_` LIMIT 1 [ RunTime:0.000244s ]
[ sql ] [ SQL ] SELECT COUNT(*) AS tp_count FROM ( SELECT count(*) AS think_count FROM `wb_order` WHERE (  `ctime` < 1774540799  AND `ctime` >= 1774454400 ) AND `wb_order`.`isdel` IS NULL GROUP BY `user_id` ) `_group_count_` LIMIT 1 [ RunTime:0.000257s ]
---------------------------------------------------------------
[2026-04-01T16:04:49+08:00] 127.0.0.1 GET www.jiwankang.com/manage/order/statistics.html
[运行时间：0.087356s] [吞吐率：11.45req/s] [内存消耗：4,694.34kb] [文件加载：110]
[ info ] [ LANG ] E:\wwwroot\2026\04\jiwankang\thinkphp\lang\zh-cn.php
[ info ] [ ROUTE ] array (
)
[ info ] [ HEADER ] array (
  'cookie' => 'PHPSESSID=6ge3q9cob417ort2dkkl8j63da',
  'accept-language' => 'zh-CN,zh;q=0.9',
  'accept-encoding' => 'gzip, deflate',
  'referer' => 'http://www.jiwankang.com/manage/index/welcome.html',
  'x-requested-with' => 'XMLHttpRequest',
  'accept' => '*/*',
  'user-agent' => 'Mozilla/5.0 (Windows NT 10.0; Win64; x64) AppleWebKit/537.36 (KHTML, like Gecko) Chrome/146.0.0.0 Safari/537.36',
  'connection' => 'keep-alive',
  'host' => 'www.jiwankang.com',
  'content-length' => '',
  'content-type' => '',
)
[ info ] [ PARAM ] array (
)
[ info ] [ DB ] INIT mysql
[ sql ] [ DB ] CONNECT:[ UseTime:0.001096s ] mysql:host=127.0.0.1;port=3306;dbname=jiwankang;charset=utf8mb4
[ sql ] [ SQL ] SHOW COLUMNS FROM `wb_setting` [ RunTime:0.001235s ]
[ sql ] [ SQL ] SELECT * FROM `wb_setting` WHERE  `skey` = 'shop_name' LIMIT 1 [ RunTime:0.000363s ]
[ sql ] [ SQL ] SHOW COLUMNS FROM `wb_bill_payments` [ RunTime:0.001277s ]
[ sql ] [ SQL ] SELECT count(1) AS `nums`,DATE_FORMAT(FROM_UNIXTIME(ctime),"%Y-%m-%d") AS `day` FROM `wb_bill_payments` WHERE  `status` = 2  AND `type` = 1  AND ( FROM_UNIXTIME(ctime) >= 2026-03-25 ) GROUP BY DATE_FORMAT(FROM_UNIXTIME(ctime),"%Y-%m-%d") [ RunTime:0.000313s ]
[ sql ] [ SQL ] SHOW COLUMNS FROM `wb_bill_delivery` [ RunTime:0.000889s ]
[ sql ] [ SQL ] SELECT count(1) AS `nums`,DATE_FORMAT(FROM_UNIXTIME(ctime),"%Y-%m-%d") AS `day` FROM `wb_bill_delivery` WHERE  ( FROM_UNIXTIME(ctime) >= 2026-03-25 ) GROUP BY DATE_FORMAT(FROM_UNIXTIME(ctime),"%Y-%m-%d") [ RunTime:0.000203s ]
---------------------------------------------------------------
[2026-04-01T16:05:03+08:00] 127.0.0.1 GET www.jiwankang.com/manage/user/index.html
[运行时间：0.033821s] [吞吐率：29.57req/s] [内存消耗：4,887.96kb] [文件加载：113]
[ info ] [ LANG ] E:\wwwroot\2026\04\jiwankang\thinkphp\lang\zh-cn.php
[ info ] [ ROUTE ] array (
)
[ info ] [ HEADER ] array (
  'cookie' => 'PHPSESSID=6ge3q9cob417ort2dkkl8j63da',
  'accept-language' => 'zh-CN,zh;q=0.9',
  'accept-encoding' => 'gzip, deflate',
  'referer' => 'http://www.jiwankang.com/manage',
  'accept' => 'text/html,application/xhtml+xml,application/xml;q=0.9,image/avif,image/webp,image/apng,*/*;q=0.8,application/signed-exchange;v=b3;q=0.7',
  'user-agent' => 'Mozilla/5.0 (Windows NT 10.0; Win64; x64) AppleWebKit/537.36 (KHTML, like Gecko) Chrome/146.0.0.0 Safari/537.36',
  'upgrade-insecure-requests' => '1',
  'connection' => 'keep-alive',
  'host' => 'www.jiwankang.com',
  'content-length' => '',
  'content-type' => '',
)
[ info ] [ PARAM ] array (
)
[ info ] [ DB ] INIT mysql
[ info ] [ VIEW ] E:\wwwroot\2026\04\jiwankang\application\manage\view\user\index.html [ array (
  0 => 'params',
  1 => 'jshopHost',
  2 => 'shop_name',
  3 => 'grade',
) ]
[ sql ] [ DB ] CONNECT:[ UseTime:0.000686s ] mysql:host=127.0.0.1;port=3306;dbname=jiwankang;charset=utf8mb4
[ sql ] [ SQL ] SHOW COLUMNS FROM `wb_setting` [ RunTime:0.000415s ]
[ sql ] [ SQL ] SELECT * FROM `wb_setting` WHERE  `skey` = 'shop_name' LIMIT 1 [ RunTime:0.000297s ]
[ sql ] [ SQL ] SHOW COLUMNS FROM `wb_user_grade` [ RunTime:0.000380s ]
[ sql ] [ SQL ] SELECT * FROM `wb_user_grade` [ RunTime:0.000159s ]
---------------------------------------------------------------
[2026-04-01T16:05:03+08:00] 127.0.0.1 GET www.jiwankang.com/manage/user/index.html?_ajax=1&page=1&limit=20
[运行时间：0.032408s] [吞吐率：30.86req/s] [内存消耗：4,900.38kb] [文件加载：117]
[ info ] [ LANG ] E:\wwwroot\2026\04\jiwankang\thinkphp\lang\zh-cn.php
[ info ] [ ROUTE ] array (
)
[ info ] [ HEADER ] array (
  'cookie' => 'PHPSESSID=6ge3q9cob417ort2dkkl8j63da',
  'accept-language' => 'zh-CN,zh;q=0.9',
  'accept-encoding' => 'gzip, deflate',
  'referer' => 'http://www.jiwankang.com/manage/user/index.html',
  'x-requested-with' => 'XMLHttpRequest',
  'accept' => 'application/json, text/javascript, */*; q=0.01',
  'user-agent' => 'Mozilla/5.0 (Windows NT 10.0; Win64; x64) AppleWebKit/537.36 (KHTML, like Gecko) Chrome/146.0.0.0 Safari/537.36',
  'connection' => 'keep-alive',
  'host' => 'www.jiwankang.com',
  'content-length' => '',
  'content-type' => '',
)
[ info ] [ PARAM ] array (
  '_ajax' => '1',
  'page' => '1',
  'limit' => '20',
)
[ info ] [ DB ] INIT mysql
[ sql ] [ DB ] CONNECT:[ UseTime:0.000659s ] mysql:host=127.0.0.1;port=3306;dbname=jiwankang;charset=utf8mb4
[ sql ] [ SQL ] SHOW COLUMNS FROM `wb_setting` [ RunTime:0.000402s ]
[ sql ] [ SQL ] SELECT * FROM `wb_setting` WHERE  `skey` = 'shop_name' LIMIT 1 [ RunTime:0.000144s ]
[ sql ] [ SQL ] SHOW COLUMNS FROM `wb_user` [ RunTime:0.000874s ]
[ sql ] [ SQL ] SELECT COUNT(*) AS tp_count FROM `wb_user` WHERE `wb_user`.`isdel` IS NULL LIMIT 1 [ RunTime:0.000313s ]
[ sql ] [ SQL ] SELECT * FROM `wb_user` WHERE `wb_user`.`isdel` IS NULL ORDER BY `id` DESC LIMIT 0,20 [ RunTime:0.000264s ]
[ sql ] [ SQL ] SHOW COLUMNS FROM `wb_user_grade` [ RunTime:0.000313s ]
[ sql ] [ SQL ] SELECT * FROM `wb_user_grade` WHERE  `id` IN (2) [ RunTime:0.000120s ]
[ sql ] [ SQL ] SHOW COLUMNS FROM `wb_user_wx` [ RunTime:0.000973s ]
[ sql ] [ SQL ] SELECT * FROM `wb_user_wx` WHERE  `user_id` IN (1) [ RunTime:0.000203s ]
---------------------------------------------------------------
[2026-04-01T16:05:04+08:00] 127.0.0.1 GET www.jiwankang.com/manage/user/editmoney.html?user_id=1&flag=false
[运行时间：0.030770s] [吞吐率：32.50req/s] [内存消耗：4,878.18kb] [文件加载：111]
[ info ] [ LANG ] E:\wwwroot\2026\04\jiwankang\thinkphp\lang\zh-cn.php
[ info ] [ ROUTE ] array (
)
[ info ] [ HEADER ] array (
  'cookie' => 'PHPSESSID=6ge3q9cob417ort2dkkl8j63da',
  'accept-language' => 'zh-CN,zh;q=0.9',
  'accept-encoding' => 'gzip, deflate',
  'referer' => 'http://www.jiwankang.com/manage/user/index.html',
  'x-requested-with' => 'XMLHttpRequest',
  'accept' => 'application/json, text/javascript, */*; q=0.01',
  'user-agent' => 'Mozilla/5.0 (Windows NT 10.0; Win64; x64) AppleWebKit/537.36 (KHTML, like Gecko) Chrome/146.0.0.0 Safari/537.36',
  'connection' => 'keep-alive',
  'host' => 'www.jiwankang.com',
  'content-length' => '',
  'content-type' => '',
)
[ info ] [ PARAM ] array (
  'user_id' => '1',
  'flag' => 'false',
)
[ info ] [ DB ] INIT mysql
[ info ] [ VIEW ] E:\wwwroot\2026\04\jiwankang\application\manage\view\user\editMoney.html [ array (
  0 => 'params',
  1 => 'jshopHost',
  2 => 'shop_name',
  3 => 'user_id',
  4 => 'money',
) ]
[ sql ] [ DB ] CONNECT:[ UseTime:0.000657s ] mysql:host=127.0.0.1;port=3306;dbname=jiwankang;charset=utf8mb4
[ sql ] [ SQL ] SHOW COLUMNS FROM `wb_setting` [ RunTime:0.000409s ]
[ sql ] [ SQL ] SELECT * FROM `wb_setting` WHERE  `skey` = 'shop_name' LIMIT 1 [ RunTime:0.000141s ]
[ sql ] [ SQL ] SELECT * FROM `wb_setting` WHERE  `skey` = 'language' LIMIT 1 [ RunTime:0.000106s ]
[ sql ] [ SQL ] SELECT * FROM `wb_setting` WHERE  `skey` = 'language' LIMIT 1 [ RunTime:0.000073s ]
[ sql ] [ SQL ] SHOW COLUMNS FROM `wb_user` [ RunTime:0.000337s ]
[ sql ] [ SQL ] SELECT * FROM `wb_user` WHERE (  `id` = 1 ) AND `wb_user`.`isdel` IS NULL LIMIT 1 [ RunTime:0.000149s ]
---------------------------------------------------------------
[2026-04-01T16:05:08+08:00] 127.0.0.1 POST www.jiwankang.com/manage/user/editmoney.html
[运行时间：0.042813s] [吞吐率：23.36req/s] [内存消耗：4,712.41kb] [文件加载：109]
[ info ] [ LANG ] E:\wwwroot\2026\04\jiwankang\thinkphp\lang\zh-cn.php
[ info ] [ ROUTE ] array (
)
[ info ] [ HEADER ] array (
  'cookie' => 'PHPSESSID=6ge3q9cob417ort2dkkl8j63da',
  'accept-language' => 'zh-CN,zh;q=0.9',
  'accept-encoding' => 'gzip, deflate',
  'referer' => 'http://www.jiwankang.com/manage/user/index.html',
  'origin' => 'http://www.jiwankang.com',
  'content-type' => 'application/x-www-form-urlencoded; charset=UTF-8',
  'accept' => 'application/json, text/javascript, */*; q=0.01',
  'user-agent' => 'Mozilla/5.0 (Windows NT 10.0; Win64; x64) AppleWebKit/537.36 (KHTML, like Gecko) Chrome/146.0.0.0 Safari/537.36',
  'x-requested-with' => 'XMLHttpRequest',
  'content-length' => '115',
  'connection' => 'keep-alive',
  'host' => 'www.jiwankang.com',
)
[ info ] [ PARAM ] array (
  'user_id' => '1',
  'flag' => 'true',
  'money' => '1000000',
  '__Jshop_Token__' => '1e67ce2bf38a58c7adf3352892d66350f24f8af8',
  'validate_form' => 'edit_money',
)
[ info ] [ DB ] INIT mysql
[ sql ] [ DB ] CONNECT:[ UseTime:0.001033s ] mysql:host=127.0.0.1;port=3306;dbname=jiwankang;charset=utf8mb4
[ sql ] [ SQL ] SHOW COLUMNS FROM `wb_setting` [ RunTime:0.000610s ]
[ sql ] [ SQL ] SELECT * FROM `wb_setting` WHERE  `skey` = 'shop_name' LIMIT 1 [ RunTime:0.000244s ]
[ sql ] [ SQL ] SHOW COLUMNS FROM `wb_operation` [ RunTime:0.000879s ]
[ sql ] [ SQL ] SELECT * FROM `wb_operation` WHERE  `type` = 'c'  AND `code` = 'user'  AND `parent_id` = 2 LIMIT 1 [ RunTime:0.000175s ]
[ sql ] [ SQL ] SELECT * FROM `wb_operation` WHERE  `type` = 'a'  AND `code` = 'editmoney'  AND `parent_id` = 238 LIMIT 1 [ RunTime:0.000116s ]
[ sql ] [ SQL ] SHOW COLUMNS FROM `wb_operation_log` [ RunTime:0.000763s ]
[ sql ] [ SQL ] INSERT INTO `wb_operation_log` (`manage_id` , `controller` , `method` , `desc` , `content` , `ip` , `ctime`) VALUES (13 , 'user' , 'editmoney' , '余额修改' , '{\"user_id\":\"1\",\"flag\":\"true\",\"money\":\"1000000\",\"__Jshop_Token__\":\"1e67ce2bf38a58c7adf3352892d66350f24f8af8\",\"validate_form\":\"edit_money\"}' , '127.0.0.1' , 1775030708) [ RunTime:0.000163s ]
[ sql ] [ SQL ] SELECT * FROM `wb_setting` WHERE  `skey` = 'language' LIMIT 1 [ RunTime:0.000115s ]
[ sql ] [ SQL ] SELECT * FROM `wb_setting` WHERE  `skey` = 'language' LIMIT 1 [ RunTime:0.000076s ]
[ sql ] [ SQL ] SHOW COLUMNS FROM `wb_user` [ RunTime:0.000559s ]
[ sql ] [ SQL ] SELECT * FROM `wb_user` WHERE (  `id` = 1 ) AND `wb_user`.`isdel` IS NULL LIMIT 1 [ RunTime:0.000314s ]
[ sql ] [ SQL ] SHOW COLUMNS FROM `wb_balance` [ RunTime:0.001064s ]
[ sql ] [ SQL ] INSERT INTO `wb_balance` (`user_id` , `type` , `money` , `balance` , `source_id` , `memo` , `ctime`) VALUES (1 , 7 , 1000000 , 1002034 , '0' , '后台操作1000000元' , 1775030708) [ RunTime:0.000175s ]
[ sql ] [ SQL ] UPDATE `wb_user`  SET `balance` = 1002034 , `utime` = 1775030708  WHERE (  `id` = 1 ) AND `wb_user`.`isdel` IS NULL [ RunTime:0.000153s ]
---------------------------------------------------------------
[2026-04-01T16:05:10+08:00] 127.0.0.1 GET www.jiwankang.com/manage/user/index.html?_ajax=1&page=1&limit=20
[运行时间：0.032546s] [吞吐率：30.73req/s] [内存消耗：4,900.38kb] [文件加载：117]
[ info ] [ LANG ] E:\wwwroot\2026\04\jiwankang\thinkphp\lang\zh-cn.php
[ info ] [ ROUTE ] array (
)
[ info ] [ HEADER ] array (
  'cookie' => 'PHPSESSID=6ge3q9cob417ort2dkkl8j63da',
  'accept-language' => 'zh-CN,zh;q=0.9',
  'accept-encoding' => 'gzip, deflate',
  'referer' => 'http://www.jiwankang.com/manage/user/index.html',
  'x-requested-with' => 'XMLHttpRequest',
  'accept' => 'application/json, text/javascript, */*; q=0.01',
  'user-agent' => 'Mozilla/5.0 (Windows NT 10.0; Win64; x64) AppleWebKit/537.36 (KHTML, like Gecko) Chrome/146.0.0.0 Safari/537.36',
  'connection' => 'keep-alive',
  'host' => 'www.jiwankang.com',
  'content-length' => '',
  'content-type' => '',
)
[ info ] [ PARAM ] array (
  '_ajax' => '1',
  'page' => '1',
  'limit' => '20',
)
[ info ] [ DB ] INIT mysql
[ sql ] [ DB ] CONNECT:[ UseTime:0.000729s ] mysql:host=127.0.0.1;port=3306;dbname=jiwankang;charset=utf8mb4
[ sql ] [ SQL ] SHOW COLUMNS FROM `wb_setting` [ RunTime:0.000520s ]
[ sql ] [ SQL ] SELECT * FROM `wb_setting` WHERE  `skey` = 'shop_name' LIMIT 1 [ RunTime:0.000224s ]
[ sql ] [ SQL ] SHOW COLUMNS FROM `wb_user` [ RunTime:0.000430s ]
[ sql ] [ SQL ] SELECT COUNT(*) AS tp_count FROM `wb_user` WHERE `wb_user`.`isdel` IS NULL LIMIT 1 [ RunTime:0.000127s ]
[ sql ] [ SQL ] SELECT * FROM `wb_user` WHERE `wb_user`.`isdel` IS NULL ORDER BY `id` DESC LIMIT 0,20 [ RunTime:0.000232s ]
[ sql ] [ SQL ] SHOW COLUMNS FROM `wb_user_grade` [ RunTime:0.000878s ]
[ sql ] [ SQL ] SELECT * FROM `wb_user_grade` WHERE  `id` IN (2) [ RunTime:0.000136s ]
[ sql ] [ SQL ] SHOW COLUMNS FROM `wb_user_wx` [ RunTime:0.000874s ]
[ sql ] [ SQL ] SELECT * FROM `wb_user_wx` WHERE  `user_id` IN (1) [ RunTime:0.000164s ]
---------------------------------------------------------------
[2026-04-01T16:05:19+08:00] 127.0.0.1 GET www.jiwankang.com/manage
[运行时间：0.033293s] [吞吐率：30.04req/s] [内存消耗：4,604.91kb] [文件加载：110]
[ info ] [ LANG ] E:\wwwroot\2026\04\jiwankang\thinkphp\lang\zh-cn.php
[ info ] [ ROUTE ] array (
)
[ info ] [ HEADER ] array (
  'cookie' => 'PHPSESSID=6ge3q9cob417ort2dkkl8j63da',
  'accept-language' => 'zh-CN,zh;q=0.9',
  'accept-encoding' => 'gzip, deflate',
  'referer' => 'http://www.jiwankang.com/manage/common/login.html',
  'accept' => 'text/html,application/xhtml+xml,application/xml;q=0.9,image/avif,image/webp,image/apng,*/*;q=0.8,application/signed-exchange;v=b3;q=0.7',
  'user-agent' => 'Mozilla/5.0 (Windows NT 10.0; Win64; x64) AppleWebKit/537.36 (KHTML, like Gecko) Chrome/146.0.0.0 Safari/537.36',
  'upgrade-insecure-requests' => '1',
  'cache-control' => 'max-age=0',
  'connection' => 'keep-alive',
  'host' => 'www.jiwankang.com',
  'content-length' => '',
  'content-type' => '',
)
[ info ] [ PARAM ] array (
)
[ info ] [ DB ] INIT mysql
[ info ] [ VIEW ] E:\wwwroot\2026\04\jiwankang\application\manage\view\index\index.html [ array (
  0 => 'params',
  1 => 'jshopHost',
  2 => 'shop_name',
  3 => 'menu',
  4 => 'kefu',
) ]
[ sql ] [ DB ] CONNECT:[ UseTime:0.000658s ] mysql:host=127.0.0.1;port=3306;dbname=jiwankang;charset=utf8mb4
[ sql ] [ SQL ] SHOW COLUMNS FROM `wb_setting` [ RunTime:0.000438s ]
[ sql ] [ SQL ] SELECT * FROM `wb_setting` WHERE  `skey` = 'shop_name' LIMIT 1 [ RunTime:0.000144s ]
[ sql ] [ SQL ] SELECT * FROM `wb_setting` WHERE  `skey` = 'ent_id' LIMIT 1 [ RunTime:0.000109s ]
[ error ] [8]未定义数组索引: selected[E:\wwwroot\2026\04\jiwankang\runtime\temp\0ebc0da97c722c413af6448a150993b9.php:118]
[ error ] [8]未定义数组索引: selected[E:\wwwroot\2026\04\jiwankang\runtime\temp\0ebc0da97c722c413af6448a150993b9.php:118]
[ error ] [8]未定义数组索引: selected[E:\wwwroot\2026\04\jiwankang\runtime\temp\0ebc0da97c722c413af6448a150993b9.php:118]
[ error ] [8]未定义数组索引: selected[E:\wwwroot\2026\04\jiwankang\runtime\temp\0ebc0da97c722c413af6448a150993b9.php:118]
[ error ] [8]未定义数组索引: selected[E:\wwwroot\2026\04\jiwankang\runtime\temp\0ebc0da97c722c413af6448a150993b9.php:118]
[ error ] [8]未定义数组索引: selected[E:\wwwroot\2026\04\jiwankang\runtime\temp\0ebc0da97c722c413af6448a150993b9.php:118]
[ error ] [8]未定义数组索引: selected[E:\wwwroot\2026\04\jiwankang\runtime\temp\0ebc0da97c722c413af6448a150993b9.php:118]
[ error ] [8]未定义数组索引: selected[E:\wwwroot\2026\04\jiwankang\runtime\temp\0ebc0da97c722c413af6448a150993b9.php:118]
[ error ] [8]未定义数组索引: selected[E:\wwwroot\2026\04\jiwankang\runtime\temp\0ebc0da97c722c413af6448a150993b9.php:118]
[ error ] [8]未定义数组索引: selected[E:\wwwroot\2026\04\jiwankang\runtime\temp\0ebc0da97c722c413af6448a150993b9.php:118]
[ error ] [8]未定义数组索引: selected[E:\wwwroot\2026\04\jiwankang\runtime\temp\0ebc0da97c722c413af6448a150993b9.php:118]
[ error ] [8]未定义数组索引: selected[E:\wwwroot\2026\04\jiwankang\runtime\temp\0ebc0da97c722c413af6448a150993b9.php:118]
[ error ] [8]未定义数组索引: selected[E:\wwwroot\2026\04\jiwankang\runtime\temp\0ebc0da97c722c413af6448a150993b9.php:118]
[ error ] [8]未定义数组索引: selected[E:\wwwroot\2026\04\jiwankang\runtime\temp\0ebc0da97c722c413af6448a150993b9.php:118]
[ error ] [8]未定义数组索引: selected[E:\wwwroot\2026\04\jiwankang\runtime\temp\0ebc0da97c722c413af6448a150993b9.php:118]
[ error ] [8]未定义数组索引: selected[E:\wwwroot\2026\04\jiwankang\runtime\temp\0ebc0da97c722c413af6448a150993b9.php:118]
[ error ] [8]未定义数组索引: selected[E:\wwwroot\2026\04\jiwankang\runtime\temp\0ebc0da97c722c413af6448a150993b9.php:118]
[ error ] [8]未定义数组索引: selected[E:\wwwroot\2026\04\jiwankang\runtime\temp\0ebc0da97c722c413af6448a150993b9.php:118]
[ error ] [8]未定义数组索引: selected[E:\wwwroot\2026\04\jiwankang\runtime\temp\0ebc0da97c722c413af6448a150993b9.php:118]
[ error ] [8]未定义数组索引: selected[E:\wwwroot\2026\04\jiwankang\runtime\temp\0ebc0da97c722c413af6448a150993b9.php:118]
---------------------------------------------------------------
[2026-04-01T16:05:19+08:00] 127.0.0.1 GET www.jiwankang.com/manage/index/welcome.html
[运行时间：0.043014s] [吞吐率：23.25req/s] [内存消耗：5,491.94kb] [文件加载：115]
[ info ] [ LANG ] E:\wwwroot\2026\04\jiwankang\thinkphp\lang\zh-cn.php
[ info ] [ ROUTE ] array (
)
[ info ] [ HEADER ] array (
  'cookie' => 'PHPSESSID=6ge3q9cob417ort2dkkl8j63da',
  'accept-language' => 'zh-CN,zh;q=0.9',
  'accept-encoding' => 'gzip, deflate',
  'referer' => 'http://www.jiwankang.com/manage',
  'accept' => 'text/html,application/xhtml+xml,application/xml;q=0.9,image/avif,image/webp,image/apng,*/*;q=0.8,application/signed-exchange;v=b3;q=0.7',
  'user-agent' => 'Mozilla/5.0 (Windows NT 10.0; Win64; x64) AppleWebKit/537.36 (KHTML, like Gecko) Chrome/146.0.0.0 Safari/537.36',
  'upgrade-insecure-requests' => '1',
  'connection' => 'keep-alive',
  'host' => 'www.jiwankang.com',
  'content-length' => '',
  'content-type' => '',
)
[ info ] [ PARAM ] array (
)
[ info ] [ DB ] INIT mysql
[ info ] [ VIEW ] E:\wwwroot\2026\04\jiwankang\application\manage\view\index\welcome.html [ array (
  0 => 'params',
  1 => 'jshopHost',
  2 => 'shop_name',
  3 => 'unpaid_count',
  4 => 'unship_count',
  5 => 'after_sales_count',
  6 => 'goods_statics',
  7 => 'zijinchi',
  8 => 'todayTyOrder',
  9 => 'allTyOrder',
  10 => 'daibutie',
  11 => 'yibutie',
  12 => 'weekByOrder',
) ]
[ sql ] [ DB ] CONNECT:[ UseTime:0.000677s ] mysql:host=127.0.0.1;port=3306;dbname=jiwankang;charset=utf8mb4
[ sql ] [ SQL ] SHOW COLUMNS FROM `wb_setting` [ RunTime:0.000419s ]
[ sql ] [ SQL ] SELECT * FROM `wb_setting` WHERE  `skey` = 'shop_name' LIMIT 1 [ RunTime:0.000143s ]
[ sql ] [ SQL ] SHOW COLUMNS FROM `wb_order` [ RunTime:0.000976s ]
[ sql ] [ SQL ] SELECT COUNT(*) AS tp_count FROM `wb_order` WHERE (  `status` = 1  AND `pay_status` = 1  AND `ship_status` = 1 ) AND `wb_order`.`isdel` IS NULL LIMIT 1 [ RunTime:0.000157s ]
[ sql ] [ SQL ] SELECT COUNT(*) AS tp_count FROM `wb_order` WHERE (  `status` = 1  AND `pay_status` = 2  AND `ship_status` IN (1,2) ) AND `wb_order`.`isdel` IS NULL LIMIT 1 [ RunTime:0.000106s ]
[ sql ] [ SQL ] SHOW COLUMNS FROM `wb_bill_aftersales` [ RunTime:0.000907s ]
[ sql ] [ SQL ] SELECT COUNT(*) AS tp_count FROM `wb_bill_aftersales` WHERE  `status` = 1 LIMIT 1 [ RunTime:0.000182s ]
[ sql ] [ SQL ] SELECT * FROM `wb_setting` WHERE  `skey` = 'shop_name' LIMIT 1 [ RunTime:0.000200s ]
[ sql ] [ SQL ] SHOW COLUMNS FROM `wb_goods` [ RunTime:0.000880s ]
[ sql ] [ SQL ] SELECT COUNT(`id`) AS tp_count FROM `wb_goods` LIMIT 1 [ RunTime:0.000109s ]
[ sql ] [ SQL ] SELECT COUNT(`id`) AS tp_count FROM `wb_goods` WHERE  `marketable` = 1 LIMIT 1 [ RunTime:0.000093s ]
[ sql ] [ SQL ] SELECT COUNT(`id`) AS tp_count FROM `wb_goods` WHERE  `marketable` = 2 LIMIT 1 [ RunTime:0.000074s ]
[ sql ] [ SQL ] SELECT * FROM `wb_setting` WHERE  `skey` = 'goods_stocks_warn' LIMIT 1 [ RunTime:0.000087s ]
[ sql ] [ SQL ] SHOW COLUMNS FROM `wb_products` [ RunTime:0.000801s ]
[ sql ] [ SQL ] SELECT COUNT(*) AS tp_count FROM ( SELECT count(id) AS think_count FROM `wb_products` WHERE  ( IF(stock < freeze_stock, 0, stock - freeze_stock)<10 ) GROUP BY `goods_id` ) `_group_count_` LIMIT 1 [ RunTime:0.000179s ]
[ sql ] [ SQL ] SHOW COLUMNS FROM `wb_money` [ RunTime:0.000448s ]
[ sql ] [ SQL ] SELECT `money` FROM `wb_money` WHERE  `type` = 1 LIMIT 1 [ RunTime:0.000117s ]
[ sql ] [ SQL ] SELECT SUM(`payed`) AS tp_sum FROM `wb_order` WHERE (  `status` < 3  AND `pay_status` = 2  AND `ctime` BETWEEN 1774972800 AND 1775059200 ) AND `wb_order`.`isdel` IS NULL LIMIT 1 [ RunTime:0.000220s ]
[ sql ] [ SQL ] SELECT SUM(`payed`) AS tp_sum FROM `wb_order` WHERE (  `status` < 3  AND `pay_status` = 2 ) AND `wb_order`.`isdel` IS NULL LIMIT 1 [ RunTime:0.000166s ]
[ sql ] [ SQL ] SELECT SUM(`payed`) AS tp_sum FROM `wb_order` WHERE (  `status` < 3  AND `pay_status` = 2  AND `ctime` BETWEEN 1774800000 AND 1775404800 ) AND `wb_order`.`isdel` IS NULL LIMIT 1 [ RunTime:0.000179s ]
[ sql ] [ SQL ] SHOW COLUMNS FROM `wb_user` [ RunTime:0.000463s ]
[ sql ] [ SQL ] SELECT SUM(`butie`) AS tp_sum FROM `wb_user` WHERE `wb_user`.`isdel` IS NULL LIMIT 1 [ RunTime:0.000119s ]
[ sql ] [ SQL ] SELECT SUM(`ybuite`) AS tp_sum FROM `wb_user` WHERE `wb_user`.`isdel` IS NULL LIMIT 1 [ RunTime:0.000075s ]
---------------------------------------------------------------
[2026-04-01T16:05:19+08:00] 127.0.0.1 GET www.jiwankang.com/manage/user/statistics.html
[运行时间：0.038789s] [吞吐率：25.78req/s] [内存消耗：5,024.01kb] [文件加载：111]
[ info ] [ LANG ] E:\wwwroot\2026\04\jiwankang\thinkphp\lang\zh-cn.php
[ info ] [ ROUTE ] array (
)
[ info ] [ HEADER ] array (
  'cookie' => 'PHPSESSID=6ge3q9cob417ort2dkkl8j63da',
  'accept-language' => 'zh-CN,zh;q=0.9',
  'accept-encoding' => 'gzip, deflate',
  'referer' => 'http://www.jiwankang.com/manage/index/welcome.html',
  'x-requested-with' => 'XMLHttpRequest',
  'accept' => '*/*',
  'user-agent' => 'Mozilla/5.0 (Windows NT 10.0; Win64; x64) AppleWebKit/537.36 (KHTML, like Gecko) Chrome/146.0.0.0 Safari/537.36',
  'connection' => 'keep-alive',
  'host' => 'www.jiwankang.com',
  'content-length' => '',
  'content-type' => '',
)
[ info ] [ PARAM ] array (
)
[ info ] [ DB ] INIT mysql
[ sql ] [ DB ] CONNECT:[ UseTime:0.000994s ] mysql:host=127.0.0.1;port=3306;dbname=jiwankang;charset=utf8mb4
[ sql ] [ SQL ] SHOW COLUMNS FROM `wb_setting` [ RunTime:0.000531s ]
[ sql ] [ SQL ] SELECT * FROM `wb_setting` WHERE  `skey` = 'shop_name' LIMIT 1 [ RunTime:0.000156s ]
[ sql ] [ SQL ] SHOW COLUMNS FROM `wb_user` [ RunTime:0.000377s ]
[ sql ] [ SQL ] SELECT DATE_FORMAT(from_unixtime(ctime),"%Y-%m-%d") as day, count(*) as nums FROM `wb_user` WHERE (  `ctime` > 1774425919  AND ( TIMESTAMPDIFF(DAY,from_unixtime(ctime),now()) <7 ) ) AND `wb_user`.`isdel` IS NULL GROUP BY DATE_FORMAT(from_unixtime(ctime),"%Y-%m-%d") [ RunTime:0.000190s ]
[ sql ] [ SQL ] SHOW COLUMNS FROM `wb_order` [ RunTime:0.001267s ]
[ sql ] [ SQL ] SELECT COUNT(*) AS tp_count FROM ( SELECT count(*) AS think_count FROM `wb_order` WHERE (  `ctime` < 1775030719  AND `ctime` >= 1774972800 ) AND `wb_order`.`isdel` IS NULL GROUP BY `user_id` ) `_group_count_` LIMIT 1 [ RunTime:0.000870s ]
[ sql ] [ SQL ] SELECT COUNT(*) AS tp_count FROM ( SELECT count(*) AS think_count FROM `wb_order` WHERE (  `ctime` < 1774972799  AND `ctime` >= 1774886400 ) AND `wb_order`.`isdel` IS NULL GROUP BY `user_id` ) `_group_count_` LIMIT 1 [ RunTime:0.000536s ]
[ sql ] [ SQL ] SELECT COUNT(*) AS tp_count FROM ( SELECT count(*) AS think_count FROM `wb_order` WHERE (  `ctime` < 1774886399  AND `ctime` >= 1774800000 ) AND `wb_order`.`isdel` IS NULL GROUP BY `user_id` ) `_group_count_` LIMIT 1 [ RunTime:0.000265s ]
[ sql ] [ SQL ] SELECT COUNT(*) AS tp_count FROM ( SELECT count(*) AS think_count FROM `wb_order` WHERE (  `ctime` < 1774799999  AND `ctime` >= 1774713600 ) AND `wb_order`.`isdel` IS NULL GROUP BY `user_id` ) `_group_count_` LIMIT 1 [ RunTime:0.000201s ]
[ sql ] [ SQL ] SELECT COUNT(*) AS tp_count FROM ( SELECT count(*) AS think_count FROM `wb_order` WHERE (  `ctime` < 1774713599  AND `ctime` >= 1774627200 ) AND `wb_order`.`isdel` IS NULL GROUP BY `user_id` ) `_group_count_` LIMIT 1 [ RunTime:0.000128s ]
[ sql ] [ SQL ] SELECT COUNT(*) AS tp_count FROM ( SELECT count(*) AS think_count FROM `wb_order` WHERE (  `ctime` < 1774627199  AND `ctime` >= 1774540800 ) AND `wb_order`.`isdel` IS NULL GROUP BY `user_id` ) `_group_count_` LIMIT 1 [ RunTime:0.000109s ]
[ sql ] [ SQL ] SELECT COUNT(*) AS tp_count FROM ( SELECT count(*) AS think_count FROM `wb_order` WHERE (  `ctime` < 1774540799  AND `ctime` >= 1774454400 ) AND `wb_order`.`isdel` IS NULL GROUP BY `user_id` ) `_group_count_` LIMIT 1 [ RunTime:0.000102s ]
---------------------------------------------------------------
[2026-04-01T16:05:19+08:00] 127.0.0.1 GET www.jiwankang.com/manage/administrator/userloglist/state/1.html
[运行时间：0.056395s] [吞吐率：17.73req/s] [内存消耗：4,570.69kb] [文件加载：110]
[ info ] [ LANG ] E:\wwwroot\2026\04\jiwankang\thinkphp\lang\zh-cn.php
[ info ] [ ROUTE ] array (
)
[ info ] [ HEADER ] array (
  'cookie' => 'PHPSESSID=6ge3q9cob417ort2dkkl8j63da',
  'accept-language' => 'zh-CN,zh;q=0.9',
  'accept-encoding' => 'gzip, deflate',
  'referer' => 'http://www.jiwankang.com/manage/index/welcome.html',
  'x-requested-with' => 'XMLHttpRequest',
  'accept' => '*/*',
  'user-agent' => 'Mozilla/5.0 (Windows NT 10.0; Win64; x64) AppleWebKit/537.36 (KHTML, like Gecko) Chrome/146.0.0.0 Safari/537.36',
  'connection' => 'keep-alive',
  'host' => 'www.jiwankang.com',
  'content-length' => '',
  'content-type' => '',
)
[ info ] [ PARAM ] array (
  'state' => '1',
)
[ info ] [ DB ] INIT mysql
[ sql ] [ DB ] CONNECT:[ UseTime:0.000748s ] mysql:host=127.0.0.1;port=3306;dbname=jiwankang;charset=utf8mb4
[ sql ] [ SQL ] SHOW COLUMNS FROM `wb_setting` [ RunTime:0.000461s ]
[ sql ] [ SQL ] SELECT * FROM `wb_setting` WHERE  `skey` = 'shop_name' LIMIT 1 [ RunTime:0.000158s ]
[ sql ] [ SQL ] SHOW COLUMNS FROM `wb_user_log` [ RunTime:0.001925s ]
[ sql ] [ SQL ] SELECT COUNT(*) AS tp_count FROM `wb_user_log` WHERE  `state` = 1  AND `type` = 2 LIMIT 1 [ RunTime:0.000689s ]
[ sql ] [ SQL ] SELECT * FROM `wb_user_log` WHERE  `state` = 1  AND `type` = 2 ORDER BY `ctime` DESC LIMIT 0,10 [ RunTime:0.000425s ]
[ sql ] [ SQL ] SHOW COLUMNS FROM `wb_manage` [ RunTime:0.000978s ]
[ sql ] [ SQL ] SELECT `id`,`username`,`nickname`,`mobile` FROM `wb_manage` WHERE  `id` = 13 LIMIT 1 [ RunTime:0.000139s ]
[ sql ] [ SQL ] SELECT `id`,`username`,`nickname`,`mobile` FROM `wb_manage` WHERE  `id` = 13 LIMIT 1 [ RunTime:0.000093s ]
[ sql ] [ SQL ] SELECT `id`,`username`,`nickname`,`mobile` FROM `wb_manage` WHERE  `id` = 13 LIMIT 1 [ RunTime:0.000079s ]
[ sql ] [ SQL ] SELECT `id`,`username`,`nickname`,`mobile` FROM `wb_manage` WHERE  `id` = 13 LIMIT 1 [ RunTime:0.000073s ]
---------------------------------------------------------------
[2026-04-01T16:05:19+08:00] 127.0.0.1 GET www.jiwankang.com/manage/order/statistics.html
[运行时间：0.091895s] [吞吐率：10.88req/s] [内存消耗：4,694.34kb] [文件加载：110]
[ info ] [ LANG ] E:\wwwroot\2026\04\jiwankang\thinkphp\lang\zh-cn.php
[ info ] [ ROUTE ] array (
)
[ info ] [ HEADER ] array (
  'cookie' => 'PHPSESSID=6ge3q9cob417ort2dkkl8j63da',
  'accept-language' => 'zh-CN,zh;q=0.9',
  'accept-encoding' => 'gzip, deflate',
  'referer' => 'http://www.jiwankang.com/manage/index/welcome.html',
  'x-requested-with' => 'XMLHttpRequest',
  'accept' => '*/*',
  'user-agent' => 'Mozilla/5.0 (Windows NT 10.0; Win64; x64) AppleWebKit/537.36 (KHTML, like Gecko) Chrome/146.0.0.0 Safari/537.36',
  'connection' => 'keep-alive',
  'host' => 'www.jiwankang.com',
  'content-length' => '',
  'content-type' => '',
)
[ info ] [ PARAM ] array (
)
[ info ] [ DB ] INIT mysql
[ sql ] [ DB ] CONNECT:[ UseTime:0.019287s ] mysql:host=127.0.0.1;port=3306;dbname=jiwankang;charset=utf8mb4
[ sql ] [ SQL ] SHOW COLUMNS FROM `wb_setting` [ RunTime:0.001193s ]
[ sql ] [ SQL ] SELECT * FROM `wb_setting` WHERE  `skey` = 'shop_name' LIMIT 1 [ RunTime:0.000551s ]
[ sql ] [ SQL ] SHOW COLUMNS FROM `wb_bill_payments` [ RunTime:0.001540s ]
[ sql ] [ SQL ] SELECT count(1) AS `nums`,DATE_FORMAT(FROM_UNIXTIME(ctime),"%Y-%m-%d") AS `day` FROM `wb_bill_payments` WHERE  `status` = 2  AND `type` = 1  AND ( FROM_UNIXTIME(ctime) >= 2026-03-25 ) GROUP BY DATE_FORMAT(FROM_UNIXTIME(ctime),"%Y-%m-%d") [ RunTime:0.000366s ]
[ sql ] [ SQL ] SHOW COLUMNS FROM `wb_bill_delivery` [ RunTime:0.000890s ]
[ sql ] [ SQL ] SELECT count(1) AS `nums`,DATE_FORMAT(FROM_UNIXTIME(ctime),"%Y-%m-%d") AS `day` FROM `wb_bill_delivery` WHERE  ( FROM_UNIXTIME(ctime) >= 2026-03-25 ) GROUP BY DATE_FORMAT(FROM_UNIXTIME(ctime),"%Y-%m-%d") [ RunTime:0.000198s ]
---------------------------------------------------------------
[2026-04-01T16:05:19+08:00] 127.0.0.1 GET www.jiwankang.com/manage/operation_log/getlastlog.html
[运行时间：0.102594s] [吞吐率：9.75req/s] [内存消耗：4,526.19kb] [文件加载：110]
[ info ] [ LANG ] E:\wwwroot\2026\04\jiwankang\thinkphp\lang\zh-cn.php
[ info ] [ ROUTE ] array (
)
[ info ] [ HEADER ] array (
  'cookie' => 'PHPSESSID=6ge3q9cob417ort2dkkl8j63da',
  'accept-language' => 'zh-CN,zh;q=0.9',
  'accept-encoding' => 'gzip, deflate',
  'referer' => 'http://www.jiwankang.com/manage/index/welcome.html',
  'x-requested-with' => 'XMLHttpRequest',
  'accept' => 'application/json, text/javascript, */*; q=0.01',
  'user-agent' => 'Mozilla/5.0 (Windows NT 10.0; Win64; x64) AppleWebKit/537.36 (KHTML, like Gecko) Chrome/146.0.0.0 Safari/537.36',
  'connection' => 'keep-alive',
  'host' => 'www.jiwankang.com',
  'content-length' => '',
  'content-type' => '',
)
[ info ] [ PARAM ] array (
)
[ info ] [ DB ] INIT mysql
[ sql ] [ DB ] CONNECT:[ UseTime:0.001329s ] mysql:host=127.0.0.1;port=3306;dbname=jiwankang;charset=utf8mb4
[ sql ] [ SQL ] SHOW COLUMNS FROM `wb_setting` [ RunTime:0.000562s ]
[ sql ] [ SQL ] SELECT * FROM `wb_setting` WHERE  `skey` = 'shop_name' LIMIT 1 [ RunTime:0.000178s ]
[ sql ] [ SQL ] SHOW COLUMNS FROM `wb_operation_log` [ RunTime:0.000911s ]
[ sql ] [ SQL ] SELECT COUNT(*) AS tp_count FROM `wb_operation_log` LIMIT 1 [ RunTime:0.000122s ]
[ sql ] [ SQL ] SELECT * FROM `wb_operation_log` ORDER BY `id` DESC LIMIT 0,10 [ RunTime:0.000113s ]
[ sql ] [ SQL ] SHOW COLUMNS FROM `wb_manage` [ RunTime:0.000280s ]
[ sql ] [ SQL ] SELECT * FROM `wb_manage` WHERE  `id` = 13 LIMIT 1 [ RunTime:0.000113s ]
[ sql ] [ SQL ] SELECT * FROM `wb_manage` WHERE  `id` = 13 LIMIT 1 [ RunTime:0.000084s ]
[ sql ] [ SQL ] SELECT * FROM `wb_manage` WHERE  `id` = 13 LIMIT 1 [ RunTime:0.000077s ]
[ sql ] [ SQL ] SELECT * FROM `wb_manage` WHERE  `id` = 13 LIMIT 1 [ RunTime:0.000074s ]
[ sql ] [ SQL ] SELECT * FROM `wb_manage` WHERE  `id` = 13 LIMIT 1 [ RunTime:0.000166s ]
[ sql ] [ SQL ] SELECT * FROM `wb_manage` WHERE  `id` = 13 LIMIT 1 [ RunTime:0.000139s ]
[ sql ] [ SQL ] SELECT * FROM `wb_manage` WHERE  `id` = 13 LIMIT 1 [ RunTime:0.000105s ]
[ sql ] [ SQL ] SELECT * FROM `wb_manage` WHERE  `id` = 13 LIMIT 1 [ RunTime:0.000083s ]
[ sql ] [ SQL ] SELECT * FROM `wb_manage` WHERE  `id` = 13 LIMIT 1 [ RunTime:0.000075s ]
[ sql ] [ SQL ] SELECT * FROM `wb_manage` WHERE  `id` = 13 LIMIT 1 [ RunTime:0.000073s ]
---------------------------------------------------------------
[2026-04-01T16:05:54+08:00] 127.0.0.1 GET www.jiwankang.com/manage
[运行时间：0.032718s] [吞吐率：30.56req/s] [内存消耗：4,604.91kb] [文件加载：110]
[ info ] [ LANG ] E:\wwwroot\2026\04\jiwankang\thinkphp\lang\zh-cn.php
[ info ] [ ROUTE ] array (
)
[ info ] [ HEADER ] array (
  'cookie' => 'PHPSESSID=6ge3q9cob417ort2dkkl8j63da',
  'accept-language' => 'zh-CN,zh;q=0.9',
  'accept-encoding' => 'gzip, deflate',
  'referer' => 'http://www.jiwankang.com/manage/common/login.html',
  'accept' => 'text/html,application/xhtml+xml,application/xml;q=0.9,image/avif,image/webp,image/apng,*/*;q=0.8,application/signed-exchange;v=b3;q=0.7',
  'user-agent' => 'Mozilla/5.0 (Windows NT 10.0; Win64; x64) AppleWebKit/537.36 (KHTML, like Gecko) Chrome/146.0.0.0 Safari/537.36',
  'upgrade-insecure-requests' => '1',
  'cache-control' => 'max-age=0',
  'connection' => 'keep-alive',
  'host' => 'www.jiwankang.com',
  'content-length' => '',
  'content-type' => '',
)
[ info ] [ PARAM ] array (
)
[ info ] [ DB ] INIT mysql
[ info ] [ VIEW ] E:\wwwroot\2026\04\jiwankang\application\manage\view\index\index.html [ array (
  0 => 'params',
  1 => 'jshopHost',
  2 => 'shop_name',
  3 => 'menu',
  4 => 'kefu',
) ]
[ sql ] [ DB ] CONNECT:[ UseTime:0.000777s ] mysql:host=127.0.0.1;port=3306;dbname=jiwankang;charset=utf8mb4
[ sql ] [ SQL ] SHOW COLUMNS FROM `wb_setting` [ RunTime:0.000772s ]
[ sql ] [ SQL ] SELECT * FROM `wb_setting` WHERE  `skey` = 'shop_name' LIMIT 1 [ RunTime:0.000373s ]
[ sql ] [ SQL ] SELECT * FROM `wb_setting` WHERE  `skey` = 'ent_id' LIMIT 1 [ RunTime:0.000297s ]
[ error ] [8]未定义数组索引: selected[E:\wwwroot\2026\04\jiwankang\runtime\temp\0ebc0da97c722c413af6448a150993b9.php:118]
[ error ] [8]未定义数组索引: selected[E:\wwwroot\2026\04\jiwankang\runtime\temp\0ebc0da97c722c413af6448a150993b9.php:118]
[ error ] [8]未定义数组索引: selected[E:\wwwroot\2026\04\jiwankang\runtime\temp\0ebc0da97c722c413af6448a150993b9.php:118]
[ error ] [8]未定义数组索引: selected[E:\wwwroot\2026\04\jiwankang\runtime\temp\0ebc0da97c722c413af6448a150993b9.php:118]
[ error ] [8]未定义数组索引: selected[E:\wwwroot\2026\04\jiwankang\runtime\temp\0ebc0da97c722c413af6448a150993b9.php:118]
[ error ] [8]未定义数组索引: selected[E:\wwwroot\2026\04\jiwankang\runtime\temp\0ebc0da97c722c413af6448a150993b9.php:118]
[ error ] [8]未定义数组索引: selected[E:\wwwroot\2026\04\jiwankang\runtime\temp\0ebc0da97c722c413af6448a150993b9.php:118]
[ error ] [8]未定义数组索引: selected[E:\wwwroot\2026\04\jiwankang\runtime\temp\0ebc0da97c722c413af6448a150993b9.php:118]
[ error ] [8]未定义数组索引: selected[E:\wwwroot\2026\04\jiwankang\runtime\temp\0ebc0da97c722c413af6448a150993b9.php:118]
[ error ] [8]未定义数组索引: selected[E:\wwwroot\2026\04\jiwankang\runtime\temp\0ebc0da97c722c413af6448a150993b9.php:118]
[ error ] [8]未定义数组索引: selected[E:\wwwroot\2026\04\jiwankang\runtime\temp\0ebc0da97c722c413af6448a150993b9.php:118]
[ error ] [8]未定义数组索引: selected[E:\wwwroot\2026\04\jiwankang\runtime\temp\0ebc0da97c722c413af6448a150993b9.php:118]
[ error ] [8]未定义数组索引: selected[E:\wwwroot\2026\04\jiwankang\runtime\temp\0ebc0da97c722c413af6448a150993b9.php:118]
[ error ] [8]未定义数组索引: selected[E:\wwwroot\2026\04\jiwankang\runtime\temp\0ebc0da97c722c413af6448a150993b9.php:118]
[ error ] [8]未定义数组索引: selected[E:\wwwroot\2026\04\jiwankang\runtime\temp\0ebc0da97c722c413af6448a150993b9.php:118]
[ error ] [8]未定义数组索引: selected[E:\wwwroot\2026\04\jiwankang\runtime\temp\0ebc0da97c722c413af6448a150993b9.php:118]
[ error ] [8]未定义数组索引: selected[E:\wwwroot\2026\04\jiwankang\runtime\temp\0ebc0da97c722c413af6448a150993b9.php:118]
[ error ] [8]未定义数组索引: selected[E:\wwwroot\2026\04\jiwankang\runtime\temp\0ebc0da97c722c413af6448a150993b9.php:118]
[ error ] [8]未定义数组索引: selected[E:\wwwroot\2026\04\jiwankang\runtime\temp\0ebc0da97c722c413af6448a150993b9.php:118]
[ error ] [8]未定义数组索引: selected[E:\wwwroot\2026\04\jiwankang\runtime\temp\0ebc0da97c722c413af6448a150993b9.php:118]
---------------------------------------------------------------
[2026-04-01T16:05:54+08:00] 127.0.0.1 GET www.jiwankang.com/manage/index/welcome.html
[运行时间：0.050046s] [吞吐率：19.98req/s] [内存消耗：5,780.18kb] [文件加载：118]
[ info ] [ LANG ] E:\wwwroot\2026\04\jiwankang\thinkphp\lang\zh-cn.php
[ info ] [ ROUTE ] array (
)
[ info ] [ HEADER ] array (
  'cookie' => 'PHPSESSID=6ge3q9cob417ort2dkkl8j63da',
  'accept-language' => 'zh-CN,zh;q=0.9',
  'accept-encoding' => 'gzip, deflate',
  'referer' => 'http://www.jiwankang.com/manage',
  'accept' => 'text/html,application/xhtml+xml,application/xml;q=0.9,image/avif,image/webp,image/apng,*/*;q=0.8,application/signed-exchange;v=b3;q=0.7',
  'user-agent' => 'Mozilla/5.0 (Windows NT 10.0; Win64; x64) AppleWebKit/537.36 (KHTML, like Gecko) Chrome/146.0.0.0 Safari/537.36',
  'upgrade-insecure-requests' => '1',
  'connection' => 'keep-alive',
  'host' => 'www.jiwankang.com',
  'content-length' => '',
  'content-type' => '',
)
[ info ] [ PARAM ] array (
)
[ info ] [ DB ] INIT mysql
[ info ] [ VIEW ] E:\wwwroot\2026\04\jiwankang\application\manage\view\index\welcome.html [ array (
  0 => 'params',
  1 => 'jshopHost',
  2 => 'shop_name',
  3 => 'unpaid_count',
  4 => 'unship_count',
  5 => 'after_sales_count',
  6 => 'goods_statics',
  7 => 'zijinchi',
  8 => 'todayTyOrder',
  9 => 'allTyOrder',
  10 => 'daibutie',
  11 => 'yibutie',
  12 => 'weekByOrder',
) ]
[ sql ] [ DB ] CONNECT:[ UseTime:0.000762s ] mysql:host=127.0.0.1;port=3306;dbname=jiwankang;charset=utf8mb4
[ sql ] [ SQL ] SHOW COLUMNS FROM `wb_setting` [ RunTime:0.000613s ]
[ sql ] [ SQL ] SELECT * FROM `wb_setting` WHERE  `skey` = 'shop_name' LIMIT 1 [ RunTime:0.000221s ]
[ sql ] [ SQL ] SHOW COLUMNS FROM `wb_order` [ RunTime:0.002246s ]
[ sql ] [ SQL ] SELECT COUNT(*) AS tp_count FROM `wb_order` WHERE (  `status` = 1  AND `pay_status` = 1  AND `ship_status` = 1 ) AND `wb_order`.`isdel` IS NULL LIMIT 1 [ RunTime:0.000623s ]
[ sql ] [ SQL ] SELECT COUNT(*) AS tp_count FROM `wb_order` WHERE (  `status` = 1  AND `pay_status` = 2  AND `ship_status` IN (1,2) ) AND `wb_order`.`isdel` IS NULL LIMIT 1 [ RunTime:0.000346s ]
[ sql ] [ SQL ] SHOW COLUMNS FROM `wb_bill_aftersales` [ RunTime:0.000522s ]
[ sql ] [ SQL ] SELECT COUNT(*) AS tp_count FROM `wb_bill_aftersales` WHERE  `status` = 1 LIMIT 1 [ RunTime:0.000132s ]
[ sql ] [ SQL ] SELECT * FROM `wb_setting` WHERE  `skey` = 'shop_name' LIMIT 1 [ RunTime:0.000107s ]
[ sql ] [ SQL ] SHOW COLUMNS FROM `wb_goods` [ RunTime:0.000622s ]
[ sql ] [ SQL ] SELECT COUNT(`id`) AS tp_count FROM `wb_goods` LIMIT 1 [ RunTime:0.000154s ]
[ sql ] [ SQL ] SELECT COUNT(`id`) AS tp_count FROM `wb_goods` WHERE  `marketable` = 1 LIMIT 1 [ RunTime:0.000128s ]
[ sql ] [ SQL ] SELECT COUNT(`id`) AS tp_count FROM `wb_goods` WHERE  `marketable` = 2 LIMIT 1 [ RunTime:0.000076s ]
[ sql ] [ SQL ] SELECT * FROM `wb_setting` WHERE  `skey` = 'goods_stocks_warn' LIMIT 1 [ RunTime:0.000109s ]
[ sql ] [ SQL ] SHOW COLUMNS FROM `wb_products` [ RunTime:0.000327s ]
[ sql ] [ SQL ] SELECT COUNT(*) AS tp_count FROM ( SELECT count(id) AS think_count FROM `wb_products` WHERE  ( IF(stock < freeze_stock, 0, stock - freeze_stock)<10 ) GROUP BY `goods_id` ) `_group_count_` LIMIT 1 [ RunTime:0.000188s ]
[ sql ] [ SQL ] SHOW COLUMNS FROM `wb_money` [ RunTime:0.000442s ]
[ sql ] [ SQL ] SELECT `money` FROM `wb_money` WHERE  `type` = 1 LIMIT 1 [ RunTime:0.000118s ]
[ sql ] [ SQL ] SELECT SUM(`payed`) AS tp_sum FROM `wb_order` WHERE (  `status` < 3  AND `pay_status` = 2  AND `ctime` BETWEEN 1774972800 AND 1775059200 ) AND `wb_order`.`isdel` IS NULL LIMIT 1 [ RunTime:0.000126s ]
[ sql ] [ SQL ] SELECT SUM(`payed`) AS tp_sum FROM `wb_order` WHERE (  `status` < 3  AND `pay_status` = 2 ) AND `wb_order`.`isdel` IS NULL LIMIT 1 [ RunTime:0.000125s ]
[ sql ] [ SQL ] SELECT SUM(`payed`) AS tp_sum FROM `wb_order` WHERE (  `status` < 3  AND `pay_status` = 2  AND `ctime` BETWEEN 1774800000 AND 1775404800 ) AND `wb_order`.`isdel` IS NULL LIMIT 1 [ RunTime:0.000223s ]
[ sql ] [ SQL ] SHOW COLUMNS FROM `wb_user` [ RunTime:0.000381s ]
[ sql ] [ SQL ] SELECT SUM(`butie`) AS tp_sum FROM `wb_user` WHERE `wb_user`.`isdel` IS NULL LIMIT 1 [ RunTime:0.000244s ]
[ sql ] [ SQL ] SELECT SUM(`ybuite`) AS tp_sum FROM `wb_user` WHERE `wb_user`.`isdel` IS NULL LIMIT 1 [ RunTime:0.000149s ]
---------------------------------------------------------------
[2026-04-01T16:05:55+08:00] 127.0.0.1 GET www.jiwankang.com/manage/operation_log/getlastlog.html
[运行时间：0.055377s] [吞吐率：18.06req/s] [内存消耗：4,526.19kb] [文件加载：110]
[ info ] [ LANG ] E:\wwwroot\2026\04\jiwankang\thinkphp\lang\zh-cn.php
[ info ] [ ROUTE ] array (
)
[ info ] [ HEADER ] array (
  'cookie' => 'PHPSESSID=6ge3q9cob417ort2dkkl8j63da',
  'accept-language' => 'zh-CN,zh;q=0.9',
  'accept-encoding' => 'gzip, deflate',
  'referer' => 'http://www.jiwankang.com/manage/index/welcome.html',
  'x-requested-with' => 'XMLHttpRequest',
  'accept' => 'application/json, text/javascript, */*; q=0.01',
  'user-agent' => 'Mozilla/5.0 (Windows NT 10.0; Win64; x64) AppleWebKit/537.36 (KHTML, like Gecko) Chrome/146.0.0.0 Safari/537.36',
  'connection' => 'keep-alive',
  'host' => 'www.jiwankang.com',
  'content-length' => '',
  'content-type' => '',
)
[ info ] [ PARAM ] array (
)
[ info ] [ DB ] INIT mysql
[ sql ] [ DB ] CONNECT:[ UseTime:0.020098s ] mysql:host=127.0.0.1;port=3306;dbname=jiwankang;charset=utf8mb4
[ sql ] [ SQL ] SHOW COLUMNS FROM `wb_setting` [ RunTime:0.000814s ]
[ sql ] [ SQL ] SELECT * FROM `wb_setting` WHERE  `skey` = 'shop_name' LIMIT 1 [ RunTime:0.000268s ]
[ sql ] [ SQL ] SHOW COLUMNS FROM `wb_operation_log` [ RunTime:0.000351s ]
[ sql ] [ SQL ] SELECT COUNT(*) AS tp_count FROM `wb_operation_log` LIMIT 1 [ RunTime:0.000183s ]
[ sql ] [ SQL ] SELECT * FROM `wb_operation_log` ORDER BY `id` DESC LIMIT 0,10 [ RunTime:0.000182s ]
[ sql ] [ SQL ] SHOW COLUMNS FROM `wb_manage` [ RunTime:0.000412s ]
[ sql ] [ SQL ] SELECT * FROM `wb_manage` WHERE  `id` = 13 LIMIT 1 [ RunTime:0.000166s ]
[ sql ] [ SQL ] SELECT * FROM `wb_manage` WHERE  `id` = 13 LIMIT 1 [ RunTime:0.000166s ]
[ sql ] [ SQL ] SELECT * FROM `wb_manage` WHERE  `id` = 13 LIMIT 1 [ RunTime:0.000104s ]
[ sql ] [ SQL ] SELECT * FROM `wb_manage` WHERE  `id` = 13 LIMIT 1 [ RunTime:0.000076s ]
[ sql ] [ SQL ] SELECT * FROM `wb_manage` WHERE  `id` = 13 LIMIT 1 [ RunTime:0.000074s ]
[ sql ] [ SQL ] SELECT * FROM `wb_manage` WHERE  `id` = 13 LIMIT 1 [ RunTime:0.000070s ]
[ sql ] [ SQL ] SELECT * FROM `wb_manage` WHERE  `id` = 13 LIMIT 1 [ RunTime:0.000070s ]
[ sql ] [ SQL ] SELECT * FROM `wb_manage` WHERE  `id` = 13 LIMIT 1 [ RunTime:0.000142s ]
[ sql ] [ SQL ] SELECT * FROM `wb_manage` WHERE  `id` = 13 LIMIT 1 [ RunTime:0.000144s ]
[ sql ] [ SQL ] SELECT * FROM `wb_manage` WHERE  `id` = 13 LIMIT 1 [ RunTime:0.000089s ]
---------------------------------------------------------------
[2026-04-01T16:05:55+08:00] 127.0.0.1 GET www.jiwankang.com/manage/order/statistics.html
[运行时间：0.065854s] [吞吐率：15.19req/s] [内存消耗：4,694.34kb] [文件加载：110]
[ info ] [ LANG ] E:\wwwroot\2026\04\jiwankang\thinkphp\lang\zh-cn.php
[ info ] [ ROUTE ] array (
)
[ info ] [ HEADER ] array (
  'cookie' => 'PHPSESSID=6ge3q9cob417ort2dkkl8j63da',
  'accept-language' => 'zh-CN,zh;q=0.9',
  'accept-encoding' => 'gzip, deflate',
  'referer' => 'http://www.jiwankang.com/manage/index/welcome.html',
  'x-requested-with' => 'XMLHttpRequest',
  'accept' => '*/*',
  'user-agent' => 'Mozilla/5.0 (Windows NT 10.0; Win64; x64) AppleWebKit/537.36 (KHTML, like Gecko) Chrome/146.0.0.0 Safari/537.36',
  'connection' => 'keep-alive',
  'host' => 'www.jiwankang.com',
  'content-length' => '',
  'content-type' => '',
)
[ info ] [ PARAM ] array (
)
[ info ] [ DB ] INIT mysql
[ sql ] [ DB ] CONNECT:[ UseTime:0.000748s ] mysql:host=127.0.0.1;port=3306;dbname=jiwankang;charset=utf8mb4
[ sql ] [ SQL ] SHOW COLUMNS FROM `wb_setting` [ RunTime:0.000463s ]
[ sql ] [ SQL ] SELECT * FROM `wb_setting` WHERE  `skey` = 'shop_name' LIMIT 1 [ RunTime:0.000167s ]
[ sql ] [ SQL ] SHOW COLUMNS FROM `wb_bill_payments` [ RunTime:0.000480s ]
[ sql ] [ SQL ] SELECT count(1) AS `nums`,DATE_FORMAT(FROM_UNIXTIME(ctime),"%Y-%m-%d") AS `day` FROM `wb_bill_payments` WHERE  `status` = 2  AND `type` = 1  AND ( FROM_UNIXTIME(ctime) >= 2026-03-25 ) GROUP BY DATE_FORMAT(FROM_UNIXTIME(ctime),"%Y-%m-%d") [ RunTime:0.000288s ]
[ sql ] [ SQL ] SHOW COLUMNS FROM `wb_bill_delivery` [ RunTime:0.000630s ]
[ sql ] [ SQL ] SELECT count(1) AS `nums`,DATE_FORMAT(FROM_UNIXTIME(ctime),"%Y-%m-%d") AS `day` FROM `wb_bill_delivery` WHERE  ( FROM_UNIXTIME(ctime) >= 2026-03-25 ) GROUP BY DATE_FORMAT(FROM_UNIXTIME(ctime),"%Y-%m-%d") [ RunTime:0.000216s ]
---------------------------------------------------------------
[2026-04-01T16:05:55+08:00] 127.0.0.1 GET www.jiwankang.com/manage/administrator/userloglist/state/1.html
[运行时间：0.090746s] [吞吐率：11.02req/s] [内存消耗：4,570.69kb] [文件加载：110]
[ info ] [ LANG ] E:\wwwroot\2026\04\jiwankang\thinkphp\lang\zh-cn.php
[ info ] [ ROUTE ] array (
)
[ info ] [ HEADER ] array (
  'cookie' => 'PHPSESSID=6ge3q9cob417ort2dkkl8j63da',
  'accept-language' => 'zh-CN,zh;q=0.9',
  'accept-encoding' => 'gzip, deflate',
  'referer' => 'http://www.jiwankang.com/manage/index/welcome.html',
  'x-requested-with' => 'XMLHttpRequest',
  'accept' => '*/*',
  'user-agent' => 'Mozilla/5.0 (Windows NT 10.0; Win64; x64) AppleWebKit/537.36 (KHTML, like Gecko) Chrome/146.0.0.0 Safari/537.36',
  'connection' => 'keep-alive',
  'host' => 'www.jiwankang.com',
  'content-length' => '',
  'content-type' => '',
)
[ info ] [ PARAM ] array (
  'state' => '1',
)
[ info ] [ DB ] INIT mysql
[ sql ] [ DB ] CONNECT:[ UseTime:0.001673s ] mysql:host=127.0.0.1;port=3306;dbname=jiwankang;charset=utf8mb4
[ sql ] [ SQL ] SHOW COLUMNS FROM `wb_setting` [ RunTime:0.000878s ]
[ sql ] [ SQL ] SELECT * FROM `wb_setting` WHERE  `skey` = 'shop_name' LIMIT 1 [ RunTime:0.000373s ]
[ sql ] [ SQL ] SHOW COLUMNS FROM `wb_user_log` [ RunTime:0.000637s ]
[ sql ] [ SQL ] SELECT COUNT(*) AS tp_count FROM `wb_user_log` WHERE  `state` = 1  AND `type` = 2 LIMIT 1 [ RunTime:0.000174s ]
[ sql ] [ SQL ] SELECT * FROM `wb_user_log` WHERE  `state` = 1  AND `type` = 2 ORDER BY `ctime` DESC LIMIT 0,10 [ RunTime:0.000264s ]
[ sql ] [ SQL ] SHOW COLUMNS FROM `wb_manage` [ RunTime:0.000402s ]
[ sql ] [ SQL ] SELECT `id`,`username`,`nickname`,`mobile` FROM `wb_manage` WHERE  `id` = 13 LIMIT 1 [ RunTime:0.000168s ]
[ sql ] [ SQL ] SELECT `id`,`username`,`nickname`,`mobile` FROM `wb_manage` WHERE  `id` = 13 LIMIT 1 [ RunTime:0.000163s ]
[ sql ] [ SQL ] SELECT `id`,`username`,`nickname`,`mobile` FROM `wb_manage` WHERE  `id` = 13 LIMIT 1 [ RunTime:0.000252s ]
[ sql ] [ SQL ] SELECT `id`,`username`,`nickname`,`mobile` FROM `wb_manage` WHERE  `id` = 13 LIMIT 1 [ RunTime:0.000245s ]
---------------------------------------------------------------
[2026-04-01T16:05:55+08:00] 127.0.0.1 GET www.jiwankang.com/manage/user/statistics.html
[运行时间：0.111284s] [吞吐率：8.99req/s] [内存消耗：5,024.01kb] [文件加载：111]
[ info ] [ LANG ] E:\wwwroot\2026\04\jiwankang\thinkphp\lang\zh-cn.php
[ info ] [ ROUTE ] array (
)
[ info ] [ HEADER ] array (
  'cookie' => 'PHPSESSID=6ge3q9cob417ort2dkkl8j63da',
  'accept-language' => 'zh-CN,zh;q=0.9',
  'accept-encoding' => 'gzip, deflate',
  'referer' => 'http://www.jiwankang.com/manage/index/welcome.html',
  'x-requested-with' => 'XMLHttpRequest',
  'accept' => '*/*',
  'user-agent' => 'Mozilla/5.0 (Windows NT 10.0; Win64; x64) AppleWebKit/537.36 (KHTML, like Gecko) Chrome/146.0.0.0 Safari/537.36',
  'connection' => 'keep-alive',
  'host' => 'www.jiwankang.com',
  'content-length' => '',
  'content-type' => '',
)
[ info ] [ PARAM ] array (
)
[ info ] [ DB ] INIT mysql
[ sql ] [ DB ] CONNECT:[ UseTime:0.001143s ] mysql:host=127.0.0.1;port=3306;dbname=jiwankang;charset=utf8mb4
[ sql ] [ SQL ] SHOW COLUMNS FROM `wb_setting` [ RunTime:0.000732s ]
[ sql ] [ SQL ] SELECT * FROM `wb_setting` WHERE  `skey` = 'shop_name' LIMIT 1 [ RunTime:0.000354s ]
[ sql ] [ SQL ] SHOW COLUMNS FROM `wb_user` [ RunTime:0.000863s ]
[ sql ] [ SQL ] SELECT DATE_FORMAT(from_unixtime(ctime),"%Y-%m-%d") as day, count(*) as nums FROM `wb_user` WHERE (  `ctime` > 1774425955  AND ( TIMESTAMPDIFF(DAY,from_unixtime(ctime),now()) <7 ) ) AND `wb_user`.`isdel` IS NULL GROUP BY DATE_FORMAT(from_unixtime(ctime),"%Y-%m-%d") [ RunTime:0.000361s ]
[ sql ] [ SQL ] SHOW COLUMNS FROM `wb_order` [ RunTime:0.002355s ]
[ sql ] [ SQL ] SELECT COUNT(*) AS tp_count FROM ( SELECT count(*) AS think_count FROM `wb_order` WHERE (  `ctime` < 1775030755  AND `ctime` >= 1774972800 ) AND `wb_order`.`isdel` IS NULL GROUP BY `user_id` ) `_group_count_` LIMIT 1 [ RunTime:0.000677s ]
[ sql ] [ SQL ] SELECT COUNT(*) AS tp_count FROM ( SELECT count(*) AS think_count FROM `wb_order` WHERE (  `ctime` < 1774972799  AND `ctime` >= 1774886400 ) AND `wb_order`.`isdel` IS NULL GROUP BY `user_id` ) `_group_count_` LIMIT 1 [ RunTime:0.000215s ]
[ sql ] [ SQL ] SELECT COUNT(*) AS tp_count FROM ( SELECT count(*) AS think_count FROM `wb_order` WHERE (  `ctime` < 1774886399  AND `ctime` >= 1774800000 ) AND `wb_order`.`isdel` IS NULL GROUP BY `user_id` ) `_group_count_` LIMIT 1 [ RunTime:0.000143s ]
[ sql ] [ SQL ] SELECT COUNT(*) AS tp_count FROM ( SELECT count(*) AS think_count FROM `wb_order` WHERE (  `ctime` < 1774799999  AND `ctime` >= 1774713600 ) AND `wb_order`.`isdel` IS NULL GROUP BY `user_id` ) `_group_count_` LIMIT 1 [ RunTime:0.000103s ]
[ sql ] [ SQL ] SELECT COUNT(*) AS tp_count FROM ( SELECT count(*) AS think_count FROM `wb_order` WHERE (  `ctime` < 1774713599  AND `ctime` >= 1774627200 ) AND `wb_order`.`isdel` IS NULL GROUP BY `user_id` ) `_group_count_` LIMIT 1 [ RunTime:0.000094s ]
[ sql ] [ SQL ] SELECT COUNT(*) AS tp_count FROM ( SELECT count(*) AS think_count FROM `wb_order` WHERE (  `ctime` < 1774627199  AND `ctime` >= 1774540800 ) AND `wb_order`.`isdel` IS NULL GROUP BY `user_id` ) `_group_count_` LIMIT 1 [ RunTime:0.000182s ]
[ sql ] [ SQL ] SELECT COUNT(*) AS tp_count FROM ( SELECT count(*) AS think_count FROM `wb_order` WHERE (  `ctime` < 1774540799  AND `ctime` >= 1774454400 ) AND `wb_order`.`isdel` IS NULL GROUP BY `user_id` ) `_group_count_` LIMIT 1 [ RunTime:0.000101s ]
---------------------------------------------------------------
[2026-04-01T16:11:53+08:00] 127.0.0.1 GET www.jiwankang.com/manage
[运行时间：0.039963s] [吞吐率：25.02req/s] [内存消耗：4,609.17kb] [文件加载：110]
[ info ] [ LANG ] E:\wwwroot\2026\04\jiwankang\thinkphp\lang\zh-cn.php
[ info ] [ ROUTE ] array (
)
[ info ] [ HEADER ] array (
  'cookie' => 'PHPSESSID=6ge3q9cob417ort2dkkl8j63da',
  'accept-language' => 'zh-CN,zh;q=0.9',
  'accept-encoding' => 'gzip, deflate',
  'referer' => 'http://www.jiwankang.com/manage/common/login.html',
  'accept' => 'text/html,application/xhtml+xml,application/xml;q=0.9,image/avif,image/webp,image/apng,*/*;q=0.8,application/signed-exchange;v=b3;q=0.7',
  'user-agent' => 'Mozilla/5.0 (Windows NT 10.0; Win64; x64) AppleWebKit/537.36 (KHTML, like Gecko) Chrome/146.0.0.0 Safari/537.36',
  'upgrade-insecure-requests' => '1',
  'cache-control' => 'max-age=0',
  'connection' => 'keep-alive',
  'host' => 'www.jiwankang.com',
  'content-length' => '',
  'content-type' => '',
)
[ info ] [ PARAM ] array (
)
[ info ] [ DB ] INIT mysql
[ info ] [ VIEW ] E:\wwwroot\2026\04\jiwankang\application\manage\view\index\index.html [ array (
  0 => 'params',
  1 => 'jshopHost',
  2 => 'shop_name',
  3 => 'menu',
  4 => 'kefu',
) ]
[ sql ] [ DB ] CONNECT:[ UseTime:0.001196s ] mysql:host=127.0.0.1;port=3306;dbname=jiwankang;charset=utf8mb4
[ sql ] [ SQL ] SHOW COLUMNS FROM `wb_setting` [ RunTime:0.001355s ]
[ sql ] [ SQL ] SELECT * FROM `wb_setting` WHERE  `skey` = 'shop_name' LIMIT 1 [ RunTime:0.000638s ]
[ sql ] [ SQL ] SELECT * FROM `wb_setting` WHERE  `skey` = 'ent_id' LIMIT 1 [ RunTime:0.000773s ]
[ error ] [8]未定义数组索引: selected[E:\wwwroot\2026\04\jiwankang\runtime\temp\0ebc0da97c722c413af6448a150993b9.php:118]
[ error ] [8]未定义数组索引: selected[E:\wwwroot\2026\04\jiwankang\runtime\temp\0ebc0da97c722c413af6448a150993b9.php:118]
[ error ] [8]未定义数组索引: selected[E:\wwwroot\2026\04\jiwankang\runtime\temp\0ebc0da97c722c413af6448a150993b9.php:118]
[ error ] [8]未定义数组索引: selected[E:\wwwroot\2026\04\jiwankang\runtime\temp\0ebc0da97c722c413af6448a150993b9.php:118]
[ error ] [8]未定义数组索引: selected[E:\wwwroot\2026\04\jiwankang\runtime\temp\0ebc0da97c722c413af6448a150993b9.php:118]
[ error ] [8]未定义数组索引: selected[E:\wwwroot\2026\04\jiwankang\runtime\temp\0ebc0da97c722c413af6448a150993b9.php:118]
[ error ] [8]未定义数组索引: selected[E:\wwwroot\2026\04\jiwankang\runtime\temp\0ebc0da97c722c413af6448a150993b9.php:118]
[ error ] [8]未定义数组索引: selected[E:\wwwroot\2026\04\jiwankang\runtime\temp\0ebc0da97c722c413af6448a150993b9.php:118]
[ error ] [8]未定义数组索引: selected[E:\wwwroot\2026\04\jiwankang\runtime\temp\0ebc0da97c722c413af6448a150993b9.php:118]
[ error ] [8]未定义数组索引: selected[E:\wwwroot\2026\04\jiwankang\runtime\temp\0ebc0da97c722c413af6448a150993b9.php:118]
[ error ] [8]未定义数组索引: selected[E:\wwwroot\2026\04\jiwankang\runtime\temp\0ebc0da97c722c413af6448a150993b9.php:118]
[ error ] [8]未定义数组索引: selected[E:\wwwroot\2026\04\jiwankang\runtime\temp\0ebc0da97c722c413af6448a150993b9.php:118]
[ error ] [8]未定义数组索引: selected[E:\wwwroot\2026\04\jiwankang\runtime\temp\0ebc0da97c722c413af6448a150993b9.php:118]
[ error ] [8]未定义数组索引: selected[E:\wwwroot\2026\04\jiwankang\runtime\temp\0ebc0da97c722c413af6448a150993b9.php:118]
[ error ] [8]未定义数组索引: selected[E:\wwwroot\2026\04\jiwankang\runtime\temp\0ebc0da97c722c413af6448a150993b9.php:118]
[ error ] [8]未定义数组索引: selected[E:\wwwroot\2026\04\jiwankang\runtime\temp\0ebc0da97c722c413af6448a150993b9.php:118]
[ error ] [8]未定义数组索引: selected[E:\wwwroot\2026\04\jiwankang\runtime\temp\0ebc0da97c722c413af6448a150993b9.php:118]
[ error ] [8]未定义数组索引: selected[E:\wwwroot\2026\04\jiwankang\runtime\temp\0ebc0da97c722c413af6448a150993b9.php:118]
[ error ] [8]未定义数组索引: selected[E:\wwwroot\2026\04\jiwankang\runtime\temp\0ebc0da97c722c413af6448a150993b9.php:118]
[ error ] [8]未定义数组索引: selected[E:\wwwroot\2026\04\jiwankang\runtime\temp\0ebc0da97c722c413af6448a150993b9.php:118]
---------------------------------------------------------------
[2026-04-01T16:11:53+08:00] 127.0.0.1 GET www.jiwankang.com/manage/index/welcome.html
[运行时间：0.051158s] [吞吐率：19.55req/s] [内存消耗：5,497.58kb] [文件加载：115]
[ info ] [ LANG ] E:\wwwroot\2026\04\jiwankang\thinkphp\lang\zh-cn.php
[ info ] [ ROUTE ] array (
)
[ info ] [ HEADER ] array (
  'cookie' => 'PHPSESSID=6ge3q9cob417ort2dkkl8j63da',
  'accept-language' => 'zh-CN,zh;q=0.9',
  'accept-encoding' => 'gzip, deflate',
  'referer' => 'http://www.jiwankang.com/manage',
  'accept' => 'text/html,application/xhtml+xml,application/xml;q=0.9,image/avif,image/webp,image/apng,*/*;q=0.8,application/signed-exchange;v=b3;q=0.7',
  'user-agent' => 'Mozilla/5.0 (Windows NT 10.0; Win64; x64) AppleWebKit/537.36 (KHTML, like Gecko) Chrome/146.0.0.0 Safari/537.36',
  'upgrade-insecure-requests' => '1',
  'connection' => 'keep-alive',
  'host' => 'www.jiwankang.com',
  'content-length' => '',
  'content-type' => '',
)
[ info ] [ PARAM ] array (
)
[ info ] [ DB ] INIT mysql
[ info ] [ VIEW ] E:\wwwroot\2026\04\jiwankang\application\manage\view\index\welcome.html [ array (
  0 => 'params',
  1 => 'jshopHost',
  2 => 'shop_name',
  3 => 'unpaid_count',
  4 => 'unship_count',
  5 => 'after_sales_count',
  6 => 'goods_statics',
  7 => 'zijinchi',
  8 => 'todayTyOrder',
  9 => 'allTyOrder',
  10 => 'daibutie',
  11 => 'yibutie',
  12 => 'weekByOrder',
) ]
[ sql ] [ DB ] CONNECT:[ UseTime:0.000706s ] mysql:host=127.0.0.1;port=3306;dbname=jiwankang;charset=utf8mb4
[ sql ] [ SQL ] SHOW COLUMNS FROM `wb_setting` [ RunTime:0.000458s ]
[ sql ] [ SQL ] SELECT * FROM `wb_setting` WHERE  `skey` = 'shop_name' LIMIT 1 [ RunTime:0.000143s ]
[ sql ] [ SQL ] SHOW COLUMNS FROM `wb_order` [ RunTime:0.000857s ]
[ sql ] [ SQL ] SELECT COUNT(*) AS tp_count FROM `wb_order` WHERE (  `status` = 1  AND `pay_status` = 1  AND `ship_status` = 1 ) AND `wb_order`.`isdel` IS NULL LIMIT 1 [ RunTime:0.000274s ]
[ sql ] [ SQL ] SELECT COUNT(*) AS tp_count FROM `wb_order` WHERE (  `status` = 1  AND `pay_status` = 2  AND `ship_status` IN (1,2) ) AND `wb_order`.`isdel` IS NULL LIMIT 1 [ RunTime:0.000122s ]
[ sql ] [ SQL ] SHOW COLUMNS FROM `wb_bill_aftersales` [ RunTime:0.000355s ]
[ sql ] [ SQL ] SELECT COUNT(*) AS tp_count FROM `wb_bill_aftersales` WHERE  `status` = 1 LIMIT 1 [ RunTime:0.000114s ]
[ sql ] [ SQL ] SELECT * FROM `wb_setting` WHERE  `skey` = 'shop_name' LIMIT 1 [ RunTime:0.000097s ]
[ sql ] [ SQL ] SHOW COLUMNS FROM `wb_goods` [ RunTime:0.001326s ]
[ sql ] [ SQL ] SELECT COUNT(`id`) AS tp_count FROM `wb_goods` LIMIT 1 [ RunTime:0.000147s ]
[ sql ] [ SQL ] SELECT COUNT(`id`) AS tp_count FROM `wb_goods` WHERE  `marketable` = 1 LIMIT 1 [ RunTime:0.000100s ]
[ sql ] [ SQL ] SELECT COUNT(`id`) AS tp_count FROM `wb_goods` WHERE  `marketable` = 2 LIMIT 1 [ RunTime:0.000077s ]
[ sql ] [ SQL ] SELECT * FROM `wb_setting` WHERE  `skey` = 'goods_stocks_warn' LIMIT 1 [ RunTime:0.000095s ]
[ sql ] [ SQL ] SHOW COLUMNS FROM `wb_products` [ RunTime:0.000849s ]
[ sql ] [ SQL ] SELECT COUNT(*) AS tp_count FROM ( SELECT count(id) AS think_count FROM `wb_products` WHERE  ( IF(stock < freeze_stock, 0, stock - freeze_stock)<10 ) GROUP BY `goods_id` ) `_group_count_` LIMIT 1 [ RunTime:0.000184s ]
[ sql ] [ SQL ] SHOW COLUMNS FROM `wb_money` [ RunTime:0.000438s ]
[ sql ] [ SQL ] SELECT `money` FROM `wb_money` WHERE  `type` = 1 LIMIT 1 [ RunTime:0.000118s ]
[ sql ] [ SQL ] SELECT SUM(`a`.`payed`) AS tp_sum FROM `wb_order` `a` INNER JOIN `wb_order_items` `b` ON `a`.`order_id`=`b`.`order_id` WHERE  `a`.`pay_status` = '2'  AND `a`.`status` < '3'  AND `b`.`cate_id` = '1'  AND `a`.`ctime` BETWEEN '1774972800' AND '1775059200' LIMIT 1 [ RunTime:0.001289s ]
[ sql ] [ SQL ] SELECT SUM(`a`.`payed`) AS tp_sum FROM `wb_order` `a` INNER JOIN `wb_order_items` `b` ON `a`.`order_id`=`b`.`order_id` WHERE  `a`.`pay_status` = '2'  AND `a`.`status` < '3'  AND `b`.`cate_id` = '1' LIMIT 1 [ RunTime:0.000128s ]
[ sql ] [ SQL ] SELECT SUM(`payed`) AS tp_sum FROM `wb_order` WHERE (  `status` < 3  AND `pay_status` = 2  AND `ctime` BETWEEN 1774800000 AND 1775404800 ) AND `wb_order`.`isdel` IS NULL LIMIT 1 [ RunTime:0.000102s ]
[ sql ] [ SQL ] SHOW COLUMNS FROM `wb_user` [ RunTime:0.000833s ]
[ sql ] [ SQL ] SELECT SUM(`butie`) AS tp_sum FROM `wb_user` WHERE `wb_user`.`isdel` IS NULL LIMIT 1 [ RunTime:0.000109s ]
[ sql ] [ SQL ] SELECT SUM(`ybuite`) AS tp_sum FROM `wb_user` WHERE `wb_user`.`isdel` IS NULL LIMIT 1 [ RunTime:0.000075s ]
---------------------------------------------------------------
[2026-04-01T16:11:53+08:00] 127.0.0.1 GET www.jiwankang.com/manage/administrator/userloglist/state/1.html
[运行时间：0.040757s] [吞吐率：24.54req/s] [内存消耗：4,570.69kb] [文件加载：110]
[ info ] [ LANG ] E:\wwwroot\2026\04\jiwankang\thinkphp\lang\zh-cn.php
[ info ] [ ROUTE ] array (
)
[ info ] [ HEADER ] array (
  'cookie' => 'PHPSESSID=6ge3q9cob417ort2dkkl8j63da',
  'accept-language' => 'zh-CN,zh;q=0.9',
  'accept-encoding' => 'gzip, deflate',
  'referer' => 'http://www.jiwankang.com/manage/index/welcome.html',
  'x-requested-with' => 'XMLHttpRequest',
  'accept' => '*/*',
  'user-agent' => 'Mozilla/5.0 (Windows NT 10.0; Win64; x64) AppleWebKit/537.36 (KHTML, like Gecko) Chrome/146.0.0.0 Safari/537.36',
  'connection' => 'keep-alive',
  'host' => 'www.jiwankang.com',
  'content-length' => '',
  'content-type' => '',
)
[ info ] [ PARAM ] array (
  'state' => '1',
)
[ info ] [ DB ] INIT mysql
[ sql ] [ DB ] CONNECT:[ UseTime:0.000764s ] mysql:host=127.0.0.1;port=3306;dbname=jiwankang;charset=utf8mb4
[ sql ] [ SQL ] SHOW COLUMNS FROM `wb_setting` [ RunTime:0.000588s ]
[ sql ] [ SQL ] SELECT * FROM `wb_setting` WHERE  `skey` = 'shop_name' LIMIT 1 [ RunTime:0.000193s ]
[ sql ] [ SQL ] SHOW COLUMNS FROM `wb_user_log` [ RunTime:0.000972s ]
[ sql ] [ SQL ] SELECT COUNT(*) AS tp_count FROM `wb_user_log` WHERE  `state` = 1  AND `type` = 2 LIMIT 1 [ RunTime:0.000327s ]
[ sql ] [ SQL ] SELECT * FROM `wb_user_log` WHERE  `state` = 1  AND `type` = 2 ORDER BY `ctime` DESC LIMIT 0,10 [ RunTime:0.000428s ]
[ sql ] [ SQL ] SHOW COLUMNS FROM `wb_manage` [ RunTime:0.000749s ]
[ sql ] [ SQL ] SELECT `id`,`username`,`nickname`,`mobile` FROM `wb_manage` WHERE  `id` = 13 LIMIT 1 [ RunTime:0.000252s ]
[ sql ] [ SQL ] SELECT `id`,`username`,`nickname`,`mobile` FROM `wb_manage` WHERE  `id` = 13 LIMIT 1 [ RunTime:0.000105s ]
[ sql ] [ SQL ] SELECT `id`,`username`,`nickname`,`mobile` FROM `wb_manage` WHERE  `id` = 13 LIMIT 1 [ RunTime:0.000077s ]
[ sql ] [ SQL ] SELECT `id`,`username`,`nickname`,`mobile` FROM `wb_manage` WHERE  `id` = 13 LIMIT 1 [ RunTime:0.000072s ]
---------------------------------------------------------------
[2026-04-01T16:11:53+08:00] 127.0.0.1 GET www.jiwankang.com/manage/operation_log/getlastlog.html
[运行时间：0.056345s] [吞吐率：17.75req/s] [内存消耗：4,526.19kb] [文件加载：110]
[ info ] [ LANG ] E:\wwwroot\2026\04\jiwankang\thinkphp\lang\zh-cn.php
[ info ] [ ROUTE ] array (
)
[ info ] [ HEADER ] array (
  'cookie' => 'PHPSESSID=6ge3q9cob417ort2dkkl8j63da',
  'accept-language' => 'zh-CN,zh;q=0.9',
  'accept-encoding' => 'gzip, deflate',
  'referer' => 'http://www.jiwankang.com/manage/index/welcome.html',
  'x-requested-with' => 'XMLHttpRequest',
  'accept' => 'application/json, text/javascript, */*; q=0.01',
  'user-agent' => 'Mozilla/5.0 (Windows NT 10.0; Win64; x64) AppleWebKit/537.36 (KHTML, like Gecko) Chrome/146.0.0.0 Safari/537.36',
  'connection' => 'keep-alive',
  'host' => 'www.jiwankang.com',
  'content-length' => '',
  'content-type' => '',
)
[ info ] [ PARAM ] array (
)
[ info ] [ DB ] INIT mysql
[ sql ] [ DB ] CONNECT:[ UseTime:0.002155s ] mysql:host=127.0.0.1;port=3306;dbname=jiwankang;charset=utf8mb4
[ sql ] [ SQL ] SHOW COLUMNS FROM `wb_setting` [ RunTime:0.000755s ]
[ sql ] [ SQL ] SELECT * FROM `wb_setting` WHERE  `skey` = 'shop_name' LIMIT 1 [ RunTime:0.000254s ]
[ sql ] [ SQL ] SHOW COLUMNS FROM `wb_operation_log` [ RunTime:0.000663s ]
[ sql ] [ SQL ] SELECT COUNT(*) AS tp_count FROM `wb_operation_log` LIMIT 1 [ RunTime:0.000167s ]
[ sql ] [ SQL ] SELECT * FROM `wb_operation_log` ORDER BY `id` DESC LIMIT 0,10 [ RunTime:0.000154s ]
[ sql ] [ SQL ] SHOW COLUMNS FROM `wb_manage` [ RunTime:0.000409s ]
[ sql ] [ SQL ] SELECT * FROM `wb_manage` WHERE  `id` = 13 LIMIT 1 [ RunTime:0.000144s ]
[ sql ] [ SQL ] SELECT * FROM `wb_manage` WHERE  `id` = 13 LIMIT 1 [ RunTime:0.000094s ]
[ sql ] [ SQL ] SELECT * FROM `wb_manage` WHERE  `id` = 13 LIMIT 1 [ RunTime:0.000079s ]
[ sql ] [ SQL ] SELECT * FROM `wb_manage` WHERE  `id` = 13 LIMIT 1 [ RunTime:0.000074s ]
[ sql ] [ SQL ] SELECT * FROM `wb_manage` WHERE  `id` = 13 LIMIT 1 [ RunTime:0.000072s ]
[ sql ] [ SQL ] SELECT * FROM `wb_manage` WHERE  `id` = 13 LIMIT 1 [ RunTime:0.000074s ]
[ sql ] [ SQL ] SELECT * FROM `wb_manage` WHERE  `id` = 13 LIMIT 1 [ RunTime:0.000083s ]
[ sql ] [ SQL ] SELECT * FROM `wb_manage` WHERE  `id` = 13 LIMIT 1 [ RunTime:0.000075s ]
[ sql ] [ SQL ] SELECT * FROM `wb_manage` WHERE  `id` = 13 LIMIT 1 [ RunTime:0.000072s ]
[ sql ] [ SQL ] SELECT * FROM `wb_manage` WHERE  `id` = 13 LIMIT 1 [ RunTime:0.000071s ]
---------------------------------------------------------------
[2026-04-01T16:11:53+08:00] 127.0.0.1 GET www.jiwankang.com/manage/user/statistics.html
[运行时间：0.065245s] [吞吐率：15.33req/s] [内存消耗：5,024.01kb] [文件加载：111]
[ info ] [ LANG ] E:\wwwroot\2026\04\jiwankang\thinkphp\lang\zh-cn.php
[ info ] [ ROUTE ] array (
)
[ info ] [ HEADER ] array (
  'cookie' => 'PHPSESSID=6ge3q9cob417ort2dkkl8j63da',
  'accept-language' => 'zh-CN,zh;q=0.9',
  'accept-encoding' => 'gzip, deflate',
  'referer' => 'http://www.jiwankang.com/manage/index/welcome.html',
  'x-requested-with' => 'XMLHttpRequest',
  'accept' => '*/*',
  'user-agent' => 'Mozilla/5.0 (Windows NT 10.0; Win64; x64) AppleWebKit/537.36 (KHTML, like Gecko) Chrome/146.0.0.0 Safari/537.36',
  'connection' => 'keep-alive',
  'host' => 'www.jiwankang.com',
  'content-length' => '',
  'content-type' => '',
)
[ info ] [ PARAM ] array (
)
[ info ] [ DB ] INIT mysql
[ sql ] [ DB ] CONNECT:[ UseTime:0.000798s ] mysql:host=127.0.0.1;port=3306;dbname=jiwankang;charset=utf8mb4
[ sql ] [ SQL ] SHOW COLUMNS FROM `wb_setting` [ RunTime:0.000517s ]
[ sql ] [ SQL ] SELECT * FROM `wb_setting` WHERE  `skey` = 'shop_name' LIMIT 1 [ RunTime:0.000196s ]
[ sql ] [ SQL ] SHOW COLUMNS FROM `wb_user` [ RunTime:0.000442s ]
[ sql ] [ SQL ] SELECT DATE_FORMAT(from_unixtime(ctime),"%Y-%m-%d") as day, count(*) as nums FROM `wb_user` WHERE (  `ctime` > 1774426313  AND ( TIMESTAMPDIFF(DAY,from_unixtime(ctime),now()) <7 ) ) AND `wb_user`.`isdel` IS NULL GROUP BY DATE_FORMAT(from_unixtime(ctime),"%Y-%m-%d") [ RunTime:0.000389s ]
[ sql ] [ SQL ] SHOW COLUMNS FROM `wb_order` [ RunTime:0.000646s ]
[ sql ] [ SQL ] SELECT COUNT(*) AS tp_count FROM ( SELECT count(*) AS think_count FROM `wb_order` WHERE (  `ctime` < 1775031113  AND `ctime` >= 1774972800 ) AND `wb_order`.`isdel` IS NULL GROUP BY `user_id` ) `_group_count_` LIMIT 1 [ RunTime:0.000215s ]
[ sql ] [ SQL ] SELECT COUNT(*) AS tp_count FROM ( SELECT count(*) AS think_count FROM `wb_order` WHERE (  `ctime` < 1774972799  AND `ctime` >= 1774886400 ) AND `wb_order`.`isdel` IS NULL GROUP BY `user_id` ) `_group_count_` LIMIT 1 [ RunTime:0.000126s ]
[ sql ] [ SQL ] SELECT COUNT(*) AS tp_count FROM ( SELECT count(*) AS think_count FROM `wb_order` WHERE (  `ctime` < 1774886399  AND `ctime` >= 1774800000 ) AND `wb_order`.`isdel` IS NULL GROUP BY `user_id` ) `_group_count_` LIMIT 1 [ RunTime:0.000100s ]
[ sql ] [ SQL ] SELECT COUNT(*) AS tp_count FROM ( SELECT count(*) AS think_count FROM `wb_order` WHERE (  `ctime` < 1774799999  AND `ctime` >= 1774713600 ) AND `wb_order`.`isdel` IS NULL GROUP BY `user_id` ) `_group_count_` LIMIT 1 [ RunTime:0.000105s ]
[ sql ] [ SQL ] SELECT COUNT(*) AS tp_count FROM ( SELECT count(*) AS think_count FROM `wb_order` WHERE (  `ctime` < 1774713599  AND `ctime` >= 1774627200 ) AND `wb_order`.`isdel` IS NULL GROUP BY `user_id` ) `_group_count_` LIMIT 1 [ RunTime:0.000091s ]
[ sql ] [ SQL ] SELECT COUNT(*) AS tp_count FROM ( SELECT count(*) AS think_count FROM `wb_order` WHERE (  `ctime` < 1774627199  AND `ctime` >= 1774540800 ) AND `wb_order`.`isdel` IS NULL GROUP BY `user_id` ) `_group_count_` LIMIT 1 [ RunTime:0.000091s ]
[ sql ] [ SQL ] SELECT COUNT(*) AS tp_count FROM ( SELECT count(*) AS think_count FROM `wb_order` WHERE (  `ctime` < 1774540799  AND `ctime` >= 1774454400 ) AND `wb_order`.`isdel` IS NULL GROUP BY `user_id` ) `_group_count_` LIMIT 1 [ RunTime:0.000087s ]
---------------------------------------------------------------
[2026-04-01T16:11:53+08:00] 127.0.0.1 GET www.jiwankang.com/manage/order/statistics.html
[运行时间：0.079926s] [吞吐率：12.51req/s] [内存消耗：4,694.34kb] [文件加载：110]
[ info ] [ LANG ] E:\wwwroot\2026\04\jiwankang\thinkphp\lang\zh-cn.php
[ info ] [ ROUTE ] array (
)
[ info ] [ HEADER ] array (
  'cookie' => 'PHPSESSID=6ge3q9cob417ort2dkkl8j63da',
  'accept-language' => 'zh-CN,zh;q=0.9',
  'accept-encoding' => 'gzip, deflate',
  'referer' => 'http://www.jiwankang.com/manage/index/welcome.html',
  'x-requested-with' => 'XMLHttpRequest',
  'accept' => '*/*',
  'user-agent' => 'Mozilla/5.0 (Windows NT 10.0; Win64; x64) AppleWebKit/537.36 (KHTML, like Gecko) Chrome/146.0.0.0 Safari/537.36',
  'connection' => 'keep-alive',
  'host' => 'www.jiwankang.com',
  'content-length' => '',
  'content-type' => '',
)
[ info ] [ PARAM ] array (
)
[ info ] [ DB ] INIT mysql
[ sql ] [ DB ] CONNECT:[ UseTime:0.000838s ] mysql:host=127.0.0.1;port=3306;dbname=jiwankang;charset=utf8mb4
[ sql ] [ SQL ] SHOW COLUMNS FROM `wb_setting` [ RunTime:0.000529s ]
[ sql ] [ SQL ] SELECT * FROM `wb_setting` WHERE  `skey` = 'shop_name' LIMIT 1 [ RunTime:0.000155s ]
[ sql ] [ SQL ] SHOW COLUMNS FROM `wb_bill_payments` [ RunTime:0.000585s ]
[ sql ] [ SQL ] SELECT count(1) AS `nums`,DATE_FORMAT(FROM_UNIXTIME(ctime),"%Y-%m-%d") AS `day` FROM `wb_bill_payments` WHERE  `status` = 2  AND `type` = 1  AND ( FROM_UNIXTIME(ctime) >= 2026-03-25 ) GROUP BY DATE_FORMAT(FROM_UNIXTIME(ctime),"%Y-%m-%d") [ RunTime:0.000340s ]
[ sql ] [ SQL ] SHOW COLUMNS FROM `wb_bill_delivery` [ RunTime:0.000343s ]
[ sql ] [ SQL ] SELECT count(1) AS `nums`,DATE_FORMAT(FROM_UNIXTIME(ctime),"%Y-%m-%d") AS `day` FROM `wb_bill_delivery` WHERE  ( FROM_UNIXTIME(ctime) >= 2026-03-25 ) GROUP BY DATE_FORMAT(FROM_UNIXTIME(ctime),"%Y-%m-%d") [ RunTime:0.000157s ]
---------------------------------------------------------------
[2026-04-01T16:14:37+08:00] 127.0.0.1 GET www.jiwankang.com/manage
[运行时间：0.037794s] [吞吐率：26.46req/s] [内存消耗：4,609.28kb] [文件加载：110]
[ info ] [ LANG ] E:\wwwroot\2026\04\jiwankang\thinkphp\lang\zh-cn.php
[ info ] [ ROUTE ] array (
)
[ info ] [ HEADER ] array (
  'cookie' => 'PHPSESSID=6ge3q9cob417ort2dkkl8j63da',
  'accept-language' => 'zh-CN,zh;q=0.9',
  'accept-encoding' => 'gzip, deflate',
  'referer' => 'http://www.jiwankang.com/manage/common/login.html',
  'accept' => 'text/html,application/xhtml+xml,application/xml;q=0.9,image/avif,image/webp,image/apng,*/*;q=0.8,application/signed-exchange;v=b3;q=0.7',
  'user-agent' => 'Mozilla/5.0 (Windows NT 10.0; Win64; x64) AppleWebKit/537.36 (KHTML, like Gecko) Chrome/146.0.0.0 Safari/537.36',
  'upgrade-insecure-requests' => '1',
  'cache-control' => 'max-age=0',
  'connection' => 'keep-alive',
  'host' => 'www.jiwankang.com',
  'content-length' => '',
  'content-type' => '',
)
[ info ] [ PARAM ] array (
)
[ info ] [ DB ] INIT mysql
[ info ] [ VIEW ] E:\wwwroot\2026\04\jiwankang\application\manage\view\index\index.html [ array (
  0 => 'params',
  1 => 'jshopHost',
  2 => 'shop_name',
  3 => 'menu',
  4 => 'kefu',
) ]
[ sql ] [ DB ] CONNECT:[ UseTime:0.001216s ] mysql:host=127.0.0.1;port=3306;dbname=jiwankang;charset=utf8mb4
[ sql ] [ SQL ] SHOW COLUMNS FROM `wb_setting` [ RunTime:0.001080s ]
[ sql ] [ SQL ] SELECT * FROM `wb_setting` WHERE  `skey` = 'shop_name' LIMIT 1 [ RunTime:0.000460s ]
[ sql ] [ SQL ] SELECT * FROM `wb_setting` WHERE  `skey` = 'ent_id' LIMIT 1 [ RunTime:0.000494s ]
[ error ] [8]未定义数组索引: selected[E:\wwwroot\2026\04\jiwankang\runtime\temp\0ebc0da97c722c413af6448a150993b9.php:118]
[ error ] [8]未定义数组索引: selected[E:\wwwroot\2026\04\jiwankang\runtime\temp\0ebc0da97c722c413af6448a150993b9.php:118]
[ error ] [8]未定义数组索引: selected[E:\wwwroot\2026\04\jiwankang\runtime\temp\0ebc0da97c722c413af6448a150993b9.php:118]
[ error ] [8]未定义数组索引: selected[E:\wwwroot\2026\04\jiwankang\runtime\temp\0ebc0da97c722c413af6448a150993b9.php:118]
[ error ] [8]未定义数组索引: selected[E:\wwwroot\2026\04\jiwankang\runtime\temp\0ebc0da97c722c413af6448a150993b9.php:118]
[ error ] [8]未定义数组索引: selected[E:\wwwroot\2026\04\jiwankang\runtime\temp\0ebc0da97c722c413af6448a150993b9.php:118]
[ error ] [8]未定义数组索引: selected[E:\wwwroot\2026\04\jiwankang\runtime\temp\0ebc0da97c722c413af6448a150993b9.php:118]
[ error ] [8]未定义数组索引: selected[E:\wwwroot\2026\04\jiwankang\runtime\temp\0ebc0da97c722c413af6448a150993b9.php:118]
[ error ] [8]未定义数组索引: selected[E:\wwwroot\2026\04\jiwankang\runtime\temp\0ebc0da97c722c413af6448a150993b9.php:118]
[ error ] [8]未定义数组索引: selected[E:\wwwroot\2026\04\jiwankang\runtime\temp\0ebc0da97c722c413af6448a150993b9.php:118]
[ error ] [8]未定义数组索引: selected[E:\wwwroot\2026\04\jiwankang\runtime\temp\0ebc0da97c722c413af6448a150993b9.php:118]
[ error ] [8]未定义数组索引: selected[E:\wwwroot\2026\04\jiwankang\runtime\temp\0ebc0da97c722c413af6448a150993b9.php:118]
[ error ] [8]未定义数组索引: selected[E:\wwwroot\2026\04\jiwankang\runtime\temp\0ebc0da97c722c413af6448a150993b9.php:118]
[ error ] [8]未定义数组索引: selected[E:\wwwroot\2026\04\jiwankang\runtime\temp\0ebc0da97c722c413af6448a150993b9.php:118]
[ error ] [8]未定义数组索引: selected[E:\wwwroot\2026\04\jiwankang\runtime\temp\0ebc0da97c722c413af6448a150993b9.php:118]
[ error ] [8]未定义数组索引: selected[E:\wwwroot\2026\04\jiwankang\runtime\temp\0ebc0da97c722c413af6448a150993b9.php:118]
[ error ] [8]未定义数组索引: selected[E:\wwwroot\2026\04\jiwankang\runtime\temp\0ebc0da97c722c413af6448a150993b9.php:118]
[ error ] [8]未定义数组索引: selected[E:\wwwroot\2026\04\jiwankang\runtime\temp\0ebc0da97c722c413af6448a150993b9.php:118]
[ error ] [8]未定义数组索引: selected[E:\wwwroot\2026\04\jiwankang\runtime\temp\0ebc0da97c722c413af6448a150993b9.php:118]
[ error ] [8]未定义数组索引: selected[E:\wwwroot\2026\04\jiwankang\runtime\temp\0ebc0da97c722c413af6448a150993b9.php:118]
---------------------------------------------------------------
[2026-04-01T16:14:38+08:00] 127.0.0.1 GET www.jiwankang.com/manage/index/welcome.html
[运行时间：0.053532s] [吞吐率：18.68req/s] [内存消耗：5,787.99kb] [文件加载：118]
[ info ] [ LANG ] E:\wwwroot\2026\04\jiwankang\thinkphp\lang\zh-cn.php
[ info ] [ ROUTE ] array (
)
[ info ] [ HEADER ] array (
  'cookie' => 'PHPSESSID=6ge3q9cob417ort2dkkl8j63da',
  'accept-language' => 'zh-CN,zh;q=0.9',
  'accept-encoding' => 'gzip, deflate',
  'referer' => 'http://www.jiwankang.com/manage',
  'accept' => 'text/html,application/xhtml+xml,application/xml;q=0.9,image/avif,image/webp,image/apng,*/*;q=0.8,application/signed-exchange;v=b3;q=0.7',
  'user-agent' => 'Mozilla/5.0 (Windows NT 10.0; Win64; x64) AppleWebKit/537.36 (KHTML, like Gecko) Chrome/146.0.0.0 Safari/537.36',
  'upgrade-insecure-requests' => '1',
  'connection' => 'keep-alive',
  'host' => 'www.jiwankang.com',
  'content-length' => '',
  'content-type' => '',
)
[ info ] [ PARAM ] array (
)
[ info ] [ DB ] INIT mysql
[ info ] [ VIEW ] E:\wwwroot\2026\04\jiwankang\application\manage\view\index\welcome.html [ array (
  0 => 'params',
  1 => 'jshopHost',
  2 => 'shop_name',
  3 => 'unpaid_count',
  4 => 'unship_count',
  5 => 'after_sales_count',
  6 => 'goods_statics',
  7 => 'zijinchi',
  8 => 'todayTyOrder',
  9 => 'allTyOrder',
  10 => 'todayDlOrder',
  11 => 'allDlOrder',
  12 => 'daibutie',
  13 => 'yibutie',
  14 => 'weekByOrder',
) ]
[ sql ] [ DB ] CONNECT:[ UseTime:0.001080s ] mysql:host=127.0.0.1;port=3306;dbname=jiwankang;charset=utf8mb4
[ sql ] [ SQL ] SHOW COLUMNS FROM `wb_setting` [ RunTime:0.001291s ]
[ sql ] [ SQL ] SELECT * FROM `wb_setting` WHERE  `skey` = 'shop_name' LIMIT 1 [ RunTime:0.000633s ]
[ sql ] [ SQL ] SHOW COLUMNS FROM `wb_order` [ RunTime:0.000574s ]
[ sql ] [ SQL ] SELECT COUNT(*) AS tp_count FROM `wb_order` WHERE (  `status` = 1  AND `pay_status` = 1  AND `ship_status` = 1 ) AND `wb_order`.`isdel` IS NULL LIMIT 1 [ RunTime:0.000170s ]
[ sql ] [ SQL ] SELECT COUNT(*) AS tp_count FROM `wb_order` WHERE (  `status` = 1  AND `pay_status` = 2  AND `ship_status` IN (1,2) ) AND `wb_order`.`isdel` IS NULL LIMIT 1 [ RunTime:0.000105s ]
[ sql ] [ SQL ] SHOW COLUMNS FROM `wb_bill_aftersales` [ RunTime:0.000310s ]
[ sql ] [ SQL ] SELECT COUNT(*) AS tp_count FROM `wb_bill_aftersales` WHERE  `status` = 1 LIMIT 1 [ RunTime:0.000107s ]
[ sql ] [ SQL ] SELECT * FROM `wb_setting` WHERE  `skey` = 'shop_name' LIMIT 1 [ RunTime:0.000095s ]
[ sql ] [ SQL ] SHOW COLUMNS FROM `wb_goods` [ RunTime:0.000359s ]
[ sql ] [ SQL ] SELECT COUNT(`id`) AS tp_count FROM `wb_goods` LIMIT 1 [ RunTime:0.000114s ]
[ sql ] [ SQL ] SELECT COUNT(`id`) AS tp_count FROM `wb_goods` WHERE  `marketable` = 1 LIMIT 1 [ RunTime:0.000088s ]
[ sql ] [ SQL ] SELECT COUNT(`id`) AS tp_count FROM `wb_goods` WHERE  `marketable` = 2 LIMIT 1 [ RunTime:0.000071s ]
[ sql ] [ SQL ] SELECT * FROM `wb_setting` WHERE  `skey` = 'goods_stocks_warn' LIMIT 1 [ RunTime:0.000081s ]
[ sql ] [ SQL ] SHOW COLUMNS FROM `wb_products` [ RunTime:0.000902s ]
[ sql ] [ SQL ] SELECT COUNT(*) AS tp_count FROM ( SELECT count(id) AS think_count FROM `wb_products` WHERE  ( IF(stock < freeze_stock, 0, stock - freeze_stock)<10 ) GROUP BY `goods_id` ) `_group_count_` LIMIT 1 [ RunTime:0.000175s ]
[ sql ] [ SQL ] SHOW COLUMNS FROM `wb_money` [ RunTime:0.000419s ]
[ sql ] [ SQL ] SELECT `money` FROM `wb_money` WHERE  `type` = 1 LIMIT 1 [ RunTime:0.000115s ]
[ sql ] [ SQL ] SELECT SUM(`a`.`payed`) AS tp_sum FROM `wb_order` `a` INNER JOIN `wb_order_items` `b` ON `a`.`order_id`=`b`.`order_id` WHERE  `a`.`pay_status` = '2'  AND `a`.`status` < '3'  AND `b`.`cate_id` = '1'  AND `a`.`ctime` BETWEEN '1774972800' AND '1775059200' LIMIT 1 [ RunTime:0.000709s ]
[ sql ] [ SQL ] SELECT SUM(`a`.`payed`) AS tp_sum FROM `wb_order` `a` INNER JOIN `wb_order_items` `b` ON `a`.`order_id`=`b`.`order_id` WHERE  `a`.`pay_status` = '2'  AND `a`.`status` < '3'  AND `b`.`cate_id` = '1' LIMIT 1 [ RunTime:0.000127s ]
[ sql ] [ SQL ] SELECT SUM(`a`.`payed`) AS tp_sum FROM `wb_order` `a` INNER JOIN `wb_order_items` `b` ON `a`.`order_id`=`b`.`order_id` WHERE  `a`.`pay_status` = '2'  AND `a`.`status` < '3'  AND `b`.`cate_id` = '2'  AND `a`.`ctime` BETWEEN '1774972800' AND '1775059200' LIMIT 1 [ RunTime:0.000114s ]
[ sql ] [ SQL ] SELECT SUM(`a`.`payed`) AS tp_sum FROM `wb_order` `a` INNER JOIN `wb_order_items` `b` ON `a`.`order_id`=`b`.`order_id` WHERE  `a`.`pay_status` = '2'  AND `a`.`status` < '3'  AND `b`.`cate_id` = '2' LIMIT 1 [ RunTime:0.000096s ]
[ sql ] [ SQL ] SELECT SUM(`payed`) AS tp_sum FROM `wb_order` WHERE (  `status` < 3  AND `pay_status` = 2  AND `ctime` BETWEEN 1774800000 AND 1775404800 ) AND `wb_order`.`isdel` IS NULL LIMIT 1 [ RunTime:0.000094s ]
[ sql ] [ SQL ] SHOW COLUMNS FROM `wb_user` [ RunTime:0.000470s ]
[ sql ] [ SQL ] SELECT SUM(`butie`) AS tp_sum FROM `wb_user` WHERE `wb_user`.`isdel` IS NULL LIMIT 1 [ RunTime:0.000187s ]
[ sql ] [ SQL ] SELECT SUM(`ybuite`) AS tp_sum FROM `wb_user` WHERE `wb_user`.`isdel` IS NULL LIMIT 1 [ RunTime:0.000158s ]
---------------------------------------------------------------
[2026-04-01T16:14:38+08:00] 127.0.0.1 GET www.jiwankang.com/manage/administrator/userloglist/state/1.html
[运行时间：0.036630s] [吞吐率：27.30req/s] [内存消耗：4,570.69kb] [文件加载：110]
[ info ] [ LANG ] E:\wwwroot\2026\04\jiwankang\thinkphp\lang\zh-cn.php
[ info ] [ ROUTE ] array (
)
[ info ] [ HEADER ] array (
  'cookie' => 'PHPSESSID=6ge3q9cob417ort2dkkl8j63da',
  'accept-language' => 'zh-CN,zh;q=0.9',
  'accept-encoding' => 'gzip, deflate',
  'referer' => 'http://www.jiwankang.com/manage/index/welcome.html',
  'x-requested-with' => 'XMLHttpRequest',
  'accept' => '*/*',
  'user-agent' => 'Mozilla/5.0 (Windows NT 10.0; Win64; x64) AppleWebKit/537.36 (KHTML, like Gecko) Chrome/146.0.0.0 Safari/537.36',
  'connection' => 'keep-alive',
  'host' => 'www.jiwankang.com',
  'content-length' => '',
  'content-type' => '',
)
[ info ] [ PARAM ] array (
  'state' => '1',
)
[ info ] [ DB ] INIT mysql
[ sql ] [ DB ] CONNECT:[ UseTime:0.000784s ] mysql:host=127.0.0.1;port=3306;dbname=jiwankang;charset=utf8mb4
[ sql ] [ SQL ] SHOW COLUMNS FROM `wb_setting` [ RunTime:0.000518s ]
[ sql ] [ SQL ] SELECT * FROM `wb_setting` WHERE  `skey` = 'shop_name' LIMIT 1 [ RunTime:0.000145s ]
[ sql ] [ SQL ] SHOW COLUMNS FROM `wb_user_log` [ RunTime:0.000281s ]
[ sql ] [ SQL ] SELECT COUNT(*) AS tp_count FROM `wb_user_log` WHERE  `state` = 1  AND `type` = 2 LIMIT 1 [ RunTime:0.000129s ]
[ sql ] [ SQL ] SELECT * FROM `wb_user_log` WHERE  `state` = 1  AND `type` = 2 ORDER BY `ctime` DESC LIMIT 0,10 [ RunTime:0.000118s ]
[ sql ] [ SQL ] SHOW COLUMNS FROM `wb_manage` [ RunTime:0.000264s ]
[ sql ] [ SQL ] SELECT `id`,`username`,`nickname`,`mobile` FROM `wb_manage` WHERE  `id` = 13 LIMIT 1 [ RunTime:0.000104s ]
[ sql ] [ SQL ] SELECT `id`,`username`,`nickname`,`mobile` FROM `wb_manage` WHERE  `id` = 13 LIMIT 1 [ RunTime:0.000082s ]
[ sql ] [ SQL ] SELECT `id`,`username`,`nickname`,`mobile` FROM `wb_manage` WHERE  `id` = 13 LIMIT 1 [ RunTime:0.000071s ]
[ sql ] [ SQL ] SELECT `id`,`username`,`nickname`,`mobile` FROM `wb_manage` WHERE  `id` = 13 LIMIT 1 [ RunTime:0.000069s ]
---------------------------------------------------------------
[2026-04-01T16:14:38+08:00] 127.0.0.1 GET www.jiwankang.com/manage/operation_log/getlastlog.html
[运行时间：0.048980s] [吞吐率：20.42req/s] [内存消耗：4,526.19kb] [文件加载：110]
[ info ] [ LANG ] E:\wwwroot\2026\04\jiwankang\thinkphp\lang\zh-cn.php
[ info ] [ ROUTE ] array (
)
[ info ] [ HEADER ] array (
  'cookie' => 'PHPSESSID=6ge3q9cob417ort2dkkl8j63da',
  'accept-language' => 'zh-CN,zh;q=0.9',
  'accept-encoding' => 'gzip, deflate',
  'referer' => 'http://www.jiwankang.com/manage/index/welcome.html',
  'x-requested-with' => 'XMLHttpRequest',
  'accept' => 'application/json, text/javascript, */*; q=0.01',
  'user-agent' => 'Mozilla/5.0 (Windows NT 10.0; Win64; x64) AppleWebKit/537.36 (KHTML, like Gecko) Chrome/146.0.0.0 Safari/537.36',
  'connection' => 'keep-alive',
  'host' => 'www.jiwankang.com',
  'content-length' => '',
  'content-type' => '',
)
[ info ] [ PARAM ] array (
)
[ info ] [ DB ] INIT mysql
[ sql ] [ DB ] CONNECT:[ UseTime:0.000795s ] mysql:host=127.0.0.1;port=3306;dbname=jiwankang;charset=utf8mb4
[ sql ] [ SQL ] SHOW COLUMNS FROM `wb_setting` [ RunTime:0.000522s ]
[ sql ] [ SQL ] SELECT * FROM `wb_setting` WHERE  `skey` = 'shop_name' LIMIT 1 [ RunTime:0.000155s ]
[ sql ] [ SQL ] SHOW COLUMNS FROM `wb_operation_log` [ RunTime:0.000320s ]
[ sql ] [ SQL ] SELECT COUNT(*) AS tp_count FROM `wb_operation_log` LIMIT 1 [ RunTime:0.000116s ]
[ sql ] [ SQL ] SELECT * FROM `wb_operation_log` ORDER BY `id` DESC LIMIT 0,10 [ RunTime:0.000117s ]
[ sql ] [ SQL ] SHOW COLUMNS FROM `wb_manage` [ RunTime:0.000263s ]
[ sql ] [ SQL ] SELECT * FROM `wb_manage` WHERE  `id` = 13 LIMIT 1 [ RunTime:0.000111s ]
[ sql ] [ SQL ] SELECT * FROM `wb_manage` WHERE  `id` = 13 LIMIT 1 [ RunTime:0.000085s ]
[ sql ] [ SQL ] SELECT * FROM `wb_manage` WHERE  `id` = 13 LIMIT 1 [ RunTime:0.000075s ]
[ sql ] [ SQL ] SELECT * FROM `wb_manage` WHERE  `id` = 13 LIMIT 1 [ RunTime:0.000072s ]
[ sql ] [ SQL ] SELECT * FROM `wb_manage` WHERE  `id` = 13 LIMIT 1 [ RunTime:0.000070s ]
[ sql ] [ SQL ] SELECT * FROM `wb_manage` WHERE  `id` = 13 LIMIT 1 [ RunTime:0.000070s ]
[ sql ] [ SQL ] SELECT * FROM `wb_manage` WHERE  `id` = 13 LIMIT 1 [ RunTime:0.000070s ]
[ sql ] [ SQL ] SELECT * FROM `wb_manage` WHERE  `id` = 13 LIMIT 1 [ RunTime:0.000072s ]
[ sql ] [ SQL ] SELECT * FROM `wb_manage` WHERE  `id` = 13 LIMIT 1 [ RunTime:0.000070s ]
[ sql ] [ SQL ] SELECT * FROM `wb_manage` WHERE  `id` = 13 LIMIT 1 [ RunTime:0.000070s ]
---------------------------------------------------------------
[2026-04-01T16:14:38+08:00] 127.0.0.1 GET www.jiwankang.com/manage/user/statistics.html
[运行时间：0.060173s] [吞吐率：16.62req/s] [内存消耗：5,024.01kb] [文件加载：111]
[ info ] [ LANG ] E:\wwwroot\2026\04\jiwankang\thinkphp\lang\zh-cn.php
[ info ] [ ROUTE ] array (
)
[ info ] [ HEADER ] array (
  'cookie' => 'PHPSESSID=6ge3q9cob417ort2dkkl8j63da',
  'accept-language' => 'zh-CN,zh;q=0.9',
  'accept-encoding' => 'gzip, deflate',
  'referer' => 'http://www.jiwankang.com/manage/index/welcome.html',
  'x-requested-with' => 'XMLHttpRequest',
  'accept' => '*/*',
  'user-agent' => 'Mozilla/5.0 (Windows NT 10.0; Win64; x64) AppleWebKit/537.36 (KHTML, like Gecko) Chrome/146.0.0.0 Safari/537.36',
  'connection' => 'keep-alive',
  'host' => 'www.jiwankang.com',
  'content-length' => '',
  'content-type' => '',
)
[ info ] [ PARAM ] array (
)
[ info ] [ DB ] INIT mysql
[ sql ] [ DB ] CONNECT:[ UseTime:0.000771s ] mysql:host=127.0.0.1;port=3306;dbname=jiwankang;charset=utf8mb4
[ sql ] [ SQL ] SHOW COLUMNS FROM `wb_setting` [ RunTime:0.000756s ]
[ sql ] [ SQL ] SELECT * FROM `wb_setting` WHERE  `skey` = 'shop_name' LIMIT 1 [ RunTime:0.000367s ]
[ sql ] [ SQL ] SHOW COLUMNS FROM `wb_user` [ RunTime:0.000442s ]
[ sql ] [ SQL ] SELECT DATE_FORMAT(from_unixtime(ctime),"%Y-%m-%d") as day, count(*) as nums FROM `wb_user` WHERE (  `ctime` > 1774426478  AND ( TIMESTAMPDIFF(DAY,from_unixtime(ctime),now()) <7 ) ) AND `wb_user`.`isdel` IS NULL GROUP BY DATE_FORMAT(from_unixtime(ctime),"%Y-%m-%d") [ RunTime:0.000203s ]
[ sql ] [ SQL ] SHOW COLUMNS FROM `wb_order` [ RunTime:0.000438s ]
[ sql ] [ SQL ] SELECT COUNT(*) AS tp_count FROM ( SELECT count(*) AS think_count FROM `wb_order` WHERE (  `ctime` < 1775031278  AND `ctime` >= 1774972800 ) AND `wb_order`.`isdel` IS NULL GROUP BY `user_id` ) `_group_count_` LIMIT 1 [ RunTime:0.000219s ]
[ sql ] [ SQL ] SELECT COUNT(*) AS tp_count FROM ( SELECT count(*) AS think_count FROM `wb_order` WHERE (  `ctime` < 1774972799  AND `ctime` >= 1774886400 ) AND `wb_order`.`isdel` IS NULL GROUP BY `user_id` ) `_group_count_` LIMIT 1 [ RunTime:0.000126s ]
[ sql ] [ SQL ] SELECT COUNT(*) AS tp_count FROM ( SELECT count(*) AS think_count FROM `wb_order` WHERE (  `ctime` < 1774886399  AND `ctime` >= 1774800000 ) AND `wb_order`.`isdel` IS NULL GROUP BY `user_id` ) `_group_count_` LIMIT 1 [ RunTime:0.000109s ]
[ sql ] [ SQL ] SELECT COUNT(*) AS tp_count FROM ( SELECT count(*) AS think_count FROM `wb_order` WHERE (  `ctime` < 1774799999  AND `ctime` >= 1774713600 ) AND `wb_order`.`isdel` IS NULL GROUP BY `user_id` ) `_group_count_` LIMIT 1 [ RunTime:0.000103s ]
[ sql ] [ SQL ] SELECT COUNT(*) AS tp_count FROM ( SELECT count(*) AS think_count FROM `wb_order` WHERE (  `ctime` < 1774713599  AND `ctime` >= 1774627200 ) AND `wb_order`.`isdel` IS NULL GROUP BY `user_id` ) `_group_count_` LIMIT 1 [ RunTime:0.000096s ]
[ sql ] [ SQL ] SELECT COUNT(*) AS tp_count FROM ( SELECT count(*) AS think_count FROM `wb_order` WHERE (  `ctime` < 1774627199  AND `ctime` >= 1774540800 ) AND `wb_order`.`isdel` IS NULL GROUP BY `user_id` ) `_group_count_` LIMIT 1 [ RunTime:0.000096s ]
[ sql ] [ SQL ] SELECT COUNT(*) AS tp_count FROM ( SELECT count(*) AS think_count FROM `wb_order` WHERE (  `ctime` < 1774540799  AND `ctime` >= 1774454400 ) AND `wb_order`.`isdel` IS NULL GROUP BY `user_id` ) `_group_count_` LIMIT 1 [ RunTime:0.000091s ]
---------------------------------------------------------------
[2026-04-01T16:14:38+08:00] 127.0.0.1 GET www.jiwankang.com/manage/order/statistics.html
[运行时间：0.074465s] [吞吐率：13.43req/s] [内存消耗：4,694.34kb] [文件加载：110]
[ info ] [ LANG ] E:\wwwroot\2026\04\jiwankang\thinkphp\lang\zh-cn.php
[ info ] [ ROUTE ] array (
)
[ info ] [ HEADER ] array (
  'cookie' => 'PHPSESSID=6ge3q9cob417ort2dkkl8j63da',
  'accept-language' => 'zh-CN,zh;q=0.9',
  'accept-encoding' => 'gzip, deflate',
  'referer' => 'http://www.jiwankang.com/manage/index/welcome.html',
  'x-requested-with' => 'XMLHttpRequest',
  'accept' => '*/*',
  'user-agent' => 'Mozilla/5.0 (Windows NT 10.0; Win64; x64) AppleWebKit/537.36 (KHTML, like Gecko) Chrome/146.0.0.0 Safari/537.36',
  'connection' => 'keep-alive',
  'host' => 'www.jiwankang.com',
  'content-length' => '',
  'content-type' => '',
)
[ info ] [ PARAM ] array (
)
[ info ] [ DB ] INIT mysql
[ sql ] [ DB ] CONNECT:[ UseTime:0.001076s ] mysql:host=127.0.0.1;port=3306;dbname=jiwankang;charset=utf8mb4
[ sql ] [ SQL ] SHOW COLUMNS FROM `wb_setting` [ RunTime:0.000601s ]
[ sql ] [ SQL ] SELECT * FROM `wb_setting` WHERE  `skey` = 'shop_name' LIMIT 1 [ RunTime:0.000160s ]
[ sql ] [ SQL ] SHOW COLUMNS FROM `wb_bill_payments` [ RunTime:0.000863s ]
[ sql ] [ SQL ] SELECT count(1) AS `nums`,DATE_FORMAT(FROM_UNIXTIME(ctime),"%Y-%m-%d") AS `day` FROM `wb_bill_payments` WHERE  `status` = 2  AND `type` = 1  AND ( FROM_UNIXTIME(ctime) >= 2026-03-25 ) GROUP BY DATE_FORMAT(FROM_UNIXTIME(ctime),"%Y-%m-%d") [ RunTime:0.000241s ]
[ sql ] [ SQL ] SHOW COLUMNS FROM `wb_bill_delivery` [ RunTime:0.000802s ]
[ sql ] [ SQL ] SELECT count(1) AS `nums`,DATE_FORMAT(FROM_UNIXTIME(ctime),"%Y-%m-%d") AS `day` FROM `wb_bill_delivery` WHERE  ( FROM_UNIXTIME(ctime) >= 2026-03-25 ) GROUP BY DATE_FORMAT(FROM_UNIXTIME(ctime),"%Y-%m-%d") [ RunTime:0.000155s ]
---------------------------------------------------------------
[2026-04-01T16:15:00+08:00] 127.0.0.1 GET www.jiwankang.com/manage
[运行时间：0.027010s] [吞吐率：37.02req/s] [内存消耗：4,609.28kb] [文件加载：110]
[ info ] [ LANG ] E:\wwwroot\2026\04\jiwankang\thinkphp\lang\zh-cn.php
[ info ] [ ROUTE ] array (
)
[ info ] [ HEADER ] array (
  'cookie' => 'PHPSESSID=6ge3q9cob417ort2dkkl8j63da',
  'accept-language' => 'zh-CN,zh;q=0.9',
  'accept-encoding' => 'gzip, deflate',
  'referer' => 'http://www.jiwankang.com/manage/common/login.html',
  'accept' => 'text/html,application/xhtml+xml,application/xml;q=0.9,image/avif,image/webp,image/apng,*/*;q=0.8,application/signed-exchange;v=b3;q=0.7',
  'user-agent' => 'Mozilla/5.0 (Windows NT 10.0; Win64; x64) AppleWebKit/537.36 (KHTML, like Gecko) Chrome/146.0.0.0 Safari/537.36',
  'upgrade-insecure-requests' => '1',
  'cache-control' => 'max-age=0',
  'connection' => 'keep-alive',
  'host' => 'www.jiwankang.com',
  'content-length' => '',
  'content-type' => '',
)
[ info ] [ PARAM ] array (
)
[ info ] [ DB ] INIT mysql
[ info ] [ VIEW ] E:\wwwroot\2026\04\jiwankang\application\manage\view\index\index.html [ array (
  0 => 'params',
  1 => 'jshopHost',
  2 => 'shop_name',
  3 => 'menu',
  4 => 'kefu',
) ]
[ sql ] [ DB ] CONNECT:[ UseTime:0.000618s ] mysql:host=127.0.0.1;port=3306;dbname=jiwankang;charset=utf8mb4
[ sql ] [ SQL ] SHOW COLUMNS FROM `wb_setting` [ RunTime:0.000457s ]
[ sql ] [ SQL ] SELECT * FROM `wb_setting` WHERE  `skey` = 'shop_name' LIMIT 1 [ RunTime:0.000145s ]
[ sql ] [ SQL ] SELECT * FROM `wb_setting` WHERE  `skey` = 'ent_id' LIMIT 1 [ RunTime:0.000134s ]
[ error ] [8]未定义数组索引: selected[E:\wwwroot\2026\04\jiwankang\runtime\temp\0ebc0da97c722c413af6448a150993b9.php:118]
[ error ] [8]未定义数组索引: selected[E:\wwwroot\2026\04\jiwankang\runtime\temp\0ebc0da97c722c413af6448a150993b9.php:118]
[ error ] [8]未定义数组索引: selected[E:\wwwroot\2026\04\jiwankang\runtime\temp\0ebc0da97c722c413af6448a150993b9.php:118]
[ error ] [8]未定义数组索引: selected[E:\wwwroot\2026\04\jiwankang\runtime\temp\0ebc0da97c722c413af6448a150993b9.php:118]
[ error ] [8]未定义数组索引: selected[E:\wwwroot\2026\04\jiwankang\runtime\temp\0ebc0da97c722c413af6448a150993b9.php:118]
[ error ] [8]未定义数组索引: selected[E:\wwwroot\2026\04\jiwankang\runtime\temp\0ebc0da97c722c413af6448a150993b9.php:118]
[ error ] [8]未定义数组索引: selected[E:\wwwroot\2026\04\jiwankang\runtime\temp\0ebc0da97c722c413af6448a150993b9.php:118]
[ error ] [8]未定义数组索引: selected[E:\wwwroot\2026\04\jiwankang\runtime\temp\0ebc0da97c722c413af6448a150993b9.php:118]
[ error ] [8]未定义数组索引: selected[E:\wwwroot\2026\04\jiwankang\runtime\temp\0ebc0da97c722c413af6448a150993b9.php:118]
[ error ] [8]未定义数组索引: selected[E:\wwwroot\2026\04\jiwankang\runtime\temp\0ebc0da97c722c413af6448a150993b9.php:118]
[ error ] [8]未定义数组索引: selected[E:\wwwroot\2026\04\jiwankang\runtime\temp\0ebc0da97c722c413af6448a150993b9.php:118]
[ error ] [8]未定义数组索引: selected[E:\wwwroot\2026\04\jiwankang\runtime\temp\0ebc0da97c722c413af6448a150993b9.php:118]
[ error ] [8]未定义数组索引: selected[E:\wwwroot\2026\04\jiwankang\runtime\temp\0ebc0da97c722c413af6448a150993b9.php:118]
[ error ] [8]未定义数组索引: selected[E:\wwwroot\2026\04\jiwankang\runtime\temp\0ebc0da97c722c413af6448a150993b9.php:118]
[ error ] [8]未定义数组索引: selected[E:\wwwroot\2026\04\jiwankang\runtime\temp\0ebc0da97c722c413af6448a150993b9.php:118]
[ error ] [8]未定义数组索引: selected[E:\wwwroot\2026\04\jiwankang\runtime\temp\0ebc0da97c722c413af6448a150993b9.php:118]
[ error ] [8]未定义数组索引: selected[E:\wwwroot\2026\04\jiwankang\runtime\temp\0ebc0da97c722c413af6448a150993b9.php:118]
[ error ] [8]未定义数组索引: selected[E:\wwwroot\2026\04\jiwankang\runtime\temp\0ebc0da97c722c413af6448a150993b9.php:118]
[ error ] [8]未定义数组索引: selected[E:\wwwroot\2026\04\jiwankang\runtime\temp\0ebc0da97c722c413af6448a150993b9.php:118]
[ error ] [8]未定义数组索引: selected[E:\wwwroot\2026\04\jiwankang\runtime\temp\0ebc0da97c722c413af6448a150993b9.php:118]
---------------------------------------------------------------
[2026-04-01T16:15:00+08:00] 127.0.0.1 GET www.jiwankang.com/manage/index/welcome.html
[运行时间：0.047291s] [吞吐率：21.15req/s] [内存消耗：5,787.99kb] [文件加载：118]
[ info ] [ LANG ] E:\wwwroot\2026\04\jiwankang\thinkphp\lang\zh-cn.php
[ info ] [ ROUTE ] array (
)
[ info ] [ HEADER ] array (
  'cookie' => 'PHPSESSID=6ge3q9cob417ort2dkkl8j63da',
  'accept-language' => 'zh-CN,zh;q=0.9',
  'accept-encoding' => 'gzip, deflate',
  'referer' => 'http://www.jiwankang.com/manage',
  'accept' => 'text/html,application/xhtml+xml,application/xml;q=0.9,image/avif,image/webp,image/apng,*/*;q=0.8,application/signed-exchange;v=b3;q=0.7',
  'user-agent' => 'Mozilla/5.0 (Windows NT 10.0; Win64; x64) AppleWebKit/537.36 (KHTML, like Gecko) Chrome/146.0.0.0 Safari/537.36',
  'upgrade-insecure-requests' => '1',
  'connection' => 'keep-alive',
  'host' => 'www.jiwankang.com',
  'content-length' => '',
  'content-type' => '',
)
[ info ] [ PARAM ] array (
)
[ info ] [ DB ] INIT mysql
[ info ] [ VIEW ] E:\wwwroot\2026\04\jiwankang\application\manage\view\index\welcome.html [ array (
  0 => 'params',
  1 => 'jshopHost',
  2 => 'shop_name',
  3 => 'unpaid_count',
  4 => 'unship_count',
  5 => 'after_sales_count',
  6 => 'goods_statics',
  7 => 'zijinchi',
  8 => 'todayTyOrder',
  9 => 'allTyOrder',
  10 => 'todayDlOrder',
  11 => 'allDlOrder',
  12 => 'daibutie',
  13 => 'yibutie',
  14 => 'weekByOrder',
) ]
[ sql ] [ DB ] CONNECT:[ UseTime:0.000724s ] mysql:host=127.0.0.1;port=3306;dbname=jiwankang;charset=utf8mb4
[ sql ] [ SQL ] SHOW COLUMNS FROM `wb_setting` [ RunTime:0.000542s ]
[ sql ] [ SQL ] SELECT * FROM `wb_setting` WHERE  `skey` = 'shop_name' LIMIT 1 [ RunTime:0.000268s ]
[ sql ] [ SQL ] SHOW COLUMNS FROM `wb_order` [ RunTime:0.001088s ]
[ sql ] [ SQL ] SELECT COUNT(*) AS tp_count FROM `wb_order` WHERE (  `status` = 1  AND `pay_status` = 1  AND `ship_status` = 1 ) AND `wb_order`.`isdel` IS NULL LIMIT 1 [ RunTime:0.000282s ]
[ sql ] [ SQL ] SELECT COUNT(*) AS tp_count FROM `wb_order` WHERE (  `status` = 1  AND `pay_status` = 2  AND `ship_status` IN (1,2) ) AND `wb_order`.`isdel` IS NULL LIMIT 1 [ RunTime:0.000192s ]
[ sql ] [ SQL ] SHOW COLUMNS FROM `wb_bill_aftersales` [ RunTime:0.001079s ]
[ sql ] [ SQL ] SELECT COUNT(*) AS tp_count FROM `wb_bill_aftersales` WHERE  `status` = 1 LIMIT 1 [ RunTime:0.000157s ]
[ sql ] [ SQL ] SELECT * FROM `wb_setting` WHERE  `skey` = 'shop_name' LIMIT 1 [ RunTime:0.000105s ]
[ sql ] [ SQL ] SHOW COLUMNS FROM `wb_goods` [ RunTime:0.000459s ]
[ sql ] [ SQL ] SELECT COUNT(`id`) AS tp_count FROM `wb_goods` LIMIT 1 [ RunTime:0.000152s ]
[ sql ] [ SQL ] SELECT COUNT(`id`) AS tp_count FROM `wb_goods` WHERE  `marketable` = 1 LIMIT 1 [ RunTime:0.000110s ]
[ sql ] [ SQL ] SELECT COUNT(`id`) AS tp_count FROM `wb_goods` WHERE  `marketable` = 2 LIMIT 1 [ RunTime:0.000078s ]
[ sql ] [ SQL ] SELECT * FROM `wb_setting` WHERE  `skey` = 'goods_stocks_warn' LIMIT 1 [ RunTime:0.000154s ]
[ sql ] [ SQL ] SHOW COLUMNS FROM `wb_products` [ RunTime:0.000327s ]
[ sql ] [ SQL ] SELECT COUNT(*) AS tp_count FROM ( SELECT count(id) AS think_count FROM `wb_products` WHERE  ( IF(stock < freeze_stock, 0, stock - freeze_stock)<10 ) GROUP BY `goods_id` ) `_group_count_` LIMIT 1 [ RunTime:0.000170s ]
[ sql ] [ SQL ] SHOW COLUMNS FROM `wb_money` [ RunTime:0.000453s ]
[ sql ] [ SQL ] SELECT `money` FROM `wb_money` WHERE  `type` = 1 LIMIT 1 [ RunTime:0.000122s ]
[ sql ] [ SQL ] SELECT SUM(`a`.`payed`) AS tp_sum FROM `wb_order` `a` INNER JOIN `wb_order_items` `b` ON `a`.`order_id`=`b`.`order_id` WHERE  `a`.`pay_status` = '2'  AND `a`.`status` < '3'  AND `b`.`cate_id` = '1'  AND `a`.`ctime` BETWEEN '1774972800' AND '1775059200' LIMIT 1 [ RunTime:0.000695s ]
[ sql ] [ SQL ] SELECT SUM(`a`.`payed`) AS tp_sum FROM `wb_order` `a` INNER JOIN `wb_order_items` `b` ON `a`.`order_id`=`b`.`order_id` WHERE  `a`.`pay_status` = '2'  AND `a`.`status` < '3'  AND `b`.`cate_id` = '1' LIMIT 1 [ RunTime:0.000127s ]
[ sql ] [ SQL ] SELECT SUM(`a`.`payed`) AS tp_sum FROM `wb_order` `a` INNER JOIN `wb_order_items` `b` ON `a`.`order_id`=`b`.`order_id` WHERE  `a`.`pay_status` = '2'  AND `a`.`status` < '3'  AND `b`.`cate_id` = '2'  AND `a`.`ctime` BETWEEN '1774972800' AND '1775059200' LIMIT 1 [ RunTime:0.000115s ]
[ sql ] [ SQL ] SELECT SUM(`a`.`payed`) AS tp_sum FROM `wb_order` `a` INNER JOIN `wb_order_items` `b` ON `a`.`order_id`=`b`.`order_id` WHERE  `a`.`pay_status` = '2'  AND `a`.`status` < '3'  AND `b`.`cate_id` = '2' LIMIT 1 [ RunTime:0.000100s ]
[ sql ] [ SQL ] SELECT SUM(`payed`) AS tp_sum FROM `wb_order` WHERE (  `status` < 3  AND `pay_status` = 2  AND `ctime` BETWEEN 1774800000 AND 1775404800 ) AND `wb_order`.`isdel` IS NULL LIMIT 1 [ RunTime:0.000099s ]
[ sql ] [ SQL ] SHOW COLUMNS FROM `wb_user` [ RunTime:0.000346s ]
[ sql ] [ SQL ] SELECT SUM(`butie`) AS tp_sum FROM `wb_user` WHERE `wb_user`.`isdel` IS NULL LIMIT 1 [ RunTime:0.000100s ]
[ sql ] [ SQL ] SELECT SUM(`ybuite`) AS tp_sum FROM `wb_user` WHERE `wb_user`.`isdel` IS NULL LIMIT 1 [ RunTime:0.000072s ]
---------------------------------------------------------------
[2026-04-01T16:15:00+08:00] 127.0.0.1 GET www.jiwankang.com/manage/operation_log/getlastlog.html
[运行时间：0.038648s] [吞吐率：25.87req/s] [内存消耗：4,526.19kb] [文件加载：110]
[ info ] [ LANG ] E:\wwwroot\2026\04\jiwankang\thinkphp\lang\zh-cn.php
[ info ] [ ROUTE ] array (
)
[ info ] [ HEADER ] array (
  'cookie' => 'PHPSESSID=6ge3q9cob417ort2dkkl8j63da',
  'accept-language' => 'zh-CN,zh;q=0.9',
  'accept-encoding' => 'gzip, deflate',
  'referer' => 'http://www.jiwankang.com/manage/index/welcome.html',
  'x-requested-with' => 'XMLHttpRequest',
  'accept' => 'application/json, text/javascript, */*; q=0.01',
  'user-agent' => 'Mozilla/5.0 (Windows NT 10.0; Win64; x64) AppleWebKit/537.36 (KHTML, like Gecko) Chrome/146.0.0.0 Safari/537.36',
  'connection' => 'keep-alive',
  'host' => 'www.jiwankang.com',
  'content-length' => '',
  'content-type' => '',
)
[ info ] [ PARAM ] array (
)
[ info ] [ DB ] INIT mysql
[ sql ] [ DB ] CONNECT:[ UseTime:0.001671s ] mysql:host=127.0.0.1;port=3306;dbname=jiwankang;charset=utf8mb4
[ sql ] [ SQL ] SHOW COLUMNS FROM `wb_setting` [ RunTime:0.000944s ]
[ sql ] [ SQL ] SELECT * FROM `wb_setting` WHERE  `skey` = 'shop_name' LIMIT 1 [ RunTime:0.000451s ]
[ sql ] [ SQL ] SHOW COLUMNS FROM `wb_operation_log` [ RunTime:0.001119s ]
[ sql ] [ SQL ] SELECT COUNT(*) AS tp_count FROM `wb_operation_log` LIMIT 1 [ RunTime:0.000270s ]
[ sql ] [ SQL ] SELECT * FROM `wb_operation_log` ORDER BY `id` DESC LIMIT 0,10 [ RunTime:0.000405s ]
[ sql ] [ SQL ] SHOW COLUMNS FROM `wb_manage` [ RunTime:0.000646s ]
[ sql ] [ SQL ] SELECT * FROM `wb_manage` WHERE  `id` = 13 LIMIT 1 [ RunTime:0.000223s ]
[ sql ] [ SQL ] SELECT * FROM `wb_manage` WHERE  `id` = 13 LIMIT 1 [ RunTime:0.000207s ]
[ sql ] [ SQL ] SELECT * FROM `wb_manage` WHERE  `id` = 13 LIMIT 1 [ RunTime:0.000167s ]
[ sql ] [ SQL ] SELECT * FROM `wb_manage` WHERE  `id` = 13 LIMIT 1 [ RunTime:0.000169s ]
[ sql ] [ SQL ] SELECT * FROM `wb_manage` WHERE  `id` = 13 LIMIT 1 [ RunTime:0.000144s ]
[ sql ] [ SQL ] SELECT * FROM `wb_manage` WHERE  `id` = 13 LIMIT 1 [ RunTime:0.000093s ]
[ sql ] [ SQL ] SELECT * FROM `wb_manage` WHERE  `id` = 13 LIMIT 1 [ RunTime:0.000080s ]
[ sql ] [ SQL ] SELECT * FROM `wb_manage` WHERE  `id` = 13 LIMIT 1 [ RunTime:0.000262s ]
[ sql ] [ SQL ] SELECT * FROM `wb_manage` WHERE  `id` = 13 LIMIT 1 [ RunTime:0.000222s ]
[ sql ] [ SQL ] SELECT * FROM `wb_manage` WHERE  `id` = 13 LIMIT 1 [ RunTime:0.000206s ]
---------------------------------------------------------------
[2026-04-01T16:15:00+08:00] 127.0.0.1 GET www.jiwankang.com/manage/administrator/userloglist/state/1.html
[运行时间：0.072687s] [吞吐率：13.76req/s] [内存消耗：4,570.69kb] [文件加载：110]
[ info ] [ LANG ] E:\wwwroot\2026\04\jiwankang\thinkphp\lang\zh-cn.php
[ info ] [ ROUTE ] array (
)
[ info ] [ HEADER ] array (
  'cookie' => 'PHPSESSID=6ge3q9cob417ort2dkkl8j63da',
  'accept-language' => 'zh-CN,zh;q=0.9',
  'accept-encoding' => 'gzip, deflate',
  'referer' => 'http://www.jiwankang.com/manage/index/welcome.html',
  'x-requested-with' => 'XMLHttpRequest',
  'accept' => '*/*',
  'user-agent' => 'Mozilla/5.0 (Windows NT 10.0; Win64; x64) AppleWebKit/537.36 (KHTML, like Gecko) Chrome/146.0.0.0 Safari/537.36',
  'connection' => 'keep-alive',
  'host' => 'www.jiwankang.com',
  'content-length' => '',
  'content-type' => '',
)
[ info ] [ PARAM ] array (
  'state' => '1',
)
[ info ] [ DB ] INIT mysql
[ sql ] [ DB ] CONNECT:[ UseTime:0.017911s ] mysql:host=127.0.0.1;port=3306;dbname=jiwankang;charset=utf8mb4
[ sql ] [ SQL ] SHOW COLUMNS FROM `wb_setting` [ RunTime:0.000778s ]
[ sql ] [ SQL ] SELECT * FROM `wb_setting` WHERE  `skey` = 'shop_name' LIMIT 1 [ RunTime:0.000269s ]
[ sql ] [ SQL ] SHOW COLUMNS FROM `wb_user_log` [ RunTime:0.001080s ]
[ sql ] [ SQL ] SELECT COUNT(*) AS tp_count FROM `wb_user_log` WHERE  `state` = 1  AND `type` = 2 LIMIT 1 [ RunTime:0.000179s ]
[ sql ] [ SQL ] SELECT * FROM `wb_user_log` WHERE  `state` = 1  AND `type` = 2 ORDER BY `ctime` DESC LIMIT 0,10 [ RunTime:0.000134s ]
[ sql ] [ SQL ] SHOW COLUMNS FROM `wb_manage` [ RunTime:0.000798s ]
[ sql ] [ SQL ] SELECT `id`,`username`,`nickname`,`mobile` FROM `wb_manage` WHERE  `id` = 13 LIMIT 1 [ RunTime:0.000120s ]
[ sql ] [ SQL ] SELECT `id`,`username`,`nickname`,`mobile` FROM `wb_manage` WHERE  `id` = 13 LIMIT 1 [ RunTime:0.000089s ]
[ sql ] [ SQL ] SELECT `id`,`username`,`nickname`,`mobile` FROM `wb_manage` WHERE  `id` = 13 LIMIT 1 [ RunTime:0.000076s ]
[ sql ] [ SQL ] SELECT `id`,`username`,`nickname`,`mobile` FROM `wb_manage` WHERE  `id` = 13 LIMIT 1 [ RunTime:0.000074s ]
---------------------------------------------------------------
[2026-04-01T16:15:00+08:00] 127.0.0.1 GET www.jiwankang.com/manage/user/statistics.html
[运行时间：0.090343s] [吞吐率：11.07req/s] [内存消耗：5,024.01kb] [文件加载：111]
[ info ] [ LANG ] E:\wwwroot\2026\04\jiwankang\thinkphp\lang\zh-cn.php
[ info ] [ ROUTE ] array (
)
[ info ] [ HEADER ] array (
  'cookie' => 'PHPSESSID=6ge3q9cob417ort2dkkl8j63da',
  'accept-language' => 'zh-CN,zh;q=0.9',
  'accept-encoding' => 'gzip, deflate',
  'referer' => 'http://www.jiwankang.com/manage/index/welcome.html',
  'x-requested-with' => 'XMLHttpRequest',
  'accept' => '*/*',
  'user-agent' => 'Mozilla/5.0 (Windows NT 10.0; Win64; x64) AppleWebKit/537.36 (KHTML, like Gecko) Chrome/146.0.0.0 Safari/537.36',
  'connection' => 'keep-alive',
  'host' => 'www.jiwankang.com',
  'content-length' => '',
  'content-type' => '',
)
[ info ] [ PARAM ] array (
)
[ info ] [ DB ] INIT mysql
[ sql ] [ DB ] CONNECT:[ UseTime:0.001299s ] mysql:host=127.0.0.1;port=3306;dbname=jiwankang;charset=utf8mb4
[ sql ] [ SQL ] SHOW COLUMNS FROM `wb_setting` [ RunTime:0.001079s ]
[ sql ] [ SQL ] SELECT * FROM `wb_setting` WHERE  `skey` = 'shop_name' LIMIT 1 [ RunTime:0.000320s ]
[ sql ] [ SQL ] SHOW COLUMNS FROM `wb_user` [ RunTime:0.000600s ]
[ sql ] [ SQL ] SELECT DATE_FORMAT(from_unixtime(ctime),"%Y-%m-%d") as day, count(*) as nums FROM `wb_user` WHERE (  `ctime` > 1774426500  AND ( TIMESTAMPDIFF(DAY,from_unixtime(ctime),now()) <7 ) ) AND `wb_user`.`isdel` IS NULL GROUP BY DATE_FORMAT(from_unixtime(ctime),"%Y-%m-%d") [ RunTime:0.000305s ]
[ sql ] [ SQL ] SHOW COLUMNS FROM `wb_order` [ RunTime:0.001095s ]
[ sql ] [ SQL ] SELECT COUNT(*) AS tp_count FROM ( SELECT count(*) AS think_count FROM `wb_order` WHERE (  `ctime` < 1775031300  AND `ctime` >= 1774972800 ) AND `wb_order`.`isdel` IS NULL GROUP BY `user_id` ) `_group_count_` LIMIT 1 [ RunTime:0.000220s ]
[ sql ] [ SQL ] SELECT COUNT(*) AS tp_count FROM ( SELECT count(*) AS think_count FROM `wb_order` WHERE (  `ctime` < 1774972799  AND `ctime` >= 1774886400 ) AND `wb_order`.`isdel` IS NULL GROUP BY `user_id` ) `_group_count_` LIMIT 1 [ RunTime:0.000132s ]
[ sql ] [ SQL ] SELECT COUNT(*) AS tp_count FROM ( SELECT count(*) AS think_count FROM `wb_order` WHERE (  `ctime` < 1774886399  AND `ctime` >= 1774800000 ) AND `wb_order`.`isdel` IS NULL GROUP BY `user_id` ) `_group_count_` LIMIT 1 [ RunTime:0.000106s ]
[ sql ] [ SQL ] SELECT COUNT(*) AS tp_count FROM ( SELECT count(*) AS think_count FROM `wb_order` WHERE (  `ctime` < 1774799999  AND `ctime` >= 1774713600 ) AND `wb_order`.`isdel` IS NULL GROUP BY `user_id` ) `_group_count_` LIMIT 1 [ RunTime:0.000099s ]
[ sql ] [ SQL ] SELECT COUNT(*) AS tp_count FROM ( SELECT count(*) AS think_count FROM `wb_order` WHERE (  `ctime` < 1774713599  AND `ctime` >= 1774627200 ) AND `wb_order`.`isdel` IS NULL GROUP BY `user_id` ) `_group_count_` LIMIT 1 [ RunTime:0.000092s ]
[ sql ] [ SQL ] SELECT COUNT(*) AS tp_count FROM ( SELECT count(*) AS think_count FROM `wb_order` WHERE (  `ctime` < 1774627199  AND `ctime` >= 1774540800 ) AND `wb_order`.`isdel` IS NULL GROUP BY `user_id` ) `_group_count_` LIMIT 1 [ RunTime:0.000272s ]
[ sql ] [ SQL ] SELECT COUNT(*) AS tp_count FROM ( SELECT count(*) AS think_count FROM `wb_order` WHERE (  `ctime` < 1774540799  AND `ctime` >= 1774454400 ) AND `wb_order`.`isdel` IS NULL GROUP BY `user_id` ) `_group_count_` LIMIT 1 [ RunTime:0.000305s ]
---------------------------------------------------------------
[2026-04-01T16:15:00+08:00] 127.0.0.1 GET www.jiwankang.com/manage/order/statistics.html
[运行时间：0.103188s] [吞吐率：9.69req/s] [内存消耗：4,694.34kb] [文件加载：110]
[ info ] [ LANG ] E:\wwwroot\2026\04\jiwankang\thinkphp\lang\zh-cn.php
[ info ] [ ROUTE ] array (
)
[ info ] [ HEADER ] array (
  'cookie' => 'PHPSESSID=6ge3q9cob417ort2dkkl8j63da',
  'accept-language' => 'zh-CN,zh;q=0.9',
  'accept-encoding' => 'gzip, deflate',
  'referer' => 'http://www.jiwankang.com/manage/index/welcome.html',
  'x-requested-with' => 'XMLHttpRequest',
  'accept' => '*/*',
  'user-agent' => 'Mozilla/5.0 (Windows NT 10.0; Win64; x64) AppleWebKit/537.36 (KHTML, like Gecko) Chrome/146.0.0.0 Safari/537.36',
  'connection' => 'keep-alive',
  'host' => 'www.jiwankang.com',
  'content-length' => '',
  'content-type' => '',
)
[ info ] [ PARAM ] array (
)
[ info ] [ DB ] INIT mysql
[ sql ] [ DB ] CONNECT:[ UseTime:0.000729s ] mysql:host=127.0.0.1;port=3306;dbname=jiwankang;charset=utf8mb4
[ sql ] [ SQL ] SHOW COLUMNS FROM `wb_setting` [ RunTime:0.000492s ]
[ sql ] [ SQL ] SELECT * FROM `wb_setting` WHERE  `skey` = 'shop_name' LIMIT 1 [ RunTime:0.000181s ]
[ sql ] [ SQL ] SHOW COLUMNS FROM `wb_bill_payments` [ RunTime:0.000327s ]
[ sql ] [ SQL ] SELECT count(1) AS `nums`,DATE_FORMAT(FROM_UNIXTIME(ctime),"%Y-%m-%d") AS `day` FROM `wb_bill_payments` WHERE  `status` = 2  AND `type` = 1  AND ( FROM_UNIXTIME(ctime) >= 2026-03-25 ) GROUP BY DATE_FORMAT(FROM_UNIXTIME(ctime),"%Y-%m-%d") [ RunTime:0.000232s ]
[ sql ] [ SQL ] SHOW COLUMNS FROM `wb_bill_delivery` [ RunTime:0.000291s ]
[ sql ] [ SQL ] SELECT count(1) AS `nums`,DATE_FORMAT(FROM_UNIXTIME(ctime),"%Y-%m-%d") AS `day` FROM `wb_bill_delivery` WHERE  ( FROM_UNIXTIME(ctime) >= 2026-03-25 ) GROUP BY DATE_FORMAT(FROM_UNIXTIME(ctime),"%Y-%m-%d") [ RunTime:0.000135s ]
---------------------------------------------------------------
[2026-04-01T16:51:25+08:00] 127.0.0.1 GET www.jiwankang.com/manage/setting/index.html
[运行时间：0.043047s] [吞吐率：23.23req/s] [内存消耗：4,689.13kb] [文件加载：110]
[ info ] [ LANG ] E:\wwwroot\2026\04\jiwankang\thinkphp\lang\zh-cn.php
[ info ] [ ROUTE ] array (
)
[ info ] [ HEADER ] array (
  'upgrade-insecure-requests' => '1',
  'referer' => 'http://www.jiwankang.com/manage',
  'cookie' => 'PHPSESSID=6ge3q9cob417ort2dkkl8j63da',
  'accept-language' => 'zh-CN,zh;q=0.9',
  'accept-encoding' => 'gzip, deflate',
  'accept' => 'text/html,application/xhtml+xml,application/xml;q=0.9,image/avif,image/webp,image/apng,*/*;q=0.8,application/signed-exchange;v=b3;q=0.7',
  'user-agent' => 'Mozilla/5.0 (Windows NT 10.0; Win64; x64) AppleWebKit/537.36 (KHTML, like Gecko) Chrome/146.0.0.0 Safari/537.36',
  'host' => 'www.jiwankang.com',
  'content-length' => '',
  'content-type' => '',
)
[ info ] [ PARAM ] array (
)
[ info ] [ DB ] INIT mysql
[ info ] [ VIEW ] E:\wwwroot\2026\04\jiwankang\application\manage\view\setting\index.html [ array (
  0 => 'params',
  1 => 'jshopHost',
  2 => 'shop_name',
  3 => 'data',
) ]
[ sql ] [ DB ] CONNECT:[ UseTime:0.000658s ] mysql:host=127.0.0.1;port=3306;dbname=jiwankang;charset=utf8mb4
[ sql ] [ SQL ] SHOW COLUMNS FROM `wb_setting` [ RunTime:0.000490s ]
[ sql ] [ SQL ] SELECT * FROM `wb_setting` WHERE  `skey` = 'shop_name' LIMIT 1 [ RunTime:0.000159s ]
[ sql ] [ SQL ] SELECT * FROM `wb_setting` [ RunTime:0.000138s ]
[ sql ] [ SQL ] SELECT * FROM `wb_setting` WHERE  `skey` = 'shop_default_image' LIMIT 1 [ RunTime:0.000461s ]
---------------------------------------------------------------
[2026-04-01T16:51:25+08:00] 127.0.0.1 GET www.jiwankang.com/manage/images/manage.html?action=config&&noCache=1775033485664
[运行时间：0.034488s] [吞吐率：29.00req/s] [内存消耗：4,343.84kb] [文件加载：104]
[ info ] [ LANG ] E:\wwwroot\2026\04\jiwankang\thinkphp\lang\zh-cn.php
[ info ] [ ROUTE ] array (
)
[ info ] [ HEADER ] array (
  'referer' => 'http://www.jiwankang.com/manage/setting/index.html',
  'cookie' => 'PHPSESSID=6ge3q9cob417ort2dkkl8j63da',
  'accept-language' => 'zh-CN,zh;q=0.9',
  'accept-encoding' => 'gzip, deflate',
  'accept' => '*/*',
  'user-agent' => 'Mozilla/5.0 (Windows NT 10.0; Win64; x64) AppleWebKit/537.36 (KHTML, like Gecko) Chrome/146.0.0.0 Safari/537.36',
  'host' => 'www.jiwankang.com',
  'content-length' => '',
  'content-type' => '',
)
[ info ] [ PARAM ] array (
  'action' => 'config',
  'noCache' => '1775033485664',
)
[ info ] [ DB ] INIT mysql
[ sql ] [ DB ] CONNECT:[ UseTime:0.001821s ] mysql:host=127.0.0.1;port=3306;dbname=jiwankang;charset=utf8mb4
[ sql ] [ SQL ] SHOW COLUMNS FROM `wb_setting` [ RunTime:0.000828s ]
[ sql ] [ SQL ] SELECT * FROM `wb_setting` WHERE  `skey` = 'shop_name' LIMIT 1 [ RunTime:0.000243s ]
---------------------------------------------------------------
[2026-04-01T16:51:25+08:00] 127.0.0.1 GET www.jiwankang.com/manage/images/manage.html?action=config&&noCache=1775033485664
[运行时间：0.040380s] [吞吐率：24.76req/s] [内存消耗：4,343.84kb] [文件加载：104]
[ info ] [ LANG ] E:\wwwroot\2026\04\jiwankang\thinkphp\lang\zh-cn.php
[ info ] [ ROUTE ] array (
)
[ info ] [ HEADER ] array (
  'referer' => 'http://www.jiwankang.com/manage/setting/index.html',
  'cookie' => 'PHPSESSID=6ge3q9cob417ort2dkkl8j63da',
  'accept-language' => 'zh-CN,zh;q=0.9',
  'accept-encoding' => 'gzip, deflate',
  'accept' => '*/*',
  'user-agent' => 'Mozilla/5.0 (Windows NT 10.0; Win64; x64) AppleWebKit/537.36 (KHTML, like Gecko) Chrome/146.0.0.0 Safari/537.36',
  'host' => 'www.jiwankang.com',
  'content-length' => '',
  'content-type' => '',
)
[ info ] [ PARAM ] array (
  'action' => 'config',
  'noCache' => '1775033485664',
)
[ info ] [ DB ] INIT mysql
[ sql ] [ DB ] CONNECT:[ UseTime:0.001105s ] mysql:host=127.0.0.1;port=3306;dbname=jiwankang;charset=utf8mb4
[ sql ] [ SQL ] SHOW COLUMNS FROM `wb_setting` [ RunTime:0.000814s ]
[ sql ] [ SQL ] SELECT * FROM `wb_setting` WHERE  `skey` = 'shop_name' LIMIT 1 [ RunTime:0.000474s ]
---------------------------------------------------------------
[2026-04-01T16:51:25+08:00] 127.0.0.1 GET www.jiwankang.com/manage/images/manage.html?action=config&&noCache=1775033485664
[运行时间：0.030136s] [吞吐率：33.18req/s] [内存消耗：4,343.84kb] [文件加载：104]
[ info ] [ LANG ] E:\wwwroot\2026\04\jiwankang\thinkphp\lang\zh-cn.php
[ info ] [ ROUTE ] array (
)
[ info ] [ HEADER ] array (
  'referer' => 'http://www.jiwankang.com/manage/setting/index.html',
  'cookie' => 'PHPSESSID=6ge3q9cob417ort2dkkl8j63da',
  'accept-language' => 'zh-CN,zh;q=0.9',
  'accept-encoding' => 'gzip, deflate',
  'accept' => '*/*',
  'user-agent' => 'Mozilla/5.0 (Windows NT 10.0; Win64; x64) AppleWebKit/537.36 (KHTML, like Gecko) Chrome/146.0.0.0 Safari/537.36',
  'host' => 'www.jiwankang.com',
  'content-length' => '',
  'content-type' => '',
)
[ info ] [ PARAM ] array (
  'action' => 'config',
  'noCache' => '1775033485664',
)
[ info ] [ DB ] INIT mysql
[ sql ] [ DB ] CONNECT:[ UseTime:0.000738s ] mysql:host=127.0.0.1;port=3306;dbname=jiwankang;charset=utf8mb4
[ sql ] [ SQL ] SHOW COLUMNS FROM `wb_setting` [ RunTime:0.000521s ]
[ sql ] [ SQL ] SELECT * FROM `wb_setting` WHERE  `skey` = 'shop_name' LIMIT 1 [ RunTime:0.000246s ]
---------------------------------------------------------------
[2026-04-01T16:56:15+08:00] 127.0.0.1 GET www.jiwankang.com/manage
[运行时间：0.034098s] [吞吐率：29.33req/s] [内存消耗：4,612.34kb] [文件加载：110]
[ info ] [ LANG ] E:\wwwroot\2026\04\jiwankang\thinkphp\lang\zh-cn.php
[ info ] [ ROUTE ] array (
)
[ info ] [ HEADER ] array (
  'upgrade-insecure-requests' => '1',
  'referer' => 'http://www.jiwankang.com/manage/common/login.html',
  'cookie' => 'PHPSESSID=6ge3q9cob417ort2dkkl8j63da',
  'cache-control' => 'max-age=0',
  'accept-language' => 'zh-CN,zh;q=0.9',
  'accept-encoding' => 'gzip, deflate',
  'accept' => 'text/html,application/xhtml+xml,application/xml;q=0.9,image/avif,image/webp,image/apng,*/*;q=0.8,application/signed-exchange;v=b3;q=0.7',
  'user-agent' => 'Mozilla/5.0 (Windows NT 10.0; Win64; x64) AppleWebKit/537.36 (KHTML, like Gecko) Chrome/146.0.0.0 Safari/537.36',
  'host' => 'www.jiwankang.com',
  'content-length' => '',
  'content-type' => '',
)
[ info ] [ PARAM ] array (
)
[ info ] [ DB ] INIT mysql
[ info ] [ VIEW ] E:\wwwroot\2026\04\jiwankang\application\manage\view\index\index.html [ array (
  0 => 'params',
  1 => 'jshopHost',
  2 => 'shop_name',
  3 => 'menu',
  4 => 'kefu',
) ]
[ sql ] [ DB ] CONNECT:[ UseTime:0.000868s ] mysql:host=127.0.0.1;port=3306;dbname=jiwankang;charset=utf8mb4
[ sql ] [ SQL ] SHOW COLUMNS FROM `wb_setting` [ RunTime:0.000797s ]
[ sql ] [ SQL ] SELECT * FROM `wb_setting` WHERE  `skey` = 'shop_name' LIMIT 1 [ RunTime:0.000303s ]
[ sql ] [ SQL ] SELECT * FROM `wb_setting` WHERE  `skey` = 'ent_id' LIMIT 1 [ RunTime:0.000167s ]
[ error ] [8]未定义数组索引: selected[E:\wwwroot\2026\04\jiwankang\runtime\temp\0ebc0da97c722c413af6448a150993b9.php:118]
[ error ] [8]未定义数组索引: selected[E:\wwwroot\2026\04\jiwankang\runtime\temp\0ebc0da97c722c413af6448a150993b9.php:118]
[ error ] [8]未定义数组索引: selected[E:\wwwroot\2026\04\jiwankang\runtime\temp\0ebc0da97c722c413af6448a150993b9.php:118]
[ error ] [8]未定义数组索引: selected[E:\wwwroot\2026\04\jiwankang\runtime\temp\0ebc0da97c722c413af6448a150993b9.php:118]
[ error ] [8]未定义数组索引: selected[E:\wwwroot\2026\04\jiwankang\runtime\temp\0ebc0da97c722c413af6448a150993b9.php:118]
[ error ] [8]未定义数组索引: selected[E:\wwwroot\2026\04\jiwankang\runtime\temp\0ebc0da97c722c413af6448a150993b9.php:118]
[ error ] [8]未定义数组索引: selected[E:\wwwroot\2026\04\jiwankang\runtime\temp\0ebc0da97c722c413af6448a150993b9.php:118]
[ error ] [8]未定义数组索引: selected[E:\wwwroot\2026\04\jiwankang\runtime\temp\0ebc0da97c722c413af6448a150993b9.php:118]
[ error ] [8]未定义数组索引: selected[E:\wwwroot\2026\04\jiwankang\runtime\temp\0ebc0da97c722c413af6448a150993b9.php:118]
[ error ] [8]未定义数组索引: selected[E:\wwwroot\2026\04\jiwankang\runtime\temp\0ebc0da97c722c413af6448a150993b9.php:118]
[ error ] [8]未定义数组索引: selected[E:\wwwroot\2026\04\jiwankang\runtime\temp\0ebc0da97c722c413af6448a150993b9.php:118]
[ error ] [8]未定义数组索引: selected[E:\wwwroot\2026\04\jiwankang\runtime\temp\0ebc0da97c722c413af6448a150993b9.php:118]
[ error ] [8]未定义数组索引: selected[E:\wwwroot\2026\04\jiwankang\runtime\temp\0ebc0da97c722c413af6448a150993b9.php:118]
[ error ] [8]未定义数组索引: selected[E:\wwwroot\2026\04\jiwankang\runtime\temp\0ebc0da97c722c413af6448a150993b9.php:118]
[ error ] [8]未定义数组索引: selected[E:\wwwroot\2026\04\jiwankang\runtime\temp\0ebc0da97c722c413af6448a150993b9.php:118]
[ error ] [8]未定义数组索引: selected[E:\wwwroot\2026\04\jiwankang\runtime\temp\0ebc0da97c722c413af6448a150993b9.php:118]
[ error ] [8]未定义数组索引: selected[E:\wwwroot\2026\04\jiwankang\runtime\temp\0ebc0da97c722c413af6448a150993b9.php:118]
[ error ] [8]未定义数组索引: selected[E:\wwwroot\2026\04\jiwankang\runtime\temp\0ebc0da97c722c413af6448a150993b9.php:118]
[ error ] [8]未定义数组索引: selected[E:\wwwroot\2026\04\jiwankang\runtime\temp\0ebc0da97c722c413af6448a150993b9.php:118]
[ error ] [8]未定义数组索引: selected[E:\wwwroot\2026\04\jiwankang\runtime\temp\0ebc0da97c722c413af6448a150993b9.php:118]
---------------------------------------------------------------
[2026-04-01T16:56:15+08:00] 127.0.0.1 GET www.jiwankang.com/manage/index/welcome.html
[运行时间：0.051409s] [吞吐率：19.45req/s] [内存消耗：5,502.69kb] [文件加载：115]
[ info ] [ LANG ] E:\wwwroot\2026\04\jiwankang\thinkphp\lang\zh-cn.php
[ info ] [ ROUTE ] array (
)
[ info ] [ HEADER ] array (
  'upgrade-insecure-requests' => '1',
  'referer' => 'http://www.jiwankang.com/manage',
  'cookie' => 'PHPSESSID=6ge3q9cob417ort2dkkl8j63da',
  'accept-language' => 'zh-CN,zh;q=0.9',
  'accept-encoding' => 'gzip, deflate',
  'accept' => 'text/html,application/xhtml+xml,application/xml;q=0.9,image/avif,image/webp,image/apng,*/*;q=0.8,application/signed-exchange;v=b3;q=0.7',
  'user-agent' => 'Mozilla/5.0 (Windows NT 10.0; Win64; x64) AppleWebKit/537.36 (KHTML, like Gecko) Chrome/146.0.0.0 Safari/537.36',
  'host' => 'www.jiwankang.com',
  'content-length' => '',
  'content-type' => '',
)
[ info ] [ PARAM ] array (
)
[ info ] [ DB ] INIT mysql
[ info ] [ VIEW ] E:\wwwroot\2026\04\jiwankang\application\manage\view\index\welcome.html [ array (
  0 => 'params',
  1 => 'jshopHost',
  2 => 'shop_name',
  3 => 'unpaid_count',
  4 => 'unship_count',
  5 => 'after_sales_count',
  6 => 'goods_statics',
  7 => 'zijinchi',
  8 => 'todayTyOrder',
  9 => 'allTyOrder',
  10 => 'todayDlOrder',
  11 => 'allDlOrder',
  12 => 'daibutie',
  13 => 'yibutie',
  14 => 'weekByOrder',
) ]
[ sql ] [ DB ] CONNECT:[ UseTime:0.000965s ] mysql:host=127.0.0.1;port=3306;dbname=jiwankang;charset=utf8mb4
[ sql ] [ SQL ] SHOW COLUMNS FROM `wb_setting` [ RunTime:0.000605s ]
[ sql ] [ SQL ] SELECT * FROM `wb_setting` WHERE  `skey` = 'shop_name' LIMIT 1 [ RunTime:0.000147s ]
[ sql ] [ SQL ] SHOW COLUMNS FROM `wb_order` [ RunTime:0.000797s ]
[ sql ] [ SQL ] SELECT COUNT(*) AS tp_count FROM `wb_order` WHERE (  `status` = 1  AND `pay_status` = 1  AND `ship_status` = 1 ) AND `wb_order`.`isdel` IS NULL LIMIT 1 [ RunTime:0.000264s ]
[ sql ] [ SQL ] SELECT COUNT(*) AS tp_count FROM `wb_order` WHERE (  `status` = 1  AND `pay_status` = 2  AND `ship_status` IN (1,2) ) AND `wb_order`.`isdel` IS NULL LIMIT 1 [ RunTime:0.000242s ]
[ sql ] [ SQL ] SHOW COLUMNS FROM `wb_bill_aftersales` [ RunTime:0.000650s ]
[ sql ] [ SQL ] SELECT COUNT(*) AS tp_count FROM `wb_bill_aftersales` WHERE  `status` = 1 LIMIT 1 [ RunTime:0.000265s ]
[ sql ] [ SQL ] SELECT * FROM `wb_setting` WHERE  `skey` = 'shop_name' LIMIT 1 [ RunTime:0.000224s ]
[ sql ] [ SQL ] SHOW COLUMNS FROM `wb_goods` [ RunTime:0.000488s ]
[ sql ] [ SQL ] SELECT COUNT(`id`) AS tp_count FROM `wb_goods` LIMIT 1 [ RunTime:0.000116s ]
[ sql ] [ SQL ] SELECT COUNT(`id`) AS tp_count FROM `wb_goods` WHERE  `marketable` = 1 LIMIT 1 [ RunTime:0.000094s ]
[ sql ] [ SQL ] SELECT COUNT(`id`) AS tp_count FROM `wb_goods` WHERE  `marketable` = 2 LIMIT 1 [ RunTime:0.000073s ]
[ sql ] [ SQL ] SELECT * FROM `wb_setting` WHERE  `skey` = 'goods_stocks_warn' LIMIT 1 [ RunTime:0.000088s ]
[ sql ] [ SQL ] SHOW COLUMNS FROM `wb_products` [ RunTime:0.000316s ]
[ sql ] [ SQL ] SELECT COUNT(*) AS tp_count FROM ( SELECT count(id) AS think_count FROM `wb_products` WHERE  ( IF(stock < freeze_stock, 0, stock - freeze_stock)<10 ) GROUP BY `goods_id` ) `_group_count_` LIMIT 1 [ RunTime:0.000186s ]
[ sql ] [ SQL ] SHOW COLUMNS FROM `wb_money` [ RunTime:0.000244s ]
[ sql ] [ SQL ] SELECT `money` FROM `wb_money` WHERE  `type` = 1 LIMIT 1 [ RunTime:0.000112s ]
[ sql ] [ SQL ] SELECT SUM(`a`.`payed`) AS tp_sum FROM `wb_order` `a` INNER JOIN `wb_order_items` `b` ON `a`.`order_id`=`b`.`order_id` WHERE  `a`.`pay_status` = '2'  AND `a`.`status` < '3'  AND `b`.`cate_id` = '1'  AND `a`.`ctime` BETWEEN '1774972800' AND '1775059200' LIMIT 1 [ RunTime:0.000830s ]
[ sql ] [ SQL ] SELECT SUM(`a`.`payed`) AS tp_sum FROM `wb_order` `a` INNER JOIN `wb_order_items` `b` ON `a`.`order_id`=`b`.`order_id` WHERE  `a`.`pay_status` = '2'  AND `a`.`status` < '3'  AND `b`.`cate_id` = '1' LIMIT 1 [ RunTime:0.000123s ]
[ sql ] [ SQL ] SELECT SUM(`a`.`payed`) AS tp_sum FROM `wb_order` `a` INNER JOIN `wb_order_items` `b` ON `a`.`order_id`=`b`.`order_id` WHERE  `a`.`pay_status` = '2'  AND `a`.`status` < '3'  AND `b`.`cate_id` = '2'  AND `a`.`ctime` BETWEEN '1774972800' AND '1775059200' LIMIT 1 [ RunTime:0.000109s ]
[ sql ] [ SQL ] SELECT SUM(`a`.`payed`) AS tp_sum FROM `wb_order` `a` INNER JOIN `wb_order_items` `b` ON `a`.`order_id`=`b`.`order_id` WHERE  `a`.`pay_status` = '2'  AND `a`.`status` < '3'  AND `b`.`cate_id` = '2' LIMIT 1 [ RunTime:0.000095s ]
[ sql ] [ SQL ] SELECT SUM(`payed`) AS tp_sum FROM `wb_order` WHERE (  `status` < 3  AND `pay_status` = 2  AND `ctime` BETWEEN 1774800000 AND 1775404800 ) AND `wb_order`.`isdel` IS NULL LIMIT 1 [ RunTime:0.000095s ]
[ sql ] [ SQL ] SHOW COLUMNS FROM `wb_user` [ RunTime:0.000344s ]
[ sql ] [ SQL ] SELECT SUM(`butie`) AS tp_sum FROM `wb_user` WHERE `wb_user`.`isdel` IS NULL LIMIT 1 [ RunTime:0.000104s ]
[ sql ] [ SQL ] SELECT SUM(`ybuite`) AS tp_sum FROM `wb_user` WHERE `wb_user`.`isdel` IS NULL LIMIT 1 [ RunTime:0.000070s ]
---------------------------------------------------------------
[2026-04-01T16:56:15+08:00] 127.0.0.1 GET www.jiwankang.com/manage/operation_log/getlastlog.html
[运行时间：0.032890s] [吞吐率：30.40req/s] [内存消耗：4,529.13kb] [文件加载：110]
[ info ] [ LANG ] E:\wwwroot\2026\04\jiwankang\thinkphp\lang\zh-cn.php
[ info ] [ ROUTE ] array (
)
[ info ] [ HEADER ] array (
  'x-requested-with' => 'XMLHttpRequest',
  'referer' => 'http://www.jiwankang.com/manage/index/welcome.html',
  'cookie' => 'PHPSESSID=6ge3q9cob417ort2dkkl8j63da',
  'accept-language' => 'zh-CN,zh;q=0.9',
  'accept-encoding' => 'gzip, deflate',
  'accept' => 'application/json, text/javascript, */*; q=0.01',
  'user-agent' => 'Mozilla/5.0 (Windows NT 10.0; Win64; x64) AppleWebKit/537.36 (KHTML, like Gecko) Chrome/146.0.0.0 Safari/537.36',
  'host' => 'www.jiwankang.com',
  'content-length' => '',
  'content-type' => '',
)
[ info ] [ PARAM ] array (
)
[ info ] [ DB ] INIT mysql
[ sql ] [ DB ] CONNECT:[ UseTime:0.000795s ] mysql:host=127.0.0.1;port=3306;dbname=jiwankang;charset=utf8mb4
[ sql ] [ SQL ] SHOW COLUMNS FROM `wb_setting` [ RunTime:0.000525s ]
[ sql ] [ SQL ] SELECT * FROM `wb_setting` WHERE  `skey` = 'shop_name' LIMIT 1 [ RunTime:0.000207s ]
[ sql ] [ SQL ] SHOW COLUMNS FROM `wb_operation_log` [ RunTime:0.000967s ]
[ sql ] [ SQL ] SELECT COUNT(*) AS tp_count FROM `wb_operation_log` LIMIT 1 [ RunTime:0.000127s ]
[ sql ] [ SQL ] SELECT * FROM `wb_operation_log` ORDER BY `id` DESC LIMIT 0,10 [ RunTime:0.000113s ]
[ sql ] [ SQL ] SHOW COLUMNS FROM `wb_manage` [ RunTime:0.000281s ]
[ sql ] [ SQL ] SELECT * FROM `wb_manage` WHERE  `id` = 13 LIMIT 1 [ RunTime:0.000114s ]
[ sql ] [ SQL ] SELECT * FROM `wb_manage` WHERE  `id` = 13 LIMIT 1 [ RunTime:0.000081s ]
[ sql ] [ SQL ] SELECT * FROM `wb_manage` WHERE  `id` = 13 LIMIT 1 [ RunTime:0.000074s ]
[ sql ] [ SQL ] SELECT * FROM `wb_manage` WHERE  `id` = 13 LIMIT 1 [ RunTime:0.000071s ]
[ sql ] [ SQL ] SELECT * FROM `wb_manage` WHERE  `id` = 13 LIMIT 1 [ RunTime:0.000072s ]
[ sql ] [ SQL ] SELECT * FROM `wb_manage` WHERE  `id` = 13 LIMIT 1 [ RunTime:0.000071s ]
[ sql ] [ SQL ] SELECT * FROM `wb_manage` WHERE  `id` = 13 LIMIT 1 [ RunTime:0.000070s ]
[ sql ] [ SQL ] SELECT * FROM `wb_manage` WHERE  `id` = 13 LIMIT 1 [ RunTime:0.000071s ]
[ sql ] [ SQL ] SELECT * FROM `wb_manage` WHERE  `id` = 13 LIMIT 1 [ RunTime:0.000069s ]
[ sql ] [ SQL ] SELECT * FROM `wb_manage` WHERE  `id` = 13 LIMIT 1 [ RunTime:0.000071s ]
---------------------------------------------------------------
[2026-04-01T16:56:15+08:00] 127.0.0.1 GET www.jiwankang.com/manage/order/statistics.html
[运行时间：0.048137s] [吞吐率：20.77req/s] [内存消耗：4,697.41kb] [文件加载：110]
[ info ] [ LANG ] E:\wwwroot\2026\04\jiwankang\thinkphp\lang\zh-cn.php
[ info ] [ ROUTE ] array (
)
[ info ] [ HEADER ] array (
  'x-requested-with' => 'XMLHttpRequest',
  'referer' => 'http://www.jiwankang.com/manage/index/welcome.html',
  'cookie' => 'PHPSESSID=6ge3q9cob417ort2dkkl8j63da',
  'accept-language' => 'zh-CN,zh;q=0.9',
  'accept-encoding' => 'gzip, deflate',
  'accept' => '*/*',
  'user-agent' => 'Mozilla/5.0 (Windows NT 10.0; Win64; x64) AppleWebKit/537.36 (KHTML, like Gecko) Chrome/146.0.0.0 Safari/537.36',
  'host' => 'www.jiwankang.com',
  'content-length' => '',
  'content-type' => '',
)
[ info ] [ PARAM ] array (
)
[ info ] [ DB ] INIT mysql
[ sql ] [ DB ] CONNECT:[ UseTime:0.000884s ] mysql:host=127.0.0.1;port=3306;dbname=jiwankang;charset=utf8mb4
[ sql ] [ SQL ] SHOW COLUMNS FROM `wb_setting` [ RunTime:0.001638s ]
[ sql ] [ SQL ] SELECT * FROM `wb_setting` WHERE  `skey` = 'shop_name' LIMIT 1 [ RunTime:0.000173s ]
[ sql ] [ SQL ] SHOW COLUMNS FROM `wb_bill_payments` [ RunTime:0.001041s ]
[ sql ] [ SQL ] SELECT count(1) AS `nums`,DATE_FORMAT(FROM_UNIXTIME(ctime),"%Y-%m-%d") AS `day` FROM `wb_bill_payments` WHERE  `status` = 2  AND `type` = 1  AND ( FROM_UNIXTIME(ctime) >= 2026-03-25 ) GROUP BY DATE_FORMAT(FROM_UNIXTIME(ctime),"%Y-%m-%d") [ RunTime:0.000283s ]
[ sql ] [ SQL ] SHOW COLUMNS FROM `wb_bill_delivery` [ RunTime:0.000797s ]
[ sql ] [ SQL ] SELECT count(1) AS `nums`,DATE_FORMAT(FROM_UNIXTIME(ctime),"%Y-%m-%d") AS `day` FROM `wb_bill_delivery` WHERE  ( FROM_UNIXTIME(ctime) >= 2026-03-25 ) GROUP BY DATE_FORMAT(FROM_UNIXTIME(ctime),"%Y-%m-%d") [ RunTime:0.000165s ]
---------------------------------------------------------------
[2026-04-01T16:56:15+08:00] 127.0.0.1 GET www.jiwankang.com/manage/user/statistics.html
[运行时间：0.063765s] [吞吐率：15.68req/s] [内存消耗：5,027.07kb] [文件加载：111]
[ info ] [ LANG ] E:\wwwroot\2026\04\jiwankang\thinkphp\lang\zh-cn.php
[ info ] [ ROUTE ] array (
)
[ info ] [ HEADER ] array (
  'x-requested-with' => 'XMLHttpRequest',
  'referer' => 'http://www.jiwankang.com/manage/index/welcome.html',
  'cookie' => 'PHPSESSID=6ge3q9cob417ort2dkkl8j63da',
  'accept-language' => 'zh-CN,zh;q=0.9',
  'accept-encoding' => 'gzip, deflate',
  'accept' => '*/*',
  'user-agent' => 'Mozilla/5.0 (Windows NT 10.0; Win64; x64) AppleWebKit/537.36 (KHTML, like Gecko) Chrome/146.0.0.0 Safari/537.36',
  'host' => 'www.jiwankang.com',
  'content-length' => '',
  'content-type' => '',
)
[ info ] [ PARAM ] array (
)
[ info ] [ DB ] INIT mysql
[ sql ] [ DB ] CONNECT:[ UseTime:0.000730s ] mysql:host=127.0.0.1;port=3306;dbname=jiwankang;charset=utf8mb4
[ sql ] [ SQL ] SHOW COLUMNS FROM `wb_setting` [ RunTime:0.000555s ]
[ sql ] [ SQL ] SELECT * FROM `wb_setting` WHERE  `skey` = 'shop_name' LIMIT 1 [ RunTime:0.000170s ]
[ sql ] [ SQL ] SHOW COLUMNS FROM `wb_user` [ RunTime:0.000500s ]
[ sql ] [ SQL ] SELECT DATE_FORMAT(from_unixtime(ctime),"%Y-%m-%d") as day, count(*) as nums FROM `wb_user` WHERE (  `ctime` > 1774428975  AND ( TIMESTAMPDIFF(DAY,from_unixtime(ctime),now()) <7 ) ) AND `wb_user`.`isdel` IS NULL GROUP BY DATE_FORMAT(from_unixtime(ctime),"%Y-%m-%d") [ RunTime:0.000207s ]
[ sql ] [ SQL ] SHOW COLUMNS FROM `wb_order` [ RunTime:0.000408s ]
[ sql ] [ SQL ] SELECT COUNT(*) AS tp_count FROM ( SELECT count(*) AS think_count FROM `wb_order` WHERE (  `ctime` < 1775033775  AND `ctime` >= 1774972800 ) AND `wb_order`.`isdel` IS NULL GROUP BY `user_id` ) `_group_count_` LIMIT 1 [ RunTime:0.000179s ]
[ sql ] [ SQL ] SELECT COUNT(*) AS tp_count FROM ( SELECT count(*) AS think_count FROM `wb_order` WHERE (  `ctime` < 1774972799  AND `ctime` >= 1774886400 ) AND `wb_order`.`isdel` IS NULL GROUP BY `user_id` ) `_group_count_` LIMIT 1 [ RunTime:0.000113s ]
[ sql ] [ SQL ] SELECT COUNT(*) AS tp_count FROM ( SELECT count(*) AS think_count FROM `wb_order` WHERE (  `ctime` < 1774886399  AND `ctime` >= 1774800000 ) AND `wb_order`.`isdel` IS NULL GROUP BY `user_id` ) `_group_count_` LIMIT 1 [ RunTime:0.000098s ]
[ sql ] [ SQL ] SELECT COUNT(*) AS tp_count FROM ( SELECT count(*) AS think_count FROM `wb_order` WHERE (  `ctime` < 1774799999  AND `ctime` >= 1774713600 ) AND `wb_order`.`isdel` IS NULL GROUP BY `user_id` ) `_group_count_` LIMIT 1 [ RunTime:0.000094s ]
[ sql ] [ SQL ] SELECT COUNT(*) AS tp_count FROM ( SELECT count(*) AS think_count FROM `wb_order` WHERE (  `ctime` < 1774713599  AND `ctime` >= 1774627200 ) AND `wb_order`.`isdel` IS NULL GROUP BY `user_id` ) `_group_count_` LIMIT 1 [ RunTime:0.000090s ]
[ sql ] [ SQL ] SELECT COUNT(*) AS tp_count FROM ( SELECT count(*) AS think_count FROM `wb_order` WHERE (  `ctime` < 1774627199  AND `ctime` >= 1774540800 ) AND `wb_order`.`isdel` IS NULL GROUP BY `user_id` ) `_group_count_` LIMIT 1 [ RunTime:0.000089s ]
[ sql ] [ SQL ] SELECT COUNT(*) AS tp_count FROM ( SELECT count(*) AS think_count FROM `wb_order` WHERE (  `ctime` < 1774540799  AND `ctime` >= 1774454400 ) AND `wb_order`.`isdel` IS NULL GROUP BY `user_id` ) `_group_count_` LIMIT 1 [ RunTime:0.000089s ]
---------------------------------------------------------------
[2026-04-01T16:56:15+08:00] 127.0.0.1 GET www.jiwankang.com/manage/administrator/userloglist/state/1.html
[运行时间：0.078255s] [吞吐率：12.78req/s] [内存消耗：4,573.75kb] [文件加载：110]
[ info ] [ LANG ] E:\wwwroot\2026\04\jiwankang\thinkphp\lang\zh-cn.php
[ info ] [ ROUTE ] array (
)
[ info ] [ HEADER ] array (
  'x-requested-with' => 'XMLHttpRequest',
  'referer' => 'http://www.jiwankang.com/manage/index/welcome.html',
  'cookie' => 'PHPSESSID=6ge3q9cob417ort2dkkl8j63da',
  'accept-language' => 'zh-CN,zh;q=0.9',
  'accept-encoding' => 'gzip, deflate',
  'accept' => '*/*',
  'user-agent' => 'Mozilla/5.0 (Windows NT 10.0; Win64; x64) AppleWebKit/537.36 (KHTML, like Gecko) Chrome/146.0.0.0 Safari/537.36',
  'host' => 'www.jiwankang.com',
  'content-length' => '',
  'content-type' => '',
)
[ info ] [ PARAM ] array (
  'state' => '1',
)
[ info ] [ DB ] INIT mysql
[ sql ] [ DB ] CONNECT:[ UseTime:0.000636s ] mysql:host=127.0.0.1;port=3306;dbname=jiwankang;charset=utf8mb4
[ sql ] [ SQL ] SHOW COLUMNS FROM `wb_setting` [ RunTime:0.000476s ]
[ sql ] [ SQL ] SELECT * FROM `wb_setting` WHERE  `skey` = 'shop_name' LIMIT 1 [ RunTime:0.000160s ]
[ sql ] [ SQL ] SHOW COLUMNS FROM `wb_user_log` [ RunTime:0.000600s ]
[ sql ] [ SQL ] SELECT COUNT(*) AS tp_count FROM `wb_user_log` WHERE  `state` = 1  AND `type` = 2 LIMIT 1 [ RunTime:0.000205s ]
[ sql ] [ SQL ] SELECT * FROM `wb_user_log` WHERE  `state` = 1  AND `type` = 2 ORDER BY `ctime` DESC LIMIT 0,10 [ RunTime:0.000131s ]
[ sql ] [ SQL ] SHOW COLUMNS FROM `wb_manage` [ RunTime:0.000429s ]
[ sql ] [ SQL ] SELECT `id`,`username`,`nickname`,`mobile` FROM `wb_manage` WHERE  `id` = 13 LIMIT 1 [ RunTime:0.000141s ]
[ sql ] [ SQL ] SELECT `id`,`username`,`nickname`,`mobile` FROM `wb_manage` WHERE  `id` = 13 LIMIT 1 [ RunTime:0.000086s ]
[ sql ] [ SQL ] SELECT `id`,`username`,`nickname`,`mobile` FROM `wb_manage` WHERE  `id` = 13 LIMIT 1 [ RunTime:0.000073s ]
[ sql ] [ SQL ] SELECT `id`,`username`,`nickname`,`mobile` FROM `wb_manage` WHERE  `id` = 13 LIMIT 1 [ RunTime:0.000072s ]
---------------------------------------------------------------
[2026-04-01T16:56:16+08:00] 127.0.0.1 GET www.jiwankang.com/manage/setting/index.html
[运行时间：0.039164s] [吞吐率：25.53req/s] [内存消耗：5,099.72kb] [文件加载：113]
[ info ] [ LANG ] E:\wwwroot\2026\04\jiwankang\thinkphp\lang\zh-cn.php
[ info ] [ ROUTE ] array (
)
[ info ] [ HEADER ] array (
  'upgrade-insecure-requests' => '1',
  'referer' => 'http://www.jiwankang.com/manage',
  'cookie' => 'PHPSESSID=6ge3q9cob417ort2dkkl8j63da',
  'accept-language' => 'zh-CN,zh;q=0.9',
  'accept-encoding' => 'gzip, deflate',
  'accept' => 'text/html,application/xhtml+xml,application/xml;q=0.9,image/avif,image/webp,image/apng,*/*;q=0.8,application/signed-exchange;v=b3;q=0.7',
  'user-agent' => 'Mozilla/5.0 (Windows NT 10.0; Win64; x64) AppleWebKit/537.36 (KHTML, like Gecko) Chrome/146.0.0.0 Safari/537.36',
  'host' => 'www.jiwankang.com',
  'content-length' => '',
  'content-type' => '',
)
[ info ] [ PARAM ] array (
)
[ info ] [ DB ] INIT mysql
[ info ] [ VIEW ] E:\wwwroot\2026\04\jiwankang\application\manage\view\setting\index.html [ array (
  0 => 'params',
  1 => 'jshopHost',
  2 => 'shop_name',
  3 => 'data',
) ]
[ sql ] [ DB ] CONNECT:[ UseTime:0.000620s ] mysql:host=127.0.0.1;port=3306;dbname=jiwankang;charset=utf8mb4
[ sql ] [ SQL ] SHOW COLUMNS FROM `wb_setting` [ RunTime:0.000458s ]
[ sql ] [ SQL ] SELECT * FROM `wb_setting` WHERE  `skey` = 'shop_name' LIMIT 1 [ RunTime:0.000139s ]
[ sql ] [ SQL ] SELECT * FROM `wb_setting` [ RunTime:0.000131s ]
[ sql ] [ SQL ] SELECT * FROM `wb_setting` WHERE  `skey` = 'shop_default_image' LIMIT 1 [ RunTime:0.000397s ]
---------------------------------------------------------------
[2026-04-01T16:56:16+08:00] 127.0.0.1 GET www.jiwankang.com/manage/images/manage.html?action=config&&noCache=1775033776502
[运行时间：0.056021s] [吞吐率：17.85req/s] [内存消耗：4,343.84kb] [文件加载：104]
[ info ] [ LANG ] E:\wwwroot\2026\04\jiwankang\thinkphp\lang\zh-cn.php
[ info ] [ ROUTE ] array (
)
[ info ] [ HEADER ] array (
  'referer' => 'http://www.jiwankang.com/manage/setting/index.html',
  'cookie' => 'PHPSESSID=6ge3q9cob417ort2dkkl8j63da',
  'accept-language' => 'zh-CN,zh;q=0.9',
  'accept-encoding' => 'gzip, deflate',
  'accept' => '*/*',
  'user-agent' => 'Mozilla/5.0 (Windows NT 10.0; Win64; x64) AppleWebKit/537.36 (KHTML, like Gecko) Chrome/146.0.0.0 Safari/537.36',
  'host' => 'www.jiwankang.com',
  'content-length' => '',
  'content-type' => '',
)
[ info ] [ PARAM ] array (
  'action' => 'config',
  'noCache' => '1775033776502',
)
[ info ] [ DB ] INIT mysql
[ sql ] [ DB ] CONNECT:[ UseTime:0.003807s ] mysql:host=127.0.0.1;port=3306;dbname=jiwankang;charset=utf8mb4
[ sql ] [ SQL ] SHOW COLUMNS FROM `wb_setting` [ RunTime:0.001385s ]
[ sql ] [ SQL ] SELECT * FROM `wb_setting` WHERE  `skey` = 'shop_name' LIMIT 1 [ RunTime:0.000426s ]
---------------------------------------------------------------
[2026-04-01T16:56:16+08:00] 127.0.0.1 GET www.jiwankang.com/manage/images/manage.html?action=config&&noCache=1775033776503
[运行时间：0.078122s] [吞吐率：12.80req/s] [内存消耗：4,343.84kb] [文件加载：104]
[ info ] [ LANG ] E:\wwwroot\2026\04\jiwankang\thinkphp\lang\zh-cn.php
[ info ] [ ROUTE ] array (
)
[ info ] [ HEADER ] array (
  'referer' => 'http://www.jiwankang.com/manage/setting/index.html',
  'cookie' => 'PHPSESSID=6ge3q9cob417ort2dkkl8j63da',
  'accept-language' => 'zh-CN,zh;q=0.9',
  'accept-encoding' => 'gzip, deflate',
  'accept' => '*/*',
  'user-agent' => 'Mozilla/5.0 (Windows NT 10.0; Win64; x64) AppleWebKit/537.36 (KHTML, like Gecko) Chrome/146.0.0.0 Safari/537.36',
  'host' => 'www.jiwankang.com',
  'content-length' => '',
  'content-type' => '',
)
[ info ] [ PARAM ] array (
  'action' => 'config',
  'noCache' => '1775033776503',
)
[ info ] [ DB ] INIT mysql
[ sql ] [ DB ] CONNECT:[ UseTime:0.001727s ] mysql:host=127.0.0.1;port=3306;dbname=jiwankang;charset=utf8mb4
[ sql ] [ SQL ] SHOW COLUMNS FROM `wb_setting` [ RunTime:0.003057s ]
[ sql ] [ SQL ] SELECT * FROM `wb_setting` WHERE  `skey` = 'shop_name' LIMIT 1 [ RunTime:0.000704s ]
---------------------------------------------------------------
[2026-04-01T16:56:16+08:00] 127.0.0.1 GET www.jiwankang.com/manage/images/manage.html?action=config&&noCache=1775033776502
[运行时间：0.045601s] [吞吐率：21.93req/s] [内存消耗：4,343.84kb] [文件加载：104]
[ info ] [ LANG ] E:\wwwroot\2026\04\jiwankang\thinkphp\lang\zh-cn.php
[ info ] [ ROUTE ] array (
)
[ info ] [ HEADER ] array (
  'referer' => 'http://www.jiwankang.com/manage/setting/index.html',
  'cookie' => 'PHPSESSID=6ge3q9cob417ort2dkkl8j63da',
  'accept-language' => 'zh-CN,zh;q=0.9',
  'accept-encoding' => 'gzip, deflate',
  'accept' => '*/*',
  'user-agent' => 'Mozilla/5.0 (Windows NT 10.0; Win64; x64) AppleWebKit/537.36 (KHTML, like Gecko) Chrome/146.0.0.0 Safari/537.36',
  'host' => 'www.jiwankang.com',
  'content-length' => '',
  'content-type' => '',
)
[ info ] [ PARAM ] array (
  'action' => 'config',
  'noCache' => '1775033776502',
)
[ info ] [ DB ] INIT mysql
[ sql ] [ DB ] CONNECT:[ UseTime:0.000967s ] mysql:host=127.0.0.1;port=3306;dbname=jiwankang;charset=utf8mb4
[ sql ] [ SQL ] SHOW COLUMNS FROM `wb_setting` [ RunTime:0.000655s ]
[ sql ] [ SQL ] SELECT * FROM `wb_setting` WHERE  `skey` = 'shop_name' LIMIT 1 [ RunTime:0.000184s ]
---------------------------------------------------------------
[2026-04-01T16:56:42+08:00] 127.0.0.1 GET www.jiwankang.com/manage
[运行时间：0.045103s] [吞吐率：22.17req/s] [内存消耗：4,612.34kb] [文件加载：110]
[ info ] [ LANG ] E:\wwwroot\2026\04\jiwankang\thinkphp\lang\zh-cn.php
[ info ] [ ROUTE ] array (
)
[ info ] [ HEADER ] array (
  'upgrade-insecure-requests' => '1',
  'referer' => 'http://www.jiwankang.com/manage/common/login.html',
  'cookie' => 'PHPSESSID=6ge3q9cob417ort2dkkl8j63da',
  'cache-control' => 'max-age=0',
  'accept-language' => 'zh-CN,zh;q=0.9',
  'accept-encoding' => 'gzip, deflate',
  'accept' => 'text/html,application/xhtml+xml,application/xml;q=0.9,image/avif,image/webp,image/apng,*/*;q=0.8,application/signed-exchange;v=b3;q=0.7',
  'user-agent' => 'Mozilla/5.0 (Windows NT 10.0; Win64; x64) AppleWebKit/537.36 (KHTML, like Gecko) Chrome/146.0.0.0 Safari/537.36',
  'host' => 'www.jiwankang.com',
  'content-length' => '',
  'content-type' => '',
)
[ info ] [ PARAM ] array (
)
[ info ] [ DB ] INIT mysql
[ info ] [ VIEW ] E:\wwwroot\2026\04\jiwankang\application\manage\view\index\index.html [ array (
  0 => 'params',
  1 => 'jshopHost',
  2 => 'shop_name',
  3 => 'menu',
  4 => 'kefu',
) ]
[ sql ] [ DB ] CONNECT:[ UseTime:0.015678s ] mysql:host=127.0.0.1;port=3306;dbname=jiwankang;charset=utf8mb4
[ sql ] [ SQL ] SHOW COLUMNS FROM `wb_setting` [ RunTime:0.001113s ]
[ sql ] [ SQL ] SELECT * FROM `wb_setting` WHERE  `skey` = 'shop_name' LIMIT 1 [ RunTime:0.000637s ]
[ sql ] [ SQL ] SELECT * FROM `wb_setting` WHERE  `skey` = 'ent_id' LIMIT 1 [ RunTime:0.000409s ]
[ error ] [8]未定义数组索引: selected[E:\wwwroot\2026\04\jiwankang\runtime\temp\0ebc0da97c722c413af6448a150993b9.php:118]
[ error ] [8]未定义数组索引: selected[E:\wwwroot\2026\04\jiwankang\runtime\temp\0ebc0da97c722c413af6448a150993b9.php:118]
[ error ] [8]未定义数组索引: selected[E:\wwwroot\2026\04\jiwankang\runtime\temp\0ebc0da97c722c413af6448a150993b9.php:118]
[ error ] [8]未定义数组索引: selected[E:\wwwroot\2026\04\jiwankang\runtime\temp\0ebc0da97c722c413af6448a150993b9.php:118]
[ error ] [8]未定义数组索引: selected[E:\wwwroot\2026\04\jiwankang\runtime\temp\0ebc0da97c722c413af6448a150993b9.php:118]
[ error ] [8]未定义数组索引: selected[E:\wwwroot\2026\04\jiwankang\runtime\temp\0ebc0da97c722c413af6448a150993b9.php:118]
[ error ] [8]未定义数组索引: selected[E:\wwwroot\2026\04\jiwankang\runtime\temp\0ebc0da97c722c413af6448a150993b9.php:118]
[ error ] [8]未定义数组索引: selected[E:\wwwroot\2026\04\jiwankang\runtime\temp\0ebc0da97c722c413af6448a150993b9.php:118]
[ error ] [8]未定义数组索引: selected[E:\wwwroot\2026\04\jiwankang\runtime\temp\0ebc0da97c722c413af6448a150993b9.php:118]
[ error ] [8]未定义数组索引: selected[E:\wwwroot\2026\04\jiwankang\runtime\temp\0ebc0da97c722c413af6448a150993b9.php:118]
[ error ] [8]未定义数组索引: selected[E:\wwwroot\2026\04\jiwankang\runtime\temp\0ebc0da97c722c413af6448a150993b9.php:118]
[ error ] [8]未定义数组索引: selected[E:\wwwroot\2026\04\jiwankang\runtime\temp\0ebc0da97c722c413af6448a150993b9.php:118]
[ error ] [8]未定义数组索引: selected[E:\wwwroot\2026\04\jiwankang\runtime\temp\0ebc0da97c722c413af6448a150993b9.php:118]
[ error ] [8]未定义数组索引: selected[E:\wwwroot\2026\04\jiwankang\runtime\temp\0ebc0da97c722c413af6448a150993b9.php:118]
[ error ] [8]未定义数组索引: selected[E:\wwwroot\2026\04\jiwankang\runtime\temp\0ebc0da97c722c413af6448a150993b9.php:118]
[ error ] [8]未定义数组索引: selected[E:\wwwroot\2026\04\jiwankang\runtime\temp\0ebc0da97c722c413af6448a150993b9.php:118]
[ error ] [8]未定义数组索引: selected[E:\wwwroot\2026\04\jiwankang\runtime\temp\0ebc0da97c722c413af6448a150993b9.php:118]
[ error ] [8]未定义数组索引: selected[E:\wwwroot\2026\04\jiwankang\runtime\temp\0ebc0da97c722c413af6448a150993b9.php:118]
[ error ] [8]未定义数组索引: selected[E:\wwwroot\2026\04\jiwankang\runtime\temp\0ebc0da97c722c413af6448a150993b9.php:118]
[ error ] [8]未定义数组索引: selected[E:\wwwroot\2026\04\jiwankang\runtime\temp\0ebc0da97c722c413af6448a150993b9.php:118]
---------------------------------------------------------------
[2026-04-01T16:56:42+08:00] 127.0.0.1 GET www.jiwankang.com/manage/index/welcome.html
[运行时间：0.043171s] [吞吐率：23.16req/s] [内存消耗：5,502.69kb] [文件加载：115]
[ info ] [ LANG ] E:\wwwroot\2026\04\jiwankang\thinkphp\lang\zh-cn.php
[ info ] [ ROUTE ] array (
)
[ info ] [ HEADER ] array (
  'upgrade-insecure-requests' => '1',
  'referer' => 'http://www.jiwankang.com/manage',
  'cookie' => 'PHPSESSID=6ge3q9cob417ort2dkkl8j63da',
  'accept-language' => 'zh-CN,zh;q=0.9',
  'accept-encoding' => 'gzip, deflate',
  'accept' => 'text/html,application/xhtml+xml,application/xml;q=0.9,image/avif,image/webp,image/apng,*/*;q=0.8,application/signed-exchange;v=b3;q=0.7',
  'user-agent' => 'Mozilla/5.0 (Windows NT 10.0; Win64; x64) AppleWebKit/537.36 (KHTML, like Gecko) Chrome/146.0.0.0 Safari/537.36',
  'host' => 'www.jiwankang.com',
  'content-length' => '',
  'content-type' => '',
)
[ info ] [ PARAM ] array (
)
[ info ] [ DB ] INIT mysql
[ info ] [ VIEW ] E:\wwwroot\2026\04\jiwankang\application\manage\view\index\welcome.html [ array (
  0 => 'params',
  1 => 'jshopHost',
  2 => 'shop_name',
  3 => 'unpaid_count',
  4 => 'unship_count',
  5 => 'after_sales_count',
  6 => 'goods_statics',
  7 => 'zijinchi',
  8 => 'todayTyOrder',
  9 => 'allTyOrder',
  10 => 'todayDlOrder',
  11 => 'allDlOrder',
  12 => 'daibutie',
  13 => 'yibutie',
  14 => 'weekByOrder',
) ]
[ sql ] [ DB ] CONNECT:[ UseTime:0.000832s ] mysql:host=127.0.0.1;port=3306;dbname=jiwankang;charset=utf8mb4
[ sql ] [ SQL ] SHOW COLUMNS FROM `wb_setting` [ RunTime:0.000596s ]
[ sql ] [ SQL ] SELECT * FROM `wb_setting` WHERE  `skey` = 'shop_name' LIMIT 1 [ RunTime:0.000444s ]
[ sql ] [ SQL ] SHOW COLUMNS FROM `wb_order` [ RunTime:0.001003s ]
[ sql ] [ SQL ] SELECT COUNT(*) AS tp_count FROM `wb_order` WHERE (  `status` = 1  AND `pay_status` = 1  AND `ship_status` = 1 ) AND `wb_order`.`isdel` IS NULL LIMIT 1 [ RunTime:0.000282s ]
[ sql ] [ SQL ] SELECT COUNT(*) AS tp_count FROM `wb_order` WHERE (  `status` = 1  AND `pay_status` = 2  AND `ship_status` IN (1,2) ) AND `wb_order`.`isdel` IS NULL LIMIT 1 [ RunTime:0.000154s ]
[ sql ] [ SQL ] SHOW COLUMNS FROM `wb_bill_aftersales` [ RunTime:0.000380s ]
[ sql ] [ SQL ] SELECT COUNT(*) AS tp_count FROM `wb_bill_aftersales` WHERE  `status` = 1 LIMIT 1 [ RunTime:0.000115s ]
[ sql ] [ SQL ] SELECT * FROM `wb_setting` WHERE  `skey` = 'shop_name' LIMIT 1 [ RunTime:0.000149s ]
[ sql ] [ SQL ] SHOW COLUMNS FROM `wb_goods` [ RunTime:0.000390s ]
[ sql ] [ SQL ] SELECT COUNT(`id`) AS tp_count FROM `wb_goods` LIMIT 1 [ RunTime:0.000103s ]
[ sql ] [ SQL ] SELECT COUNT(`id`) AS tp_count FROM `wb_goods` WHERE  `marketable` = 1 LIMIT 1 [ RunTime:0.000091s ]
[ sql ] [ SQL ] SELECT COUNT(`id`) AS tp_count FROM `wb_goods` WHERE  `marketable` = 2 LIMIT 1 [ RunTime:0.000218s ]
[ sql ] [ SQL ] SELECT * FROM `wb_setting` WHERE  `skey` = 'goods_stocks_warn' LIMIT 1 [ RunTime:0.000148s ]
[ sql ] [ SQL ] SHOW COLUMNS FROM `wb_products` [ RunTime:0.000466s ]
[ sql ] [ SQL ] SELECT COUNT(*) AS tp_count FROM ( SELECT count(id) AS think_count FROM `wb_products` WHERE  ( IF(stock < freeze_stock, 0, stock - freeze_stock)<10 ) GROUP BY `goods_id` ) `_group_count_` LIMIT 1 [ RunTime:0.000215s ]
[ sql ] [ SQL ] SHOW COLUMNS FROM `wb_money` [ RunTime:0.000298s ]
[ sql ] [ SQL ] SELECT `money` FROM `wb_money` WHERE  `type` = 1 LIMIT 1 [ RunTime:0.000141s ]
[ sql ] [ SQL ] SELECT SUM(`a`.`payed`) AS tp_sum FROM `wb_order` `a` INNER JOIN `wb_order_items` `b` ON `a`.`order_id`=`b`.`order_id` WHERE  `a`.`pay_status` = '2'  AND `a`.`status` < '3'  AND `b`.`cate_id` = '1'  AND `a`.`ctime` BETWEEN '1774972800' AND '1775059200' LIMIT 1 [ RunTime:0.000813s ]
[ sql ] [ SQL ] SELECT SUM(`a`.`payed`) AS tp_sum FROM `wb_order` `a` INNER JOIN `wb_order_items` `b` ON `a`.`order_id`=`b`.`order_id` WHERE  `a`.`pay_status` = '2'  AND `a`.`status` < '3'  AND `b`.`cate_id` = '1' LIMIT 1 [ RunTime:0.000128s ]
[ sql ] [ SQL ] SELECT SUM(`a`.`payed`) AS tp_sum FROM `wb_order` `a` INNER JOIN `wb_order_items` `b` ON `a`.`order_id`=`b`.`order_id` WHERE  `a`.`pay_status` = '2'  AND `a`.`status` < '3'  AND `b`.`cate_id` = '2'  AND `a`.`ctime` BETWEEN '1774972800' AND '1775059200' LIMIT 1 [ RunTime:0.000112s ]
[ sql ] [ SQL ] SELECT SUM(`a`.`payed`) AS tp_sum FROM `wb_order` `a` INNER JOIN `wb_order_items` `b` ON `a`.`order_id`=`b`.`order_id` WHERE  `a`.`pay_status` = '2'  AND `a`.`status` < '3'  AND `b`.`cate_id` = '2' LIMIT 1 [ RunTime:0.000101s ]
[ sql ] [ SQL ] SELECT SUM(`payed`) AS tp_sum FROM `wb_order` WHERE (  `status` < 3  AND `pay_status` = 2  AND `ctime` BETWEEN 1774800000 AND 1775404800 ) AND `wb_order`.`isdel` IS NULL LIMIT 1 [ RunTime:0.000095s ]
[ sql ] [ SQL ] SHOW COLUMNS FROM `wb_user` [ RunTime:0.000344s ]
[ sql ] [ SQL ] SELECT SUM(`butie`) AS tp_sum FROM `wb_user` WHERE `wb_user`.`isdel` IS NULL LIMIT 1 [ RunTime:0.000095s ]
[ sql ] [ SQL ] SELECT SUM(`ybuite`) AS tp_sum FROM `wb_user` WHERE `wb_user`.`isdel` IS NULL LIMIT 1 [ RunTime:0.000083s ]
---------------------------------------------------------------
[2026-04-01T16:56:42+08:00] 127.0.0.1 GET www.jiwankang.com/manage/administrator/userloglist/state/1.html
[运行时间：0.037370s] [吞吐率：26.76req/s] [内存消耗：4,573.75kb] [文件加载：110]
[ info ] [ LANG ] E:\wwwroot\2026\04\jiwankang\thinkphp\lang\zh-cn.php
[ info ] [ ROUTE ] array (
)
[ info ] [ HEADER ] array (
  'x-requested-with' => 'XMLHttpRequest',
  'referer' => 'http://www.jiwankang.com/manage/index/welcome.html',
  'cookie' => 'PHPSESSID=6ge3q9cob417ort2dkkl8j63da',
  'accept-language' => 'zh-CN,zh;q=0.9',
  'accept-encoding' => 'gzip, deflate',
  'accept' => '*/*',
  'user-agent' => 'Mozilla/5.0 (Windows NT 10.0; Win64; x64) AppleWebKit/537.36 (KHTML, like Gecko) Chrome/146.0.0.0 Safari/537.36',
  'host' => 'www.jiwankang.com',
  'content-length' => '',
  'content-type' => '',
)
[ info ] [ PARAM ] array (
  'state' => '1',
)
[ info ] [ DB ] INIT mysql
[ sql ] [ DB ] CONNECT:[ UseTime:0.000756s ] mysql:host=127.0.0.1;port=3306;dbname=jiwankang;charset=utf8mb4
[ sql ] [ SQL ] SHOW COLUMNS FROM `wb_setting` [ RunTime:0.000460s ]
[ sql ] [ SQL ] SELECT * FROM `wb_setting` WHERE  `skey` = 'shop_name' LIMIT 1 [ RunTime:0.000143s ]
[ sql ] [ SQL ] SHOW COLUMNS FROM `wb_user_log` [ RunTime:0.000677s ]
[ sql ] [ SQL ] SELECT COUNT(*) AS tp_count FROM `wb_user_log` WHERE  `state` = 1  AND `type` = 2 LIMIT 1 [ RunTime:0.000199s ]
[ sql ] [ SQL ] SELECT * FROM `wb_user_log` WHERE  `state` = 1  AND `type` = 2 ORDER BY `ctime` DESC LIMIT 0,10 [ RunTime:0.000227s ]
[ sql ] [ SQL ] SHOW COLUMNS FROM `wb_manage` [ RunTime:0.000484s ]
[ sql ] [ SQL ] SELECT `id`,`username`,`nickname`,`mobile` FROM `wb_manage` WHERE  `id` = 13 LIMIT 1 [ RunTime:0.000129s ]
[ sql ] [ SQL ] SELECT `id`,`username`,`nickname`,`mobile` FROM `wb_manage` WHERE  `id` = 13 LIMIT 1 [ RunTime:0.000242s ]
[ sql ] [ SQL ] SELECT `id`,`username`,`nickname`,`mobile` FROM `wb_manage` WHERE  `id` = 13 LIMIT 1 [ RunTime:0.000181s ]
[ sql ] [ SQL ] SELECT `id`,`username`,`nickname`,`mobile` FROM `wb_manage` WHERE  `id` = 13 LIMIT 1 [ RunTime:0.000172s ]
---------------------------------------------------------------
[2026-04-01T16:56:42+08:00] 127.0.0.1 GET www.jiwankang.com/manage/operation_log/getlastlog.html
[运行时间：0.052119s] [吞吐率：19.19req/s] [内存消耗：4,529.13kb] [文件加载：110]
[ info ] [ LANG ] E:\wwwroot\2026\04\jiwankang\thinkphp\lang\zh-cn.php
[ info ] [ ROUTE ] array (
)
[ info ] [ HEADER ] array (
  'x-requested-with' => 'XMLHttpRequest',
  'referer' => 'http://www.jiwankang.com/manage/index/welcome.html',
  'cookie' => 'PHPSESSID=6ge3q9cob417ort2dkkl8j63da',
  'accept-language' => 'zh-CN,zh;q=0.9',
  'accept-encoding' => 'gzip, deflate',
  'accept' => 'application/json, text/javascript, */*; q=0.01',
  'user-agent' => 'Mozilla/5.0 (Windows NT 10.0; Win64; x64) AppleWebKit/537.36 (KHTML, like Gecko) Chrome/146.0.0.0 Safari/537.36',
  'host' => 'www.jiwankang.com',
  'content-length' => '',
  'content-type' => '',
)
[ info ] [ PARAM ] array (
)
[ info ] [ DB ] INIT mysql
[ sql ] [ DB ] CONNECT:[ UseTime:0.000885s ] mysql:host=127.0.0.1;port=3306;dbname=jiwankang;charset=utf8mb4
[ sql ] [ SQL ] SHOW COLUMNS FROM `wb_setting` [ RunTime:0.000590s ]
[ sql ] [ SQL ] SELECT * FROM `wb_setting` WHERE  `skey` = 'shop_name' LIMIT 1 [ RunTime:0.000280s ]
[ sql ] [ SQL ] SHOW COLUMNS FROM `wb_operation_log` [ RunTime:0.000392s ]
[ sql ] [ SQL ] SELECT COUNT(*) AS tp_count FROM `wb_operation_log` LIMIT 1 [ RunTime:0.000165s ]
[ sql ] [ SQL ] SELECT * FROM `wb_operation_log` ORDER BY `id` DESC LIMIT 0,10 [ RunTime:0.000123s ]
[ sql ] [ SQL ] SHOW COLUMNS FROM `wb_manage` [ RunTime:0.000331s ]
[ sql ] [ SQL ] SELECT * FROM `wb_manage` WHERE  `id` = 13 LIMIT 1 [ RunTime:0.000123s ]
[ sql ] [ SQL ] SELECT * FROM `wb_manage` WHERE  `id` = 13 LIMIT 1 [ RunTime:0.000087s ]
[ sql ] [ SQL ] SELECT * FROM `wb_manage` WHERE  `id` = 13 LIMIT 1 [ RunTime:0.000075s ]
[ sql ] [ SQL ] SELECT * FROM `wb_manage` WHERE  `id` = 13 LIMIT 1 [ RunTime:0.000073s ]
[ sql ] [ SQL ] SELECT * FROM `wb_manage` WHERE  `id` = 13 LIMIT 1 [ RunTime:0.000152s ]
[ sql ] [ SQL ] SELECT * FROM `wb_manage` WHERE  `id` = 13 LIMIT 1 [ RunTime:0.000242s ]
[ sql ] [ SQL ] SELECT * FROM `wb_manage` WHERE  `id` = 13 LIMIT 1 [ RunTime:0.000194s ]
[ sql ] [ SQL ] SELECT * FROM `wb_manage` WHERE  `id` = 13 LIMIT 1 [ RunTime:0.000283s ]
[ sql ] [ SQL ] SELECT * FROM `wb_manage` WHERE  `id` = 13 LIMIT 1 [ RunTime:0.000170s ]
[ sql ] [ SQL ] SELECT * FROM `wb_manage` WHERE  `id` = 13 LIMIT 1 [ RunTime:0.000094s ]
---------------------------------------------------------------
[2026-04-01T16:56:42+08:00] 127.0.0.1 GET www.jiwankang.com/manage/user/statistics.html
[运行时间：0.062485s] [吞吐率：16.00req/s] [内存消耗：5,027.07kb] [文件加载：111]
[ info ] [ LANG ] E:\wwwroot\2026\04\jiwankang\thinkphp\lang\zh-cn.php
[ info ] [ ROUTE ] array (
)
[ info ] [ HEADER ] array (
  'x-requested-with' => 'XMLHttpRequest',
  'referer' => 'http://www.jiwankang.com/manage/index/welcome.html',
  'cookie' => 'PHPSESSID=6ge3q9cob417ort2dkkl8j63da',
  'accept-language' => 'zh-CN,zh;q=0.9',
  'accept-encoding' => 'gzip, deflate',
  'accept' => '*/*',
  'user-agent' => 'Mozilla/5.0 (Windows NT 10.0; Win64; x64) AppleWebKit/537.36 (KHTML, like Gecko) Chrome/146.0.0.0 Safari/537.36',
  'host' => 'www.jiwankang.com',
  'content-length' => '',
  'content-type' => '',
)
[ info ] [ PARAM ] array (
)
[ info ] [ DB ] INIT mysql
[ sql ] [ DB ] CONNECT:[ UseTime:0.000990s ] mysql:host=127.0.0.1;port=3306;dbname=jiwankang;charset=utf8mb4
[ sql ] [ SQL ] SHOW COLUMNS FROM `wb_setting` [ RunTime:0.000755s ]
[ sql ] [ SQL ] SELECT * FROM `wb_setting` WHERE  `skey` = 'shop_name' LIMIT 1 [ RunTime:0.000314s ]
[ sql ] [ SQL ] SHOW COLUMNS FROM `wb_user` [ RunTime:0.000506s ]
[ sql ] [ SQL ] SELECT DATE_FORMAT(from_unixtime(ctime),"%Y-%m-%d") as day, count(*) as nums FROM `wb_user` WHERE (  `ctime` > 1774429002  AND ( TIMESTAMPDIFF(DAY,from_unixtime(ctime),now()) <7 ) ) AND `wb_user`.`isdel` IS NULL GROUP BY DATE_FORMAT(from_unixtime(ctime),"%Y-%m-%d") [ RunTime:0.000209s ]
[ sql ] [ SQL ] SHOW COLUMNS FROM `wb_order` [ RunTime:0.000556s ]
[ sql ] [ SQL ] SELECT COUNT(*) AS tp_count FROM ( SELECT count(*) AS think_count FROM `wb_order` WHERE (  `ctime` < 1775033802  AND `ctime` >= 1774972800 ) AND `wb_order`.`isdel` IS NULL GROUP BY `user_id` ) `_group_count_` LIMIT 1 [ RunTime:0.000451s ]
[ sql ] [ SQL ] SELECT COUNT(*) AS tp_count FROM ( SELECT count(*) AS think_count FROM `wb_order` WHERE (  `ctime` < 1774972799  AND `ctime` >= 1774886400 ) AND `wb_order`.`isdel` IS NULL GROUP BY `user_id` ) `_group_count_` LIMIT 1 [ RunTime:0.000263s ]
[ sql ] [ SQL ] SELECT COUNT(*) AS tp_count FROM ( SELECT count(*) AS think_count FROM `wb_order` WHERE (  `ctime` < 1774886399  AND `ctime` >= 1774800000 ) AND `wb_order`.`isdel` IS NULL GROUP BY `user_id` ) `_group_count_` LIMIT 1 [ RunTime:0.000130s ]
[ sql ] [ SQL ] SELECT COUNT(*) AS tp_count FROM ( SELECT count(*) AS think_count FROM `wb_order` WHERE (  `ctime` < 1774799999  AND `ctime` >= 1774713600 ) AND `wb_order`.`isdel` IS NULL GROUP BY `user_id` ) `_group_count_` LIMIT 1 [ RunTime:0.000119s ]
[ sql ] [ SQL ] SELECT COUNT(*) AS tp_count FROM ( SELECT count(*) AS think_count FROM `wb_order` WHERE (  `ctime` < 1774713599  AND `ctime` >= 1774627200 ) AND `wb_order`.`isdel` IS NULL GROUP BY `user_id` ) `_group_count_` LIMIT 1 [ RunTime:0.000209s ]
[ sql ] [ SQL ] SELECT COUNT(*) AS tp_count FROM ( SELECT count(*) AS think_count FROM `wb_order` WHERE (  `ctime` < 1774627199  AND `ctime` >= 1774540800 ) AND `wb_order`.`isdel` IS NULL GROUP BY `user_id` ) `_group_count_` LIMIT 1 [ RunTime:0.000186s ]
[ sql ] [ SQL ] SELECT COUNT(*) AS tp_count FROM ( SELECT count(*) AS think_count FROM `wb_order` WHERE (  `ctime` < 1774540799  AND `ctime` >= 1774454400 ) AND `wb_order`.`isdel` IS NULL GROUP BY `user_id` ) `_group_count_` LIMIT 1 [ RunTime:0.000173s ]
---------------------------------------------------------------
[2026-04-01T16:56:42+08:00] 127.0.0.1 GET www.jiwankang.com/manage/order/statistics.html
[运行时间：0.080719s] [吞吐率：12.39req/s] [内存消耗：4,697.41kb] [文件加载：110]
[ info ] [ LANG ] E:\wwwroot\2026\04\jiwankang\thinkphp\lang\zh-cn.php
[ info ] [ ROUTE ] array (
)
[ info ] [ HEADER ] array (
  'x-requested-with' => 'XMLHttpRequest',
  'referer' => 'http://www.jiwankang.com/manage/index/welcome.html',
  'cookie' => 'PHPSESSID=6ge3q9cob417ort2dkkl8j63da',
  'accept-language' => 'zh-CN,zh;q=0.9',
  'accept-encoding' => 'gzip, deflate',
  'accept' => '*/*',
  'user-agent' => 'Mozilla/5.0 (Windows NT 10.0; Win64; x64) AppleWebKit/537.36 (KHTML, like Gecko) Chrome/146.0.0.0 Safari/537.36',
  'host' => 'www.jiwankang.com',
  'content-length' => '',
  'content-type' => '',
)
[ info ] [ PARAM ] array (
)
[ info ] [ DB ] INIT mysql
[ sql ] [ DB ] CONNECT:[ UseTime:0.001040s ] mysql:host=127.0.0.1;port=3306;dbname=jiwankang;charset=utf8mb4
[ sql ] [ SQL ] SHOW COLUMNS FROM `wb_setting` [ RunTime:0.000684s ]
[ sql ] [ SQL ] SELECT * FROM `wb_setting` WHERE  `skey` = 'shop_name' LIMIT 1 [ RunTime:0.000297s ]
[ sql ] [ SQL ] SHOW COLUMNS FROM `wb_bill_payments` [ RunTime:0.001667s ]
[ sql ] [ SQL ] SELECT count(1) AS `nums`,DATE_FORMAT(FROM_UNIXTIME(ctime),"%Y-%m-%d") AS `day` FROM `wb_bill_payments` WHERE  `status` = 2  AND `type` = 1  AND ( FROM_UNIXTIME(ctime) >= 2026-03-25 ) GROUP BY DATE_FORMAT(FROM_UNIXTIME(ctime),"%Y-%m-%d") [ RunTime:0.000821s ]
[ sql ] [ SQL ] SHOW COLUMNS FROM `wb_bill_delivery` [ RunTime:0.000524s ]
[ sql ] [ SQL ] SELECT count(1) AS `nums`,DATE_FORMAT(FROM_UNIXTIME(ctime),"%Y-%m-%d") AS `day` FROM `wb_bill_delivery` WHERE  ( FROM_UNIXTIME(ctime) >= 2026-03-25 ) GROUP BY DATE_FORMAT(FROM_UNIXTIME(ctime),"%Y-%m-%d") [ RunTime:0.000197s ]
---------------------------------------------------------------
[2026-04-01T16:56:43+08:00] 127.0.0.1 GET www.jiwankang.com/manage/setting/index.html
[运行时间：0.050742s] [吞吐率：19.71req/s] [内存消耗：5,099.72kb] [文件加载：113]
[ info ] [ LANG ] E:\wwwroot\2026\04\jiwankang\thinkphp\lang\zh-cn.php
[ info ] [ ROUTE ] array (
)
[ info ] [ HEADER ] array (
  'upgrade-insecure-requests' => '1',
  'referer' => 'http://www.jiwankang.com/manage',
  'cookie' => 'PHPSESSID=6ge3q9cob417ort2dkkl8j63da',
  'accept-language' => 'zh-CN,zh;q=0.9',
  'accept-encoding' => 'gzip, deflate',
  'accept' => 'text/html,application/xhtml+xml,application/xml;q=0.9,image/avif,image/webp,image/apng,*/*;q=0.8,application/signed-exchange;v=b3;q=0.7',
  'user-agent' => 'Mozilla/5.0 (Windows NT 10.0; Win64; x64) AppleWebKit/537.36 (KHTML, like Gecko) Chrome/146.0.0.0 Safari/537.36',
  'host' => 'www.jiwankang.com',
  'content-length' => '',
  'content-type' => '',
)
[ info ] [ PARAM ] array (
)
[ info ] [ DB ] INIT mysql
[ info ] [ VIEW ] E:\wwwroot\2026\04\jiwankang\application\manage\view\setting\index.html [ array (
  0 => 'params',
  1 => 'jshopHost',
  2 => 'shop_name',
  3 => 'data',
) ]
[ sql ] [ DB ] CONNECT:[ UseTime:0.000726s ] mysql:host=127.0.0.1;port=3306;dbname=jiwankang;charset=utf8mb4
[ sql ] [ SQL ] SHOW COLUMNS FROM `wb_setting` [ RunTime:0.000540s ]
[ sql ] [ SQL ] SELECT * FROM `wb_setting` WHERE  `skey` = 'shop_name' LIMIT 1 [ RunTime:0.000287s ]
[ sql ] [ SQL ] SELECT * FROM `wb_setting` [ RunTime:0.000367s ]
[ sql ] [ SQL ] SELECT * FROM `wb_setting` WHERE  `skey` = 'shop_default_image' LIMIT 1 [ RunTime:0.000351s ]
---------------------------------------------------------------
[2026-04-01T16:56:43+08:00] 127.0.0.1 GET www.jiwankang.com/manage/images/manage.html?action=config&&noCache=1775033803731
[运行时间：0.041883s] [吞吐率：23.88req/s] [内存消耗：4,343.84kb] [文件加载：104]
[ info ] [ LANG ] E:\wwwroot\2026\04\jiwankang\thinkphp\lang\zh-cn.php
[ info ] [ ROUTE ] array (
)
[ info ] [ HEADER ] array (
  'referer' => 'http://www.jiwankang.com/manage/setting/index.html',
  'cookie' => 'PHPSESSID=6ge3q9cob417ort2dkkl8j63da',
  'accept-language' => 'zh-CN,zh;q=0.9',
  'accept-encoding' => 'gzip, deflate',
  'accept' => '*/*',
  'user-agent' => 'Mozilla/5.0 (Windows NT 10.0; Win64; x64) AppleWebKit/537.36 (KHTML, like Gecko) Chrome/146.0.0.0 Safari/537.36',
  'host' => 'www.jiwankang.com',
  'content-length' => '',
  'content-type' => '',
)
[ info ] [ PARAM ] array (
  'action' => 'config',
  'noCache' => '1775033803731',
)
[ info ] [ DB ] INIT mysql
[ sql ] [ DB ] CONNECT:[ UseTime:0.001232s ] mysql:host=127.0.0.1;port=3306;dbname=jiwankang;charset=utf8mb4
[ sql ] [ SQL ] SHOW COLUMNS FROM `wb_setting` [ RunTime:0.001166s ]
[ sql ] [ SQL ] SELECT * FROM `wb_setting` WHERE  `skey` = 'shop_name' LIMIT 1 [ RunTime:0.000388s ]
---------------------------------------------------------------
[2026-04-01T16:56:43+08:00] 127.0.0.1 GET www.jiwankang.com/manage/images/manage.html?action=config&&noCache=1775033803730
[运行时间：0.057455s] [吞吐率：17.40req/s] [内存消耗：4,343.84kb] [文件加载：104]
[ info ] [ LANG ] E:\wwwroot\2026\04\jiwankang\thinkphp\lang\zh-cn.php
[ info ] [ ROUTE ] array (
)
[ info ] [ HEADER ] array (
  'referer' => 'http://www.jiwankang.com/manage/setting/index.html',
  'cookie' => 'PHPSESSID=6ge3q9cob417ort2dkkl8j63da',
  'accept-language' => 'zh-CN,zh;q=0.9',
  'accept-encoding' => 'gzip, deflate',
  'accept' => '*/*',
  'user-agent' => 'Mozilla/5.0 (Windows NT 10.0; Win64; x64) AppleWebKit/537.36 (KHTML, like Gecko) Chrome/146.0.0.0 Safari/537.36',
  'host' => 'www.jiwankang.com',
  'content-length' => '',
  'content-type' => '',
)
[ info ] [ PARAM ] array (
  'action' => 'config',
  'noCache' => '1775033803730',
)
[ info ] [ DB ] INIT mysql
[ sql ] [ DB ] CONNECT:[ UseTime:0.001469s ] mysql:host=127.0.0.1;port=3306;dbname=jiwankang;charset=utf8mb4
[ sql ] [ SQL ] SHOW COLUMNS FROM `wb_setting` [ RunTime:0.000712s ]
[ sql ] [ SQL ] SELECT * FROM `wb_setting` WHERE  `skey` = 'shop_name' LIMIT 1 [ RunTime:0.000465s ]
---------------------------------------------------------------
[2026-04-01T16:56:43+08:00] 127.0.0.1 GET www.jiwankang.com/manage/images/manage.html?action=config&&noCache=1775033803731
[运行时间：0.040123s] [吞吐率：24.92req/s] [内存消耗：4,343.84kb] [文件加载：104]
[ info ] [ LANG ] E:\wwwroot\2026\04\jiwankang\thinkphp\lang\zh-cn.php
[ info ] [ ROUTE ] array (
)
[ info ] [ HEADER ] array (
  'referer' => 'http://www.jiwankang.com/manage/setting/index.html',
  'cookie' => 'PHPSESSID=6ge3q9cob417ort2dkkl8j63da',
  'accept-language' => 'zh-CN,zh;q=0.9',
  'accept-encoding' => 'gzip, deflate',
  'accept' => '*/*',
  'user-agent' => 'Mozilla/5.0 (Windows NT 10.0; Win64; x64) AppleWebKit/537.36 (KHTML, like Gecko) Chrome/146.0.0.0 Safari/537.36',
  'host' => 'www.jiwankang.com',
  'content-length' => '',
  'content-type' => '',
)
[ info ] [ PARAM ] array (
  'action' => 'config',
  'noCache' => '1775033803731',
)
[ info ] [ DB ] INIT mysql
[ sql ] [ DB ] CONNECT:[ UseTime:0.001156s ] mysql:host=127.0.0.1;port=3306;dbname=jiwankang;charset=utf8mb4
[ sql ] [ SQL ] SHOW COLUMNS FROM `wb_setting` [ RunTime:0.000812s ]
[ sql ] [ SQL ] SELECT * FROM `wb_setting` WHERE  `skey` = 'shop_name' LIMIT 1 [ RunTime:0.000453s ]
---------------------------------------------------------------
[2026-04-01T16:56:51+08:00] 127.0.0.1 POST www.jiwankang.com/manage/setting/index.html
[运行时间：0.058483s] [吞吐率：17.10req/s] [内存消耗：5,004.79kb] [文件加载：140]
[ info ] [ LANG ] E:\wwwroot\2026\04\jiwankang\thinkphp\lang\zh-cn.php
[ info ] [ ROUTE ] array (
)
[ info ] [ HEADER ] array (
  'x-requested-with' => 'XMLHttpRequest',
  'referer' => 'http://www.jiwankang.com/manage/setting/index.html',
  'origin' => 'http://www.jiwankang.com',
  'cookie' => 'PHPSESSID=6ge3q9cob417ort2dkkl8j63da',
  'content-type' => 'application/x-www-form-urlencoded; charset=UTF-8',
  'accept-language' => 'zh-CN,zh;q=0.9',
  'accept-encoding' => 'gzip, deflate',
  'accept' => 'application/json, text/javascript, */*; q=0.01',
  'content-length' => '153',
  'user-agent' => 'Mozilla/5.0 (Windows NT 10.0; Win64; x64) AppleWebKit/537.36 (KHTML, like Gecko) Chrome/146.0.0.0 Safari/537.36',
  'host' => 'www.jiwankang.com',
)
[ info ] [ PARAM ] array (
  'team_one' => '5',
  'team_two' => '5',
  'team_three' => '5',
  'team_four' => '5',
  'team_five' => '5',
  'team_six' => '5',
  '__Jshop_Token__' => '670a7f2fb3dc5e6747e75a499c2737aa1c7f0e43',
  'validate_form' => 'setting_save',
)
[ info ] [ DB ] INIT mysql
[ sql ] [ DB ] CONNECT:[ UseTime:0.000813s ] mysql:host=127.0.0.1;port=3306;dbname=jiwankang;charset=utf8mb4
[ sql ] [ SQL ] SHOW COLUMNS FROM `wb_setting` [ RunTime:0.000569s ]
[ sql ] [ SQL ] SELECT * FROM `wb_setting` WHERE  `skey` = 'shop_name' LIMIT 1 [ RunTime:0.000189s ]
[ sql ] [ SQL ] SELECT * FROM `wb_setting` WHERE  `skey` = 'team_one' LIMIT 1 [ RunTime:0.000196s ]
[ sql ] [ SQL ] INSERT INTO `wb_setting` (`skey` , `value`) VALUES ('team_one' , '5') [ RunTime:0.000174s ]
[ sql ] [ SQL ] SELECT * FROM `wb_setting` WHERE  `skey` = 'team_two' LIMIT 1 [ RunTime:0.000144s ]
[ sql ] [ SQL ] INSERT INTO `wb_setting` (`skey` , `value`) VALUES ('team_two' , '5') [ RunTime:0.000174s ]
[ sql ] [ SQL ] SELECT * FROM `wb_setting` WHERE  `skey` = 'team_three' LIMIT 1 [ RunTime:0.000235s ]
[ sql ] [ SQL ] INSERT INTO `wb_setting` (`skey` , `value`) VALUES ('team_three' , '5') [ RunTime:0.000205s ]
[ sql ] [ SQL ] SELECT * FROM `wb_setting` WHERE  `skey` = 'team_four' LIMIT 1 [ RunTime:0.000118s ]
[ sql ] [ SQL ] INSERT INTO `wb_setting` (`skey` , `value`) VALUES ('team_four' , '5') [ RunTime:0.000124s ]
[ sql ] [ SQL ] SELECT * FROM `wb_setting` WHERE  `skey` = 'team_five' LIMIT 1 [ RunTime:0.000095s ]
[ sql ] [ SQL ] INSERT INTO `wb_setting` (`skey` , `value`) VALUES ('team_five' , '5') [ RunTime:0.000099s ]
[ sql ] [ SQL ] SELECT * FROM `wb_setting` WHERE  `skey` = 'team_six' LIMIT 1 [ RunTime:0.000087s ]
[ sql ] [ SQL ] INSERT INTO `wb_setting` (`skey` , `value`) VALUES ('team_six' , '5') [ RunTime:0.000077s ]
[ sql ] [ SQL ] SELECT * FROM `wb_setting` WHERE  `skey` = 'language' LIMIT 1 [ RunTime:0.000082s ]
[ sql ] [ SQL ] SELECT * FROM `wb_setting` WHERE  `skey` = 'language' LIMIT 1 [ RunTime:0.000068s ]
[ sql ] [ SQL ] SELECT * FROM `wb_setting` WHERE  `skey` = 'language' LIMIT 1 [ RunTime:0.000065s ]
[ sql ] [ SQL ] SELECT * FROM `wb_setting` WHERE  `skey` = 'language' LIMIT 1 [ RunTime:0.000065s ]
---------------------------------------------------------------
[2026-04-01T16:56:52+08:00] 127.0.0.1 GET www.jiwankang.com/manage/setting/index.html
[运行时间：0.047999s] [吞吐率：20.83req/s] [内存消耗：5,211.33kb] [文件加载：118]
[ info ] [ LANG ] E:\wwwroot\2026\04\jiwankang\thinkphp\lang\zh-cn.php
[ info ] [ DB ] INIT mysql
[ info ] [ ROUTE ] array (
)
[ info ] [ HEADER ] array (
  'upgrade-insecure-requests' => '1',
  'referer' => 'http://www.jiwankang.com/manage/setting/index.html',
  'cookie' => 'PHPSESSID=6ge3q9cob417ort2dkkl8j63da',
  'cache-control' => 'max-age=0',
  'accept-language' => 'zh-CN,zh;q=0.9',
  'accept-encoding' => 'gzip, deflate',
  'accept' => 'text/html,application/xhtml+xml,application/xml;q=0.9,image/avif,image/webp,image/apng,*/*;q=0.8,application/signed-exchange;v=b3;q=0.7',
  'user-agent' => 'Mozilla/5.0 (Windows NT 10.0; Win64; x64) AppleWebKit/537.36 (KHTML, like Gecko) Chrome/146.0.0.0 Safari/537.36',
  'host' => 'www.jiwankang.com',
  'content-length' => '',
  'content-type' => '',
)
[ info ] [ PARAM ] array (
)
[ info ] [ VIEW ] E:\wwwroot\2026\04\jiwankang\application\manage\view\setting\index.html [ array (
  0 => 'params',
  1 => 'jshopHost',
  2 => 'shop_name',
  3 => 'data',
) ]
[ sql ] [ DB ] CONNECT:[ UseTime:0.000655s ] mysql:host=127.0.0.1;port=3306;dbname=jiwankang;charset=utf8mb4
[ sql ] [ SQL ] SHOW COLUMNS FROM `wb_hooks` [ RunTime:0.001162s ]
[ sql ] [ SQL ] SELECT `name`,`addons` FROM `wb_hooks` [ RunTime:0.000141s ]
[ sql ] [ SQL ] SHOW COLUMNS FROM `wb_addons` [ RunTime:0.000770s ]
[ sql ] [ SQL ] SELECT `name` FROM `wb_addons` WHERE  `status` = 1  AND `name` IN ('') [ RunTime:0.000155s ]
[ sql ] [ SQL ] SELECT `name` FROM `wb_addons` WHERE  `status` = 1  AND `name` IN ('') [ RunTime:0.000096s ]
[ sql ] [ SQL ] SELECT `name` FROM `wb_addons` WHERE  `status` = 1  AND `name` IN ('') [ RunTime:0.000081s ]
[ sql ] [ SQL ] SELECT `name` FROM `wb_addons` WHERE  `status` = 1  AND `name` IN ('') [ RunTime:0.000077s ]
[ sql ] [ SQL ] SELECT `name` FROM `wb_addons` WHERE  `status` = 1  AND `name` IN ('') [ RunTime:0.000075s ]
[ sql ] [ SQL ] SELECT `name` FROM `wb_addons` WHERE  `status` = 1  AND `name` IN ('') [ RunTime:0.000074s ]
[ sql ] [ SQL ] SELECT `name` FROM `wb_addons` WHERE  `status` = 1  AND `name` IN ('') [ RunTime:0.000073s ]
[ sql ] [ SQL ] SELECT `name` FROM `wb_addons` WHERE  `status` = 1  AND `name` IN ('') [ RunTime:0.000072s ]
[ sql ] [ SQL ] SELECT `name` FROM `wb_addons` WHERE  `status` = 1  AND `name` IN ('') [ RunTime:0.000072s ]
[ sql ] [ SQL ] SELECT `name` FROM `wb_addons` WHERE  `status` = 1  AND `name` IN ('') [ RunTime:0.000072s ]
[ sql ] [ SQL ] SELECT `name` FROM `wb_addons` WHERE  `status` = 1  AND `name` IN ('') [ RunTime:0.000072s ]
[ sql ] [ SQL ] SELECT `name` FROM `wb_addons` WHERE  `status` = 1  AND `name` IN ('') [ RunTime:0.000072s ]
[ sql ] [ SQL ] SELECT `name` FROM `wb_addons` WHERE  `status` = 1  AND `name` IN ('Userupgrade','UserInvite') [ RunTime:0.000099s ]
[ sql ] [ SQL ] SELECT `name` FROM `wb_addons` WHERE  `status` = 1  AND `name` IN ('') [ RunTime:0.000108s ]
[ sql ] [ SQL ] SELECT `name` FROM `wb_addons` WHERE  `status` = 1  AND `name` IN ('') [ RunTime:0.000079s ]
[ sql ] [ SQL ] SELECT `name` FROM `wb_addons` WHERE  `status` = 1  AND `name` IN ('') [ RunTime:0.000074s ]
[ sql ] [ SQL ] SELECT `name` FROM `wb_addons` WHERE  `status` = 1  AND `name` IN ('') [ RunTime:0.000073s ]
[ sql ] [ SQL ] SELECT `name` FROM `wb_addons` WHERE  `status` = 1  AND `name` IN ('') [ RunTime:0.000072s ]
[ sql ] [ SQL ] SELECT `name` FROM `wb_addons` WHERE  `status` = 1  AND `name` IN ('Wxdelivery') [ RunTime:0.000078s ]
[ sql ] [ SQL ] SELECT `name` FROM `wb_addons` WHERE  `status` = 1  AND `name` IN ('') [ RunTime:0.000193s ]
[ sql ] [ SQL ] SELECT `name` FROM `wb_addons` WHERE  `status` = 1  AND `name` IN ('') [ RunTime:0.000193s ]
[ sql ] [ SQL ] SELECT `name` FROM `wb_addons` WHERE  `status` = 1  AND `name` IN ('') [ RunTime:0.000236s ]
[ sql ] [ SQL ] SELECT `name` FROM `wb_addons` WHERE  `status` = 1  AND `name` IN ('') [ RunTime:0.000336s ]
[ sql ] [ SQL ] SELECT `name` FROM `wb_addons` WHERE  `status` = 1  AND `name` IN ('') [ RunTime:0.000209s ]
[ sql ] [ SQL ] SELECT `name` FROM `wb_addons` WHERE  `status` = 1  AND `name` IN ('') [ RunTime:0.000163s ]
[ sql ] [ SQL ] SELECT `name` FROM `wb_addons` WHERE  `status` = 1  AND `name` IN ('') [ RunTime:0.000178s ]
[ sql ] [ SQL ] SELECT `name` FROM `wb_addons` WHERE  `status` = 1  AND `name` IN ('') [ RunTime:0.000150s ]
[ sql ] [ SQL ] SELECT `name` FROM `wb_addons` WHERE  `status` = 1  AND `name` IN ('') [ RunTime:0.000210s ]
[ sql ] [ SQL ] SELECT `name` FROM `wb_addons` WHERE  `status` = 1  AND `name` IN ('UserInvite') [ RunTime:0.000112s ]
[ sql ] [ SQL ] SELECT `name` FROM `wb_addons` WHERE  `status` = 1  AND `name` IN ('QueueCreate') [ RunTime:0.000082s ]
[ sql ] [ SQL ] SELECT `name` FROM `wb_addons` WHERE  `status` = 1  AND `name` IN ('Wxdelivery') [ RunTime:0.000106s ]
[ sql ] [ SQL ] SHOW COLUMNS FROM `wb_setting` [ RunTime:0.000448s ]
[ sql ] [ SQL ] SELECT * FROM `wb_setting` WHERE  `skey` = 'shop_name' LIMIT 1 [ RunTime:0.000133s ]
[ sql ] [ SQL ] SELECT * FROM `wb_setting` [ RunTime:0.000139s ]
[ sql ] [ SQL ] SHOW COLUMNS FROM `wb_images` [ RunTime:0.000455s ]
[ sql ] [ SQL ] SELECT `url` FROM `wb_images` WHERE  `id` = '64e93548032d6240b0b46088f38df3a8' LIMIT 1 [ RunTime:0.000132s ]
[ sql ] [ SQL ] SELECT * FROM `wb_setting` WHERE  `skey` = 'shop_default_image' LIMIT 1 [ RunTime:0.000256s ]
---------------------------------------------------------------
[2026-04-01T16:56:52+08:00] 127.0.0.1 GET www.jiwankang.com/manage/images/manage.html?action=config&&noCache=1775033812789
[运行时间：0.032897s] [吞吐率：30.40req/s] [内存消耗：4,343.84kb] [文件加载：104]
[ info ] [ LANG ] E:\wwwroot\2026\04\jiwankang\thinkphp\lang\zh-cn.php
[ info ] [ ROUTE ] array (
)
[ info ] [ HEADER ] array (
  'referer' => 'http://www.jiwankang.com/manage/setting/index.html',
  'cookie' => 'PHPSESSID=6ge3q9cob417ort2dkkl8j63da',
  'accept-language' => 'zh-CN,zh;q=0.9',
  'accept-encoding' => 'gzip, deflate',
  'accept' => '*/*',
  'user-agent' => 'Mozilla/5.0 (Windows NT 10.0; Win64; x64) AppleWebKit/537.36 (KHTML, like Gecko) Chrome/146.0.0.0 Safari/537.36',
  'host' => 'www.jiwankang.com',
  'content-length' => '',
  'content-type' => '',
)
[ info ] [ PARAM ] array (
  'action' => 'config',
  'noCache' => '1775033812789',
)
[ info ] [ DB ] INIT mysql
[ sql ] [ DB ] CONNECT:[ UseTime:0.001024s ] mysql:host=127.0.0.1;port=3306;dbname=jiwankang;charset=utf8mb4
[ sql ] [ SQL ] SHOW COLUMNS FROM `wb_setting` [ RunTime:0.000914s ]
[ sql ] [ SQL ] SELECT * FROM `wb_setting` WHERE  `skey` = 'shop_name' LIMIT 1 [ RunTime:0.000345s ]
---------------------------------------------------------------
[2026-04-01T16:56:52+08:00] 127.0.0.1 GET www.jiwankang.com/manage/images/manage.html?action=config&&noCache=1775033812822
[运行时间：0.043808s] [吞吐率：22.83req/s] [内存消耗：4,343.84kb] [文件加载：104]
[ info ] [ LANG ] E:\wwwroot\2026\04\jiwankang\thinkphp\lang\zh-cn.php
[ info ] [ ROUTE ] array (
)
[ info ] [ HEADER ] array (
  'referer' => 'http://www.jiwankang.com/manage/setting/index.html',
  'cookie' => 'PHPSESSID=6ge3q9cob417ort2dkkl8j63da',
  'accept-language' => 'zh-CN,zh;q=0.9',
  'accept-encoding' => 'gzip, deflate',
  'accept' => '*/*',
  'user-agent' => 'Mozilla/5.0 (Windows NT 10.0; Win64; x64) AppleWebKit/537.36 (KHTML, like Gecko) Chrome/146.0.0.0 Safari/537.36',
  'host' => 'www.jiwankang.com',
  'content-length' => '',
  'content-type' => '',
)
[ info ] [ PARAM ] array (
  'action' => 'config',
  'noCache' => '1775033812822',
)
[ info ] [ DB ] INIT mysql
[ sql ] [ DB ] CONNECT:[ UseTime:0.002602s ] mysql:host=127.0.0.1;port=3306;dbname=jiwankang;charset=utf8mb4
[ sql ] [ SQL ] SHOW COLUMNS FROM `wb_setting` [ RunTime:0.001040s ]
[ sql ] [ SQL ] SELECT * FROM `wb_setting` WHERE  `skey` = 'shop_name' LIMIT 1 [ RunTime:0.000360s ]
---------------------------------------------------------------
[2026-04-01T16:56:52+08:00] 127.0.0.1 GET www.jiwankang.com/manage/images/manage.html?action=config&&noCache=1775033812822
[运行时间：0.035943s] [吞吐率：27.82req/s] [内存消耗：4,343.84kb] [文件加载：104]
[ info ] [ LANG ] E:\wwwroot\2026\04\jiwankang\thinkphp\lang\zh-cn.php
[ info ] [ ROUTE ] array (
)
[ info ] [ HEADER ] array (
  'referer' => 'http://www.jiwankang.com/manage/setting/index.html',
  'cookie' => 'PHPSESSID=6ge3q9cob417ort2dkkl8j63da',
  'accept-language' => 'zh-CN,zh;q=0.9',
  'accept-encoding' => 'gzip, deflate',
  'accept' => '*/*',
  'user-agent' => 'Mozilla/5.0 (Windows NT 10.0; Win64; x64) AppleWebKit/537.36 (KHTML, like Gecko) Chrome/146.0.0.0 Safari/537.36',
  'host' => 'www.jiwankang.com',
  'content-length' => '',
  'content-type' => '',
)
[ info ] [ PARAM ] array (
  'action' => 'config',
  'noCache' => '1775033812822',
)
[ info ] [ DB ] INIT mysql
[ sql ] [ DB ] CONNECT:[ UseTime:0.000689s ] mysql:host=127.0.0.1;port=3306;dbname=jiwankang;charset=utf8mb4
[ sql ] [ SQL ] SHOW COLUMNS FROM `wb_setting` [ RunTime:0.000472s ]
[ sql ] [ SQL ] SELECT * FROM `wb_setting` WHERE  `skey` = 'shop_name' LIMIT 1 [ RunTime:0.000211s ]
---------------------------------------------------------------
[2026-04-01T17:01:40+08:00] 127.0.0.1 GET www.jiwankang.com/manage
[运行时间：0.052736s] [吞吐率：18.96req/s] [内存消耗：5,193.86kb] [文件加载：117]
[ info ] [ LANG ] E:\wwwroot\2026\04\jiwankang\thinkphp\lang\zh-cn.php
[ info ] [ ROUTE ] array (
)
[ info ] [ HEADER ] array (
  'upgrade-insecure-requests' => '1',
  'referer' => 'http://www.jiwankang.com/manage/common/login.html',
  'cookie' => 'PHPSESSID=6ge3q9cob417ort2dkkl8j63da',
  'cache-control' => 'max-age=0',
  'accept-language' => 'zh-CN,zh;q=0.9',
  'accept-encoding' => 'gzip, deflate',
  'accept' => 'text/html,application/xhtml+xml,application/xml;q=0.9,image/avif,image/webp,image/apng,*/*;q=0.8,application/signed-exchange;v=b3;q=0.7',
  'user-agent' => 'Mozilla/5.0 (Windows NT 10.0; Win64; x64) AppleWebKit/537.36 (KHTML, like Gecko) Chrome/146.0.0.0 Safari/537.36',
  'host' => 'www.jiwankang.com',
  'content-length' => '',
  'content-type' => '',
)
[ info ] [ PARAM ] array (
)
[ info ] [ DB ] INIT mysql
[ info ] [ VIEW ] E:\wwwroot\2026\04\jiwankang\application\manage\view\index\index.html [ array (
  0 => 'params',
  1 => 'jshopHost',
  2 => 'shop_name',
  3 => 'menu',
  4 => 'kefu',
) ]
[ sql ] [ DB ] CONNECT:[ UseTime:0.001108s ] mysql:host=127.0.0.1;port=3306;dbname=jiwankang;charset=utf8mb4
[ sql ] [ SQL ] SHOW COLUMNS FROM `wb_setting` [ RunTime:0.000598s ]
[ sql ] [ SQL ] SELECT * FROM `wb_setting` WHERE  `skey` = 'shop_name' LIMIT 1 [ RunTime:0.000183s ]
[ sql ] [ SQL ] SHOW COLUMNS FROM `wb_operation` [ RunTime:0.000969s ]
[ sql ] [ SQL ] SELECT * FROM `wb_operation` WHERE  `perm_type` <= 1 ORDER BY `sort` ASC [ RunTime:0.000425s ]
[ sql ] [ SQL ] SELECT * FROM `wb_operation` [ RunTime:0.000320s ]
[ sql ] [ SQL ] SHOW COLUMNS FROM `wb_addons` [ RunTime:0.001237s ]
[ sql ] [ SQL ] SELECT * FROM `wb_addons` WHERE  `name` = 'Wxdelivery' LIMIT 1 [ RunTime:0.000173s ]
[ sql ] [ SQL ] SELECT * FROM `wb_setting` WHERE  `skey` = 'ent_id' LIMIT 1 [ RunTime:0.000311s ]
[ error ] [8]未定义数组索引: selected[E:\wwwroot\2026\04\jiwankang\runtime\temp\0ebc0da97c722c413af6448a150993b9.php:118]
[ error ] [8]未定义数组索引: selected[E:\wwwroot\2026\04\jiwankang\runtime\temp\0ebc0da97c722c413af6448a150993b9.php:118]
[ error ] [8]未定义数组索引: selected[E:\wwwroot\2026\04\jiwankang\runtime\temp\0ebc0da97c722c413af6448a150993b9.php:118]
[ error ] [8]未定义数组索引: selected[E:\wwwroot\2026\04\jiwankang\runtime\temp\0ebc0da97c722c413af6448a150993b9.php:118]
[ error ] [8]未定义数组索引: selected[E:\wwwroot\2026\04\jiwankang\runtime\temp\0ebc0da97c722c413af6448a150993b9.php:118]
[ error ] [8]未定义数组索引: selected[E:\wwwroot\2026\04\jiwankang\runtime\temp\0ebc0da97c722c413af6448a150993b9.php:118]
[ error ] [8]未定义数组索引: selected[E:\wwwroot\2026\04\jiwankang\runtime\temp\0ebc0da97c722c413af6448a150993b9.php:118]
[ error ] [8]未定义数组索引: selected[E:\wwwroot\2026\04\jiwankang\runtime\temp\0ebc0da97c722c413af6448a150993b9.php:118]
[ error ] [8]未定义数组索引: selected[E:\wwwroot\2026\04\jiwankang\runtime\temp\0ebc0da97c722c413af6448a150993b9.php:118]
[ error ] [8]未定义数组索引: selected[E:\wwwroot\2026\04\jiwankang\runtime\temp\0ebc0da97c722c413af6448a150993b9.php:118]
[ error ] [8]未定义数组索引: selected[E:\wwwroot\2026\04\jiwankang\runtime\temp\0ebc0da97c722c413af6448a150993b9.php:118]
[ error ] [8]未定义数组索引: selected[E:\wwwroot\2026\04\jiwankang\runtime\temp\0ebc0da97c722c413af6448a150993b9.php:118]
[ error ] [8]未定义数组索引: selected[E:\wwwroot\2026\04\jiwankang\runtime\temp\0ebc0da97c722c413af6448a150993b9.php:118]
[ error ] [8]未定义数组索引: selected[E:\wwwroot\2026\04\jiwankang\runtime\temp\0ebc0da97c722c413af6448a150993b9.php:118]
[ error ] [8]未定义数组索引: selected[E:\wwwroot\2026\04\jiwankang\runtime\temp\0ebc0da97c722c413af6448a150993b9.php:118]
[ error ] [8]未定义数组索引: selected[E:\wwwroot\2026\04\jiwankang\runtime\temp\0ebc0da97c722c413af6448a150993b9.php:118]
[ error ] [8]未定义数组索引: selected[E:\wwwroot\2026\04\jiwankang\runtime\temp\0ebc0da97c722c413af6448a150993b9.php:118]
[ error ] [8]未定义数组索引: selected[E:\wwwroot\2026\04\jiwankang\runtime\temp\0ebc0da97c722c413af6448a150993b9.php:118]
[ error ] [8]未定义数组索引: selected[E:\wwwroot\2026\04\jiwankang\runtime\temp\0ebc0da97c722c413af6448a150993b9.php:118]
[ error ] [8]未定义数组索引: selected[E:\wwwroot\2026\04\jiwankang\runtime\temp\0ebc0da97c722c413af6448a150993b9.php:118]
---------------------------------------------------------------
[2026-04-01T17:01:41+08:00] 127.0.0.1 GET www.jiwankang.com/manage/index/welcome.html
[运行时间：0.056015s] [吞吐率：17.85req/s] [内存消耗：5,790.74kb] [文件加载：118]
[ info ] [ LANG ] E:\wwwroot\2026\04\jiwankang\thinkphp\lang\zh-cn.php
[ info ] [ ROUTE ] array (
)
[ info ] [ HEADER ] array (
  'upgrade-insecure-requests' => '1',
  'referer' => 'http://www.jiwankang.com/manage',
  'cookie' => 'PHPSESSID=6ge3q9cob417ort2dkkl8j63da',
  'accept-language' => 'zh-CN,zh;q=0.9',
  'accept-encoding' => 'gzip, deflate',
  'accept' => 'text/html,application/xhtml+xml,application/xml;q=0.9,image/avif,image/webp,image/apng,*/*;q=0.8,application/signed-exchange;v=b3;q=0.7',
  'user-agent' => 'Mozilla/5.0 (Windows NT 10.0; Win64; x64) AppleWebKit/537.36 (KHTML, like Gecko) Chrome/146.0.0.0 Safari/537.36',
  'host' => 'www.jiwankang.com',
  'content-length' => '',
  'content-type' => '',
)
[ info ] [ PARAM ] array (
)
[ info ] [ DB ] INIT mysql
[ info ] [ VIEW ] E:\wwwroot\2026\04\jiwankang\application\manage\view\index\welcome.html [ array (
  0 => 'params',
  1 => 'jshopHost',
  2 => 'shop_name',
  3 => 'unpaid_count',
  4 => 'unship_count',
  5 => 'after_sales_count',
  6 => 'goods_statics',
  7 => 'zijinchi',
  8 => 'todayTyOrder',
  9 => 'allTyOrder',
  10 => 'todayDlOrder',
  11 => 'allDlOrder',
  12 => 'daibutie',
  13 => 'yibutie',
  14 => 'weekByOrder',
) ]
[ sql ] [ DB ] CONNECT:[ UseTime:0.001385s ] mysql:host=127.0.0.1;port=3306;dbname=jiwankang;charset=utf8mb4
[ sql ] [ SQL ] SHOW COLUMNS FROM `wb_setting` [ RunTime:0.001000s ]
[ sql ] [ SQL ] SELECT * FROM `wb_setting` WHERE  `skey` = 'shop_name' LIMIT 1 [ RunTime:0.000287s ]
[ sql ] [ SQL ] SHOW COLUMNS FROM `wb_order` [ RunTime:0.000474s ]
[ sql ] [ SQL ] SELECT COUNT(*) AS tp_count FROM `wb_order` WHERE (  `status` = 1  AND `pay_status` = 1  AND `ship_status` = 1 ) AND `wb_order`.`isdel` IS NULL LIMIT 1 [ RunTime:0.000197s ]
[ sql ] [ SQL ] SELECT COUNT(*) AS tp_count FROM `wb_order` WHERE (  `status` = 1  AND `pay_status` = 2  AND `ship_status` IN (1,2) ) AND `wb_order`.`isdel` IS NULL LIMIT 1 [ RunTime:0.000138s ]
[ sql ] [ SQL ] SHOW COLUMNS FROM `wb_bill_aftersales` [ RunTime:0.000860s ]
[ sql ] [ SQL ] SELECT COUNT(*) AS tp_count FROM `wb_bill_aftersales` WHERE  `status` = 1 LIMIT 1 [ RunTime:0.000170s ]
[ sql ] [ SQL ] SELECT * FROM `wb_setting` WHERE  `skey` = 'shop_name' LIMIT 1 [ RunTime:0.000123s ]
[ sql ] [ SQL ] SHOW COLUMNS FROM `wb_goods` [ RunTime:0.001012s ]
[ sql ] [ SQL ] SELECT COUNT(`id`) AS tp_count FROM `wb_goods` LIMIT 1 [ RunTime:0.000222s ]
[ sql ] [ SQL ] SELECT COUNT(`id`) AS tp_count FROM `wb_goods` WHERE  `marketable` = 1 LIMIT 1 [ RunTime:0.000177s ]
[ sql ] [ SQL ] SELECT COUNT(`id`) AS tp_count FROM `wb_goods` WHERE  `marketable` = 2 LIMIT 1 [ RunTime:0.000178s ]
[ sql ] [ SQL ] SELECT * FROM `wb_setting` WHERE  `skey` = 'goods_stocks_warn' LIMIT 1 [ RunTime:0.000158s ]
[ sql ] [ SQL ] SHOW COLUMNS FROM `wb_products` [ RunTime:0.000978s ]
[ sql ] [ SQL ] SELECT COUNT(*) AS tp_count FROM ( SELECT count(id) AS think_count FROM `wb_products` WHERE  ( IF(stock < freeze_stock, 0, stock - freeze_stock)<10 ) GROUP BY `goods_id` ) `_group_count_` LIMIT 1 [ RunTime:0.000186s ]
[ sql ] [ SQL ] SHOW COLUMNS FROM `wb_money` [ RunTime:0.000275s ]
[ sql ] [ SQL ] SELECT `money` FROM `wb_money` WHERE  `type` = 1 LIMIT 1 [ RunTime:0.000211s ]
[ sql ] [ SQL ] SELECT SUM(`a`.`payed`) AS tp_sum FROM `wb_order` `a` INNER JOIN `wb_order_items` `b` ON `a`.`order_id`=`b`.`order_id` WHERE  `a`.`pay_status` = '2'  AND `a`.`status` < '3'  AND `b`.`cate_id` = '1'  AND `a`.`ctime` BETWEEN '1774972800' AND '1775059200' LIMIT 1 [ RunTime:0.000859s ]
[ sql ] [ SQL ] SELECT SUM(`a`.`payed`) AS tp_sum FROM `wb_order` `a` INNER JOIN `wb_order_items` `b` ON `a`.`order_id`=`b`.`order_id` WHERE  `a`.`pay_status` = '2'  AND `a`.`status` < '3'  AND `b`.`cate_id` = '1' LIMIT 1 [ RunTime:0.000258s ]
[ sql ] [ SQL ] SELECT SUM(`a`.`payed`) AS tp_sum FROM `wb_order` `a` INNER JOIN `wb_order_items` `b` ON `a`.`order_id`=`b`.`order_id` WHERE  `a`.`pay_status` = '2'  AND `a`.`status` < '3'  AND `b`.`cate_id` = '2'  AND `a`.`ctime` BETWEEN '1774972800' AND '1775059200' LIMIT 1 [ RunTime:0.000262s ]
[ sql ] [ SQL ] SELECT SUM(`a`.`payed`) AS tp_sum FROM `wb_order` `a` INNER JOIN `wb_order_items` `b` ON `a`.`order_id`=`b`.`order_id` WHERE  `a`.`pay_status` = '2'  AND `a`.`status` < '3'  AND `b`.`cate_id` = '2' LIMIT 1 [ RunTime:0.000183s ]
[ sql ] [ SQL ] SELECT SUM(`payed`) AS tp_sum FROM `wb_order` WHERE (  `status` < 3  AND `pay_status` = 2  AND `ctime` BETWEEN 1774800000 AND 1775404800 ) AND `wb_order`.`isdel` IS NULL LIMIT 1 [ RunTime:0.000205s ]
[ sql ] [ SQL ] SHOW COLUMNS FROM `wb_user` [ RunTime:0.000511s ]
[ sql ] [ SQL ] SELECT SUM(`butie`) AS tp_sum FROM `wb_user` WHERE `wb_user`.`isdel` IS NULL LIMIT 1 [ RunTime:0.000299s ]
[ sql ] [ SQL ] SELECT SUM(`ybuite`) AS tp_sum FROM `wb_user` WHERE `wb_user`.`isdel` IS NULL LIMIT 1 [ RunTime:0.000218s ]
---------------------------------------------------------------
[2026-04-01T17:01:41+08:00] 127.0.0.1 GET www.jiwankang.com/manage/administrator/userloglist/state/1.html
[运行时间：0.039700s] [吞吐率：25.19req/s] [内存消耗：4,573.75kb] [文件加载：110]
[ info ] [ LANG ] E:\wwwroot\2026\04\jiwankang\thinkphp\lang\zh-cn.php
[ info ] [ ROUTE ] array (
)
[ info ] [ HEADER ] array (
  'x-requested-with' => 'XMLHttpRequest',
  'referer' => 'http://www.jiwankang.com/manage/index/welcome.html',
  'cookie' => 'PHPSESSID=6ge3q9cob417ort2dkkl8j63da',
  'accept-language' => 'zh-CN,zh;q=0.9',
  'accept-encoding' => 'gzip, deflate',
  'accept' => '*/*',
  'user-agent' => 'Mozilla/5.0 (Windows NT 10.0; Win64; x64) AppleWebKit/537.36 (KHTML, like Gecko) Chrome/146.0.0.0 Safari/537.36',
  'host' => 'www.jiwankang.com',
  'content-length' => '',
  'content-type' => '',
)
[ info ] [ PARAM ] array (
  'state' => '1',
)
[ info ] [ DB ] INIT mysql
[ sql ] [ DB ] CONNECT:[ UseTime:0.002606s ] mysql:host=127.0.0.1;port=3306;dbname=jiwankang;charset=utf8mb4
[ sql ] [ SQL ] SHOW COLUMNS FROM `wb_setting` [ RunTime:0.000760s ]
[ sql ] [ SQL ] SELECT * FROM `wb_setting` WHERE  `skey` = 'shop_name' LIMIT 1 [ RunTime:0.000359s ]
[ sql ] [ SQL ] SHOW COLUMNS FROM `wb_user_log` [ RunTime:0.000577s ]
[ sql ] [ SQL ] SELECT COUNT(*) AS tp_count FROM `wb_user_log` WHERE  `state` = 1  AND `type` = 2 LIMIT 1 [ RunTime:0.000309s ]
[ sql ] [ SQL ] SELECT * FROM `wb_user_log` WHERE  `state` = 1  AND `type` = 2 ORDER BY `ctime` DESC LIMIT 0,10 [ RunTime:0.000299s ]
[ sql ] [ SQL ] SHOW COLUMNS FROM `wb_manage` [ RunTime:0.000385s ]
[ sql ] [ SQL ] SELECT `id`,`username`,`nickname`,`mobile` FROM `wb_manage` WHERE  `id` = 13 LIMIT 1 [ RunTime:0.000123s ]
[ sql ] [ SQL ] SELECT `id`,`username`,`nickname`,`mobile` FROM `wb_manage` WHERE  `id` = 13 LIMIT 1 [ RunTime:0.000107s ]
[ sql ] [ SQL ] SELECT `id`,`username`,`nickname`,`mobile` FROM `wb_manage` WHERE  `id` = 13 LIMIT 1 [ RunTime:0.000076s ]
[ sql ] [ SQL ] SELECT `id`,`username`,`nickname`,`mobile` FROM `wb_manage` WHERE  `id` = 13 LIMIT 1 [ RunTime:0.000072s ]
---------------------------------------------------------------
[2026-04-01T17:01:41+08:00] 127.0.0.1 GET www.jiwankang.com/manage/operation_log/getlastlog.html
[运行时间：0.050894s] [吞吐率：19.65req/s] [内存消耗：4,529.13kb] [文件加载：110]
[ info ] [ LANG ] E:\wwwroot\2026\04\jiwankang\thinkphp\lang\zh-cn.php
[ info ] [ ROUTE ] array (
)
[ info ] [ HEADER ] array (
  'x-requested-with' => 'XMLHttpRequest',
  'referer' => 'http://www.jiwankang.com/manage/index/welcome.html',
  'cookie' => 'PHPSESSID=6ge3q9cob417ort2dkkl8j63da',
  'accept-language' => 'zh-CN,zh;q=0.9',
  'accept-encoding' => 'gzip, deflate',
  'accept' => 'application/json, text/javascript, */*; q=0.01',
  'user-agent' => 'Mozilla/5.0 (Windows NT 10.0; Win64; x64) AppleWebKit/537.36 (KHTML, like Gecko) Chrome/146.0.0.0 Safari/537.36',
  'host' => 'www.jiwankang.com',
  'content-length' => '',
  'content-type' => '',
)
[ info ] [ PARAM ] array (
)
[ info ] [ DB ] INIT mysql
[ sql ] [ DB ] CONNECT:[ UseTime:0.000786s ] mysql:host=127.0.0.1;port=3306;dbname=jiwankang;charset=utf8mb4
[ sql ] [ SQL ] SHOW COLUMNS FROM `wb_setting` [ RunTime:0.000491s ]
[ sql ] [ SQL ] SELECT * FROM `wb_setting` WHERE  `skey` = 'shop_name' LIMIT 1 [ RunTime:0.000194s ]
[ sql ] [ SQL ] SHOW COLUMNS FROM `wb_operation_log` [ RunTime:0.001149s ]
[ sql ] [ SQL ] SELECT COUNT(*) AS tp_count FROM `wb_operation_log` LIMIT 1 [ RunTime:0.000154s ]
[ sql ] [ SQL ] SELECT * FROM `wb_operation_log` ORDER BY `id` DESC LIMIT 0,10 [ RunTime:0.000142s ]
[ sql ] [ SQL ] SHOW COLUMNS FROM `wb_manage` [ RunTime:0.000887s ]
[ sql ] [ SQL ] SELECT * FROM `wb_manage` WHERE  `id` = 13 LIMIT 1 [ RunTime:0.000171s ]
[ sql ] [ SQL ] SELECT * FROM `wb_manage` WHERE  `id` = 13 LIMIT 1 [ RunTime:0.000090s ]
[ sql ] [ SQL ] SELECT * FROM `wb_manage` WHERE  `id` = 13 LIMIT 1 [ RunTime:0.000078s ]
[ sql ] [ SQL ] SELECT * FROM `wb_manage` WHERE  `id` = 13 LIMIT 1 [ RunTime:0.000074s ]
[ sql ] [ SQL ] SELECT * FROM `wb_manage` WHERE  `id` = 13 LIMIT 1 [ RunTime:0.000130s ]
[ sql ] [ SQL ] SELECT * FROM `wb_manage` WHERE  `id` = 13 LIMIT 1 [ RunTime:0.000120s ]
[ sql ] [ SQL ] SELECT * FROM `wb_manage` WHERE  `id` = 13 LIMIT 1 [ RunTime:0.000078s ]
[ sql ] [ SQL ] SELECT * FROM `wb_manage` WHERE  `id` = 13 LIMIT 1 [ RunTime:0.000071s ]
[ sql ] [ SQL ] SELECT * FROM `wb_manage` WHERE  `id` = 13 LIMIT 1 [ RunTime:0.000069s ]
[ sql ] [ SQL ] SELECT * FROM `wb_manage` WHERE  `id` = 13 LIMIT 1 [ RunTime:0.000069s ]
---------------------------------------------------------------
[2026-04-01T17:01:41+08:00] 127.0.0.1 GET www.jiwankang.com/manage/order/statistics.html
[运行时间：0.054386s] [吞吐率：18.39req/s] [内存消耗：4,697.41kb] [文件加载：110]
[ info ] [ LANG ] E:\wwwroot\2026\04\jiwankang\thinkphp\lang\zh-cn.php
[ info ] [ ROUTE ] array (
)
[ info ] [ HEADER ] array (
  'x-requested-with' => 'XMLHttpRequest',
  'referer' => 'http://www.jiwankang.com/manage/index/welcome.html',
  'cookie' => 'PHPSESSID=6ge3q9cob417ort2dkkl8j63da',
  'accept-language' => 'zh-CN,zh;q=0.9',
  'accept-encoding' => 'gzip, deflate',
  'accept' => '*/*',
  'user-agent' => 'Mozilla/5.0 (Windows NT 10.0; Win64; x64) AppleWebKit/537.36 (KHTML, like Gecko) Chrome/146.0.0.0 Safari/537.36',
  'host' => 'www.jiwankang.com',
  'content-length' => '',
  'content-type' => '',
)
[ info ] [ PARAM ] array (
)
[ info ] [ DB ] INIT mysql
[ sql ] [ DB ] CONNECT:[ UseTime:0.000757s ] mysql:host=127.0.0.1;port=3306;dbname=jiwankang;charset=utf8mb4
[ sql ] [ SQL ] SHOW COLUMNS FROM `wb_setting` [ RunTime:0.000625s ]
[ sql ] [ SQL ] SELECT * FROM `wb_setting` WHERE  `skey` = 'shop_name' LIMIT 1 [ RunTime:0.000318s ]
[ sql ] [ SQL ] SHOW COLUMNS FROM `wb_bill_payments` [ RunTime:0.001449s ]
[ sql ] [ SQL ] SELECT count(1) AS `nums`,DATE_FORMAT(FROM_UNIXTIME(ctime),"%Y-%m-%d") AS `day` FROM `wb_bill_payments` WHERE  `status` = 2  AND `type` = 1  AND ( FROM_UNIXTIME(ctime) >= 2026-03-25 ) GROUP BY DATE_FORMAT(FROM_UNIXTIME(ctime),"%Y-%m-%d") [ RunTime:0.000361s ]
[ sql ] [ SQL ] SHOW COLUMNS FROM `wb_bill_delivery` [ RunTime:0.000904s ]
[ sql ] [ SQL ] SELECT count(1) AS `nums`,DATE_FORMAT(FROM_UNIXTIME(ctime),"%Y-%m-%d") AS `day` FROM `wb_bill_delivery` WHERE  ( FROM_UNIXTIME(ctime) >= 2026-03-25 ) GROUP BY DATE_FORMAT(FROM_UNIXTIME(ctime),"%Y-%m-%d") [ RunTime:0.000176s ]
---------------------------------------------------------------
[2026-04-01T17:01:41+08:00] 127.0.0.1 GET www.jiwankang.com/manage/user/statistics.html
[运行时间：0.073297s] [吞吐率：13.64req/s] [内存消耗：5,027.07kb] [文件加载：111]
[ info ] [ LANG ] E:\wwwroot\2026\04\jiwankang\thinkphp\lang\zh-cn.php
[ info ] [ ROUTE ] array (
)
[ info ] [ HEADER ] array (
  'x-requested-with' => 'XMLHttpRequest',
  'referer' => 'http://www.jiwankang.com/manage/index/welcome.html',
  'cookie' => 'PHPSESSID=6ge3q9cob417ort2dkkl8j63da',
  'accept-language' => 'zh-CN,zh;q=0.9',
  'accept-encoding' => 'gzip, deflate',
  'accept' => '*/*',
  'user-agent' => 'Mozilla/5.0 (Windows NT 10.0; Win64; x64) AppleWebKit/537.36 (KHTML, like Gecko) Chrome/146.0.0.0 Safari/537.36',
  'host' => 'www.jiwankang.com',
  'content-length' => '',
  'content-type' => '',
)
[ info ] [ PARAM ] array (
)
[ info ] [ DB ] INIT mysql
[ sql ] [ DB ] CONNECT:[ UseTime:0.001177s ] mysql:host=127.0.0.1;port=3306;dbname=jiwankang;charset=utf8mb4
[ sql ] [ SQL ] SHOW COLUMNS FROM `wb_setting` [ RunTime:0.000639s ]
[ sql ] [ SQL ] SELECT * FROM `wb_setting` WHERE  `skey` = 'shop_name' LIMIT 1 [ RunTime:0.000158s ]
[ sql ] [ SQL ] SHOW COLUMNS FROM `wb_user` [ RunTime:0.001141s ]
[ sql ] [ SQL ] SELECT DATE_FORMAT(from_unixtime(ctime),"%Y-%m-%d") as day, count(*) as nums FROM `wb_user` WHERE (  `ctime` > 1774429301  AND ( TIMESTAMPDIFF(DAY,from_unixtime(ctime),now()) <7 ) ) AND `wb_user`.`isdel` IS NULL GROUP BY DATE_FORMAT(from_unixtime(ctime),"%Y-%m-%d") [ RunTime:0.000253s ]
[ sql ] [ SQL ] SHOW COLUMNS FROM `wb_order` [ RunTime:0.001021s ]
[ sql ] [ SQL ] SELECT COUNT(*) AS tp_count FROM ( SELECT count(*) AS think_count FROM `wb_order` WHERE (  `ctime` < 1775034101  AND `ctime` >= 1774972800 ) AND `wb_order`.`isdel` IS NULL GROUP BY `user_id` ) `_group_count_` LIMIT 1 [ RunTime:0.000228s ]
[ sql ] [ SQL ] SELECT COUNT(*) AS tp_count FROM ( SELECT count(*) AS think_count FROM `wb_order` WHERE (  `ctime` < 1774972799  AND `ctime` >= 1774886400 ) AND `wb_order`.`isdel` IS NULL GROUP BY `user_id` ) `_group_count_` LIMIT 1 [ RunTime:0.000121s ]
[ sql ] [ SQL ] SELECT COUNT(*) AS tp_count FROM ( SELECT count(*) AS think_count FROM `wb_order` WHERE (  `ctime` < 1774886399  AND `ctime` >= 1774800000 ) AND `wb_order`.`isdel` IS NULL GROUP BY `user_id` ) `_group_count_` LIMIT 1 [ RunTime:0.000127s ]
[ sql ] [ SQL ] SELECT COUNT(*) AS tp_count FROM ( SELECT count(*) AS think_count FROM `wb_order` WHERE (  `ctime` < 1774799999  AND `ctime` >= 1774713600 ) AND `wb_order`.`isdel` IS NULL GROUP BY `user_id` ) `_group_count_` LIMIT 1 [ RunTime:0.000108s ]
[ sql ] [ SQL ] SELECT COUNT(*) AS tp_count FROM ( SELECT count(*) AS think_count FROM `wb_order` WHERE (  `ctime` < 1774713599  AND `ctime` >= 1774627200 ) AND `wb_order`.`isdel` IS NULL GROUP BY `user_id` ) `_group_count_` LIMIT 1 [ RunTime:0.000218s ]
[ sql ] [ SQL ] SELECT COUNT(*) AS tp_count FROM ( SELECT count(*) AS think_count FROM `wb_order` WHERE (  `ctime` < 1774627199  AND `ctime` >= 1774540800 ) AND `wb_order`.`isdel` IS NULL GROUP BY `user_id` ) `_group_count_` LIMIT 1 [ RunTime:0.000112s ]
[ sql ] [ SQL ] SELECT COUNT(*) AS tp_count FROM ( SELECT count(*) AS think_count FROM `wb_order` WHERE (  `ctime` < 1774540799  AND `ctime` >= 1774454400 ) AND `wb_order`.`isdel` IS NULL GROUP BY `user_id` ) `_group_count_` LIMIT 1 [ RunTime:0.000093s ]
---------------------------------------------------------------
[2026-04-01T17:01:42+08:00] 127.0.0.1 GET www.jiwankang.com/manage/setting/index.html
[运行时间：0.032856s] [吞吐率：30.44req/s] [内存消耗：4,699.70kb] [文件加载：110]
[ info ] [ LANG ] E:\wwwroot\2026\04\jiwankang\thinkphp\lang\zh-cn.php
[ info ] [ ROUTE ] array (
)
[ info ] [ HEADER ] array (
  'upgrade-insecure-requests' => '1',
  'referer' => 'http://www.jiwankang.com/manage',
  'cookie' => 'PHPSESSID=6ge3q9cob417ort2dkkl8j63da',
  'accept-language' => 'zh-CN,zh;q=0.9',
  'accept-encoding' => 'gzip, deflate',
  'accept' => 'text/html,application/xhtml+xml,application/xml;q=0.9,image/avif,image/webp,image/apng,*/*;q=0.8,application/signed-exchange;v=b3;q=0.7',
  'user-agent' => 'Mozilla/5.0 (Windows NT 10.0; Win64; x64) AppleWebKit/537.36 (KHTML, like Gecko) Chrome/146.0.0.0 Safari/537.36',
  'host' => 'www.jiwankang.com',
  'content-length' => '',
  'content-type' => '',
)
[ info ] [ PARAM ] array (
)
[ info ] [ DB ] INIT mysql
[ info ] [ VIEW ] E:\wwwroot\2026\04\jiwankang\application\manage\view\setting\index.html [ array (
  0 => 'params',
  1 => 'jshopHost',
  2 => 'shop_name',
  3 => 'data',
) ]
[ sql ] [ DB ] CONNECT:[ UseTime:0.000642s ] mysql:host=127.0.0.1;port=3306;dbname=jiwankang;charset=utf8mb4
[ sql ] [ SQL ] SHOW COLUMNS FROM `wb_setting` [ RunTime:0.000481s ]
[ sql ] [ SQL ] SELECT * FROM `wb_setting` WHERE  `skey` = 'shop_name' LIMIT 1 [ RunTime:0.000146s ]
[ sql ] [ SQL ] SELECT * FROM `wb_setting` [ RunTime:0.000136s ]
[ sql ] [ SQL ] SELECT * FROM `wb_setting` WHERE  `skey` = 'shop_default_image' LIMIT 1 [ RunTime:0.000418s ]
---------------------------------------------------------------
[2026-04-01T17:01:42+08:00] 127.0.0.1 GET www.jiwankang.com/manage/images/manage.html?action=config&&noCache=1775034102193
[运行时间：0.033900s] [吞吐率：29.50req/s] [内存消耗：4,343.84kb] [文件加载：104]
[ info ] [ LANG ] E:\wwwroot\2026\04\jiwankang\thinkphp\lang\zh-cn.php
[ info ] [ ROUTE ] array (
)
[ info ] [ HEADER ] array (
  'referer' => 'http://www.jiwankang.com/manage/setting/index.html',
  'cookie' => 'PHPSESSID=6ge3q9cob417ort2dkkl8j63da',
  'accept-language' => 'zh-CN,zh;q=0.9',
  'accept-encoding' => 'gzip, deflate',
  'accept' => '*/*',
  'user-agent' => 'Mozilla/5.0 (Windows NT 10.0; Win64; x64) AppleWebKit/537.36 (KHTML, like Gecko) Chrome/146.0.0.0 Safari/537.36',
  'host' => 'www.jiwankang.com',
  'content-length' => '',
  'content-type' => '',
)
[ info ] [ PARAM ] array (
  'action' => 'config',
  'noCache' => '1775034102193',
)
[ info ] [ DB ] INIT mysql
[ sql ] [ DB ] CONNECT:[ UseTime:0.000958s ] mysql:host=127.0.0.1;port=3306;dbname=jiwankang;charset=utf8mb4
[ sql ] [ SQL ] SHOW COLUMNS FROM `wb_setting` [ RunTime:0.000611s ]
[ sql ] [ SQL ] SELECT * FROM `wb_setting` WHERE  `skey` = 'shop_name' LIMIT 1 [ RunTime:0.000417s ]
---------------------------------------------------------------
[2026-04-01T17:01:42+08:00] 127.0.0.1 GET www.jiwankang.com/manage/images/manage.html?action=config&&noCache=1775034102195
[运行时间：0.048261s] [吞吐率：20.72req/s] [内存消耗：4,343.84kb] [文件加载：104]
[ info ] [ LANG ] E:\wwwroot\2026\04\jiwankang\thinkphp\lang\zh-cn.php
[ info ] [ ROUTE ] array (
)
[ info ] [ HEADER ] array (
  'referer' => 'http://www.jiwankang.com/manage/setting/index.html',
  'cookie' => 'PHPSESSID=6ge3q9cob417ort2dkkl8j63da',
  'accept-language' => 'zh-CN,zh;q=0.9',
  'accept-encoding' => 'gzip, deflate',
  'accept' => '*/*',
  'user-agent' => 'Mozilla/5.0 (Windows NT 10.0; Win64; x64) AppleWebKit/537.36 (KHTML, like Gecko) Chrome/146.0.0.0 Safari/537.36',
  'host' => 'www.jiwankang.com',
  'content-length' => '',
  'content-type' => '',
)
[ info ] [ PARAM ] array (
  'action' => 'config',
  'noCache' => '1775034102195',
)
[ info ] [ DB ] INIT mysql
[ sql ] [ DB ] CONNECT:[ UseTime:0.013380s ] mysql:host=127.0.0.1;port=3306;dbname=jiwankang;charset=utf8mb4
[ sql ] [ SQL ] SHOW COLUMNS FROM `wb_setting` [ RunTime:0.000671s ]
[ sql ] [ SQL ] SELECT * FROM `wb_setting` WHERE  `skey` = 'shop_name' LIMIT 1 [ RunTime:0.000634s ]
---------------------------------------------------------------
[2026-04-01T17:01:42+08:00] 127.0.0.1 GET www.jiwankang.com/manage/images/manage.html?action=config&&noCache=1775034102194
[运行时间：0.060148s] [吞吐率：16.63req/s] [内存消耗：4,343.84kb] [文件加载：104]
[ info ] [ LANG ] E:\wwwroot\2026\04\jiwankang\thinkphp\lang\zh-cn.php
[ info ] [ ROUTE ] array (
)
[ info ] [ HEADER ] array (
  'referer' => 'http://www.jiwankang.com/manage/setting/index.html',
  'cookie' => 'PHPSESSID=6ge3q9cob417ort2dkkl8j63da',
  'accept-language' => 'zh-CN,zh;q=0.9',
  'accept-encoding' => 'gzip, deflate',
  'accept' => '*/*',
  'user-agent' => 'Mozilla/5.0 (Windows NT 10.0; Win64; x64) AppleWebKit/537.36 (KHTML, like Gecko) Chrome/146.0.0.0 Safari/537.36',
  'host' => 'www.jiwankang.com',
  'content-length' => '',
  'content-type' => '',
)
[ info ] [ PARAM ] array (
  'action' => 'config',
  'noCache' => '1775034102194',
)
[ info ] [ DB ] INIT mysql
[ sql ] [ DB ] CONNECT:[ UseTime:0.000940s ] mysql:host=127.0.0.1;port=3306;dbname=jiwankang;charset=utf8mb4
[ sql ] [ SQL ] SHOW COLUMNS FROM `wb_setting` [ RunTime:0.000724s ]
[ sql ] [ SQL ] SELECT * FROM `wb_setting` WHERE  `skey` = 'shop_name' LIMIT 1 [ RunTime:0.000243s ]
---------------------------------------------------------------
[2026-04-01T18:23:07+08:00] 127.0.0.1 GET www.jiwankang.com/manage/order/index.html
[运行时间：0.043108s] [吞吐率：23.20req/s] [内存消耗：5,367.80kb] [文件加载：115]
[ info ] [ LANG ] E:\wwwroot\2026\04\jiwankang\thinkphp\lang\zh-cn.php
[ info ] [ ROUTE ] array (
)
[ info ] [ HEADER ] array (
  'upgrade-insecure-requests' => '1',
  'referer' => 'http://www.jiwankang.com/manage',
  'cookie' => 'PHPSESSID=6ge3q9cob417ort2dkkl8j63da',
  'accept-language' => 'zh-CN,zh;q=0.9',
  'accept-encoding' => 'gzip, deflate',
  'accept' => 'text/html,application/xhtml+xml,application/xml;q=0.9,image/avif,image/webp,image/apng,*/*;q=0.8,application/signed-exchange;v=b3;q=0.7',
  'user-agent' => 'Mozilla/5.0 (Windows NT 10.0; Win64; x64) AppleWebKit/537.36 (KHTML, like Gecko) Chrome/146.0.0.0 Safari/537.36',
  'host' => 'www.jiwankang.com',
  'content-length' => '',
  'content-type' => '',
)
[ info ] [ PARAM ] array (
)
[ info ] [ DB ] INIT mysql
[ info ] [ VIEW ] E:\wwwroot\2026\04\jiwankang\application\manage\view\order\index.html [ array (
  0 => 'params',
  1 => 'jshopHost',
  2 => 'shop_name',
  3 => 'count',
  4 => 'storelist',
) ]
[ sql ] [ DB ] CONNECT:[ UseTime:0.000937s ] mysql:host=127.0.0.1;port=3306;dbname=jiwankang;charset=utf8mb4
[ sql ] [ SQL ] SHOW COLUMNS FROM `wb_setting` [ RunTime:0.000587s ]
[ sql ] [ SQL ] SELECT * FROM `wb_setting` WHERE  `skey` = 'shop_name' LIMIT 1 [ RunTime:0.000170s ]
[ sql ] [ SQL ] SHOW COLUMNS FROM `wb_order` [ RunTime:0.000486s ]
[ sql ] [ SQL ] SELECT COUNT(*) AS tp_count FROM `wb_order` WHERE `wb_order`.`isdel` IS NULL LIMIT 1 [ RunTime:0.000173s ]
[ sql ] [ SQL ] SELECT COUNT(*) AS tp_count FROM `wb_order` WHERE (  `status` = 1  AND `pay_status` = 1 ) AND `wb_order`.`isdel` IS NULL LIMIT 1 [ RunTime:0.000111s ]
[ sql ] [ SQL ] SELECT COUNT(*) AS tp_count FROM `wb_order` WHERE (  `status` = 1  AND `pay_status` <> 1  AND `ship_status` IN (1,2) ) AND `wb_order`.`isdel` IS NULL LIMIT 1 [ RunTime:0.000101s ]
[ sql ] [ SQL ] SELECT COUNT(*) AS tp_count FROM `wb_order` WHERE (  `status` = 1  AND `ship_status` IN (3,2)  AND `confirm` = 1 ) AND `wb_order`.`isdel` IS NULL LIMIT 1 [ RunTime:0.000105s ]
[ sql ] [ SQL ] SELECT COUNT(*) AS tp_count FROM `wb_order` WHERE (  `status` = 1  AND `pay_status` <> 1  AND `ship_status` <> 1  AND `confirm` = 2  AND `is_comment` = 1 ) AND `wb_order`.`isdel` IS NULL LIMIT 1 [ RunTime:0.000218s ]
[ sql ] [ SQL ] SELECT COUNT(*) AS tp_count FROM `wb_order` WHERE (  `status` = 1  AND `pay_status` <> 1  AND `ship_status` <> 1  AND `confirm` = 2  AND `is_comment` = 2 ) AND `wb_order`.`isdel` IS NULL LIMIT 1 [ RunTime:0.000220s ]
[ sql ] [ SQL ] SELECT COUNT(*) AS tp_count FROM `wb_order` WHERE (  `status` = 2 ) AND `wb_order`.`isdel` IS NULL LIMIT 1 [ RunTime:0.000170s ]
[ sql ] [ SQL ] SELECT COUNT(*) AS tp_count FROM `wb_order` WHERE (  `status` = 3 ) AND `wb_order`.`isdel` IS NULL LIMIT 1 [ RunTime:0.000119s ]
[ sql ] [ SQL ] SHOW COLUMNS FROM `wb_store` [ RunTime:0.000542s ]
[ sql ] [ SQL ] SELECT * FROM `wb_store` [ RunTime:0.000169s ]
---------------------------------------------------------------
[2026-04-01T18:23:07+08:00] 127.0.0.1 GET www.jiwankang.com/manage/order/index.html
[运行时间：0.052954s] [吞吐率：18.88req/s] [内存消耗：5,035.71kb] [文件加载：112]
[ info ] [ LANG ] E:\wwwroot\2026\04\jiwankang\thinkphp\lang\zh-cn.php
[ info ] [ ROUTE ] array (
)
[ info ] [ HEADER ] array (
  'upgrade-insecure-requests' => '1',
  'referer' => 'http://www.jiwankang.com/manage',
  'cookie' => 'PHPSESSID=6ge3q9cob417ort2dkkl8j63da',
  'accept-language' => 'zh-CN,zh;q=0.9',
  'accept-encoding' => 'gzip, deflate',
  'accept' => 'text/html,application/xhtml+xml,application/xml;q=0.9,image/avif,image/webp,image/apng,*/*;q=0.8,application/signed-exchange;v=b3;q=0.7',
  'user-agent' => 'Mozilla/5.0 (Windows NT 10.0; Win64; x64) AppleWebKit/537.36 (KHTML, like Gecko) Chrome/146.0.0.0 Safari/537.36',
  'host' => 'www.jiwankang.com',
  'content-length' => '',
  'content-type' => '',
)
[ info ] [ PARAM ] array (
)
[ info ] [ DB ] INIT mysql
[ info ] [ VIEW ] E:\wwwroot\2026\04\jiwankang\application\manage\view\order\index.html [ array (
  0 => 'params',
  1 => 'jshopHost',
  2 => 'shop_name',
  3 => 'count',
  4 => 'storelist',
) ]
[ sql ] [ DB ] CONNECT:[ UseTime:0.000639s ] mysql:host=127.0.0.1;port=3306;dbname=jiwankang;charset=utf8mb4
[ sql ] [ SQL ] SHOW COLUMNS FROM `wb_setting` [ RunTime:0.000459s ]
[ sql ] [ SQL ] SELECT * FROM `wb_setting` WHERE  `skey` = 'shop_name' LIMIT 1 [ RunTime:0.000144s ]
[ sql ] [ SQL ] SHOW COLUMNS FROM `wb_order` [ RunTime:0.000675s ]
[ sql ] [ SQL ] SELECT COUNT(*) AS tp_count FROM `wb_order` WHERE `wb_order`.`isdel` IS NULL LIMIT 1 [ RunTime:0.000183s ]
[ sql ] [ SQL ] SELECT COUNT(*) AS tp_count FROM `wb_order` WHERE (  `status` = 1  AND `pay_status` = 1 ) AND `wb_order`.`isdel` IS NULL LIMIT 1 [ RunTime:0.000116s ]
[ sql ] [ SQL ] SELECT COUNT(*) AS tp_count FROM `wb_order` WHERE (  `status` = 1  AND `pay_status` <> 1  AND `ship_status` IN (1,2) ) AND `wb_order`.`isdel` IS NULL LIMIT 1 [ RunTime:0.000102s ]
[ sql ] [ SQL ] SELECT COUNT(*) AS tp_count FROM `wb_order` WHERE (  `status` = 1  AND `ship_status` IN (3,2)  AND `confirm` = 1 ) AND `wb_order`.`isdel` IS NULL LIMIT 1 [ RunTime:0.000139s ]
[ sql ] [ SQL ] SELECT COUNT(*) AS tp_count FROM `wb_order` WHERE (  `status` = 1  AND `pay_status` <> 1  AND `ship_status` <> 1  AND `confirm` = 2  AND `is_comment` = 1 ) AND `wb_order`.`isdel` IS NULL LIMIT 1 [ RunTime:0.000094s ]
[ sql ] [ SQL ] SELECT COUNT(*) AS tp_count FROM `wb_order` WHERE (  `status` = 1  AND `pay_status` <> 1  AND `ship_status` <> 1  AND `confirm` = 2  AND `is_comment` = 2 ) AND `wb_order`.`isdel` IS NULL LIMIT 1 [ RunTime:0.000086s ]
[ sql ] [ SQL ] SELECT COUNT(*) AS tp_count FROM `wb_order` WHERE (  `status` = 2 ) AND `wb_order`.`isdel` IS NULL LIMIT 1 [ RunTime:0.000074s ]
[ sql ] [ SQL ] SELECT COUNT(*) AS tp_count FROM `wb_order` WHERE (  `status` = 3 ) AND `wb_order`.`isdel` IS NULL LIMIT 1 [ RunTime:0.000082s ]
[ sql ] [ SQL ] SHOW COLUMNS FROM `wb_store` [ RunTime:0.000869s ]
[ sql ] [ SQL ] SELECT * FROM `wb_store` [ RunTime:0.000106s ]
---------------------------------------------------------------
[2026-04-01T18:23:08+08:00] 127.0.0.1 POST www.jiwankang.com/manage/order/index.html
[运行时间：0.047252s] [吞吐率：21.16req/s] [内存消耗：5,386.38kb] [文件加载：115]
[ info ] [ LANG ] E:\wwwroot\2026\04\jiwankang\thinkphp\lang\zh-cn.php
[ info ] [ ROUTE ] array (
)
[ info ] [ HEADER ] array (
  'x-requested-with' => 'XMLHttpRequest',
  'referer' => 'http://www.jiwankang.com/manage/order/index.html',
  'origin' => 'http://www.jiwankang.com',
  'cookie' => 'PHPSESSID=6ge3q9cob417ort2dkkl8j63da',
  'content-type' => 'application/x-www-form-urlencoded; charset=UTF-8',
  'accept-language' => 'zh-CN,zh;q=0.9',
  'accept-encoding' => 'gzip, deflate',
  'accept' => 'application/json, text/javascript, */*; q=0.01',
  'content-length' => '15',
  'user-agent' => 'Mozilla/5.0 (Windows NT 10.0; Win64; x64) AppleWebKit/537.36 (KHTML, like Gecko) Chrome/146.0.0.0 Safari/537.36',
  'host' => 'www.jiwankang.com',
)
[ info ] [ PARAM ] array (
  'page' => '1',
  'limit' => '20',
)
[ info ] [ DB ] INIT mysql
[ sql ] [ DB ] CONNECT:[ UseTime:0.000748s ] mysql:host=127.0.0.1;port=3306;dbname=jiwankang;charset=utf8mb4
[ sql ] [ SQL ] SHOW COLUMNS FROM `wb_setting` [ RunTime:0.000498s ]
[ sql ] [ SQL ] SELECT * FROM `wb_setting` WHERE  `skey` = 'shop_name' LIMIT 1 [ RunTime:0.000168s ]
[ sql ] [ SQL ] SHOW COLUMNS FROM `wb_order` [ RunTime:0.001456s ]
[ sql ] [ SQL ] SELECT `o`.`order_id`,`o`.`point`,`o`.`user_id`,`o`.`ctime`,`o`.`ship_mobile`,`o`.`ship_address`,`o`.`status`,`o`.`pay_status`,`o`.`ship_status`,`o`.`confirm`,`o`.`is_comment`,`o`.`order_amount`,`o`.`source`,`o`.`ship_area_id`,`o`.`ship_name`,`o`.`mark`,`o`.`order_type`,`o`.`store_id` FROM `wb_order` `o` LEFT JOIN `wb_user` `u` ON `o`.`user_id`=`u`.`id` WHERE `o`.`isdel` IS NULL ORDER BY `ctime` DESC LIMIT 0,20 [ RunTime:0.000852s ]
[ sql ] [ SQL ] SHOW COLUMNS FROM `wb_bill_aftersales` [ RunTime:0.000553s ]
[ sql ] [ SQL ] SELECT * FROM `wb_bill_aftersales` WHERE  `order_id` IN ('S04011604593222') [ RunTime:0.000302s ]
[ sql ] [ SQL ] SELECT COUNT(*) AS tp_count FROM `wb_order` `o` LEFT JOIN `wb_user` `u` ON `o`.`user_id`=`u`.`id` WHERE `o`.`isdel` IS NULL LIMIT 1 [ RunTime:0.000205s ]
[ sql ] [ SQL ] SHOW COLUMNS FROM `wb_user` [ RunTime:0.000374s ]
[ sql ] [ SQL ] SELECT `nickname` FROM `wb_user` WHERE (  `id` = 1 ) AND `wb_user`.`isdel` IS NULL LIMIT 1 [ RunTime:0.000120s ]
[ sql ] [ SQL ] SHOW COLUMNS FROM `wb_area` [ RunTime:0.000269s ]
[ sql ] [ SQL ] SELECT `id`,`name`,`parent_id`,`postal_code` FROM `wb_area` WHERE  `id` = 150525 LIMIT 1 [ RunTime:0.000211s ]
[ sql ] [ SQL ] SELECT `id`,`name`,`parent_id`,`postal_code` FROM `wb_area` WHERE  `parent_id` = 150500 [ RunTime:0.000836s ]
[ sql ] [ SQL ] SELECT `id`,`name`,`parent_id`,`postal_code` FROM `wb_area` WHERE  `id` = 150500 LIMIT 1 [ RunTime:0.000102s ]
[ sql ] [ SQL ] SELECT `id`,`name`,`parent_id`,`postal_code` FROM `wb_area` WHERE  `parent_id` = 150000 [ RunTime:0.000678s ]
[ sql ] [ SQL ] SELECT `id`,`name`,`parent_id`,`postal_code` FROM `wb_area` WHERE  `id` = 150000 LIMIT 1 [ RunTime:0.000087s ]
[ sql ] [ SQL ] SELECT `id`,`name`,`parent_id`,`postal_code` FROM `wb_area` WHERE  `parent_id` = 0 [ RunTime:0.000628s ]
[ sql ] [ SQL ] SHOW COLUMNS FROM `wb_store` [ RunTime:0.000920s ]
[ sql ] [ SQL ] SELECT `store_name` FROM `wb_store` WHERE  `id` = 0 LIMIT 1 [ RunTime:0.000123s ]
---------------------------------------------------------------
[2026-04-01T18:23:35+08:00] 127.0.0.1 GET www.jiwankang.com/b2c/index/ceshi
[运行时间：0.026231s] [吞吐率：38.12req/s] [内存消耗：2,938.77kb] [文件加载：92]
[ info ] [ LANG ] E:\wwwroot\2026\04\jiwankang\thinkphp\lang\zh-cn.php
[ info ] [ ROUTE ] array (
)
[ info ] [ HEADER ] array (
  'upgrade-insecure-requests' => '1',
  'cookie' => 'PHPSESSID=6ge3q9cob417ort2dkkl8j63da',
  'accept-language' => 'zh-CN,zh;q=0.9',
  'accept-encoding' => 'gzip, deflate',
  'accept' => 'text/html,application/xhtml+xml,application/xml;q=0.9,image/avif,image/webp,image/apng,*/*;q=0.8,application/signed-exchange;v=b3;q=0.7',
  'user-agent' => 'Mozilla/5.0 (Windows NT 10.0; Win64; x64) AppleWebKit/537.36 (KHTML, like Gecko) Chrome/146.0.0.0 Safari/537.36',
  'host' => 'www.jiwankang.com',
  'content-length' => '',
  'content-type' => '',
)
[ info ] [ PARAM ] array (
)
[ error ] [2]Illegal string offset 'ave_price'[E:\wwwroot\2026\04\jiwankang\application\common\model\UserSanrentuan.php:35]
---------------------------------------------------------------
[2026-04-01T18:24:50+08:00] 127.0.0.1 GET www.jiwankang.com/b2c/index/ceshi
[运行时间：0.033029s] [吞吐率：30.28req/s] [内存消耗：4,104.90kb] [文件加载：98]
[ info ] [ LANG ] E:\wwwroot\2026\04\jiwankang\thinkphp\lang\zh-cn.php
[ info ] [ ROUTE ] array (
)
[ info ] [ HEADER ] array (
  'upgrade-insecure-requests' => '1',
  'cookie' => 'PHPSESSID=6ge3q9cob417ort2dkkl8j63da',
  'cache-control' => 'max-age=0',
  'accept-language' => 'zh-CN,zh;q=0.9',
  'accept-encoding' => 'gzip, deflate',
  'accept' => 'text/html,application/xhtml+xml,application/xml;q=0.9,image/avif,image/webp,image/apng,*/*;q=0.8,application/signed-exchange;v=b3;q=0.7',
  'user-agent' => 'Mozilla/5.0 (Windows NT 10.0; Win64; x64) AppleWebKit/537.36 (KHTML, like Gecko) Chrome/146.0.0.0 Safari/537.36',
  'host' => 'www.jiwankang.com',
  'content-length' => '',
  'content-type' => '',
)
[ info ] [ PARAM ] array (
)
[ info ] [ DB ] INIT mysql
[ sql ] [ DB ] CONNECT:[ UseTime:0.001142s ] mysql:host=127.0.0.1;port=3306;dbname=jiwankang;charset=utf8mb4
[ sql ] [ SQL ] SHOW COLUMNS FROM `wb_order_items` [ RunTime:0.002530s ]
[ sql ] [ SQL ] SELECT * FROM `wb_order_items` WHERE  `order_id` = 'S04011604593222' [ RunTime:0.000644s ]
[ sql ] [ SQL ] SELECT COUNT(*) AS tp_count FROM `wb_order_items` WHERE  `zw_tag` = 'T'  AND `zuowei` = 'A' LIMIT 1 [ RunTime:0.000439s ]
[ sql ] [ SQL ] SELECT COUNT(*) AS tp_count FROM `wb_order_items` WHERE  `zw_tag` = 'T'  AND `zuowei` = 'A'  AND `zw_youxiao` = 1 LIMIT 1 [ RunTime:0.000230s ]
[ sql ] [ SQL ] UPDATE `wb_order_items`  SET `zuowei` = 'N' , `zw_tag` = 'T' , `zw_num` = 0 , `utime` = 1775039090  WHERE  `id` IS NULL [ RunTime:0.000144s ]
[ error ] [8]未定义数组索引: ave_price[E:\wwwroot\2026\04\jiwankang\thinkphp\library\think\Collection.php:486]
[ error ] [8]未定义数组索引: id[E:\wwwroot\2026\04\jiwankang\thinkphp\library\think\Collection.php:486]
---------------------------------------------------------------
[2026-04-01T18:25:31+08:00] 127.0.0.1 GET www.jiwankang.com/b2c/index/ceshi
[运行时间：0.044488s] [吞吐率：22.48req/s] [内存消耗：4,107.49kb] [文件加载：99]
[ info ] [ LANG ] E:\wwwroot\2026\04\jiwankang\thinkphp\lang\zh-cn.php
[ info ] [ ROUTE ] array (
)
[ info ] [ HEADER ] array (
  'upgrade-insecure-requests' => '1',
  'cookie' => 'PHPSESSID=6ge3q9cob417ort2dkkl8j63da',
  'cache-control' => 'max-age=0',
  'accept-language' => 'zh-CN,zh;q=0.9',
  'accept-encoding' => 'gzip, deflate',
  'accept' => 'text/html,application/xhtml+xml,application/xml;q=0.9,image/avif,image/webp,image/apng,*/*;q=0.8,application/signed-exchange;v=b3;q=0.7',
  'user-agent' => 'Mozilla/5.0 (Windows NT 10.0; Win64; x64) AppleWebKit/537.36 (KHTML, like Gecko) Chrome/146.0.0.0 Safari/537.36',
  'host' => 'www.jiwankang.com',
  'content-length' => '',
  'content-type' => '',
)
[ info ] [ PARAM ] array (
)
[ info ] [ DB ] INIT mysql
[ sql ] [ DB ] CONNECT:[ UseTime:0.001657s ] mysql:host=127.0.0.1;port=3306;dbname=jiwankang;charset=utf8mb4
[ sql ] [ SQL ] SHOW COLUMNS FROM `wb_order_items` [ RunTime:0.002592s ]
[ sql ] [ SQL ] SELECT * FROM `wb_order_items` WHERE  `order_id` = 'S04011604593222' [ RunTime:0.000583s ]
[ sql ] [ SQL ] SELECT COUNT(*) AS tp_count FROM `wb_order_items` WHERE  `zw_tag` = 'T'  AND `zuowei` = 'A' LIMIT 1 [ RunTime:0.000782s ]
[ sql ] [ SQL ] SELECT COUNT(*) AS tp_count FROM `wb_order_items` WHERE  `zw_tag` = 'T'  AND `zuowei` = 'A'  AND `zw_youxiao` = 1 LIMIT 1 [ RunTime:0.000605s ]
[ sql ] [ SQL ] UPDATE `wb_order_items`  SET `zuowei` = 'N' , `zw_tag` = 'T' , `zw_num` = 0 , `utime` = 1775039131  WHERE  `id` IS NULL [ RunTime:0.000403s ]
[ error ] [8]未定义数组索引: ave_price[E:\wwwroot\2026\04\jiwankang\thinkphp\library\think\Collection.php:486]
[ error ] [8]未定义数组索引: id[E:\wwwroot\2026\04\jiwankang\thinkphp\library\think\Collection.php:486]
---------------------------------------------------------------
[2026-04-01T18:26:15+08:00] 127.0.0.1 GET www.jiwankang.com/b2c/index/ceshi
[运行时间：0.038397s] [吞吐率：26.04req/s] [内存消耗：4,107.49kb] [文件加载：99]
[ info ] [ LANG ] E:\wwwroot\2026\04\jiwankang\thinkphp\lang\zh-cn.php
[ info ] [ ROUTE ] array (
)
[ info ] [ HEADER ] array (
  'upgrade-insecure-requests' => '1',
  'cookie' => 'PHPSESSID=6ge3q9cob417ort2dkkl8j63da',
  'cache-control' => 'max-age=0',
  'accept-language' => 'zh-CN,zh;q=0.9',
  'accept-encoding' => 'gzip, deflate',
  'accept' => 'text/html,application/xhtml+xml,application/xml;q=0.9,image/avif,image/webp,image/apng,*/*;q=0.8,application/signed-exchange;v=b3;q=0.7',
  'user-agent' => 'Mozilla/5.0 (Windows NT 10.0; Win64; x64) AppleWebKit/537.36 (KHTML, like Gecko) Chrome/146.0.0.0 Safari/537.36',
  'host' => 'www.jiwankang.com',
  'content-length' => '',
  'content-type' => '',
)
[ info ] [ PARAM ] array (
)
[ info ] [ DB ] INIT mysql
[ sql ] [ DB ] CONNECT:[ UseTime:0.000836s ] mysql:host=127.0.0.1;port=3306;dbname=jiwankang;charset=utf8mb4
[ sql ] [ SQL ] SHOW COLUMNS FROM `wb_order_items` [ RunTime:0.001615s ]
[ sql ] [ SQL ] SELECT * FROM `wb_order_items` WHERE  `order_id` = 'S04011604593222' [ RunTime:0.000494s ]
[ sql ] [ SQL ] SELECT COUNT(*) AS tp_count FROM `wb_order_items` WHERE  `zw_tag` = 'T'  AND `zuowei` = 'A' LIMIT 1 [ RunTime:0.000821s ]
[ sql ] [ SQL ] SELECT COUNT(*) AS tp_count FROM `wb_order_items` WHERE  `zw_tag` = 'T'  AND `zuowei` = 'A'  AND `zw_youxiao` = 1 LIMIT 1 [ RunTime:0.000594s ]
[ sql ] [ SQL ] UPDATE `wb_order_items`  SET `zuowei` = 'N' , `zw_tag` = 'T' , `zw_num` = 0 , `utime` = 1775039175  WHERE  `id` IS NULL [ RunTime:0.000300s ]
[ error ] [8]未定义数组索引: ave_price[E:\wwwroot\2026\04\jiwankang\thinkphp\library\think\Collection.php:486]
[ error ] [8]未定义数组索引: id[E:\wwwroot\2026\04\jiwankang\thinkphp\library\think\Collection.php:486]
---------------------------------------------------------------
[2026-04-01T18:26:39+08:00] 127.0.0.1 GET www.jiwankang.com/b2c/index/ceshi
[运行时间：0.032922s] [吞吐率：30.38req/s] [内存消耗：4,107.62kb] [文件加载：99]
[ info ] [ LANG ] E:\wwwroot\2026\04\jiwankang\thinkphp\lang\zh-cn.php
[ info ] [ ROUTE ] array (
)
[ info ] [ HEADER ] array (
  'upgrade-insecure-requests' => '1',
  'cookie' => 'PHPSESSID=6ge3q9cob417ort2dkkl8j63da',
  'cache-control' => 'max-age=0',
  'accept-language' => 'zh-CN,zh;q=0.9',
  'accept-encoding' => 'gzip, deflate',
  'accept' => 'text/html,application/xhtml+xml,application/xml;q=0.9,image/avif,image/webp,image/apng,*/*;q=0.8,application/signed-exchange;v=b3;q=0.7',
  'user-agent' => 'Mozilla/5.0 (Windows NT 10.0; Win64; x64) AppleWebKit/537.36 (KHTML, like Gecko) Chrome/146.0.0.0 Safari/537.36',
  'host' => 'www.jiwankang.com',
  'content-length' => '',
  'content-type' => '',
)
[ info ] [ PARAM ] array (
)
[ info ] [ DB ] INIT mysql
[ sql ] [ DB ] CONNECT:[ UseTime:0.000800s ] mysql:host=127.0.0.1;port=3306;dbname=jiwankang;charset=utf8mb4
[ sql ] [ SQL ] SHOW COLUMNS FROM `wb_order_items` [ RunTime:0.000656s ]
[ sql ] [ SQL ] SELECT * FROM `wb_order_items` WHERE  `order_id` = 'S04011604593222' [ RunTime:0.000327s ]
[ sql ] [ SQL ] SELECT COUNT(*) AS tp_count FROM `wb_order_items` WHERE  `zw_tag` = 'T'  AND `zuowei` = 'A' LIMIT 1 [ RunTime:0.000240s ]
[ sql ] [ SQL ] SELECT COUNT(*) AS tp_count FROM `wb_order_items` WHERE  `zw_tag` = 'T'  AND `zuowei` = 'A'  AND `zw_youxiao` = 1 LIMIT 1 [ RunTime:0.000232s ]
[ sql ] [ SQL ] UPDATE `wb_order_items`  SET `zuowei` = 'N' , `zw_tag` = 'T' , `zw_num` = 0 , `utime` = 1775039199  WHERE  `id` IS NULL [ RunTime:0.000097s ]
[ error ] [8]未定义数组索引: ave_price[E:\wwwroot\2026\04\jiwankang\thinkphp\library\think\Collection.php:486]
[ error ] [8]未定义数组索引: id[E:\wwwroot\2026\04\jiwankang\thinkphp\library\think\Collection.php:486]
---------------------------------------------------------------
[2026-04-01T18:27:45+08:00] 127.0.0.1 GET www.jiwankang.com/b2c/index/ceshi
[运行时间：0.030117s] [吞吐率：33.20req/s] [内存消耗：4,108.22kb] [文件加载：99]
[ info ] [ LANG ] E:\wwwroot\2026\04\jiwankang\thinkphp\lang\zh-cn.php
[ info ] [ ROUTE ] array (
)
[ info ] [ HEADER ] array (
  'upgrade-insecure-requests' => '1',
  'cookie' => 'PHPSESSID=6ge3q9cob417ort2dkkl8j63da',
  'cache-control' => 'max-age=0',
  'accept-language' => 'zh-CN,zh;q=0.9',
  'accept-encoding' => 'gzip, deflate',
  'accept' => 'text/html,application/xhtml+xml,application/xml;q=0.9,image/avif,image/webp,image/apng,*/*;q=0.8,application/signed-exchange;v=b3;q=0.7',
  'user-agent' => 'Mozilla/5.0 (Windows NT 10.0; Win64; x64) AppleWebKit/537.36 (KHTML, like Gecko) Chrome/146.0.0.0 Safari/537.36',
  'host' => 'www.jiwankang.com',
  'content-length' => '',
  'content-type' => '',
)
[ info ] [ PARAM ] array (
)
[ info ] [ DB ] INIT mysql
[ sql ] [ DB ] CONNECT:[ UseTime:0.001064s ] mysql:host=127.0.0.1;port=3306;dbname=jiwankang;charset=utf8mb4
[ sql ] [ SQL ] SHOW COLUMNS FROM `wb_order_items` [ RunTime:0.000685s ]
[ sql ] [ SQL ] SELECT * FROM `wb_order_items` WHERE  `order_id` = 'S04011604593222' [ RunTime:0.000342s ]
[ sql ] [ SQL ] SELECT COUNT(*) AS tp_count FROM `wb_order_items` WHERE  `zw_tag` = 'T'  AND `zuowei` = 'A' LIMIT 1 [ RunTime:0.000292s ]
[ sql ] [ SQL ] SELECT COUNT(*) AS tp_count FROM `wb_order_items` WHERE  `zw_tag` = 'T'  AND `zuowei` = 'A'  AND `zw_youxiao` = 1 LIMIT 1 [ RunTime:0.000269s ]
[ sql ] [ SQL ] UPDATE `wb_order_items`  SET `zuowei` = 'A' , `zw_tag` = 'T' , `zw_num` = 1 , `zw_youxiao` = 2 , `utime` = 1775039265  WHERE  `id` IS NULL [ RunTime:0.000168s ]
[ error ] [8]未定义数组索引: ave_price[E:\wwwroot\2026\04\jiwankang\thinkphp\library\think\Collection.php:486]
[ error ] [8]未定义数组索引: id[E:\wwwroot\2026\04\jiwankang\thinkphp\library\think\Collection.php:486]
---------------------------------------------------------------
[2026-04-01T18:28:36+08:00] 127.0.0.1 GET www.jiwankang.com/b2c/index/ceshi
[运行时间：0.050179s] [吞吐率：19.93req/s] [内存消耗：4,108.73kb] [文件加载：99]
[ info ] [ LANG ] E:\wwwroot\2026\04\jiwankang\thinkphp\lang\zh-cn.php
[ info ] [ ROUTE ] array (
)
[ info ] [ HEADER ] array (
  'upgrade-insecure-requests' => '1',
  'cookie' => 'PHPSESSID=6ge3q9cob417ort2dkkl8j63da',
  'cache-control' => 'max-age=0',
  'accept-language' => 'zh-CN,zh;q=0.9',
  'accept-encoding' => 'gzip, deflate',
  'accept' => 'text/html,application/xhtml+xml,application/xml;q=0.9,image/avif,image/webp,image/apng,*/*;q=0.8,application/signed-exchange;v=b3;q=0.7',
  'user-agent' => 'Mozilla/5.0 (Windows NT 10.0; Win64; x64) AppleWebKit/537.36 (KHTML, like Gecko) Chrome/146.0.0.0 Safari/537.36',
  'host' => 'www.jiwankang.com',
  'content-length' => '',
  'content-type' => '',
)
[ info ] [ PARAM ] array (
)
[ info ] [ DB ] INIT mysql
[ sql ] [ DB ] CONNECT:[ UseTime:0.000966s ] mysql:host=127.0.0.1;port=3306;dbname=jiwankang;charset=utf8mb4
[ sql ] [ SQL ] SHOW COLUMNS FROM `wb_order_items` [ RunTime:0.002256s ]
[ sql ] [ SQL ] SELECT * FROM `wb_order_items` WHERE  `order_id` = 'S04011604593222' [ RunTime:0.000985s ]
[ sql ] [ SQL ] SELECT COUNT(*) AS tp_count FROM `wb_order_items` WHERE  `zw_tag` = 'T'  AND `zuowei` = 'A' LIMIT 1 [ RunTime:0.000603s ]
[ sql ] [ SQL ] SELECT COUNT(*) AS tp_count FROM `wb_order_items` WHERE  `zw_tag` = 'T'  AND `zuowei` = 'A'  AND `zw_youxiao` = 1 LIMIT 1 [ RunTime:0.000427s ]
[ sql ] [ SQL ] UPDATE `wb_order_items`  SET `zuowei` = 'A' , `zw_tag` = 'T' , `zw_num` = 1 , `zw_youxiao` = 2 , `utime` = 1775039316  WHERE  `id` IS NULL [ RunTime:0.000349s ]
[ error ] [8]未定义数组索引: ave_price[E:\wwwroot\2026\04\jiwankang\thinkphp\library\think\Collection.php:486]
[ error ] [8]未定义数组索引: id[E:\wwwroot\2026\04\jiwankang\thinkphp\library\think\Collection.php:486]
---------------------------------------------------------------
[2026-04-01T18:28:53+08:00] 127.0.0.1 GET www.jiwankang.com/b2c/index/ceshi
[运行时间：0.028037s] [吞吐率：35.67req/s] [内存消耗：4,108.23kb] [文件加载：99]
[ info ] [ LANG ] E:\wwwroot\2026\04\jiwankang\thinkphp\lang\zh-cn.php
[ info ] [ ROUTE ] array (
)
[ info ] [ HEADER ] array (
  'upgrade-insecure-requests' => '1',
  'cookie' => 'PHPSESSID=6ge3q9cob417ort2dkkl8j63da',
  'cache-control' => 'max-age=0',
  'accept-language' => 'zh-CN,zh;q=0.9',
  'accept-encoding' => 'gzip, deflate',
  'accept' => 'text/html,application/xhtml+xml,application/xml;q=0.9,image/avif,image/webp,image/apng,*/*;q=0.8,application/signed-exchange;v=b3;q=0.7',
  'user-agent' => 'Mozilla/5.0 (Windows NT 10.0; Win64; x64) AppleWebKit/537.36 (KHTML, like Gecko) Chrome/146.0.0.0 Safari/537.36',
  'host' => 'www.jiwankang.com',
  'content-length' => '',
  'content-type' => '',
)
[ info ] [ PARAM ] array (
)
[ info ] [ DB ] INIT mysql
[ sql ] [ DB ] CONNECT:[ UseTime:0.000804s ] mysql:host=127.0.0.1;port=3306;dbname=jiwankang;charset=utf8mb4
[ sql ] [ SQL ] SHOW COLUMNS FROM `wb_order_items` [ RunTime:0.000690s ]
[ sql ] [ SQL ] SELECT * FROM `wb_order_items` WHERE  `order_id` = 'S04011604593222' [ RunTime:0.000309s ]
[ sql ] [ SQL ] SELECT COUNT(*) AS tp_count FROM `wb_order_items` WHERE  `zw_tag` = 'T'  AND `zuowei` = 'A' LIMIT 1 [ RunTime:0.000194s ]
[ sql ] [ SQL ] SELECT COUNT(*) AS tp_count FROM `wb_order_items` WHERE  `zw_tag` = 'T'  AND `zuowei` = 'A'  AND `zw_youxiao` = 1 LIMIT 1 [ RunTime:0.000103s ]
[ sql ] [ SQL ] UPDATE `wb_order_items`  SET `zuowei` = 'A' , `zw_tag` = 'T' , `zw_num` = 1 , `zw_youxiao` = 2 , `utime` = 1775039333  WHERE  `id` IS NULL [ RunTime:0.000092s ]
[ error ] [8]未定义数组索引: ave_price[E:\wwwroot\2026\04\jiwankang\thinkphp\library\think\Collection.php:486]
[ error ] [8]未定义数组索引: id[E:\wwwroot\2026\04\jiwankang\thinkphp\library\think\Collection.php:486]
---------------------------------------------------------------
[2026-04-01T18:29:32+08:00] 127.0.0.1 GET www.jiwankang.com/b2c/index/ceshi
[运行时间：0.035249s] [吞吐率：28.37req/s] [内存消耗：4,108.23kb] [文件加载：99]
[ info ] [ LANG ] E:\wwwroot\2026\04\jiwankang\thinkphp\lang\zh-cn.php
[ info ] [ ROUTE ] array (
)
[ info ] [ HEADER ] array (
  'upgrade-insecure-requests' => '1',
  'cookie' => 'PHPSESSID=6ge3q9cob417ort2dkkl8j63da',
  'cache-control' => 'max-age=0',
  'accept-language' => 'zh-CN,zh;q=0.9',
  'accept-encoding' => 'gzip, deflate',
  'accept' => 'text/html,application/xhtml+xml,application/xml;q=0.9,image/avif,image/webp,image/apng,*/*;q=0.8,application/signed-exchange;v=b3;q=0.7',
  'user-agent' => 'Mozilla/5.0 (Windows NT 10.0; Win64; x64) AppleWebKit/537.36 (KHTML, like Gecko) Chrome/146.0.0.0 Safari/537.36',
  'host' => 'www.jiwankang.com',
  'content-length' => '',
  'content-type' => '',
)
[ info ] [ PARAM ] array (
)
[ info ] [ DB ] INIT mysql
[ sql ] [ DB ] CONNECT:[ UseTime:0.001473s ] mysql:host=127.0.0.1;port=3306;dbname=jiwankang;charset=utf8mb4
[ sql ] [ SQL ] SHOW COLUMNS FROM `wb_order_items` [ RunTime:0.002194s ]
[ sql ] [ SQL ] SELECT * FROM `wb_order_items` WHERE  `order_id` = 'S04011604593222' [ RunTime:0.000392s ]
[ sql ] [ SQL ] SELECT COUNT(*) AS tp_count FROM `wb_order_items` WHERE  `zw_tag` = 'T'  AND `zuowei` = 'A' LIMIT 1 [ RunTime:0.000386s ]
[ sql ] [ SQL ] SELECT COUNT(*) AS tp_count FROM `wb_order_items` WHERE  `zw_tag` = 'T'  AND `zuowei` = 'A'  AND `zw_youxiao` = 1 LIMIT 1 [ RunTime:0.000218s ]
[ sql ] [ SQL ] UPDATE `wb_order_items`  SET `zuowei` = 'A' , `zw_tag` = 'T' , `zw_num` = 1 , `zw_youxiao` = 2 , `utime` = 1775039372  WHERE  `id` IS NULL [ RunTime:0.000125s ]
[ error ] [8]未定义数组索引: ave_price[E:\wwwroot\2026\04\jiwankang\thinkphp\library\think\Collection.php:486]
[ error ] [8]未定义数组索引: id[E:\wwwroot\2026\04\jiwankang\thinkphp\library\think\Collection.php:486]
---------------------------------------------------------------
[2026-04-01T18:30:28+08:00] 127.0.0.1 GET www.jiwankang.com/b2c/index/ceshi
[运行时间：0.039179s] [吞吐率：25.52req/s] [内存消耗：4,070.14kb] [文件加载：96]
[ info ] [ LANG ] E:\wwwroot\2026\04\jiwankang\thinkphp\lang\zh-cn.php
[ info ] [ ROUTE ] array (
)
[ info ] [ HEADER ] array (
  'upgrade-insecure-requests' => '1',
  'cookie' => 'PHPSESSID=6ge3q9cob417ort2dkkl8j63da',
  'cache-control' => 'max-age=0',
  'accept-language' => 'zh-CN,zh;q=0.9',
  'accept-encoding' => 'gzip, deflate',
  'accept' => 'text/html,application/xhtml+xml,application/xml;q=0.9,image/avif,image/webp,image/apng,*/*;q=0.8,application/signed-exchange;v=b3;q=0.7',
  'user-agent' => 'Mozilla/5.0 (Windows NT 10.0; Win64; x64) AppleWebKit/537.36 (KHTML, like Gecko) Chrome/146.0.0.0 Safari/537.36',
  'host' => 'www.jiwankang.com',
  'content-length' => '',
  'content-type' => '',
)
[ info ] [ PARAM ] array (
)
[ info ] [ DB ] INIT mysql
[ sql ] [ DB ] CONNECT:[ UseTime:0.000758s ] mysql:host=127.0.0.1;port=3306;dbname=jiwankang;charset=utf8mb4
[ sql ] [ SQL ] SHOW COLUMNS FROM `wb_order_items` [ RunTime:0.000791s ]
[ sql ] [ SQL ] SELECT * FROM `wb_order_items` WHERE  `order_id` = 'S04011604593222' [ RunTime:0.000648s ]
[ sql ] [ SQL ] SELECT COUNT(*) AS tp_count FROM `wb_order_items` WHERE  `zw_tag` = 'T998.00'  AND `zuowei` = 'A' LIMIT 1 [ RunTime:0.000265s ]
[ sql ] [ SQL ] SELECT COUNT(*) AS tp_count FROM `wb_order_items` WHERE  `zw_tag` = 'T998.00'  AND `zuowei` = 'A'  AND `zw_youxiao` = 1 LIMIT 1 [ RunTime:0.000281s ]
[ sql ] [ SQL ] UPDATE `wb_order_items`  SET `zuowei` = 'A' , `zw_tag` = 'T998.00' , `zw_num` = 1 , `zw_youxiao` = 2 , `utime` = 1775039428  WHERE  `id` = 1 [ RunTime:0.000497s ]
---------------------------------------------------------------
[2026-04-01T18:30:56+08:00] 127.0.0.1 GET www.jiwankang.com/b2c/index/ceshi
[运行时间：0.033159s] [吞吐率：30.16req/s] [内存消耗：4,070.66kb] [文件加载：96]
[ info ] [ LANG ] E:\wwwroot\2026\04\jiwankang\thinkphp\lang\zh-cn.php
[ info ] [ ROUTE ] array (
)
[ info ] [ HEADER ] array (
  'upgrade-insecure-requests' => '1',
  'cookie' => 'PHPSESSID=6ge3q9cob417ort2dkkl8j63da',
  'cache-control' => 'max-age=0',
  'accept-language' => 'zh-CN,zh;q=0.9',
  'accept-encoding' => 'gzip, deflate',
  'accept' => 'text/html,application/xhtml+xml,application/xml;q=0.9,image/avif,image/webp,image/apng,*/*;q=0.8,application/signed-exchange;v=b3;q=0.7',
  'user-agent' => 'Mozilla/5.0 (Windows NT 10.0; Win64; x64) AppleWebKit/537.36 (KHTML, like Gecko) Chrome/146.0.0.0 Safari/537.36',
  'host' => 'www.jiwankang.com',
  'content-length' => '',
  'content-type' => '',
)
[ info ] [ PARAM ] array (
)
[ info ] [ DB ] INIT mysql
[ sql ] [ DB ] CONNECT:[ UseTime:0.000878s ] mysql:host=127.0.0.1;port=3306;dbname=jiwankang;charset=utf8mb4
[ sql ] [ SQL ] SHOW COLUMNS FROM `wb_order_items` [ RunTime:0.001253s ]
[ sql ] [ SQL ] SELECT * FROM `wb_order_items` WHERE  `order_id` = 'S04011604593222' [ RunTime:0.000221s ]
[ sql ] [ SQL ] SELECT COUNT(*) AS tp_count FROM `wb_order_items` WHERE  `zw_tag` = 'T998'  AND `zuowei` = 'A' LIMIT 1 [ RunTime:0.000154s ]
[ sql ] [ SQL ] SELECT COUNT(*) AS tp_count FROM `wb_order_items` WHERE  `zw_tag` = 'T998'  AND `zuowei` = 'A'  AND `zw_youxiao` = 1 LIMIT 1 [ RunTime:0.000100s ]
[ sql ] [ SQL ] UPDATE `wb_order_items`  SET `zuowei` = 'A' , `zw_tag` = 'T998' , `zw_num` = 1 , `zw_youxiao` = 2 , `utime` = 1775039456  WHERE  `id` = 1 [ RunTime:0.000175s ]
---------------------------------------------------------------
[2026-04-01T19:45:14+08:00] 127.0.0.1 GET www.jiwankang.com/b2c/index/ceshi
[运行时间：0.036078s] [吞吐率：27.72req/s] [内存消耗：4,086.32kb] [文件加载：95]
[ info ] [ LANG ] E:\wwwroot\2026\04\jiwankang\thinkphp\lang\zh-cn.php
[ info ] [ ROUTE ] array (
)
[ info ] [ HEADER ] array (
  'upgrade-insecure-requests' => '1',
  'cookie' => 'PHPSESSID=6ge3q9cob417ort2dkkl8j63da',
  'cache-control' => 'max-age=0',
  'accept-language' => 'zh-CN,zh;q=0.9',
  'accept-encoding' => 'gzip, deflate',
  'accept' => 'text/html,application/xhtml+xml,application/xml;q=0.9,image/avif,image/webp,image/apng,*/*;q=0.8,application/signed-exchange;v=b3;q=0.7',
  'user-agent' => 'Mozilla/5.0 (Windows NT 10.0; Win64; x64) AppleWebKit/537.36 (KHTML, like Gecko) Chrome/146.0.0.0 Safari/537.36',
  'host' => 'www.jiwankang.com',
  'content-length' => '',
  'content-type' => '',
)
[ info ] [ PARAM ] array (
)
[ info ] [ DB ] INIT mysql
[ sql ] [ DB ] CONNECT:[ UseTime:0.001158s ] mysql:host=127.0.0.1;port=3306;dbname=jiwankang;charset=utf8mb4
[ sql ] [ SQL ] SHOW COLUMNS FROM `wb_order_items` [ RunTime:0.001619s ]
[ sql ] [ SQL ] SELECT * FROM `wb_order_items` WHERE  `order_id` = 'S04011604593222' [ RunTime:0.000272s ]
[ sql ] [ SQL ] SELECT COUNT(*) AS tp_count FROM `wb_order_items` WHERE  `zw_tag` = 'T998' LIMIT 1 [ RunTime:0.000234s ]
[ sql ] [ SQL ] SELECT COUNT(*) AS tp_count FROM `wb_order_items` WHERE  `zw_tag` = 'T998'  AND `zuowei` = 'N'  AND `zw_youxiao` = 1 LIMIT 1 [ RunTime:0.000194s ]
[ sql ] [ SQL ] UPDATE `wb_order_items`  SET `zuowei` = 'N' , `zw_tag` = 'T998' , `zw_num` = 1 , `zw_youxiao` = 1  WHERE  `id` = 1 [ RunTime:0.000650s ]
---------------------------------------------------------------
[2026-04-01T19:49:48+08:00] 127.0.0.1 GET www.jiwankang.com/manage/order/index.html
[运行时间：0.035410s] [吞吐率：28.24req/s] [内存消耗：5,036.27kb] [文件加载：112]
[ info ] [ LANG ] E:\wwwroot\2026\04\jiwankang\thinkphp\lang\zh-cn.php
[ info ] [ ROUTE ] array (
)
[ info ] [ HEADER ] array (
  'upgrade-insecure-requests' => '1',
  'referer' => 'http://www.jiwankang.com/manage/order/index.html',
  'cookie' => 'PHPSESSID=6ge3q9cob417ort2dkkl8j63da',
  'cache-control' => 'max-age=0',
  'accept-language' => 'zh-CN,zh;q=0.9',
  'accept-encoding' => 'gzip, deflate',
  'accept' => 'text/html,application/xhtml+xml,application/xml;q=0.9,image/avif,image/webp,image/apng,*/*;q=0.8,application/signed-exchange;v=b3;q=0.7',
  'user-agent' => 'Mozilla/5.0 (Windows NT 10.0; Win64; x64) AppleWebKit/537.36 (KHTML, like Gecko) Chrome/146.0.0.0 Safari/537.36',
  'host' => 'www.jiwankang.com',
  'content-length' => '',
  'content-type' => '',
)
[ info ] [ PARAM ] array (
)
[ info ] [ DB ] INIT mysql
[ info ] [ VIEW ] E:\wwwroot\2026\04\jiwankang\application\manage\view\order\index.html [ array (
  0 => 'params',
  1 => 'jshopHost',
  2 => 'shop_name',
  3 => 'count',
  4 => 'storelist',
) ]
[ sql ] [ DB ] CONNECT:[ UseTime:0.000722s ] mysql:host=127.0.0.1;port=3306;dbname=jiwankang;charset=utf8mb4
[ sql ] [ SQL ] SHOW COLUMNS FROM `wb_setting` [ RunTime:0.000467s ]
[ sql ] [ SQL ] SELECT * FROM `wb_setting` WHERE  `skey` = 'shop_name' LIMIT 1 [ RunTime:0.000163s ]
[ sql ] [ SQL ] SHOW COLUMNS FROM `wb_order` [ RunTime:0.000933s ]
[ sql ] [ SQL ] SELECT COUNT(*) AS tp_count FROM `wb_order` WHERE `wb_order`.`isdel` IS NULL LIMIT 1 [ RunTime:0.000125s ]
[ sql ] [ SQL ] SELECT COUNT(*) AS tp_count FROM `wb_order` WHERE (  `status` = 1  AND `pay_status` = 1 ) AND `wb_order`.`isdel` IS NULL LIMIT 1 [ RunTime:0.000104s ]
[ sql ] [ SQL ] SELECT COUNT(*) AS tp_count FROM `wb_order` WHERE (  `status` = 1  AND `pay_status` <> 1  AND `ship_status` IN (1,2) ) AND `wb_order`.`isdel` IS NULL LIMIT 1 [ RunTime:0.000096s ]
[ sql ] [ SQL ] SELECT COUNT(*) AS tp_count FROM `wb_order` WHERE (  `status` = 1  AND `ship_status` IN (3,2)  AND `confirm` = 1 ) AND `wb_order`.`isdel` IS NULL LIMIT 1 [ RunTime:0.000083s ]
[ sql ] [ SQL ] SELECT COUNT(*) AS tp_count FROM `wb_order` WHERE (  `status` = 1  AND `pay_status` <> 1  AND `ship_status` <> 1  AND `confirm` = 2  AND `is_comment` = 1 ) AND `wb_order`.`isdel` IS NULL LIMIT 1 [ RunTime:0.000090s ]
[ sql ] [ SQL ] SELECT COUNT(*) AS tp_count FROM `wb_order` WHERE (  `status` = 1  AND `pay_status` <> 1  AND `ship_status` <> 1  AND `confirm` = 2  AND `is_comment` = 2 ) AND `wb_order`.`isdel` IS NULL LIMIT 1 [ RunTime:0.000083s ]
[ sql ] [ SQL ] SELECT COUNT(*) AS tp_count FROM `wb_order` WHERE (  `status` = 2 ) AND `wb_order`.`isdel` IS NULL LIMIT 1 [ RunTime:0.000072s ]
[ sql ] [ SQL ] SELECT COUNT(*) AS tp_count FROM `wb_order` WHERE (  `status` = 3 ) AND `wb_order`.`isdel` IS NULL LIMIT 1 [ RunTime:0.000158s ]
[ sql ] [ SQL ] SHOW COLUMNS FROM `wb_store` [ RunTime:0.000776s ]
[ sql ] [ SQL ] SELECT * FROM `wb_store` [ RunTime:0.000116s ]
---------------------------------------------------------------
[2026-04-01T19:49:48+08:00] 127.0.0.1 POST www.jiwankang.com/manage/order/index.html
[运行时间：0.040224s] [吞吐率：24.86req/s] [内存消耗：5,386.41kb] [文件加载：115]
[ info ] [ LANG ] E:\wwwroot\2026\04\jiwankang\thinkphp\lang\zh-cn.php
[ info ] [ ROUTE ] array (
)
[ info ] [ HEADER ] array (
  'x-requested-with' => 'XMLHttpRequest',
  'referer' => 'http://www.jiwankang.com/manage/order/index.html',
  'origin' => 'http://www.jiwankang.com',
  'cookie' => 'PHPSESSID=6ge3q9cob417ort2dkkl8j63da',
  'content-type' => 'application/x-www-form-urlencoded; charset=UTF-8',
  'accept-language' => 'zh-CN,zh;q=0.9',
  'accept-encoding' => 'gzip, deflate',
  'accept' => 'application/json, text/javascript, */*; q=0.01',
  'content-length' => '15',
  'user-agent' => 'Mozilla/5.0 (Windows NT 10.0; Win64; x64) AppleWebKit/537.36 (KHTML, like Gecko) Chrome/146.0.0.0 Safari/537.36',
  'host' => 'www.jiwankang.com',
)
[ info ] [ PARAM ] array (
  'page' => '1',
  'limit' => '20',
)
[ info ] [ DB ] INIT mysql
[ sql ] [ DB ] CONNECT:[ UseTime:0.000733s ] mysql:host=127.0.0.1;port=3306;dbname=jiwankang;charset=utf8mb4
[ sql ] [ SQL ] SHOW COLUMNS FROM `wb_setting` [ RunTime:0.000464s ]
[ sql ] [ SQL ] SELECT * FROM `wb_setting` WHERE  `skey` = 'shop_name' LIMIT 1 [ RunTime:0.000145s ]
[ sql ] [ SQL ] SHOW COLUMNS FROM `wb_order` [ RunTime:0.001215s ]
[ sql ] [ SQL ] SELECT `o`.`order_id`,`o`.`point`,`o`.`user_id`,`o`.`ctime`,`o`.`ship_mobile`,`o`.`ship_address`,`o`.`status`,`o`.`pay_status`,`o`.`ship_status`,`o`.`confirm`,`o`.`is_comment`,`o`.`order_amount`,`o`.`source`,`o`.`ship_area_id`,`o`.`ship_name`,`o`.`mark`,`o`.`order_type`,`o`.`store_id` FROM `wb_order` `o` LEFT JOIN `wb_user` `u` ON `o`.`user_id`=`u`.`id` WHERE `o`.`isdel` IS NULL ORDER BY `ctime` DESC LIMIT 0,20 [ RunTime:0.000229s ]
[ sql ] [ SQL ] SHOW COLUMNS FROM `wb_bill_aftersales` [ RunTime:0.000325s ]
[ sql ] [ SQL ] SELECT * FROM `wb_bill_aftersales` WHERE  `order_id` IN ('S04011949262101') [ RunTime:0.000163s ]
[ sql ] [ SQL ] SELECT COUNT(*) AS tp_count FROM `wb_order` `o` LEFT JOIN `wb_user` `u` ON `o`.`user_id`=`u`.`id` WHERE `o`.`isdel` IS NULL LIMIT 1 [ RunTime:0.000137s ]
[ sql ] [ SQL ] SHOW COLUMNS FROM `wb_user` [ RunTime:0.000332s ]
[ sql ] [ SQL ] SELECT `nickname` FROM `wb_user` WHERE (  `id` = 1 ) AND `wb_user`.`isdel` IS NULL LIMIT 1 [ RunTime:0.000112s ]
[ sql ] [ SQL ] SHOW COLUMNS FROM `wb_area` [ RunTime:0.000895s ]
[ sql ] [ SQL ] SELECT `id`,`name`,`parent_id`,`postal_code` FROM `wb_area` WHERE  `id` = 150525 LIMIT 1 [ RunTime:0.000165s ]
[ sql ] [ SQL ] SELECT `id`,`name`,`parent_id`,`postal_code` FROM `wb_area` WHERE  `parent_id` = 150500 [ RunTime:0.000704s ]
[ sql ] [ SQL ] SELECT `id`,`name`,`parent_id`,`postal_code` FROM `wb_area` WHERE  `id` = 150500 LIMIT 1 [ RunTime:0.000105s ]
[ sql ] [ SQL ] SELECT `id`,`name`,`parent_id`,`postal_code` FROM `wb_area` WHERE  `parent_id` = 150000 [ RunTime:0.000633s ]
[ sql ] [ SQL ] SELECT `id`,`name`,`parent_id`,`postal_code` FROM `wb_area` WHERE  `id` = 150000 LIMIT 1 [ RunTime:0.000078s ]
[ sql ] [ SQL ] SELECT `id`,`name`,`parent_id`,`postal_code` FROM `wb_area` WHERE  `parent_id` = 0 [ RunTime:0.000626s ]
[ sql ] [ SQL ] SHOW COLUMNS FROM `wb_store` [ RunTime:0.000879s ]
[ sql ] [ SQL ] SELECT `store_name` FROM `wb_store` WHERE  `id` = 0 LIMIT 1 [ RunTime:0.000173s ]
---------------------------------------------------------------
[2026-04-01T19:50:55+08:00] 127.0.0.1 GET www.jiwankang.com/b2c/index/ceshi
[运行时间：0.044046s] [吞吐率：22.70req/s] [内存消耗：4,085.64kb] [文件加载：95]
[ info ] [ LANG ] E:\wwwroot\2026\04\jiwankang\thinkphp\lang\zh-cn.php
[ info ] [ ROUTE ] array (
)
[ info ] [ HEADER ] array (
  'upgrade-insecure-requests' => '1',
  'cookie' => 'PHPSESSID=6ge3q9cob417ort2dkkl8j63da',
  'cache-control' => 'max-age=0',
  'accept-language' => 'zh-CN,zh;q=0.9',
  'accept-encoding' => 'gzip, deflate',
  'accept' => 'text/html,application/xhtml+xml,application/xml;q=0.9,image/avif,image/webp,image/apng,*/*;q=0.8,application/signed-exchange;v=b3;q=0.7',
  'user-agent' => 'Mozilla/5.0 (Windows NT 10.0; Win64; x64) AppleWebKit/537.36 (KHTML, like Gecko) Chrome/146.0.0.0 Safari/537.36',
  'host' => 'www.jiwankang.com',
  'content-length' => '',
  'content-type' => '',
)
[ info ] [ PARAM ] array (
)
[ info ] [ DB ] INIT mysql
[ sql ] [ DB ] CONNECT:[ UseTime:0.011460s ] mysql:host=127.0.0.1;port=3306;dbname=jiwankang;charset=utf8mb4
[ sql ] [ SQL ] SHOW COLUMNS FROM `wb_order_items` [ RunTime:0.002492s ]
[ sql ] [ SQL ] SELECT * FROM `wb_order_items` WHERE  `order_id` = 'S04011949262101' [ RunTime:0.000520s ]
[ sql ] [ SQL ] SELECT COUNT(*) AS tp_count FROM `wb_order_items` WHERE  `zw_tag` = 'T998' LIMIT 1 [ RunTime:0.000193s ]
[ sql ] [ SQL ] UPDATE `wb_order_items`  SET `zuowei` = 'A' , `zw_tag` = 'T998' , `zw_num` = 0 , `zw_youxiao` = 2  WHERE  `id` = 1 [ RunTime:0.000230s ]
---------------------------------------------------------------
[2026-04-01T19:52:15+08:00] 127.0.0.1 GET www.jiwankang.com/manage/hooks/index.html
[运行时间：0.034112s] [吞吐率：29.32req/s] [内存消耗：4,710.03kb] [文件加载：110]
[ info ] [ LANG ] E:\wwwroot\2026\04\jiwankang\thinkphp\lang\zh-cn.php
[ info ] [ ROUTE ] array (
)
[ info ] [ HEADER ] array (
  'upgrade-insecure-requests' => '1',
  'referer' => 'http://www.jiwankang.com/manage',
  'cookie' => 'PHPSESSID=6ge3q9cob417ort2dkkl8j63da',
  'accept-language' => 'zh-CN,zh;q=0.9',
  'accept-encoding' => 'gzip, deflate',
  'accept' => 'text/html,application/xhtml+xml,application/xml;q=0.9,image/avif,image/webp,image/apng,*/*;q=0.8,application/signed-exchange;v=b3;q=0.7',
  'user-agent' => 'Mozilla/5.0 (Windows NT 10.0; Win64; x64) AppleWebKit/537.36 (KHTML, like Gecko) Chrome/146.0.0.0 Safari/537.36',
  'host' => 'www.jiwankang.com',
  'content-length' => '',
  'content-type' => '',
)
[ info ] [ PARAM ] array (
)
[ info ] [ DB ] INIT mysql
[ info ] [ VIEW ] E:\wwwroot\2026\04\jiwankang\application\manage\view\hooks\index.html [ array (
  0 => 'params',
  1 => 'jshopHost',
  2 => 'shop_name',
) ]
[ sql ] [ DB ] CONNECT:[ UseTime:0.000630s ] mysql:host=127.0.0.1;port=3306;dbname=jiwankang;charset=utf8mb4
[ sql ] [ SQL ] SHOW COLUMNS FROM `wb_setting` [ RunTime:0.000471s ]
[ sql ] [ SQL ] SELECT * FROM `wb_setting` WHERE  `skey` = 'shop_name' LIMIT 1 [ RunTime:0.000148s ]
---------------------------------------------------------------
[2026-04-01T19:52:15+08:00] 127.0.0.1 GET www.jiwankang.com/manage/hooks/index.html
[运行时间：0.036998s] [吞吐率：27.03req/s] [内存消耗：4,374.95kb] [文件加载：107]
[ info ] [ LANG ] E:\wwwroot\2026\04\jiwankang\thinkphp\lang\zh-cn.php
[ info ] [ ROUTE ] array (
)
[ info ] [ HEADER ] array (
  'upgrade-insecure-requests' => '1',
  'referer' => 'http://www.jiwankang.com/manage',
  'cookie' => 'PHPSESSID=6ge3q9cob417ort2dkkl8j63da',
  'accept-language' => 'zh-CN,zh;q=0.9',
  'accept-encoding' => 'gzip, deflate',
  'accept' => 'text/html,application/xhtml+xml,application/xml;q=0.9,image/avif,image/webp,image/apng,*/*;q=0.8,application/signed-exchange;v=b3;q=0.7',
  'user-agent' => 'Mozilla/5.0 (Windows NT 10.0; Win64; x64) AppleWebKit/537.36 (KHTML, like Gecko) Chrome/146.0.0.0 Safari/537.36',
  'host' => 'www.jiwankang.com',
  'content-length' => '',
  'content-type' => '',
)
[ info ] [ PARAM ] array (
)
[ info ] [ DB ] INIT mysql
[ info ] [ VIEW ] E:\wwwroot\2026\04\jiwankang\application\manage\view\hooks\index.html [ array (
  0 => 'params',
  1 => 'jshopHost',
  2 => 'shop_name',
) ]
[ sql ] [ DB ] CONNECT:[ UseTime:0.000642s ] mysql:host=127.0.0.1;port=3306;dbname=jiwankang;charset=utf8mb4
[ sql ] [ SQL ] SHOW COLUMNS FROM `wb_setting` [ RunTime:0.000506s ]
[ sql ] [ SQL ] SELECT * FROM `wb_setting` WHERE  `skey` = 'shop_name' LIMIT 1 [ RunTime:0.000149s ]
---------------------------------------------------------------
[2026-04-01T19:52:15+08:00] 127.0.0.1 GET www.jiwankang.com/manage/hooks/index.html?page=1&limit=20
[运行时间：0.040710s] [吞吐率：24.56req/s] [内存消耗：4,490.49kb] [文件加载：109]
[ info ] [ LANG ] E:\wwwroot\2026\04\jiwankang\thinkphp\lang\zh-cn.php
[ info ] [ ROUTE ] array (
)
[ info ] [ HEADER ] array (
  'x-requested-with' => 'XMLHttpRequest',
  'referer' => 'http://www.jiwankang.com/manage/hooks/index.html',
  'cookie' => 'PHPSESSID=6ge3q9cob417ort2dkkl8j63da',
  'accept-language' => 'zh-CN,zh;q=0.9',
  'accept-encoding' => 'gzip, deflate',
  'accept' => 'application/json, text/javascript, */*; q=0.01',
  'user-agent' => 'Mozilla/5.0 (Windows NT 10.0; Win64; x64) AppleWebKit/537.36 (KHTML, like Gecko) Chrome/146.0.0.0 Safari/537.36',
  'host' => 'www.jiwankang.com',
  'content-length' => '',
  'content-type' => '',
)
[ info ] [ PARAM ] array (
  'page' => '1',
  'limit' => '20',
)
[ info ] [ DB ] INIT mysql
[ sql ] [ DB ] CONNECT:[ UseTime:0.001073s ] mysql:host=127.0.0.1;port=3306;dbname=jiwankang;charset=utf8mb4
[ sql ] [ SQL ] SHOW COLUMNS FROM `wb_setting` [ RunTime:0.000613s ]
[ sql ] [ SQL ] SELECT * FROM `wb_setting` WHERE  `skey` = 'shop_name' LIMIT 1 [ RunTime:0.000159s ]
[ sql ] [ SQL ] SHOW COLUMNS FROM `wb_hooks` [ RunTime:0.000953s ]
[ sql ] [ SQL ] SELECT COUNT(*) AS tp_count FROM `wb_hooks` LIMIT 1 [ RunTime:0.000583s ]
[ sql ] [ SQL ] SELECT * FROM `wb_hooks` LIMIT 0,20 [ RunTime:0.000126s ]
---------------------------------------------------------------
[2026-04-01T19:52:18+08:00] 127.0.0.1 GET www.jiwankang.com/manage/addons/index.html
[运行时间：0.030312s] [吞吐率：32.99req/s] [内存消耗：4,739.26kb] [文件加载：110]
[ info ] [ LANG ] E:\wwwroot\2026\04\jiwankang\thinkphp\lang\zh-cn.php
[ info ] [ ROUTE ] array (
)
[ info ] [ HEADER ] array (
  'upgrade-insecure-requests' => '1',
  'referer' => 'http://www.jiwankang.com/manage',
  'cookie' => 'PHPSESSID=6ge3q9cob417ort2dkkl8j63da',
  'accept-language' => 'zh-CN,zh;q=0.9',
  'accept-encoding' => 'gzip, deflate',
  'accept' => 'text/html,application/xhtml+xml,application/xml;q=0.9,image/avif,image/webp,image/apng,*/*;q=0.8,application/signed-exchange;v=b3;q=0.7',
  'user-agent' => 'Mozilla/5.0 (Windows NT 10.0; Win64; x64) AppleWebKit/537.36 (KHTML, like Gecko) Chrome/146.0.0.0 Safari/537.36',
  'host' => 'www.jiwankang.com',
  'content-length' => '',
  'content-type' => '',
)
[ info ] [ PARAM ] array (
)
[ info ] [ DB ] INIT mysql
[ info ] [ VIEW ] E:\wwwroot\2026\04\jiwankang\application\manage\view\addons\index.html [ array (
  0 => 'params',
  1 => 'jshopHost',
  2 => 'shop_name',
) ]
[ sql ] [ DB ] CONNECT:[ UseTime:0.000645s ] mysql:host=127.0.0.1;port=3306;dbname=jiwankang;charset=utf8mb4
[ sql ] [ SQL ] SHOW COLUMNS FROM `wb_setting` [ RunTime:0.000460s ]
[ sql ] [ SQL ] SELECT * FROM `wb_setting` WHERE  `skey` = 'shop_name' LIMIT 1 [ RunTime:0.000148s ]
---------------------------------------------------------------
[2026-04-01T19:52:18+08:00] 127.0.0.1 GET www.jiwankang.com/manage/addons/index.html
[运行时间：0.034534s] [吞吐率：28.96req/s] [内存消耗：4,404.17kb] [文件加载：107]
[ info ] [ LANG ] E:\wwwroot\2026\04\jiwankang\thinkphp\lang\zh-cn.php
[ info ] [ ROUTE ] array (
)
[ info ] [ HEADER ] array (
  'upgrade-insecure-requests' => '1',
  'referer' => 'http://www.jiwankang.com/manage',
  'cookie' => 'PHPSESSID=6ge3q9cob417ort2dkkl8j63da',
  'accept-language' => 'zh-CN,zh;q=0.9',
  'accept-encoding' => 'gzip, deflate',
  'accept' => 'text/html,application/xhtml+xml,application/xml;q=0.9,image/avif,image/webp,image/apng,*/*;q=0.8,application/signed-exchange;v=b3;q=0.7',
  'user-agent' => 'Mozilla/5.0 (Windows NT 10.0; Win64; x64) AppleWebKit/537.36 (KHTML, like Gecko) Chrome/146.0.0.0 Safari/537.36',
  'host' => 'www.jiwankang.com',
  'content-length' => '',
  'content-type' => '',
)
[ info ] [ PARAM ] array (
)
[ info ] [ DB ] INIT mysql
[ info ] [ VIEW ] E:\wwwroot\2026\04\jiwankang\application\manage\view\addons\index.html [ array (
  0 => 'params',
  1 => 'jshopHost',
  2 => 'shop_name',
) ]
[ sql ] [ DB ] CONNECT:[ UseTime:0.000739s ] mysql:host=127.0.0.1;port=3306;dbname=jiwankang;charset=utf8mb4
[ sql ] [ SQL ] SHOW COLUMNS FROM `wb_setting` [ RunTime:0.000587s ]
[ sql ] [ SQL ] SELECT * FROM `wb_setting` WHERE  `skey` = 'shop_name' LIMIT 1 [ RunTime:0.000201s ]
---------------------------------------------------------------
[2026-04-01T19:52:18+08:00] 127.0.0.1 GET www.jiwankang.com/manage/addons/index.html?_ajax=1&page=1&limit=20
[运行时间：0.035172s] [吞吐率：28.43req/s] [内存消耗：4,884.79kb] [文件加载：130]
[ info ] [ LANG ] E:\wwwroot\2026\04\jiwankang\thinkphp\lang\zh-cn.php
[ info ] [ ROUTE ] array (
)
[ info ] [ HEADER ] array (
  'x-requested-with' => 'XMLHttpRequest',
  'referer' => 'http://www.jiwankang.com/manage/addons/index.html',
  'cookie' => 'PHPSESSID=6ge3q9cob417ort2dkkl8j63da',
  'accept-language' => 'zh-CN,zh;q=0.9',
  'accept-encoding' => 'gzip, deflate',
  'accept' => 'application/json, text/javascript, */*; q=0.01',
  'user-agent' => 'Mozilla/5.0 (Windows NT 10.0; Win64; x64) AppleWebKit/537.36 (KHTML, like Gecko) Chrome/146.0.0.0 Safari/537.36',
  'host' => 'www.jiwankang.com',
  'content-length' => '',
  'content-type' => '',
)
[ info ] [ PARAM ] array (
  '_ajax' => '1',
  'page' => '1',
  'limit' => '20',
)
[ info ] [ DB ] INIT mysql
[ sql ] [ DB ] CONNECT:[ UseTime:0.001398s ] mysql:host=127.0.0.1;port=3306;dbname=jiwankang;charset=utf8mb4
[ sql ] [ SQL ] SHOW COLUMNS FROM `wb_setting` [ RunTime:0.000804s ]
[ sql ] [ SQL ] SELECT * FROM `wb_setting` WHERE  `skey` = 'shop_name' LIMIT 1 [ RunTime:0.000268s ]
[ sql ] [ SQL ] SELECT * FROM `wb_setting` WHERE  `skey` = 'language' LIMIT 1 [ RunTime:0.000180s ]
[ sql ] [ SQL ] SELECT * FROM `wb_setting` WHERE  `skey` = 'language' LIMIT 1 [ RunTime:0.000100s ]
[ sql ] [ SQL ] SHOW COLUMNS FROM `wb_addons` [ RunTime:0.000946s ]
[ sql ] [ SQL ] SELECT * FROM `wb_addons` WHERE  `name` IN ('Aliyunsms','Demo','Distribution','FreePackage','Juhesms','KdniaoExpress','MiniManage','Mms1086','QueueCreate','StockControl','TencentSMS','UserInvite','Userupgrade','WechatAppletsMessage','Wxdelivery') [ RunTime:0.000210s ]
---------------------------------------------------------------
[2026-04-01T19:52:24+08:00] 127.0.0.1 POST www.jiwankang.com/manage/addons/refresh.html
[运行时间：0.041004s] [吞吐率：24.39req/s] [内存消耗：4,520.89kb] [文件加载：111]
[ info ] [ LANG ] E:\wwwroot\2026\04\jiwankang\thinkphp\lang\zh-cn.php
[ info ] [ ROUTE ] array (
)
[ info ] [ HEADER ] array (
  'x-requested-with' => 'XMLHttpRequest',
  'referer' => 'http://www.jiwankang.com/manage/addons/index.html',
  'origin' => 'http://www.jiwankang.com',
  'cookie' => 'PHPSESSID=6ge3q9cob417ort2dkkl8j63da',
  'content-type' => 'application/x-www-form-urlencoded; charset=UTF-8',
  'accept-language' => 'zh-CN,zh;q=0.9',
  'accept-encoding' => 'gzip, deflate',
  'accept' => 'application/json, text/javascript, */*; q=0.01',
  'content-length' => '16',
  'user-agent' => 'Mozilla/5.0 (Windows NT 10.0; Win64; x64) AppleWebKit/537.36 (KHTML, like Gecko) Chrome/146.0.0.0 Safari/537.36',
  'host' => 'www.jiwankang.com',
)
[ info ] [ PARAM ] array (
  'name' => 'Userupgrade',
)
[ info ] [ DB ] INIT mysql
[ sql ] [ DB ] CONNECT:[ UseTime:0.000739s ] mysql:host=127.0.0.1;port=3306;dbname=jiwankang;charset=utf8mb4
[ sql ] [ SQL ] SHOW COLUMNS FROM `wb_setting` [ RunTime:0.000535s ]
[ sql ] [ SQL ] SELECT * FROM `wb_setting` WHERE  `skey` = 'shop_name' LIMIT 1 [ RunTime:0.000219s ]
[ sql ] [ SQL ] SHOW COLUMNS FROM `wb_operation` [ RunTime:0.000948s ]
[ sql ] [ SQL ] SELECT * FROM `wb_operation` WHERE  `type` = 'c'  AND `code` = 'addons'  AND `parent_id` = 2 LIMIT 1 [ RunTime:0.000449s ]
[ sql ] [ SQL ] SELECT * FROM `wb_operation` WHERE  `type` = 'a'  AND `code` = 'refresh'  AND `parent_id` = 464 LIMIT 1 [ RunTime:0.000141s ]
[ sql ] [ SQL ] SHOW COLUMNS FROM `wb_operation_log` [ RunTime:0.000815s ]
[ sql ] [ SQL ] INSERT INTO `wb_operation_log` (`manage_id` , `controller` , `method` , `desc` , `content` , `ip` , `ctime`) VALUES (13 , 'addons' , 'refresh' , '插件刷新：Userupgrade' , '{\"name\":\"Userupgrade\"}' , '127.0.0.1' , 1775044344) [ RunTime:0.000181s ]
[ sql ] [ SQL ] SELECT * FROM `wb_setting` WHERE  `skey` = 'language' LIMIT 1 [ RunTime:0.000139s ]
[ sql ] [ SQL ] SELECT * FROM `wb_setting` WHERE  `skey` = 'language' LIMIT 1 [ RunTime:0.000084s ]
[ sql ] [ SQL ] SHOW COLUMNS FROM `wb_addons` [ RunTime:0.000776s ]
[ sql ] [ SQL ] SELECT * FROM `wb_addons` WHERE  `name` = 'Userupgrade' LIMIT 1 [ RunTime:0.000127s ]
[ sql ] [ SQL ] UPDATE `wb_addons`  SET `title` = '用户自动升级等级插件' , `description` = '用户购买金额达到XX元自动升级成指定用户等级' , `author` = 'sin' , `version` = '1.0' , `config` = '{\"menu\":[{\"id\":\"userupgrade_1\",\"parent_id\":\"2\",\"parent_menu_id\":\"2\",\"name\":\"\\u7528\\u6237\\u7b49\\u7ea7\\u5347\\u7ea7\\u63a7\\u5236\\u5668\",\"code\":\"Index\",\"type\":\"c\",\"perm_type\":3,\"sort\":140,\"addons\":\"Userupgrade\"},{\"id\":\"userupgrade_2\",\"parent_id\":\"demo_1\",\"parent_menu_id\":\"553\",\"name\":\"\\u7528\\u6237\\u5347\\u7ea7\\u914d\\u7f6e\",\"code\":\"index\",\"type\":\"a\",\"perm_type\":3,\"sort\":100,\"addons\":\"Userupgrade\"}],\"jshop\":\"www.jihainet.com\"}' , `utime` = 1775044344  WHERE  `name` = 'Userupgrade' [ RunTime:0.000169s ]
[ sql ] [ SQL ] SHOW COLUMNS FROM `wb_hooks` [ RunTime:0.000929s ]
[ sql ] [ SQL ] SELECT `name` FROM `wb_hooks` [ RunTime:0.000165s ]
[ sql ] [ SQL ] SELECT `addons` FROM `wb_hooks` WHERE  `name` = 'orderpayed' LIMIT 1 [ RunTime:0.000168s ]
[ sql ] [ SQL ] UPDATE `wb_hooks`  SET `addons` = 'Userupgrade,UserInvite'  WHERE  `name` = 'orderpayed' [ RunTime:0.001736s ]
---------------------------------------------------------------
[2026-04-01T19:52:26+08:00] 127.0.0.1 GET www.jiwankang.com/manage/addons/index.html?_ajax=1&page=1&limit=20
[运行时间：0.041863s] [吞吐率：23.89req/s] [内存消耗：4,970.49kb] [文件加载：134]
[ info ] [ LANG ] E:\wwwroot\2026\04\jiwankang\thinkphp\lang\zh-cn.php
[ info ] [ DB ] INIT mysql
[ info ] [ ROUTE ] array (
)
[ info ] [ HEADER ] array (
  'x-requested-with' => 'XMLHttpRequest',
  'referer' => 'http://www.jiwankang.com/manage/addons/index.html',
  'cookie' => 'PHPSESSID=6ge3q9cob417ort2dkkl8j63da',
  'accept-language' => 'zh-CN,zh;q=0.9',
  'accept-encoding' => 'gzip, deflate',
  'accept' => 'application/json, text/javascript, */*; q=0.01',
  'user-agent' => 'Mozilla/5.0 (Windows NT 10.0; Win64; x64) AppleWebKit/537.36 (KHTML, like Gecko) Chrome/146.0.0.0 Safari/537.36',
  'host' => 'www.jiwankang.com',
  'content-length' => '',
  'content-type' => '',
)
[ info ] [ PARAM ] array (
  '_ajax' => '1',
  'page' => '1',
  'limit' => '20',
)
[ sql ] [ DB ] CONNECT:[ UseTime:0.000622s ] mysql:host=127.0.0.1;port=3306;dbname=jiwankang;charset=utf8mb4
[ sql ] [ SQL ] SHOW COLUMNS FROM `wb_hooks` [ RunTime:0.001042s ]
[ sql ] [ SQL ] SELECT `name`,`addons` FROM `wb_hooks` [ RunTime:0.000160s ]
[ sql ] [ SQL ] SHOW COLUMNS FROM `wb_addons` [ RunTime:0.000905s ]
[ sql ] [ SQL ] SELECT `name` FROM `wb_addons` WHERE  `status` = 1  AND `name` IN ('') [ RunTime:0.000161s ]
[ sql ] [ SQL ] SELECT `name` FROM `wb_addons` WHERE  `status` = 1  AND `name` IN ('') [ RunTime:0.000170s ]
[ sql ] [ SQL ] SELECT `name` FROM `wb_addons` WHERE  `status` = 1  AND `name` IN ('') [ RunTime:0.000203s ]
[ sql ] [ SQL ] SELECT `name` FROM `wb_addons` WHERE  `status` = 1  AND `name` IN ('') [ RunTime:0.000166s ]
[ sql ] [ SQL ] SELECT `name` FROM `wb_addons` WHERE  `status` = 1  AND `name` IN ('') [ RunTime:0.000108s ]
[ sql ] [ SQL ] SELECT `name` FROM `wb_addons` WHERE  `status` = 1  AND `name` IN ('') [ RunTime:0.000141s ]
[ sql ] [ SQL ] SELECT `name` FROM `wb_addons` WHERE  `status` = 1  AND `name` IN ('') [ RunTime:0.000239s ]
[ sql ] [ SQL ] SELECT `name` FROM `wb_addons` WHERE  `status` = 1  AND `name` IN ('') [ RunTime:0.000126s ]
[ sql ] [ SQL ] SELECT `name` FROM `wb_addons` WHERE  `status` = 1  AND `name` IN ('') [ RunTime:0.000087s ]
[ sql ] [ SQL ] SELECT `name` FROM `wb_addons` WHERE  `status` = 1  AND `name` IN ('') [ RunTime:0.000083s ]
[ sql ] [ SQL ] SELECT `name` FROM `wb_addons` WHERE  `status` = 1  AND `name` IN ('') [ RunTime:0.000172s ]
[ sql ] [ SQL ] SELECT `name` FROM `wb_addons` WHERE  `status` = 1  AND `name` IN ('') [ RunTime:0.000193s ]
[ sql ] [ SQL ] SELECT `name` FROM `wb_addons` WHERE  `status` = 1  AND `name` IN ('Userupgrade','UserInvite') [ RunTime:0.000235s ]
[ sql ] [ SQL ] SELECT `name` FROM `wb_addons` WHERE  `status` = 1  AND `name` IN ('') [ RunTime:0.000426s ]
[ sql ] [ SQL ] SELECT `name` FROM `wb_addons` WHERE  `status` = 1  AND `name` IN ('') [ RunTime:0.000204s ]
[ sql ] [ SQL ] SELECT `name` FROM `wb_addons` WHERE  `status` = 1  AND `name` IN ('') [ RunTime:0.000106s ]
[ sql ] [ SQL ] SELECT `name` FROM `wb_addons` WHERE  `status` = 1  AND `name` IN ('') [ RunTime:0.000088s ]
[ sql ] [ SQL ] SELECT `name` FROM `wb_addons` WHERE  `status` = 1  AND `name` IN ('') [ RunTime:0.000080s ]
[ sql ] [ SQL ] SELECT `name` FROM `wb_addons` WHERE  `status` = 1  AND `name` IN ('Wxdelivery') [ RunTime:0.000085s ]
[ sql ] [ SQL ] SELECT `name` FROM `wb_addons` WHERE  `status` = 1  AND `name` IN ('') [ RunTime:0.000163s ]
[ sql ] [ SQL ] SELECT `name` FROM `wb_addons` WHERE  `status` = 1  AND `name` IN ('') [ RunTime:0.000145s ]
[ sql ] [ SQL ] SELECT `name` FROM `wb_addons` WHERE  `status` = 1  AND `name` IN ('') [ RunTime:0.000109s ]
[ sql ] [ SQL ] SELECT `name` FROM `wb_addons` WHERE  `status` = 1  AND `name` IN ('') [ RunTime:0.000084s ]
[ sql ] [ SQL ] SELECT `name` FROM `wb_addons` WHERE  `status` = 1  AND `name` IN ('') [ RunTime:0.000078s ]
[ sql ] [ SQL ] SELECT `name` FROM `wb_addons` WHERE  `status` = 1  AND `name` IN ('') [ RunTime:0.000078s ]
[ sql ] [ SQL ] SELECT `name` FROM `wb_addons` WHERE  `status` = 1  AND `name` IN ('') [ RunTime:0.000074s ]
[ sql ] [ SQL ] SELECT `name` FROM `wb_addons` WHERE  `status` = 1  AND `name` IN ('') [ RunTime:0.000075s ]
[ sql ] [ SQL ] SELECT `name` FROM `wb_addons` WHERE  `status` = 1  AND `name` IN ('') [ RunTime:0.000075s ]
[ sql ] [ SQL ] SELECT `name` FROM `wb_addons` WHERE  `status` = 1  AND `name` IN ('UserInvite') [ RunTime:0.000080s ]
[ sql ] [ SQL ] SELECT `name` FROM `wb_addons` WHERE  `status` = 1  AND `name` IN ('QueueCreate') [ RunTime:0.000158s ]
[ sql ] [ SQL ] SELECT `name` FROM `wb_addons` WHERE  `status` = 1  AND `name` IN ('Wxdelivery') [ RunTime:0.000106s ]
[ sql ] [ SQL ] SHOW COLUMNS FROM `wb_setting` [ RunTime:0.000359s ]
[ sql ] [ SQL ] SELECT * FROM `wb_setting` WHERE  `skey` = 'shop_name' LIMIT 1 [ RunTime:0.000146s ]
[ sql ] [ SQL ] SELECT * FROM `wb_setting` WHERE  `skey` = 'language' LIMIT 1 [ RunTime:0.000128s ]
[ sql ] [ SQL ] SELECT * FROM `wb_setting` WHERE  `skey` = 'language' LIMIT 1 [ RunTime:0.000077s ]
[ sql ] [ SQL ] SELECT * FROM `wb_addons` WHERE  `name` IN ('Aliyunsms','Demo','Distribution','FreePackage','Juhesms','KdniaoExpress','MiniManage','Mms1086','QueueCreate','StockControl','TencentSMS','UserInvite','Userupgrade','WechatAppletsMessage','Wxdelivery') [ RunTime:0.000159s ]
---------------------------------------------------------------
[2026-04-01T19:52:26+08:00] 127.0.0.1 GET www.jiwankang.com/manage/addons/index.html
[运行时间：0.031769s] [吞吐率：31.48req/s] [内存消耗：4,404.65kb] [文件加载：107]
[ info ] [ LANG ] E:\wwwroot\2026\04\jiwankang\thinkphp\lang\zh-cn.php
[ info ] [ ROUTE ] array (
)
[ info ] [ HEADER ] array (
  'upgrade-insecure-requests' => '1',
  'referer' => 'http://www.jiwankang.com/manage/addons/index.html',
  'cookie' => 'PHPSESSID=6ge3q9cob417ort2dkkl8j63da',
  'cache-control' => 'max-age=0',
  'accept-language' => 'zh-CN,zh;q=0.9',
  'accept-encoding' => 'gzip, deflate',
  'accept' => 'text/html,application/xhtml+xml,application/xml;q=0.9,image/avif,image/webp,image/apng,*/*;q=0.8,application/signed-exchange;v=b3;q=0.7',
  'user-agent' => 'Mozilla/5.0 (Windows NT 10.0; Win64; x64) AppleWebKit/537.36 (KHTML, like Gecko) Chrome/146.0.0.0 Safari/537.36',
  'host' => 'www.jiwankang.com',
  'content-length' => '',
  'content-type' => '',
)
[ info ] [ PARAM ] array (
)
[ info ] [ DB ] INIT mysql
[ info ] [ VIEW ] E:\wwwroot\2026\04\jiwankang\application\manage\view\addons\index.html [ array (
  0 => 'params',
  1 => 'jshopHost',
  2 => 'shop_name',
) ]
[ sql ] [ DB ] CONNECT:[ UseTime:0.000938s ] mysql:host=127.0.0.1;port=3306;dbname=jiwankang;charset=utf8mb4
[ sql ] [ SQL ] SHOW COLUMNS FROM `wb_setting` [ RunTime:0.000509s ]
[ sql ] [ SQL ] SELECT * FROM `wb_setting` WHERE  `skey` = 'shop_name' LIMIT 1 [ RunTime:0.000223s ]
---------------------------------------------------------------
[2026-04-01T19:52:26+08:00] 127.0.0.1 GET www.jiwankang.com/manage/addons/index.html?_ajax=1&page=1&limit=20
[运行时间：0.032687s] [吞吐率：30.59req/s] [内存消耗：4,884.79kb] [文件加载：130]
[ info ] [ LANG ] E:\wwwroot\2026\04\jiwankang\thinkphp\lang\zh-cn.php
[ info ] [ ROUTE ] array (
)
[ info ] [ HEADER ] array (
  'x-requested-with' => 'XMLHttpRequest',
  'referer' => 'http://www.jiwankang.com/manage/addons/index.html',
  'cookie' => 'PHPSESSID=6ge3q9cob417ort2dkkl8j63da',
  'accept-language' => 'zh-CN,zh;q=0.9',
  'accept-encoding' => 'gzip, deflate',
  'accept' => 'application/json, text/javascript, */*; q=0.01',
  'user-agent' => 'Mozilla/5.0 (Windows NT 10.0; Win64; x64) AppleWebKit/537.36 (KHTML, like Gecko) Chrome/146.0.0.0 Safari/537.36',
  'host' => 'www.jiwankang.com',
  'content-length' => '',
  'content-type' => '',
)
[ info ] [ PARAM ] array (
  '_ajax' => '1',
  'page' => '1',
  'limit' => '20',
)
[ info ] [ DB ] INIT mysql
[ sql ] [ DB ] CONNECT:[ UseTime:0.000722s ] mysql:host=127.0.0.1;port=3306;dbname=jiwankang;charset=utf8mb4
[ sql ] [ SQL ] SHOW COLUMNS FROM `wb_setting` [ RunTime:0.000583s ]
[ sql ] [ SQL ] SELECT * FROM `wb_setting` WHERE  `skey` = 'shop_name' LIMIT 1 [ RunTime:0.000173s ]
[ sql ] [ SQL ] SELECT * FROM `wb_setting` WHERE  `skey` = 'language' LIMIT 1 [ RunTime:0.000109s ]
[ sql ] [ SQL ] SELECT * FROM `wb_setting` WHERE  `skey` = 'language' LIMIT 1 [ RunTime:0.000076s ]
[ sql ] [ SQL ] SHOW COLUMNS FROM `wb_addons` [ RunTime:0.000861s ]
[ sql ] [ SQL ] SELECT * FROM `wb_addons` WHERE  `name` IN ('Aliyunsms','Demo','Distribution','FreePackage','Juhesms','KdniaoExpress','MiniManage','Mms1086','QueueCreate','StockControl','TencentSMS','UserInvite','Userupgrade','WechatAppletsMessage','Wxdelivery') [ RunTime:0.000172s ]
---------------------------------------------------------------
[2026-04-01T19:52:39+08:00] 127.0.0.1 GET www.jiwankang.com/manage/order/index.html
[运行时间：0.041406s] [吞吐率：24.15req/s] [内存消耗：5,036.27kb] [文件加载：112]
[ info ] [ LANG ] E:\wwwroot\2026\04\jiwankang\thinkphp\lang\zh-cn.php
[ info ] [ ROUTE ] array (
)
[ info ] [ HEADER ] array (
  'upgrade-insecure-requests' => '1',
  'referer' => 'http://www.jiwankang.com/manage/order/index.html',
  'cookie' => 'PHPSESSID=6ge3q9cob417ort2dkkl8j63da',
  'cache-control' => 'max-age=0',
  'accept-language' => 'zh-CN,zh;q=0.9',
  'accept-encoding' => 'gzip, deflate',
  'accept' => 'text/html,application/xhtml+xml,application/xml;q=0.9,image/avif,image/webp,image/apng,*/*;q=0.8,application/signed-exchange;v=b3;q=0.7',
  'user-agent' => 'Mozilla/5.0 (Windows NT 10.0; Win64; x64) AppleWebKit/537.36 (KHTML, like Gecko) Chrome/146.0.0.0 Safari/537.36',
  'host' => 'www.jiwankang.com',
  'content-length' => '',
  'content-type' => '',
)
[ info ] [ PARAM ] array (
)
[ info ] [ DB ] INIT mysql
[ info ] [ VIEW ] E:\wwwroot\2026\04\jiwankang\application\manage\view\order\index.html [ array (
  0 => 'params',
  1 => 'jshopHost',
  2 => 'shop_name',
  3 => 'count',
  4 => 'storelist',
) ]
[ sql ] [ DB ] CONNECT:[ UseTime:0.009639s ] mysql:host=127.0.0.1;port=3306;dbname=jiwankang;charset=utf8mb4
[ sql ] [ SQL ] SHOW COLUMNS FROM `wb_setting` [ RunTime:0.000773s ]
[ sql ] [ SQL ] SELECT * FROM `wb_setting` WHERE  `skey` = 'shop_name' LIMIT 1 [ RunTime:0.000251s ]
[ sql ] [ SQL ] SHOW COLUMNS FROM `wb_order` [ RunTime:0.000486s ]
[ sql ] [ SQL ] SELECT COUNT(*) AS tp_count FROM `wb_order` WHERE `wb_order`.`isdel` IS NULL LIMIT 1 [ RunTime:0.000128s ]
[ sql ] [ SQL ] SELECT COUNT(*) AS tp_count FROM `wb_order` WHERE (  `status` = 1  AND `pay_status` = 1 ) AND `wb_order`.`isdel` IS NULL LIMIT 1 [ RunTime:0.000107s ]
[ sql ] [ SQL ] SELECT COUNT(*) AS tp_count FROM `wb_order` WHERE (  `status` = 1  AND `pay_status` <> 1  AND `ship_status` IN (1,2) ) AND `wb_order`.`isdel` IS NULL LIMIT 1 [ RunTime:0.000098s ]
[ sql ] [ SQL ] SELECT COUNT(*) AS tp_count FROM `wb_order` WHERE (  `status` = 1  AND `ship_status` IN (3,2)  AND `confirm` = 1 ) AND `wb_order`.`isdel` IS NULL LIMIT 1 [ RunTime:0.000084s ]
[ sql ] [ SQL ] SELECT COUNT(*) AS tp_count FROM `wb_order` WHERE (  `status` = 1  AND `pay_status` <> 1  AND `ship_status` <> 1  AND `confirm` = 2  AND `is_comment` = 1 ) AND `wb_order`.`isdel` IS NULL LIMIT 1 [ RunTime:0.000088s ]
[ sql ] [ SQL ] SELECT COUNT(*) AS tp_count FROM `wb_order` WHERE (  `status` = 1  AND `pay_status` <> 1  AND `ship_status` <> 1  AND `confirm` = 2  AND `is_comment` = 2 ) AND `wb_order`.`isdel` IS NULL LIMIT 1 [ RunTime:0.000082s ]
[ sql ] [ SQL ] SELECT COUNT(*) AS tp_count FROM `wb_order` WHERE (  `status` = 2 ) AND `wb_order`.`isdel` IS NULL LIMIT 1 [ RunTime:0.000073s ]
[ sql ] [ SQL ] SELECT COUNT(*) AS tp_count FROM `wb_order` WHERE (  `status` = 3 ) AND `wb_order`.`isdel` IS NULL LIMIT 1 [ RunTime:0.000070s ]
[ sql ] [ SQL ] SHOW COLUMNS FROM `wb_store` [ RunTime:0.000893s ]
[ sql ] [ SQL ] SELECT * FROM `wb_store` [ RunTime:0.000146s ]
---------------------------------------------------------------
[2026-04-01T19:52:39+08:00] 127.0.0.1 POST www.jiwankang.com/manage/order/index.html
[运行时间：0.048359s] [吞吐率：20.68req/s] [内存消耗：5,390.35kb] [文件加载：115]
[ info ] [ LANG ] E:\wwwroot\2026\04\jiwankang\thinkphp\lang\zh-cn.php
[ info ] [ ROUTE ] array (
)
[ info ] [ HEADER ] array (
  'x-requested-with' => 'XMLHttpRequest',
  'referer' => 'http://www.jiwankang.com/manage/order/index.html',
  'origin' => 'http://www.jiwankang.com',
  'cookie' => 'PHPSESSID=6ge3q9cob417ort2dkkl8j63da',
  'content-type' => 'application/x-www-form-urlencoded; charset=UTF-8',
  'accept-language' => 'zh-CN,zh;q=0.9',
  'accept-encoding' => 'gzip, deflate',
  'accept' => 'application/json, text/javascript, */*; q=0.01',
  'content-length' => '15',
  'user-agent' => 'Mozilla/5.0 (Windows NT 10.0; Win64; x64) AppleWebKit/537.36 (KHTML, like Gecko) Chrome/146.0.0.0 Safari/537.36',
  'host' => 'www.jiwankang.com',
)
[ info ] [ PARAM ] array (
  'page' => '1',
  'limit' => '20',
)
[ info ] [ DB ] INIT mysql
[ sql ] [ DB ] CONNECT:[ UseTime:0.001101s ] mysql:host=127.0.0.1;port=3306;dbname=jiwankang;charset=utf8mb4
[ sql ] [ SQL ] SHOW COLUMNS FROM `wb_setting` [ RunTime:0.000986s ]
[ sql ] [ SQL ] SELECT * FROM `wb_setting` WHERE  `skey` = 'shop_name' LIMIT 1 [ RunTime:0.000318s ]
[ sql ] [ SQL ] SHOW COLUMNS FROM `wb_order` [ RunTime:0.000600s ]
[ sql ] [ SQL ] SELECT `o`.`order_id`,`o`.`point`,`o`.`user_id`,`o`.`ctime`,`o`.`ship_mobile`,`o`.`ship_address`,`o`.`status`,`o`.`pay_status`,`o`.`ship_status`,`o`.`confirm`,`o`.`is_comment`,`o`.`order_amount`,`o`.`source`,`o`.`ship_area_id`,`o`.`ship_name`,`o`.`mark`,`o`.`order_type`,`o`.`store_id` FROM `wb_order` `o` LEFT JOIN `wb_user` `u` ON `o`.`user_id`=`u`.`id` WHERE `o`.`isdel` IS NULL ORDER BY `ctime` DESC LIMIT 0,20 [ RunTime:0.000222s ]
[ sql ] [ SQL ] SHOW COLUMNS FROM `wb_bill_aftersales` [ RunTime:0.000911s ]
[ sql ] [ SQL ] SELECT * FROM `wb_bill_aftersales` WHERE  `order_id` IN ('S04011951195903','S04011949262101') [ RunTime:0.000152s ]
[ sql ] [ SQL ] SELECT COUNT(*) AS tp_count FROM `wb_order` `o` LEFT JOIN `wb_user` `u` ON `o`.`user_id`=`u`.`id` WHERE `o`.`isdel` IS NULL LIMIT 1 [ RunTime:0.000146s ]
[ sql ] [ SQL ] SHOW COLUMNS FROM `wb_user` [ RunTime:0.000328s ]
[ sql ] [ SQL ] SELECT `nickname` FROM `wb_user` WHERE (  `id` = 1 ) AND `wb_user`.`isdel` IS NULL LIMIT 1 [ RunTime:0.000109s ]
[ sql ] [ SQL ] SHOW COLUMNS FROM `wb_area` [ RunTime:0.000853s ]
[ sql ] [ SQL ] SELECT `id`,`name`,`parent_id`,`postal_code` FROM `wb_area` WHERE  `id` = 150525 LIMIT 1 [ RunTime:0.000117s ]
[ sql ] [ SQL ] SELECT `id`,`name`,`parent_id`,`postal_code` FROM `wb_area` WHERE  `parent_id` = 150500 [ RunTime:0.000646s ]
[ sql ] [ SQL ] SELECT `id`,`name`,`parent_id`,`postal_code` FROM `wb_area` WHERE  `id` = 150500 LIMIT 1 [ RunTime:0.000080s ]
[ sql ] [ SQL ] SELECT `id`,`name`,`parent_id`,`postal_code` FROM `wb_area` WHERE  `parent_id` = 150000 [ RunTime:0.000674s ]
[ sql ] [ SQL ] SELECT `id`,`name`,`parent_id`,`postal_code` FROM `wb_area` WHERE  `id` = 150000 LIMIT 1 [ RunTime:0.000206s ]
[ sql ] [ SQL ] SELECT `id`,`name`,`parent_id`,`postal_code` FROM `wb_area` WHERE  `parent_id` = 0 [ RunTime:0.000692s ]
[ sql ] [ SQL ] SHOW COLUMNS FROM `wb_store` [ RunTime:0.000901s ]
[ sql ] [ SQL ] SELECT `store_name` FROM `wb_store` WHERE  `id` = 0 LIMIT 1 [ RunTime:0.000121s ]
[ sql ] [ SQL ] SELECT `nickname` FROM `wb_user` WHERE (  `id` = 1 ) AND `wb_user`.`isdel` IS NULL LIMIT 1 [ RunTime:0.000196s ]
[ sql ] [ SQL ] SELECT `id`,`name`,`parent_id`,`postal_code` FROM `wb_area` WHERE  `id` = 150525 LIMIT 1 [ RunTime:0.000177s ]
[ sql ] [ SQL ] SELECT `id`,`name`,`parent_id`,`postal_code` FROM `wb_area` WHERE  `parent_id` = 150500 [ RunTime:0.000756s ]
[ sql ] [ SQL ] SELECT `id`,`name`,`parent_id`,`postal_code` FROM `wb_area` WHERE  `id` = 150500 LIMIT 1 [ RunTime:0.000188s ]
[ sql ] [ SQL ] SELECT `id`,`name`,`parent_id`,`postal_code` FROM `wb_area` WHERE  `parent_id` = 150000 [ RunTime:0.000673s ]
[ sql ] [ SQL ] SELECT `id`,`name`,`parent_id`,`postal_code` FROM `wb_area` WHERE  `id` = 150000 LIMIT 1 [ RunTime:0.000141s ]
[ sql ] [ SQL ] SELECT `id`,`name`,`parent_id`,`postal_code` FROM `wb_area` WHERE  `parent_id` = 0 [ RunTime:0.000647s ]
[ sql ] [ SQL ] SELECT `store_name` FROM `wb_store` WHERE  `id` = 0 LIMIT 1 [ RunTime:0.000090s ]
---------------------------------------------------------------
[2026-04-01T19:52:54+08:00] 127.0.0.1 GET www.jiwankang.com/b2c/index/ceshi
[运行时间：0.033746s] [吞吐率：29.63req/s] [内存消耗：4,086.14kb] [文件加载：95]
[ info ] [ LANG ] E:\wwwroot\2026\04\jiwankang\thinkphp\lang\zh-cn.php
[ info ] [ ROUTE ] array (
)
[ info ] [ HEADER ] array (
  'upgrade-insecure-requests' => '1',
  'cookie' => 'PHPSESSID=6ge3q9cob417ort2dkkl8j63da',
  'cache-control' => 'max-age=0',
  'accept-language' => 'zh-CN,zh;q=0.9',
  'accept-encoding' => 'gzip, deflate',
  'accept' => 'text/html,application/xhtml+xml,application/xml;q=0.9,image/avif,image/webp,image/apng,*/*;q=0.8,application/signed-exchange;v=b3;q=0.7',
  'user-agent' => 'Mozilla/5.0 (Windows NT 10.0; Win64; x64) AppleWebKit/537.36 (KHTML, like Gecko) Chrome/146.0.0.0 Safari/537.36',
  'host' => 'www.jiwankang.com',
  'content-length' => '',
  'content-type' => '',
)
[ info ] [ PARAM ] array (
)
[ info ] [ DB ] INIT mysql
[ sql ] [ DB ] CONNECT:[ UseTime:0.000646s ] mysql:host=127.0.0.1;port=3306;dbname=jiwankang;charset=utf8mb4
[ sql ] [ SQL ] SHOW COLUMNS FROM `wb_order_items` [ RunTime:0.001143s ]
[ sql ] [ SQL ] SELECT * FROM `wb_order_items` WHERE  `order_id` = 'S04011951195903' [ RunTime:0.000275s ]
[ sql ] [ SQL ] SELECT COUNT(*) AS tp_count FROM `wb_order_items` WHERE  `zw_tag` = 'T998' LIMIT 1 [ RunTime:0.000198s ]
[ sql ] [ SQL ] SELECT COUNT(*) AS tp_count FROM `wb_order_items` WHERE  `zw_tag` = 'T998'  AND `zuowei` = 'N'  AND `zw_youxiao` = 1 LIMIT 1 [ RunTime:0.000123s ]
[ sql ] [ SQL ] UPDATE `wb_order_items`  SET `zuowei` = 'N' , `zw_tag` = 'T998' , `zw_num` = 1 , `zw_youxiao` = 1  WHERE  `id` = 2 [ RunTime:0.000199s ]
---------------------------------------------------------------
[2026-04-01T19:53:11+08:00] 127.0.0.1 GET www.jiwankang.com/manage/order/index.html
[运行时间：0.031134s] [吞吐率：32.12req/s] [内存消耗：5,036.27kb] [文件加载：112]
[ info ] [ LANG ] E:\wwwroot\2026\04\jiwankang\thinkphp\lang\zh-cn.php
[ info ] [ ROUTE ] array (
)
[ info ] [ HEADER ] array (
  'upgrade-insecure-requests' => '1',
  'referer' => 'http://www.jiwankang.com/manage/order/index.html',
  'cookie' => 'PHPSESSID=6ge3q9cob417ort2dkkl8j63da',
  'cache-control' => 'max-age=0',
  'accept-language' => 'zh-CN,zh;q=0.9',
  'accept-encoding' => 'gzip, deflate',
  'accept' => 'text/html,application/xhtml+xml,application/xml;q=0.9,image/avif,image/webp,image/apng,*/*;q=0.8,application/signed-exchange;v=b3;q=0.7',
  'user-agent' => 'Mozilla/5.0 (Windows NT 10.0; Win64; x64) AppleWebKit/537.36 (KHTML, like Gecko) Chrome/146.0.0.0 Safari/537.36',
  'host' => 'www.jiwankang.com',
  'content-length' => '',
  'content-type' => '',
)
[ info ] [ PARAM ] array (
)
[ info ] [ DB ] INIT mysql
[ info ] [ VIEW ] E:\wwwroot\2026\04\jiwankang\application\manage\view\order\index.html [ array (
  0 => 'params',
  1 => 'jshopHost',
  2 => 'shop_name',
  3 => 'count',
  4 => 'storelist',
) ]
[ sql ] [ DB ] CONNECT:[ UseTime:0.000624s ] mysql:host=127.0.0.1;port=3306;dbname=jiwankang;charset=utf8mb4
[ sql ] [ SQL ] SHOW COLUMNS FROM `wb_setting` [ RunTime:0.000442s ]
[ sql ] [ SQL ] SELECT * FROM `wb_setting` WHERE  `skey` = 'shop_name' LIMIT 1 [ RunTime:0.000157s ]
[ sql ] [ SQL ] SHOW COLUMNS FROM `wb_order` [ RunTime:0.000464s ]
[ sql ] [ SQL ] SELECT COUNT(*) AS tp_count FROM `wb_order` WHERE `wb_order`.`isdel` IS NULL LIMIT 1 [ RunTime:0.000126s ]
[ sql ] [ SQL ] SELECT COUNT(*) AS tp_count FROM `wb_order` WHERE (  `status` = 1  AND `pay_status` = 1 ) AND `wb_order`.`isdel` IS NULL LIMIT 1 [ RunTime:0.000119s ]
[ sql ] [ SQL ] SELECT COUNT(*) AS tp_count FROM `wb_order` WHERE (  `status` = 1  AND `pay_status` <> 1  AND `ship_status` IN (1,2) ) AND `wb_order`.`isdel` IS NULL LIMIT 1 [ RunTime:0.000111s ]
[ sql ] [ SQL ] SELECT COUNT(*) AS tp_count FROM `wb_order` WHERE (  `status` = 1  AND `ship_status` IN (3,2)  AND `confirm` = 1 ) AND `wb_order`.`isdel` IS NULL LIMIT 1 [ RunTime:0.000086s ]
[ sql ] [ SQL ] SELECT COUNT(*) AS tp_count FROM `wb_order` WHERE (  `status` = 1  AND `pay_status` <> 1  AND `ship_status` <> 1  AND `confirm` = 2  AND `is_comment` = 1 ) AND `wb_order`.`isdel` IS NULL LIMIT 1 [ RunTime:0.000088s ]
[ sql ] [ SQL ] SELECT COUNT(*) AS tp_count FROM `wb_order` WHERE (  `status` = 1  AND `pay_status` <> 1  AND `ship_status` <> 1  AND `confirm` = 2  AND `is_comment` = 2 ) AND `wb_order`.`isdel` IS NULL LIMIT 1 [ RunTime:0.000083s ]
[ sql ] [ SQL ] SELECT COUNT(*) AS tp_count FROM `wb_order` WHERE (  `status` = 2 ) AND `wb_order`.`isdel` IS NULL LIMIT 1 [ RunTime:0.000072s ]
[ sql ] [ SQL ] SELECT COUNT(*) AS tp_count FROM `wb_order` WHERE (  `status` = 3 ) AND `wb_order`.`isdel` IS NULL LIMIT 1 [ RunTime:0.000070s ]
[ sql ] [ SQL ] SHOW COLUMNS FROM `wb_store` [ RunTime:0.000276s ]
[ sql ] [ SQL ] SELECT * FROM `wb_store` [ RunTime:0.000188s ]
---------------------------------------------------------------
[2026-04-01T19:53:11+08:00] 127.0.0.1 POST www.jiwankang.com/manage/order/index.html
[运行时间：0.049900s] [吞吐率：20.04req/s] [内存消耗：5,399.35kb] [文件加载：115]
[ info ] [ LANG ] E:\wwwroot\2026\04\jiwankang\thinkphp\lang\zh-cn.php
[ info ] [ ROUTE ] array (
)
[ info ] [ HEADER ] array (
  'x-requested-with' => 'XMLHttpRequest',
  'referer' => 'http://www.jiwankang.com/manage/order/index.html',
  'origin' => 'http://www.jiwankang.com',
  'cookie' => 'PHPSESSID=6ge3q9cob417ort2dkkl8j63da',
  'content-type' => 'application/x-www-form-urlencoded; charset=UTF-8',
  'accept-language' => 'zh-CN,zh;q=0.9',
  'accept-encoding' => 'gzip, deflate',
  'accept' => 'application/json, text/javascript, */*; q=0.01',
  'content-length' => '15',
  'user-agent' => 'Mozilla/5.0 (Windows NT 10.0; Win64; x64) AppleWebKit/537.36 (KHTML, like Gecko) Chrome/146.0.0.0 Safari/537.36',
  'host' => 'www.jiwankang.com',
)
[ info ] [ PARAM ] array (
  'page' => '1',
  'limit' => '20',
)
[ info ] [ DB ] INIT mysql
[ sql ] [ DB ] CONNECT:[ UseTime:0.000659s ] mysql:host=127.0.0.1;port=3306;dbname=jiwankang;charset=utf8mb4
[ sql ] [ SQL ] SHOW COLUMNS FROM `wb_setting` [ RunTime:0.000753s ]
[ sql ] [ SQL ] SELECT * FROM `wb_setting` WHERE  `skey` = 'shop_name' LIMIT 1 [ RunTime:0.000312s ]
[ sql ] [ SQL ] SHOW COLUMNS FROM `wb_order` [ RunTime:0.000502s ]
[ sql ] [ SQL ] SELECT `o`.`order_id`,`o`.`point`,`o`.`user_id`,`o`.`ctime`,`o`.`ship_mobile`,`o`.`ship_address`,`o`.`status`,`o`.`pay_status`,`o`.`ship_status`,`o`.`confirm`,`o`.`is_comment`,`o`.`order_amount`,`o`.`source`,`o`.`ship_area_id`,`o`.`ship_name`,`o`.`mark`,`o`.`order_type`,`o`.`store_id` FROM `wb_order` `o` LEFT JOIN `wb_user` `u` ON `o`.`user_id`=`u`.`id` WHERE `o`.`isdel` IS NULL ORDER BY `ctime` DESC LIMIT 0,20 [ RunTime:0.000216s ]
[ sql ] [ SQL ] SHOW COLUMNS FROM `wb_bill_aftersales` [ RunTime:0.000354s ]
[ sql ] [ SQL ] SELECT * FROM `wb_bill_aftersales` WHERE  `order_id` IN ('S04011953063378','S04011951195903','S04011949262101') [ RunTime:0.000150s ]
[ sql ] [ SQL ] SELECT COUNT(*) AS tp_count FROM `wb_order` `o` LEFT JOIN `wb_user` `u` ON `o`.`user_id`=`u`.`id` WHERE `o`.`isdel` IS NULL LIMIT 1 [ RunTime:0.000141s ]
[ sql ] [ SQL ] SHOW COLUMNS FROM `wb_user` [ RunTime:0.000550s ]
[ sql ] [ SQL ] SELECT `nickname` FROM `wb_user` WHERE (  `id` = 1 ) AND `wb_user`.`isdel` IS NULL LIMIT 1 [ RunTime:0.000162s ]
[ sql ] [ SQL ] SHOW COLUMNS FROM `wb_area` [ RunTime:0.000327s ]
[ sql ] [ SQL ] SELECT `id`,`name`,`parent_id`,`postal_code` FROM `wb_area` WHERE  `id` = 150525 LIMIT 1 [ RunTime:0.000120s ]
[ sql ] [ SQL ] SELECT `id`,`name`,`parent_id`,`postal_code` FROM `wb_area` WHERE  `parent_id` = 150500 [ RunTime:0.000640s ]
[ sql ] [ SQL ] SELECT `id`,`name`,`parent_id`,`postal_code` FROM `wb_area` WHERE  `id` = 150500 LIMIT 1 [ RunTime:0.000079s ]
[ sql ] [ SQL ] SELECT `id`,`name`,`parent_id`,`postal_code` FROM `wb_area` WHERE  `parent_id` = 150000 [ RunTime:0.000624s ]
[ sql ] [ SQL ] SELECT `id`,`name`,`parent_id`,`postal_code` FROM `wb_area` WHERE  `id` = 150000 LIMIT 1 [ RunTime:0.000075s ]
[ sql ] [ SQL ] SELECT `id`,`name`,`parent_id`,`postal_code` FROM `wb_area` WHERE  `parent_id` = 0 [ RunTime:0.000624s ]
[ sql ] [ SQL ] SHOW COLUMNS FROM `wb_store` [ RunTime:0.000306s ]
[ sql ] [ SQL ] SELECT `store_name` FROM `wb_store` WHERE  `id` = 0 LIMIT 1 [ RunTime:0.000094s ]
[ sql ] [ SQL ] SELECT `nickname` FROM `wb_user` WHERE (  `id` = 1 ) AND `wb_user`.`isdel` IS NULL LIMIT 1 [ RunTime:0.000149s ]
[ sql ] [ SQL ] SELECT `id`,`name`,`parent_id`,`postal_code` FROM `wb_area` WHERE  `id` = 150525 LIMIT 1 [ RunTime:0.000141s ]
[ sql ] [ SQL ] SELECT `id`,`name`,`parent_id`,`postal_code` FROM `wb_area` WHERE  `parent_id` = 150500 [ RunTime:0.000646s ]
[ sql ] [ SQL ] SELECT `id`,`name`,`parent_id`,`postal_code` FROM `wb_area` WHERE  `id` = 150500 LIMIT 1 [ RunTime:0.000078s ]
[ sql ] [ SQL ] SELECT `id`,`name`,`parent_id`,`postal_code` FROM `wb_area` WHERE  `parent_id` = 150000 [ RunTime:0.000626s ]
[ sql ] [ SQL ] SELECT `id`,`name`,`parent_id`,`postal_code` FROM `wb_area` WHERE  `id` = 150000 LIMIT 1 [ RunTime:0.000072s ]
[ sql ] [ SQL ] SELECT `id`,`name`,`parent_id`,`postal_code` FROM `wb_area` WHERE  `parent_id` = 0 [ RunTime:0.000633s ]
[ sql ] [ SQL ] SELECT `store_name` FROM `wb_store` WHERE  `id` = 0 LIMIT 1 [ RunTime:0.000392s ]
[ sql ] [ SQL ] SELECT `nickname` FROM `wb_user` WHERE (  `id` = 1 ) AND `wb_user`.`isdel` IS NULL LIMIT 1 [ RunTime:0.000336s ]
[ sql ] [ SQL ] SELECT `id`,`name`,`parent_id`,`postal_code` FROM `wb_area` WHERE  `id` = 150525 LIMIT 1 [ RunTime:0.000266s ]
[ sql ] [ SQL ] SELECT `id`,`name`,`parent_id`,`postal_code` FROM `wb_area` WHERE  `parent_id` = 150500 [ RunTime:0.000670s ]
[ sql ] [ SQL ] SELECT `id`,`name`,`parent_id`,`postal_code` FROM `wb_area` WHERE  `id` = 150500 LIMIT 1 [ RunTime:0.000082s ]
[ sql ] [ SQL ] SELECT `id`,`name`,`parent_id`,`postal_code` FROM `wb_area` WHERE  `parent_id` = 150000 [ RunTime:0.000617s ]
[ sql ] [ SQL ] SELECT `id`,`name`,`parent_id`,`postal_code` FROM `wb_area` WHERE  `id` = 150000 LIMIT 1 [ RunTime:0.000072s ]
[ sql ] [ SQL ] SELECT `id`,`name`,`parent_id`,`postal_code` FROM `wb_area` WHERE  `parent_id` = 0 [ RunTime:0.000626s ]
[ sql ] [ SQL ] SELECT `store_name` FROM `wb_store` WHERE  `id` = 0 LIMIT 1 [ RunTime:0.000078s ]
---------------------------------------------------------------
[2026-04-01T19:53:18+08:00] 127.0.0.1 GET www.jiwankang.com/b2c/index/ceshi
[运行时间：0.052346s] [吞吐率：19.10req/s] [内存消耗：4,086.14kb] [文件加载：95]
[ info ] [ LANG ] E:\wwwroot\2026\04\jiwankang\thinkphp\lang\zh-cn.php
[ info ] [ ROUTE ] array (
)
[ info ] [ HEADER ] array (
  'upgrade-insecure-requests' => '1',
  'cookie' => 'PHPSESSID=6ge3q9cob417ort2dkkl8j63da',
  'cache-control' => 'max-age=0',
  'accept-language' => 'zh-CN,zh;q=0.9',
  'accept-encoding' => 'gzip, deflate',
  'accept' => 'text/html,application/xhtml+xml,application/xml;q=0.9,image/avif,image/webp,image/apng,*/*;q=0.8,application/signed-exchange;v=b3;q=0.7',
  'user-agent' => 'Mozilla/5.0 (Windows NT 10.0; Win64; x64) AppleWebKit/537.36 (KHTML, like Gecko) Chrome/146.0.0.0 Safari/537.36',
  'host' => 'www.jiwankang.com',
  'content-length' => '',
  'content-type' => '',
)
[ info ] [ PARAM ] array (
)
[ info ] [ DB ] INIT mysql
[ sql ] [ DB ] CONNECT:[ UseTime:0.019662s ] mysql:host=127.0.0.1;port=3306;dbname=jiwankang;charset=utf8mb4
[ sql ] [ SQL ] SHOW COLUMNS FROM `wb_order_items` [ RunTime:0.001714s ]
[ sql ] [ SQL ] SELECT * FROM `wb_order_items` WHERE  `order_id` = 'S04011953063378' [ RunTime:0.000699s ]
[ sql ] [ SQL ] SELECT COUNT(*) AS tp_count FROM `wb_order_items` WHERE  `zw_tag` = 'T998' LIMIT 1 [ RunTime:0.000352s ]
[ sql ] [ SQL ] SELECT COUNT(*) AS tp_count FROM `wb_order_items` WHERE  `zw_tag` = 'T998'  AND `zuowei` = 'N'  AND `zw_youxiao` = 1 LIMIT 1 [ RunTime:0.000132s ]
[ sql ] [ SQL ] UPDATE `wb_order_items`  SET `zuowei` = 'N' , `zw_tag` = 'T998' , `zw_num` = 2 , `zw_youxiao` = 1  WHERE  `id` = 3 [ RunTime:0.000296s ]
---------------------------------------------------------------
[2026-04-01T20:13:43+08:00] 127.0.0.1 GET www.jiwankang.com/manage/order/index.html
[运行时间：0.038876s] [吞吐率：25.72req/s] [内存消耗：5,036.27kb] [文件加载：112]
[ info ] [ LANG ] E:\wwwroot\2026\04\jiwankang\thinkphp\lang\zh-cn.php
[ info ] [ ROUTE ] array (
)
[ info ] [ HEADER ] array (
  'upgrade-insecure-requests' => '1',
  'referer' => 'http://www.jiwankang.com/manage/order/index.html',
  'cookie' => 'PHPSESSID=6ge3q9cob417ort2dkkl8j63da',
  'cache-control' => 'max-age=0',
  'accept-language' => 'zh-CN,zh;q=0.9',
  'accept-encoding' => 'gzip, deflate',
  'accept' => 'text/html,application/xhtml+xml,application/xml;q=0.9,image/avif,image/webp,image/apng,*/*;q=0.8,application/signed-exchange;v=b3;q=0.7',
  'user-agent' => 'Mozilla/5.0 (Windows NT 10.0; Win64; x64) AppleWebKit/537.36 (KHTML, like Gecko) Chrome/146.0.0.0 Safari/537.36',
  'host' => 'www.jiwankang.com',
  'content-length' => '',
  'content-type' => '',
)
[ info ] [ PARAM ] array (
)
[ info ] [ DB ] INIT mysql
[ info ] [ VIEW ] E:\wwwroot\2026\04\jiwankang\application\manage\view\order\index.html [ array (
  0 => 'params',
  1 => 'jshopHost',
  2 => 'shop_name',
  3 => 'count',
  4 => 'storelist',
) ]
[ sql ] [ DB ] CONNECT:[ UseTime:0.000693s ] mysql:host=127.0.0.1;port=3306;dbname=jiwankang;charset=utf8mb4
[ sql ] [ SQL ] SHOW COLUMNS FROM `wb_setting` [ RunTime:0.000493s ]
[ sql ] [ SQL ] SELECT * FROM `wb_setting` WHERE  `skey` = 'shop_name' LIMIT 1 [ RunTime:0.000151s ]
[ sql ] [ SQL ] SHOW COLUMNS FROM `wb_order` [ RunTime:0.000985s ]
[ sql ] [ SQL ] SELECT COUNT(*) AS tp_count FROM `wb_order` WHERE `wb_order`.`isdel` IS NULL LIMIT 1 [ RunTime:0.000428s ]
[ sql ] [ SQL ] SELECT COUNT(*) AS tp_count FROM `wb_order` WHERE (  `status` = 1  AND `pay_status` = 1 ) AND `wb_order`.`isdel` IS NULL LIMIT 1 [ RunTime:0.000289s ]
[ sql ] [ SQL ] SELECT COUNT(*) AS tp_count FROM `wb_order` WHERE (  `status` = 1  AND `pay_status` <> 1  AND `ship_status` IN (1,2) ) AND `wb_order`.`isdel` IS NULL LIMIT 1 [ RunTime:0.000259s ]
[ sql ] [ SQL ] SELECT COUNT(*) AS tp_count FROM `wb_order` WHERE (  `status` = 1  AND `ship_status` IN (3,2)  AND `confirm` = 1 ) AND `wb_order`.`isdel` IS NULL LIMIT 1 [ RunTime:0.000232s ]
[ sql ] [ SQL ] SELECT COUNT(*) AS tp_count FROM `wb_order` WHERE (  `status` = 1  AND `pay_status` <> 1  AND `ship_status` <> 1  AND `confirm` = 2  AND `is_comment` = 1 ) AND `wb_order`.`isdel` IS NULL LIMIT 1 [ RunTime:0.000181s ]
[ sql ] [ SQL ] SELECT COUNT(*) AS tp_count FROM `wb_order` WHERE (  `status` = 1  AND `pay_status` <> 1  AND `ship_status` <> 1  AND `confirm` = 2  AND `is_comment` = 2 ) AND `wb_order`.`isdel` IS NULL LIMIT 1 [ RunTime:0.000182s ]
[ sql ] [ SQL ] SELECT COUNT(*) AS tp_count FROM `wb_order` WHERE (  `status` = 2 ) AND `wb_order`.`isdel` IS NULL LIMIT 1 [ RunTime:0.000151s ]
[ sql ] [ SQL ] SELECT COUNT(*) AS tp_count FROM `wb_order` WHERE (  `status` = 3 ) AND `wb_order`.`isdel` IS NULL LIMIT 1 [ RunTime:0.000197s ]
[ sql ] [ SQL ] SHOW COLUMNS FROM `wb_store` [ RunTime:0.000388s ]
[ sql ] [ SQL ] SELECT * FROM `wb_store` [ RunTime:0.000107s ]
---------------------------------------------------------------
[2026-04-01T20:13:43+08:00] 127.0.0.1 POST www.jiwankang.com/manage/order/index.html
[运行时间：0.051143s] [吞吐率：19.55req/s] [内存消耗：5,401.79kb] [文件加载：115]
[ info ] [ LANG ] E:\wwwroot\2026\04\jiwankang\thinkphp\lang\zh-cn.php
[ info ] [ ROUTE ] array (
)
[ info ] [ HEADER ] array (
  'x-requested-with' => 'XMLHttpRequest',
  'referer' => 'http://www.jiwankang.com/manage/order/index.html',
  'origin' => 'http://www.jiwankang.com',
  'cookie' => 'PHPSESSID=6ge3q9cob417ort2dkkl8j63da',
  'content-type' => 'application/x-www-form-urlencoded; charset=UTF-8',
  'accept-language' => 'zh-CN,zh;q=0.9',
  'accept-encoding' => 'gzip, deflate',
  'accept' => 'application/json, text/javascript, */*; q=0.01',
  'content-length' => '15',
  'user-agent' => 'Mozilla/5.0 (Windows NT 10.0; Win64; x64) AppleWebKit/537.36 (KHTML, like Gecko) Chrome/146.0.0.0 Safari/537.36',
  'host' => 'www.jiwankang.com',
)
[ info ] [ PARAM ] array (
  'page' => '1',
  'limit' => '20',
)
[ info ] [ DB ] INIT mysql
[ sql ] [ DB ] CONNECT:[ UseTime:0.000632s ] mysql:host=127.0.0.1;port=3306;dbname=jiwankang;charset=utf8mb4
[ sql ] [ SQL ] SHOW COLUMNS FROM `wb_setting` [ RunTime:0.000520s ]
[ sql ] [ SQL ] SELECT * FROM `wb_setting` WHERE  `skey` = 'shop_name' LIMIT 1 [ RunTime:0.000141s ]
[ sql ] [ SQL ] SHOW COLUMNS FROM `wb_order` [ RunTime:0.000588s ]
[ sql ] [ SQL ] SELECT `o`.`order_id`,`o`.`point`,`o`.`user_id`,`o`.`ctime`,`o`.`ship_mobile`,`o`.`ship_address`,`o`.`status`,`o`.`pay_status`,`o`.`ship_status`,`o`.`confirm`,`o`.`is_comment`,`o`.`order_amount`,`o`.`source`,`o`.`ship_area_id`,`o`.`ship_name`,`o`.`mark`,`o`.`order_type`,`o`.`store_id` FROM `wb_order` `o` LEFT JOIN `wb_user` `u` ON `o`.`user_id`=`u`.`id` WHERE `o`.`isdel` IS NULL ORDER BY `ctime` DESC LIMIT 0,20 [ RunTime:0.000246s ]
[ sql ] [ SQL ] SHOW COLUMNS FROM `wb_bill_aftersales` [ RunTime:0.000374s ]
[ sql ] [ SQL ] SELECT * FROM `wb_bill_aftersales` WHERE  `order_id` IN ('S04012013262819','S04011953063378','S04011951195903','S04011949262101') [ RunTime:0.000224s ]
[ sql ] [ SQL ] SELECT COUNT(*) AS tp_count FROM `wb_order` `o` LEFT JOIN `wb_user` `u` ON `o`.`user_id`=`u`.`id` WHERE `o`.`isdel` IS NULL LIMIT 1 [ RunTime:0.000216s ]
[ sql ] [ SQL ] SHOW COLUMNS FROM `wb_user` [ RunTime:0.000336s ]
[ sql ] [ SQL ] SELECT `nickname` FROM `wb_user` WHERE (  `id` = 1 ) AND `wb_user`.`isdel` IS NULL LIMIT 1 [ RunTime:0.000118s ]
[ sql ] [ SQL ] SHOW COLUMNS FROM `wb_area` [ RunTime:0.000242s ]
[ sql ] [ SQL ] SELECT `id`,`name`,`parent_id`,`postal_code` FROM `wb_area` WHERE  `id` = 150525 LIMIT 1 [ RunTime:0.000104s ]
[ sql ] [ SQL ] SELECT `id`,`name`,`parent_id`,`postal_code` FROM `wb_area` WHERE  `parent_id` = 150500 [ RunTime:0.000630s ]
[ sql ] [ SQL ] SELECT `id`,`name`,`parent_id`,`postal_code` FROM `wb_area` WHERE  `id` = 150500 LIMIT 1 [ RunTime:0.000075s ]
[ sql ] [ SQL ] SELECT `id`,`name`,`parent_id`,`postal_code` FROM `wb_area` WHERE  `parent_id` = 150000 [ RunTime:0.000625s ]
[ sql ] [ SQL ] SELECT `id`,`name`,`parent_id`,`postal_code` FROM `wb_area` WHERE  `id` = 150000 LIMIT 1 [ RunTime:0.000071s ]
[ sql ] [ SQL ] SELECT `id`,`name`,`parent_id`,`postal_code` FROM `wb_area` WHERE  `parent_id` = 0 [ RunTime:0.000627s ]
[ sql ] [ SQL ] SHOW COLUMNS FROM `wb_store` [ RunTime:0.000273s ]
[ sql ] [ SQL ] SELECT `store_name` FROM `wb_store` WHERE  `id` = 0 LIMIT 1 [ RunTime:0.000085s ]
[ sql ] [ SQL ] SELECT `nickname` FROM `wb_user` WHERE (  `id` = 1 ) AND `wb_user`.`isdel` IS NULL LIMIT 1 [ RunTime:0.000083s ]
[ sql ] [ SQL ] SELECT `id`,`name`,`parent_id`,`postal_code` FROM `wb_area` WHERE  `id` = 150525 LIMIT 1 [ RunTime:0.000076s ]
[ sql ] [ SQL ] SELECT `id`,`name`,`parent_id`,`postal_code` FROM `wb_area` WHERE  `parent_id` = 150500 [ RunTime:0.000627s ]
[ sql ] [ SQL ] SELECT `id`,`name`,`parent_id`,`postal_code` FROM `wb_area` WHERE  `id` = 150500 LIMIT 1 [ RunTime:0.000072s ]
[ sql ] [ SQL ] SELECT `id`,`name`,`parent_id`,`postal_code` FROM `wb_area` WHERE  `parent_id` = 150000 [ RunTime:0.000628s ]
[ sql ] [ SQL ] SELECT `id`,`name`,`parent_id`,`postal_code` FROM `wb_area` WHERE  `id` = 150000 LIMIT 1 [ RunTime:0.000079s ]
[ sql ] [ SQL ] SELECT `id`,`name`,`parent_id`,`postal_code` FROM `wb_area` WHERE  `parent_id` = 0 [ RunTime:0.000625s ]
[ sql ] [ SQL ] SELECT `store_name` FROM `wb_store` WHERE  `id` = 0 LIMIT 1 [ RunTime:0.000071s ]
[ sql ] [ SQL ] SELECT `nickname` FROM `wb_user` WHERE (  `id` = 1 ) AND `wb_user`.`isdel` IS NULL LIMIT 1 [ RunTime:0.000072s ]
[ sql ] [ SQL ] SELECT `id`,`name`,`parent_id`,`postal_code` FROM `wb_area` WHERE  `id` = 150525 LIMIT 1 [ RunTime:0.000070s ]
[ sql ] [ SQL ] SELECT `id`,`name`,`parent_id`,`postal_code` FROM `wb_area` WHERE  `parent_id` = 150500 [ RunTime:0.000624s ]
[ sql ] [ SQL ] SELECT `id`,`name`,`parent_id`,`postal_code` FROM `wb_area` WHERE  `id` = 150500 LIMIT 1 [ RunTime:0.000068s ]
[ sql ] [ SQL ] SELECT `id`,`name`,`parent_id`,`postal_code` FROM `wb_area` WHERE  `parent_id` = 150000 [ RunTime:0.000620s ]
[ sql ] [ SQL ] SELECT `id`,`name`,`parent_id`,`postal_code` FROM `wb_area` WHERE  `id` = 150000 LIMIT 1 [ RunTime:0.000069s ]
[ sql ] [ SQL ] SELECT `id`,`name`,`parent_id`,`postal_code` FROM `wb_area` WHERE  `parent_id` = 0 [ RunTime:0.000803s ]
[ sql ] [ SQL ] SELECT `store_name` FROM `wb_store` WHERE  `id` = 0 LIMIT 1 [ RunTime:0.000262s ]
[ sql ] [ SQL ] SELECT `nickname` FROM `wb_user` WHERE (  `id` = 1 ) AND `wb_user`.`isdel` IS NULL LIMIT 1 [ RunTime:0.000228s ]
[ sql ] [ SQL ] SELECT `id`,`name`,`parent_id`,`postal_code` FROM `wb_area` WHERE  `id` = 150525 LIMIT 1 [ RunTime:0.000222s ]
[ sql ] [ SQL ] SELECT `id`,`name`,`parent_id`,`postal_code` FROM `wb_area` WHERE  `parent_id` = 150500 [ RunTime:0.000674s ]
[ sql ] [ SQL ] SELECT `id`,`name`,`parent_id`,`postal_code` FROM `wb_area` WHERE  `id` = 150500 LIMIT 1 [ RunTime:0.000083s ]
[ sql ] [ SQL ] SELECT `id`,`name`,`parent_id`,`postal_code` FROM `wb_area` WHERE  `parent_id` = 150000 [ RunTime:0.000632s ]
[ sql ] [ SQL ] SELECT `id`,`name`,`parent_id`,`postal_code` FROM `wb_area` WHERE  `id` = 150000 LIMIT 1 [ RunTime:0.000153s ]
[ sql ] [ SQL ] SELECT `id`,`name`,`parent_id`,`postal_code` FROM `wb_area` WHERE  `parent_id` = 0 [ RunTime:0.000763s ]
[ sql ] [ SQL ] SELECT `store_name` FROM `wb_store` WHERE  `id` = 0 LIMIT 1 [ RunTime:0.000170s ]
---------------------------------------------------------------
[2026-04-01T20:14:18+08:00] 127.0.0.1 GET www.jiwankang.com/b2c/index/ceshi
[运行时间：0.035374s] [吞吐率：28.27req/s] [内存消耗：4,184.73kb] [文件加载：98]
[ info ] [ LANG ] E:\wwwroot\2026\04\jiwankang\thinkphp\lang\zh-cn.php
[ info ] [ ROUTE ] array (
)
[ info ] [ HEADER ] array (
  'upgrade-insecure-requests' => '1',
  'cookie' => 'PHPSESSID=6ge3q9cob417ort2dkkl8j63da',
  'cache-control' => 'max-age=0',
  'accept-language' => 'zh-CN,zh;q=0.9',
  'accept-encoding' => 'gzip, deflate',
  'accept' => 'text/html,application/xhtml+xml,application/xml;q=0.9,image/avif,image/webp,image/apng,*/*;q=0.8,application/signed-exchange;v=b3;q=0.7',
  'user-agent' => 'Mozilla/5.0 (Windows NT 10.0; Win64; x64) AppleWebKit/537.36 (KHTML, like Gecko) Chrome/146.0.0.0 Safari/537.36',
  'host' => 'www.jiwankang.com',
  'content-length' => '',
  'content-type' => '',
)
[ info ] [ PARAM ] array (
)
[ info ] [ DB ] INIT mysql
[ sql ] [ DB ] CONNECT:[ UseTime:0.000878s ] mysql:host=127.0.0.1;port=3306;dbname=jiwankang;charset=utf8mb4
[ sql ] [ SQL ] SHOW COLUMNS FROM `wb_order_items` [ RunTime:0.000611s ]
[ sql ] [ SQL ] SELECT * FROM `wb_order_items` WHERE  `order_id` = 'S04012013262819' [ RunTime:0.000232s ]
[ sql ] [ SQL ] SELECT COUNT(*) AS tp_count FROM `wb_order_items` WHERE  `zw_tag` = 'T998' LIMIT 1 [ RunTime:0.000126s ]
[ sql ] [ SQL ] UPDATE `wb_order_items`  SET `zuowei` = 'A' , `zw_tag` = 'T998' , `zw_num` = 3 , `zw_youxiao` = 1  WHERE  `id` = 4 [ RunTime:0.000170s ]
[ sql ] [ SQL ] SELECT * FROM `wb_order_items` WHERE  `zw_tag` = 'T998'  AND `zuowei` = 'A' ORDER BY `id` ASC [ RunTime:0.000151s ]
[ error ] [0]类的属性不存在:app\common\model\OrderItems->user_id[E:\wwwroot\2026\04\jiwankang\thinkphp\library\think\model\concern\Attribute.php:559]
---------------------------------------------------------------
[2026-04-01T20:17:40+08:00] 127.0.0.1 GET www.jiwankang.com/b2c/index/ceshi
[ info ] 奖励发放：用户1, 金额149.7, 标识T998
---------------------------------------------------------------
[2026-04-01T20:17:40+08:00] 127.0.0.1 GET www.jiwankang.com/b2c/index/ceshi
[运行时间：0.042297s] [吞吐率：23.64req/s] [内存消耗：4,090.91kb] [文件加载：96]
[ info ] [ LANG ] E:\wwwroot\2026\04\jiwankang\thinkphp\lang\zh-cn.php
[ info ] [ ROUTE ] array (
)
[ info ] [ HEADER ] array (
  'upgrade-insecure-requests' => '1',
  'cookie' => 'PHPSESSID=6ge3q9cob417ort2dkkl8j63da',
  'cache-control' => 'max-age=0',
  'accept-language' => 'zh-CN,zh;q=0.9',
  'accept-encoding' => 'gzip, deflate',
  'accept' => 'text/html,application/xhtml+xml,application/xml;q=0.9,image/avif,image/webp,image/apng,*/*;q=0.8,application/signed-exchange;v=b3;q=0.7',
  'user-agent' => 'Mozilla/5.0 (Windows NT 10.0; Win64; x64) AppleWebKit/537.36 (KHTML, like Gecko) Chrome/146.0.0.0 Safari/537.36',
  'host' => 'www.jiwankang.com',
  'content-length' => '',
  'content-type' => '',
)
[ info ] [ PARAM ] array (
)
[ info ] [ DB ] INIT mysql
[ sql ] [ DB ] CONNECT:[ UseTime:0.001242s ] mysql:host=127.0.0.1;port=3306;dbname=jiwankang;charset=utf8mb4
[ sql ] [ SQL ] SHOW COLUMNS FROM `wb_order_items` [ RunTime:0.001817s ]
[ sql ] [ SQL ] SELECT * FROM `wb_order_items` WHERE  `order_id` = 'S04012013262819' [ RunTime:0.000456s ]
[ sql ] [ SQL ] SELECT COUNT(*) AS tp_count FROM `wb_order_items` WHERE  `zw_tag` = 'T998' LIMIT 1 [ RunTime:0.000213s ]
[ sql ] [ SQL ] UPDATE `wb_order_items`  SET `zuowei` = 'A' , `zw_tag` = 'T998' , `zw_num` = 3 , `zw_youxiao` = 1  WHERE  `id` = 4 [ RunTime:0.000286s ]
[ sql ] [ SQL ] SELECT * FROM `wb_order_items` WHERE  `zw_tag` = 'T998'  AND `zuowei` = 'A' ORDER BY `id` ASC [ RunTime:0.000214s ]
[ sql ] [ SQL ] UPDATE `wb_order_items`  SET `zuowei` = 'B' , `zw_num` = 0  WHERE  `id` = 1 [ RunTime:0.000340s ]
[ sql ] [ SQL ] UPDATE `wb_order_items`  SET `zw_num` = 0 , `zw_youxiao` = 2  WHERE  `id` = 2 [ RunTime:0.000184s ]
[ sql ] [ SQL ] UPDATE `wb_order_items`  SET `zw_num` = 1 , `zw_youxiao` = 2  WHERE  `id` = 3 [ RunTime:0.000177s ]
[ sql ] [ SQL ] UPDATE `wb_order_items`  SET `zw_num` = 2 , `zw_youxiao` = 2  WHERE  `id` = 4 [ RunTime:0.000219s ]
