---------------------------------------------------------------
[2026-04-01T14:26:04+08:00] 127.0.0.1 GET www.jiwankang.com/api/common/jshopConf
[运行时间：0.107484s] [吞吐率：9.30req/s] [内存消耗：4,372.37kb] [文件加载：101]
[ info ] [ LANG ] E:\wwwroot\2026\04\jiwankang\thinkphp\lang\zh-cn.php
[ info ] [ ROUTE ] array (
)
[ info ] [ HEADER ] array (
  'referer' => 'http://localhost:8080/',
  'origin' => 'http://localhost:8080',
  'accept-language' => 'zh-CN,zh;q=0.9',
  'accept-encoding' => 'gzip, deflate',
  'accept' => '*/*',
  'user-agent' => 'Mozilla/5.0 (Windows NT 10.0; Win64; x64) AppleWebKit/537.36 (KHTML, like Gecko) Chrome/146.0.0.0 Safari/537.36',
  'host' => 'www.jiwankang.com',
  'content-length' => '',
  'content-type' => '',
)
[ info ] [ PARAM ] array (
)
[ info ] [ DB ] INIT mysql
[ sql ] [ DB ] CONNECT:[ UseTime:0.005085s ] mysql:host=127.0.0.1;port=3306;dbname=jiwankang;charset=utf8mb4
[ sql ] [ SQL ] SHOW COLUMNS FROM `wb_addons` [ RunTime:0.008675s ]
[ sql ] [ SQL ] SELECT `status` FROM `wb_addons` WHERE  `name` = 'DistributionCenter' LIMIT 1 [ RunTime:0.000739s ]
[ sql ] [ SQL ] SHOW COLUMNS FROM `wb_setting` [ RunTime:0.002735s ]
[ sql ] [ SQL ] SELECT * FROM `wb_setting` WHERE  `skey` = 'shop_default_image' LIMIT 1 [ RunTime:0.001162s ]
[ sql ] [ SQL ] SELECT * FROM `wb_setting` WHERE  `skey` = 'language' LIMIT 1 [ RunTime:0.000292s ]
[ sql ] [ SQL ] SHOW COLUMNS FROM `wb_pages_menu` [ RunTime:0.002968s ]
[ sql ] [ SQL ] SELECT * FROM `wb_pages_menu` WHERE  `pid` = 0 ORDER BY `menu_id` ASC [ RunTime:0.000274s ]
[ sql ] [ SQL ] SELECT * FROM `wb_pages_menu` WHERE  `pid` = 2 ORDER BY `menu_id` DESC [ RunTime:0.000118s ]
[ sql ] [ SQL ] SHOW COLUMNS FROM `wb_images` [ RunTime:0.002118s ]
[ sql ] [ SQL ] SELECT `url` FROM `wb_images` WHERE  `id` = '98ebc1f521934da1d41b35178c0339ae' LIMIT 1 [ RunTime:0.000958s ]
[ sql ] [ SQL ] SELECT `url` FROM `wb_images` WHERE  `id` = '483b8ee6429a680654c454d0fdd6fd5a' LIMIT 1 [ RunTime:0.000139s ]
[ sql ] [ SQL ] SELECT * FROM `wb_pages_menu` WHERE  `pid` = 3 ORDER BY `menu_id` DESC [ RunTime:0.000277s ]
[ sql ] [ SQL ] SELECT `url` FROM `wb_images` WHERE  `id` = 'f4c5604ff4f9d52f88538579aeadfe54' LIMIT 1 [ RunTime:0.000181s ]
[ sql ] [ SQL ] SELECT `url` FROM `wb_images` WHERE  `id` = '70ff17564a360cb74159d82095492ca7' LIMIT 1 [ RunTime:0.000132s ]
[ sql ] [ SQL ] SELECT * FROM `wb_pages_menu` WHERE  `pid` = 4 ORDER BY `menu_id` DESC [ RunTime:0.000211s ]
[ sql ] [ SQL ] SELECT `url` FROM `wb_images` WHERE  `id` = 'ca84a5bb1899cfa2b7d78d2f66025112' LIMIT 1 [ RunTime:0.000159s ]
[ sql ] [ SQL ] SELECT `url` FROM `wb_images` WHERE  `id` = '4602163f525b84fd0de4b080aa256d92' LIMIT 1 [ RunTime:0.000106s ]
[ sql ] [ SQL ] SELECT * FROM `wb_pages_menu` WHERE  `pid` = 5 ORDER BY `menu_id` DESC [ RunTime:0.000113s ]
[ sql ] [ SQL ] SELECT `url` FROM `wb_images` WHERE  `id` = 'af01a9f897c86e59b79aac9fb142701a' LIMIT 1 [ RunTime:0.000128s ]
[ sql ] [ SQL ] SELECT `url` FROM `wb_images` WHERE  `id` = 'b5f7ae2456ad1a01d772a24363e72fa2' LIMIT 1 [ RunTime:0.000095s ]
---------------------------------------------------------------
[2026-04-01T14:26:04+08:00] 127.0.0.1 GET www.jiwankang.com/api/common/jshopconf
[运行时间：0.028973s] [吞吐率：34.51req/s] [内存消耗：3,090.95kb] [文件加载：93]
[ info ] [ LANG ] E:\wwwroot\2026\04\jiwankang\thinkphp\lang\zh-cn.php
[ info ] [ ROUTE ] array (
)
[ info ] [ HEADER ] array (
  'referer' => 'http://localhost:8080/',
  'origin' => 'http://localhost:8080',
  'content-type' => 'application/x-www-form-urlencoded',
  'accept-language' => 'zh-CN,zh;q=0.9',
  'accept-encoding' => 'gzip, deflate',
  'accept' => 'application/json',
  'user-agent' => 'Mozilla/5.0 (Windows NT 10.0; Win64; x64) AppleWebKit/537.36 (KHTML, like Gecko) Chrome/146.0.0.0 Safari/537.36',
  'host' => 'www.jiwankang.com',
  'content-length' => '',
)
[ info ] [ PARAM ] array (
)
---------------------------------------------------------------
[2026-04-01T14:26:04+08:00] 127.0.0.1 OPTIONS www.jiwankang.com/api.html
[运行时间：0.027527s] [吞吐率：36.33req/s] [内存消耗：3,009.21kb] [文件加载：89]
[ info ] [ LANG ] E:\wwwroot\2026\04\jiwankang\thinkphp\lang\zh-cn.php
[ info ] [ ROUTE ] array (
)
[ info ] [ HEADER ] array (
  'sec-fetch-mode' => 'cors',
  'referer' => 'http://localhost:8080/',
  'origin' => 'http://localhost:8080',
  'access-control-request-method' => 'POST',
  'access-control-request-headers' => 'content-type',
  'accept-language' => 'zh-CN,zh;q=0.9',
  'accept-encoding' => 'gzip, deflate',
  'accept' => '*/*',
  'user-agent' => 'Mozilla/5.0 (Windows NT 10.0; Win64; x64) AppleWebKit/537.36 (KHTML, like Gecko) Chrome/146.0.0.0 Safari/537.36',
  'host' => 'www.jiwankang.com',
  'content-length' => '',
  'content-type' => '',
)
[ info ] [ PARAM ] array (
)
---------------------------------------------------------------
[2026-04-01T14:26:04+08:00] 127.0.0.1 OPTIONS www.jiwankang.com/api.html
[运行时间：0.021952s] [吞吐率：45.55req/s] [内存消耗：3,009.21kb] [文件加载：89]
[ info ] [ LANG ] E:\wwwroot\2026\04\jiwankang\thinkphp\lang\zh-cn.php
[ info ] [ ROUTE ] array (
)
[ info ] [ HEADER ] array (
  'sec-fetch-mode' => 'cors',
  'referer' => 'http://localhost:8080/',
  'origin' => 'http://localhost:8080',
  'access-control-request-method' => 'POST',
  'access-control-request-headers' => 'content-type',
  'accept-language' => 'zh-CN,zh;q=0.9',
  'accept-encoding' => 'gzip, deflate',
  'accept' => '*/*',
  'user-agent' => 'Mozilla/5.0 (Windows NT 10.0; Win64; x64) AppleWebKit/537.36 (KHTML, like Gecko) Chrome/146.0.0.0 Safari/537.36',
  'host' => 'www.jiwankang.com',
  'content-length' => '',
  'content-type' => '',
)
[ info ] [ PARAM ] array (
)
---------------------------------------------------------------
[2026-04-01T14:26:04+08:00] 127.0.0.1 OPTIONS www.jiwankang.com/api.html
[运行时间：0.023243s] [吞吐率：43.02req/s] [内存消耗：3,009.21kb] [文件加载：89]
[ info ] [ LANG ] E:\wwwroot\2026\04\jiwankang\thinkphp\lang\zh-cn.php
[ info ] [ ROUTE ] array (
)
[ info ] [ HEADER ] array (
  'sec-fetch-mode' => 'cors',
  'referer' => 'http://localhost:8080/',
  'origin' => 'http://localhost:8080',
  'access-control-request-method' => 'POST',
  'access-control-request-headers' => 'content-type',
  'accept-language' => 'zh-CN,zh;q=0.9',
  'accept-encoding' => 'gzip, deflate',
  'accept' => '*/*',
  'user-agent' => 'Mozilla/5.0 (Windows NT 10.0; Win64; x64) AppleWebKit/537.36 (KHTML, like Gecko) Chrome/146.0.0.0 Safari/537.36',
  'host' => 'www.jiwankang.com',
  'content-length' => '',
  'content-type' => '',
)
[ info ] [ PARAM ] array (
)
---------------------------------------------------------------
[2026-04-01T14:26:04+08:00] 127.0.0.1 POST www.jiwankang.com/api.html
[运行时间：0.040009s] [吞吐率：24.99req/s] [内存消耗：4,387.13kb] [文件加载：103]
[ info ] [ LANG ] E:\wwwroot\2026\04\jiwankang\thinkphp\lang\zh-cn.php
[ info ] [ ROUTE ] array (
)
[ info ] [ HEADER ] array (
  'referer' => 'http://localhost:8080/',
  'origin' => 'http://localhost:8080',
  'content-type' => 'application/json',
  'accept-language' => 'zh-CN,zh;q=0.9',
  'accept-encoding' => 'gzip, deflate',
  'accept' => 'application/json',
  'content-length' => '58',
  'user-agent' => 'Mozilla/5.0 (Windows NT 10.0; Win64; x64) AppleWebKit/537.36 (KHTML, like Gecko) Chrome/146.0.0.0 Safari/537.36',
  'host' => 'www.jiwankang.com',
)
[ info ] [ PARAM ] array (
  'codes' => 'tpl1_slider',
  'method' => 'advert.getcarousellists',
)
[ info ] [ DB ] INIT mysql
[ sql ] [ DB ] CONNECT:[ UseTime:0.000586s ] mysql:host=127.0.0.1;port=3306;dbname=jiwankang;charset=utf8mb4
[ sql ] [ SQL ] SHOW COLUMNS FROM `wb_advertisement` [ RunTime:0.002352s ]
[ sql ] [ SQL ] SELECT `id`,`position_id`,`code`,`name`,`img`,`type`,`val`,`sort` FROM `wb_advertisement` WHERE  `code` IN ('tpl1_slider') ORDER BY `sort` ASC [ RunTime:0.000189s ]
[ sql ] [ SQL ] SHOW COLUMNS FROM `wb_images` [ RunTime:0.000778s ]
[ sql ] [ SQL ] SELECT `url` FROM `wb_images` WHERE  `id` = '69930d468b58eeb6a710f0c4a6a48c0b' LIMIT 1 [ RunTime:0.000114s ]
[ sql ] [ SQL ] SELECT `url` FROM `wb_images` WHERE  `id` = '45d0b84708497b49e7850dde994c66cc' LIMIT 1 [ RunTime:0.000489s ]
[ sql ] [ SQL ] SELECT `url` FROM `wb_images` WHERE  `id` = '3f4f7e1cb887cf658823f28146b3dd20' LIMIT 1 [ RunTime:0.000233s ]
[ sql ] [ SQL ] SELECT `url` FROM `wb_images` WHERE  `id` = '1ff24c857483be20bd5380848c502145' LIMIT 1 [ RunTime:0.000166s ]
---------------------------------------------------------------
[2026-04-01T14:26:04+08:00] 127.0.0.1 POST www.jiwankang.com/api.html
[运行时间：0.041112s] [吞吐率：24.32req/s] [内存消耗：4,387.52kb] [文件加载：103]
[ info ] [ LANG ] E:\wwwroot\2026\04\jiwankang\thinkphp\lang\zh-cn.php
[ info ] [ ROUTE ] array (
)
[ info ] [ HEADER ] array (
  'referer' => 'http://localhost:8080/',
  'origin' => 'http://localhost:8080',
  'content-type' => 'application/json',
  'accept-language' => 'zh-CN,zh;q=0.9',
  'accept-encoding' => 'gzip, deflate',
  'accept' => 'application/json',
  'content-length' => '58',
  'user-agent' => 'Mozilla/5.0 (Windows NT 10.0; Win64; x64) AppleWebKit/537.36 (KHTML, like Gecko) Chrome/146.0.0.0 Safari/537.36',
  'host' => 'www.jiwankang.com',
)
[ info ] [ PARAM ] array (
  'codes' => 'grid_slider',
  'method' => 'advert.getcarousellists',
)
[ info ] [ DB ] INIT mysql
[ sql ] [ DB ] CONNECT:[ UseTime:0.001785s ] mysql:host=127.0.0.1;port=3306;dbname=jiwankang;charset=utf8mb4
[ sql ] [ SQL ] SHOW COLUMNS FROM `wb_advertisement` [ RunTime:0.002171s ]
[ sql ] [ SQL ] SELECT `id`,`position_id`,`code`,`name`,`img`,`type`,`val`,`sort` FROM `wb_advertisement` WHERE  `code` IN ('grid_slider') ORDER BY `sort` ASC [ RunTime:0.000437s ]
[ sql ] [ SQL ] SHOW COLUMNS FROM `wb_images` [ RunTime:0.000992s ]
[ sql ] [ SQL ] SELECT `url` FROM `wb_images` WHERE  `id` = '43fdca004b1a4a36a3845a28cecf47fd' LIMIT 1 [ RunTime:0.000235s ]
[ sql ] [ SQL ] SELECT `url` FROM `wb_images` WHERE  `id` = 'd17d83ca2165a918c25d395d48d7f8d2' LIMIT 1 [ RunTime:0.000513s ]
[ sql ] [ SQL ] SELECT `url` FROM `wb_images` WHERE  `id` = '693bf4cdbe025ce4f1987e7223d4c4f2' LIMIT 1 [ RunTime:0.000353s ]
[ sql ] [ SQL ] SELECT `url` FROM `wb_images` WHERE  `id` = 'e8720fa65fd1c4fec00c212283677054' LIMIT 1 [ RunTime:0.000199s ]
---------------------------------------------------------------
[2026-04-01T14:26:04+08:00] 127.0.0.1 POST www.jiwankang.com/api.html
[运行时间：0.059221s] [吞吐率：16.89req/s] [内存消耗：4,610.98kb] [文件加载：104]
[ info ] [ LANG ] E:\wwwroot\2026\04\jiwankang\thinkphp\lang\zh-cn.php
[ info ] [ ROUTE ] array (
)
[ info ] [ HEADER ] array (
  'referer' => 'http://localhost:8080/',
  'origin' => 'http://localhost:8080',
  'content-type' => 'application/json',
  'accept-language' => 'zh-CN,zh;q=0.9',
  'accept-encoding' => 'gzip, deflate',
  'accept' => 'application/json',
  'content-length' => '28',
  'user-agent' => 'Mozilla/5.0 (Windows NT 10.0; Win64; x64) AppleWebKit/537.36 (KHTML, like Gecko) Chrome/146.0.0.0 Safari/537.36',
  'host' => 'www.jiwankang.com',
)
[ info ] [ PARAM ] array (
  'method' => 'shopindex.index',
)
[ info ] [ DB ] INIT mysql
[ sql ] [ DB ] CONNECT:[ UseTime:0.001106s ] mysql:host=127.0.0.1;port=3306;dbname=jiwankang;charset=utf8mb4
[ sql ] [ SQL ] SHOW COLUMNS FROM `wb_goods` [ RunTime:0.003907s ]
[ sql ] [ SQL ] SELECT `id`,`name`,`price`,`mktprice`,`thumb` FROM `wb_goods` WHERE  `marketable` = 1  AND `goods_cat_id` IN (1) [ RunTime:0.000627s ]
[ sql ] [ SQL ] SELECT `id`,`name`,`price`,`mktprice`,`thumb` FROM `wb_goods` WHERE  `marketable` = 1  AND `goods_cat_id` = 2 [ RunTime:0.000396s ]
[ sql ] [ SQL ] SHOW COLUMNS FROM `wb_images` [ RunTime:0.001011s ]
[ sql ] [ SQL ] SELECT `url` FROM `wb_images` WHERE  `id` = '314afd8093136b1690a76afdccd6c2cd' LIMIT 1 [ RunTime:0.000216s ]
[ sql ] [ SQL ] SELECT `url` FROM `wb_images` WHERE  `id` = 'ff384770ca23c9ca074f5ed80b4ccd69' LIMIT 1 [ RunTime:0.000503s ]
[ sql ] [ SQL ] SHOW COLUMNS FROM `wb_notice` [ RunTime:0.003096s ]
[ sql ] [ SQL ] SELECT * FROM `wb_notice` WHERE (  `type` = 1 ) AND `wb_notice`.`isdel` IS NULL LIMIT 1 [ RunTime:0.000738s ]
---------------------------------------------------------------
[2026-04-01T14:26:08+08:00] 127.0.0.1 GET www.jiwankang.com/api/common/jshopConf
[运行时间：0.028777s] [吞吐率：34.75req/s] [内存消耗：3,090.90kb] [文件加载：93]
[ info ] [ LANG ] E:\wwwroot\2026\04\jiwankang\thinkphp\lang\zh-cn.php
[ info ] [ ROUTE ] array (
)
[ info ] [ HEADER ] array (
  'referer' => 'http://localhost:8080/',
  'origin' => 'http://localhost:8080',
  'accept-language' => 'zh-CN,zh;q=0.9',
  'accept-encoding' => 'gzip, deflate',
  'accept' => '*/*',
  'user-agent' => 'Mozilla/5.0 (iPhone; CPU iPhone OS 18_5 like Mac OS X) AppleWebKit/605.1.15 (KHTML, like Gecko) Version/18.5 Mobile/15E148 Safari/604.1',
  'host' => 'www.jiwankang.com',
  'content-length' => '',
  'content-type' => '',
)
[ info ] [ PARAM ] array (
)
---------------------------------------------------------------
[2026-04-01T14:26:08+08:00] 127.0.0.1 GET www.jiwankang.com/api/common/jshopconf
[运行时间：0.029842s] [吞吐率：33.51req/s] [内存消耗：3,091.32kb] [文件加载：93]
[ info ] [ LANG ] E:\wwwroot\2026\04\jiwankang\thinkphp\lang\zh-cn.php
[ info ] [ ROUTE ] array (
)
[ info ] [ HEADER ] array (
  'referer' => 'http://localhost:8080/',
  'origin' => 'http://localhost:8080',
  'content-type' => 'application/x-www-form-urlencoded',
  'accept-language' => 'zh-CN,zh;q=0.9',
  'accept-encoding' => 'gzip, deflate',
  'accept' => 'application/json',
  'user-agent' => 'Mozilla/5.0 (iPhone; CPU iPhone OS 18_5 like Mac OS X) AppleWebKit/605.1.15 (KHTML, like Gecko) Version/18.5 Mobile/15E148 Safari/604.1',
  'host' => 'www.jiwankang.com',
  'content-length' => '',
)
[ info ] [ PARAM ] array (
)
---------------------------------------------------------------
[2026-04-01T14:26:08+08:00] 127.0.0.1 POST www.jiwankang.com/api.html
[运行时间：0.031466s] [吞吐率：31.78req/s] [内存消耗：3,177.91kb] [文件加载：95]
[ info ] [ LANG ] E:\wwwroot\2026\04\jiwankang\thinkphp\lang\zh-cn.php
[ info ] [ ROUTE ] array (
)
[ info ] [ HEADER ] array (
  'referer' => 'http://localhost:8080/',
  'origin' => 'http://localhost:8080',
  'content-type' => 'application/json',
  'accept-language' => 'zh-CN,zh;q=0.9',
  'accept-encoding' => 'gzip, deflate',
  'accept' => 'application/json',
  'content-length' => '58',
  'user-agent' => 'Mozilla/5.0 (iPhone; CPU iPhone OS 18_5 like Mac OS X) AppleWebKit/605.1.15 (KHTML, like Gecko) Version/18.5 Mobile/15E148 Safari/604.1',
  'host' => 'www.jiwankang.com',
)
[ info ] [ PARAM ] array (
  'codes' => 'tpl1_slider',
  'method' => 'advert.getcarousellists',
)
---------------------------------------------------------------
[2026-04-01T14:26:08+08:00] 127.0.0.1 POST www.jiwankang.com/api.html
[运行时间：0.042036s] [吞吐率：23.79req/s] [内存消耗：4,594.55kb] [文件加载：104]
[ info ] [ LANG ] E:\wwwroot\2026\04\jiwankang\thinkphp\lang\zh-cn.php
[ info ] [ ROUTE ] array (
)
[ info ] [ HEADER ] array (
  'referer' => 'http://localhost:8080/',
  'origin' => 'http://localhost:8080',
  'content-type' => 'application/json',
  'accept-language' => 'zh-CN,zh;q=0.9',
  'accept-encoding' => 'gzip, deflate',
  'accept' => 'application/json',
  'content-length' => '28',
  'user-agent' => 'Mozilla/5.0 (iPhone; CPU iPhone OS 18_5 like Mac OS X) AppleWebKit/605.1.15 (KHTML, like Gecko) Version/18.5 Mobile/15E148 Safari/604.1',
  'host' => 'www.jiwankang.com',
)
[ info ] [ PARAM ] array (
  'method' => 'shopindex.index',
)
[ info ] [ DB ] INIT mysql
[ sql ] [ DB ] CONNECT:[ UseTime:0.001146s ] mysql:host=127.0.0.1;port=3306;dbname=jiwankang;charset=utf8mb4
[ sql ] [ SQL ] SHOW COLUMNS FROM `wb_notice` [ RunTime:0.001675s ]
[ sql ] [ SQL ] SELECT * FROM `wb_notice` WHERE (  `type` = 1 ) AND `wb_notice`.`isdel` IS NULL LIMIT 1 [ RunTime:0.000561s ]
---------------------------------------------------------------
[2026-04-01T14:26:08+08:00] 127.0.0.1 POST www.jiwankang.com/api.html
[运行时间：0.022981s] [吞吐率：43.51req/s] [内存消耗：3,178.30kb] [文件加载：95]
[ info ] [ LANG ] E:\wwwroot\2026\04\jiwankang\thinkphp\lang\zh-cn.php
[ info ] [ ROUTE ] array (
)
[ info ] [ HEADER ] array (
  'referer' => 'http://localhost:8080/',
  'origin' => 'http://localhost:8080',
  'content-type' => 'application/json',
  'accept-language' => 'zh-CN,zh;q=0.9',
  'accept-encoding' => 'gzip, deflate',
  'accept' => 'application/json',
  'content-length' => '58',
  'user-agent' => 'Mozilla/5.0 (iPhone; CPU iPhone OS 18_5 like Mac OS X) AppleWebKit/605.1.15 (KHTML, like Gecko) Version/18.5 Mobile/15E148 Safari/604.1',
  'host' => 'www.jiwankang.com',
)
[ info ] [ PARAM ] array (
  'codes' => 'grid_slider',
  'method' => 'advert.getcarousellists',
)
---------------------------------------------------------------
[2026-04-01T14:26:11+08:00] 127.0.0.1 OPTIONS www.jiwankang.com/api.html
[运行时间：0.022837s] [吞吐率：43.79req/s] [内存消耗：3,009.21kb] [文件加载：89]
[ info ] [ LANG ] E:\wwwroot\2026\04\jiwankang\thinkphp\lang\zh-cn.php
[ info ] [ ROUTE ] array (
)
[ info ] [ HEADER ] array (
  'sec-fetch-mode' => 'cors',
  'referer' => 'http://localhost:8080/',
  'origin' => 'http://localhost:8080',
  'access-control-request-method' => 'POST',
  'access-control-request-headers' => 'content-type',
  'accept-language' => 'zh-CN,zh;q=0.9',
  'accept-encoding' => 'gzip, deflate',
  'accept' => '*/*',
  'user-agent' => 'Mozilla/5.0 (iPhone; CPU iPhone OS 18_5 like Mac OS X) AppleWebKit/605.1.15 (KHTML, like Gecko) Version/18.5 Mobile/15E148 Safari/604.1',
  'host' => 'www.jiwankang.com',
  'content-length' => '',
  'content-type' => '',
)
[ info ] [ PARAM ] array (
)
---------------------------------------------------------------
[2026-04-01T14:26:11+08:00] 127.0.0.1 POST www.jiwankang.com/api.html
[运行时间：0.033650s] [吞吐率：29.72req/s] [内存消耗：4,372.63kb] [文件加载：103]
[ info ] [ LANG ] E:\wwwroot\2026\04\jiwankang\thinkphp\lang\zh-cn.php
[ info ] [ ROUTE ] array (
)
[ info ] [ HEADER ] array (
  'referer' => 'http://localhost:8080/',
  'origin' => 'http://localhost:8080',
  'content-type' => 'application/json',
  'accept-language' => 'zh-CN,zh;q=0.9',
  'accept-encoding' => 'gzip, deflate',
  'accept' => 'application/json',
  'content-length' => '58',
  'user-agent' => 'Mozilla/5.0 (iPhone; CPU iPhone OS 18_5 like Mac OS X) AppleWebKit/605.1.15 (KHTML, like Gecko) Version/18.5 Mobile/15E148 Safari/604.1',
  'host' => 'www.jiwankang.com',
)
[ info ] [ PARAM ] array (
  'codes' => 'user_banner',
  'method' => 'advert.getcarousellists',
)
[ info ] [ DB ] INIT mysql
[ sql ] [ DB ] CONNECT:[ UseTime:0.000741s ] mysql:host=127.0.0.1;port=3306;dbname=jiwankang;charset=utf8mb4
[ sql ] [ SQL ] SHOW COLUMNS FROM `wb_advertisement` [ RunTime:0.001038s ]
[ sql ] [ SQL ] SELECT `id`,`position_id`,`code`,`name`,`img`,`type`,`val`,`sort` FROM `wb_advertisement` WHERE  `code` IN ('user_banner') ORDER BY `sort` ASC [ RunTime:0.000309s ]
---------------------------------------------------------------
[2026-04-01T14:26:28+08:00] 127.0.0.1 OPTIONS www.jiwankang.com/api.html
[运行时间：0.018057s] [吞吐率：55.38req/s] [内存消耗：3,009.21kb] [文件加载：89]
[ info ] [ LANG ] E:\wwwroot\2026\04\jiwankang\thinkphp\lang\zh-cn.php
[ info ] [ ROUTE ] array (
)
[ info ] [ HEADER ] array (
  'sec-fetch-mode' => 'cors',
  'referer' => 'http://localhost:8080/',
  'origin' => 'http://localhost:8080',
  'access-control-request-method' => 'POST',
  'access-control-request-headers' => 'content-type',
  'accept-language' => 'zh-CN,zh;q=0.9',
  'accept-encoding' => 'gzip, deflate',
  'accept' => '*/*',
  'user-agent' => 'Mozilla/5.0 (iPhone; CPU iPhone OS 18_5 like Mac OS X) AppleWebKit/605.1.15 (KHTML, like Gecko) Version/18.5 Mobile/15E148 Safari/604.1',
  'host' => 'www.jiwankang.com',
  'content-length' => '',
  'content-type' => '',
)
[ info ] [ PARAM ] array (
)
---------------------------------------------------------------
[2026-04-01T14:26:29+08:00] 127.0.0.1 POST www.jiwankang.com/api.html
[运行时间：0.049446s] [吞吐率：20.22req/s] [内存消耗：4,782.77kb] [文件加载：104]
[ info ] [ LANG ] E:\wwwroot\2026\04\jiwankang\thinkphp\lang\zh-cn.php
[ info ] [ ROUTE ] array (
)
[ info ] [ HEADER ] array (
  'referer' => 'http://localhost:8080/',
  'origin' => 'http://localhost:8080',
  'content-type' => 'application/json',
  'accept-language' => 'zh-CN,zh;q=0.9',
  'accept-encoding' => 'gzip, deflate',
  'accept' => 'application/json',
  'content-length' => '68',
  'user-agent' => 'Mozilla/5.0 (iPhone; CPU iPhone OS 18_5 like Mac OS X) AppleWebKit/605.1.15 (KHTML, like Gecko) Version/18.5 Mobile/15E148 Safari/604.1',
  'host' => 'www.jiwankang.com',
)
[ info ] [ PARAM ] array (
  'mobile' => '18919660526',
  'password' => 'qq123456',
  'method' => 'user.login',
)
[ info ] [ DB ] INIT mysql
[ sql ] [ DB ] CONNECT:[ UseTime:0.000613s ] mysql:host=127.0.0.1;port=3306;dbname=jiwankang;charset=utf8mb4
[ sql ] [ SQL ] SHOW COLUMNS FROM `wb_user` [ RunTime:0.002694s ]
[ sql ] [ SQL ] SELECT * FROM `wb_user` WHERE (  `username` = '18919660526' OR `mobile` = '18919660526' ) AND `wb_user`.`isdel` IS NULL LIMIT 1 [ RunTime:0.000229s ]
[ sql ] [ SQL ] SELECT * FROM `wb_user` WHERE (  ( `username` = '18919660526' OR `mobile` = '18919660526' )  AND `password` = '6bcc1e483dd5756fa3e710792fd64bd9' ) AND `wb_user`.`isdel` IS NULL LIMIT 1 [ RunTime:0.000142s ]
[ sql ] [ SQL ] SELECT * FROM `wb_user` WHERE (  `id` = 1 ) AND `wb_user`.`isdel` IS NULL LIMIT 1 [ RunTime:0.000138s ]
[ sql ] [ SQL ] SHOW COLUMNS FROM `wb_user_token` [ RunTime:0.001691s ]
[ sql ] [ SQL ] INSERT INTO `wb_user_token` (`user_id` , `platform` , `ctime` , `token`) VALUES (1 , 1 , 1775024789 , 'b22e70b92e33ba13f92d9ac98c2f4d87') [ RunTime:0.001282s ]
[ sql ] [ SQL ] DELETE FROM `wb_user_token` WHERE  `user_id` = 1  AND `platform` = 1  AND `token` <> 'b22e70b92e33ba13f92d9ac98c2f4d87' [ RunTime:0.002311s ]
[ sql ] [ SQL ] SHOW COLUMNS FROM `wb_setting` [ RunTime:0.003686s ]
[ sql ] [ SQL ] SELECT * FROM `wb_setting` WHERE  `skey` = 'is_bind_mobile' LIMIT 1 [ RunTime:0.000147s ]
[ sql ] [ SQL ] SHOW COLUMNS FROM `wb_user_log` [ RunTime:0.002391s ]
[ sql ] [ SQL ] INSERT INTO `wb_user_log` (`user_id` , `state` , `ctime` , `params` , `ip` , `type`) VALUES (1 , 1 , 1775024789 , '[]' , '127.0.0.1' , 1) [ RunTime:0.000445s ]
---------------------------------------------------------------
[2026-04-01T14:26:29+08:00] 127.0.0.1 POST www.jiwankang.com/api.html
[运行时间：0.045974s] [吞吐率：21.75req/s] [内存消耗：4,876.04kb] [文件加载：108]
[ info ] [ LANG ] E:\wwwroot\2026\04\jiwankang\thinkphp\lang\zh-cn.php
[ info ] [ ROUTE ] array (
)
[ info ] [ HEADER ] array (
  'referer' => 'http://localhost:8080/',
  'origin' => 'http://localhost:8080',
  'content-type' => 'application/json',
  'accept-language' => 'zh-CN,zh;q=0.9',
  'accept-encoding' => 'gzip, deflate',
  'accept' => 'application/json',
  'content-length' => '65',
  'user-agent' => 'Mozilla/5.0 (iPhone; CPU iPhone OS 18_5 like Mac OS X) AppleWebKit/605.1.15 (KHTML, like Gecko) Version/18.5 Mobile/15E148 Safari/604.1',
  'host' => 'www.jiwankang.com',
)
[ info ] [ PARAM ] array (
  'token' => 'b22e70b92e33ba13f92d9ac98c2f4d87',
  'method' => 'user.info',
)
[ info ] [ DB ] INIT mysql
[ sql ] [ DB ] CONNECT:[ UseTime:0.001021s ] mysql:host=127.0.0.1;port=3306;dbname=jiwankang;charset=utf8mb4
[ sql ] [ SQL ] SHOW COLUMNS FROM `wb_user_token` [ RunTime:0.001087s ]
[ sql ] [ SQL ] SELECT * FROM `wb_user_token` WHERE  `token` = 'b22e70b92e33ba13f92d9ac98c2f4d87' LIMIT 1 [ RunTime:0.000226s ]
[ sql ] [ SQL ] SHOW COLUMNS FROM `wb_user` [ RunTime:0.001650s ]
[ sql ] [ SQL ] SELECT * FROM `wb_user` WHERE (  `id` = 1 ) AND `wb_user`.`isdel` IS NULL LIMIT 1 [ RunTime:0.000451s ]
[ sql ] [ SQL ] SELECT `id`,`username`,`mobile`,`sex`,`birthday`,`avatar`,`nickname`,`balance`,`point`,`grade`,`status`,`pid`,`password`,`ctime`,`remarks`,`area_id`,`tiyan`,`num_point`,`exp` FROM `wb_user` WHERE (  `id` = 1 ) AND `wb_user`.`isdel` IS NULL LIMIT 1 [ RunTime:0.000422s ]
[ sql ] [ SQL ] SHOW COLUMNS FROM `wb_user_grade` [ RunTime:0.001890s ]
[ sql ] [ SQL ] SELECT * FROM `wb_user_grade` WHERE  `id` = 3 [ RunTime:0.000774s ]
[ sql ] [ SQL ] SELECT * FROM `wb_user_grade` WHERE  `id` = 3 LIMIT 1 [ RunTime:0.000129s ]
---------------------------------------------------------------
[2026-04-01T14:26:29+08:00] 127.0.0.1 POST www.jiwankang.com/api.html
[运行时间：0.047869s] [吞吐率：20.89req/s] [内存消耗：5,233.48kb] [文件加载：107]
[ info ] [ LANG ] E:\wwwroot\2026\04\jiwankang\thinkphp\lang\zh-cn.php
[ info ] [ ROUTE ] array (
)
[ info ] [ HEADER ] array (
  'referer' => 'http://localhost:8080/',
  'origin' => 'http://localhost:8080',
  'content-type' => 'application/json',
  'accept-language' => 'zh-CN,zh;q=0.9',
  'accept-encoding' => 'gzip, deflate',
  'accept' => 'application/json',
  'content-length' => '114',
  'user-agent' => 'Mozilla/5.0 (iPhone; CPU iPhone OS 18_5 like Mac OS X) AppleWebKit/605.1.15 (KHTML, like Gecko) Version/18.5 Mobile/15E148 Safari/604.1',
  'host' => 'www.jiwankang.com',
)
[ info ] [ PARAM ] array (
  'ids' => '1,2,3,4',
  'isAfterSale' => '1',
  'token' => 'b22e70b92e33ba13f92d9ac98c2f4d87',
  'method' => 'order.getorderstatusnum',
)
[ info ] [ DB ] INIT mysql
[ sql ] [ DB ] CONNECT:[ UseTime:0.000623s ] mysql:host=127.0.0.1;port=3306;dbname=jiwankang;charset=utf8mb4
[ sql ] [ SQL ] SHOW COLUMNS FROM `wb_user` [ RunTime:0.001030s ]
[ sql ] [ SQL ] SELECT * FROM `wb_user` WHERE (  `id` = 1 ) AND `wb_user`.`isdel` IS NULL LIMIT 1 [ RunTime:0.000192s ]
[ sql ] [ SQL ] SHOW COLUMNS FROM `wb_order` [ RunTime:0.001693s ]
[ sql ] [ SQL ] SELECT COUNT(*) AS tp_count FROM `wb_order` WHERE (  `user_id` = 1  AND `status` = 1  AND `pay_status` = 1 ) AND `wb_order`.`isdel` IS NULL LIMIT 1 [ RunTime:0.000988s ]
[ sql ] [ SQL ] SELECT COUNT(*) AS tp_count FROM `wb_order` WHERE (  `user_id` = 1  AND `status` = 1  AND `pay_status` <> 1  AND `ship_status` IN (1,2) ) AND `wb_order`.`isdel` IS NULL LIMIT 1 [ RunTime:0.000160s ]
[ sql ] [ SQL ] SELECT COUNT(*) AS tp_count FROM `wb_order` WHERE (  `user_id` = 1  AND `status` = 1  AND `ship_status` IN (3,2)  AND `confirm` = 1 ) AND `wb_order`.`isdel` IS NULL LIMIT 1 [ RunTime:0.000106s ]
[ sql ] [ SQL ] SELECT COUNT(*) AS tp_count FROM `wb_order` WHERE (  `user_id` = 1  AND `status` = 1  AND `pay_status` <> 1  AND `ship_status` <> 1  AND `confirm` = 2  AND `is_comment` = 1 ) AND `wb_order`.`isdel` IS NULL LIMIT 1 [ RunTime:0.000095s ]
[ sql ] [ SQL ] SHOW COLUMNS FROM `wb_bill_aftersales` [ RunTime:0.003228s ]
[ sql ] [ SQL ] SELECT COUNT(*) AS tp_count FROM `wb_bill_aftersales` WHERE  `user_id` = 1  AND `status` IN (1) LIMIT 1 [ RunTime:0.001267s ]
[ sql ] [ SQL ] SHOW COLUMNS FROM `wb_coupon` [ RunTime:0.001707s ]
[ sql ] [ SQL ] SELECT COUNT(*) AS tp_count FROM `wb_coupon` `c` INNER JOIN `wb_promotion` `p` ON `p`.`id`=`c`.`promotion_id` WHERE  `p`.`type` = '2'  AND `p`.`status` = '1'  AND `c`.`user_id` = '1'  AND `c`.`is_used` = '1'  AND ( (c.endtime = 0 and p.etime >= 1775024789) or (c.endtime >=1775024789) ) LIMIT 1 [ RunTime:0.003573s ]
---------------------------------------------------------------
[2026-04-01T14:27:14+08:00] 127.0.0.1 OPTIONS www.jiwankang.com/api.html
[运行时间：0.023853s] [吞吐率：41.92req/s] [内存消耗：3,009.21kb] [文件加载：89]
[ info ] [ LANG ] E:\wwwroot\2026\04\jiwankang\thinkphp\lang\zh-cn.php
[ info ] [ ROUTE ] array (
)
[ info ] [ HEADER ] array (
  'sec-fetch-mode' => 'cors',
  'referer' => 'http://localhost:8080/',
  'origin' => 'http://localhost:8080',
  'access-control-request-method' => 'POST',
  'access-control-request-headers' => 'content-type',
  'accept-language' => 'zh-CN,zh;q=0.9',
  'accept-encoding' => 'gzip, deflate',
  'accept' => '*/*',
  'user-agent' => 'Mozilla/5.0 (iPhone; CPU iPhone OS 18_5 like Mac OS X) AppleWebKit/605.1.15 (KHTML, like Gecko) Version/18.5 Mobile/15E148 Safari/604.1',
  'host' => 'www.jiwankang.com',
  'content-length' => '',
  'content-type' => '',
)
[ info ] [ PARAM ] array (
)
---------------------------------------------------------------
[2026-04-01T14:27:14+08:00] 127.0.0.1 POST www.jiwankang.com/api.html
[运行时间：0.038945s] [吞吐率：25.68req/s] [内存消耗：4,872.72kb] [文件加载：108]
[ info ] [ LANG ] E:\wwwroot\2026\04\jiwankang\thinkphp\lang\zh-cn.php
[ info ] [ ROUTE ] array (
)
[ info ] [ HEADER ] array (
  'referer' => 'http://localhost:8080/',
  'origin' => 'http://localhost:8080',
  'content-type' => 'application/json',
  'accept-language' => 'zh-CN,zh;q=0.9',
  'accept-encoding' => 'gzip, deflate',
  'accept' => 'application/json',
  'content-length' => '65',
  'user-agent' => 'Mozilla/5.0 (iPhone; CPU iPhone OS 18_5 like Mac OS X) AppleWebKit/605.1.15 (KHTML, like Gecko) Version/18.5 Mobile/15E148 Safari/604.1',
  'host' => 'www.jiwankang.com',
)
[ info ] [ PARAM ] array (
  'token' => 'b22e70b92e33ba13f92d9ac98c2f4d87',
  'method' => 'user.info',
)
[ info ] [ DB ] INIT mysql
[ sql ] [ DB ] CONNECT:[ UseTime:0.001029s ] mysql:host=127.0.0.1;port=3306;dbname=jiwankang;charset=utf8mb4
[ sql ] [ SQL ] SHOW COLUMNS FROM `wb_user` [ RunTime:0.001447s ]
[ sql ] [ SQL ] SELECT * FROM `wb_user` WHERE (  `id` = 1 ) AND `wb_user`.`isdel` IS NULL LIMIT 1 [ RunTime:0.000210s ]
[ sql ] [ SQL ] SELECT `id`,`username`,`mobile`,`sex`,`birthday`,`avatar`,`nickname`,`balance`,`point`,`grade`,`status`,`pid`,`password`,`ctime`,`remarks`,`area_id`,`tiyan`,`num_point`,`exp` FROM `wb_user` WHERE (  `id` = 1 ) AND `wb_user`.`isdel` IS NULL LIMIT 1 [ RunTime:0.000152s ]
[ sql ] [ SQL ] SHOW COLUMNS FROM `wb_user_grade` [ RunTime:0.000830s ]
[ sql ] [ SQL ] SELECT * FROM `wb_user_grade` WHERE  `id` = 3 [ RunTime:0.000113s ]
[ sql ] [ SQL ] SELECT * FROM `wb_user_grade` WHERE  `id` = 3 LIMIT 1 [ RunTime:0.000118s ]
---------------------------------------------------------------
[2026-04-01T14:27:14+08:00] 127.0.0.1 POST www.jiwankang.com/api.html
[运行时间：0.055724s] [吞吐率：17.95req/s] [内存消耗：5,233.48kb] [文件加载：107]
[ info ] [ LANG ] E:\wwwroot\2026\04\jiwankang\thinkphp\lang\zh-cn.php
[ info ] [ ROUTE ] array (
)
[ info ] [ HEADER ] array (
  'referer' => 'http://localhost:8080/',
  'origin' => 'http://localhost:8080',
  'content-type' => 'application/json',
  'accept-language' => 'zh-CN,zh;q=0.9',
  'accept-encoding' => 'gzip, deflate',
  'accept' => 'application/json',
  'content-length' => '114',
  'user-agent' => 'Mozilla/5.0 (iPhone; CPU iPhone OS 18_5 like Mac OS X) AppleWebKit/605.1.15 (KHTML, like Gecko) Version/18.5 Mobile/15E148 Safari/604.1',
  'host' => 'www.jiwankang.com',
)
[ info ] [ PARAM ] array (
  'ids' => '1,2,3,4',
  'isAfterSale' => '1',
  'token' => 'b22e70b92e33ba13f92d9ac98c2f4d87',
  'method' => 'order.getorderstatusnum',
)
[ info ] [ DB ] INIT mysql
[ sql ] [ DB ] CONNECT:[ UseTime:0.016553s ] mysql:host=127.0.0.1;port=3306;dbname=jiwankang;charset=utf8mb4
[ sql ] [ SQL ] SHOW COLUMNS FROM `wb_user` [ RunTime:0.002031s ]
[ sql ] [ SQL ] SELECT * FROM `wb_user` WHERE (  `id` = 1 ) AND `wb_user`.`isdel` IS NULL LIMIT 1 [ RunTime:0.000257s ]
[ sql ] [ SQL ] SHOW COLUMNS FROM `wb_order` [ RunTime:0.001017s ]
[ sql ] [ SQL ] SELECT COUNT(*) AS tp_count FROM `wb_order` WHERE (  `user_id` = 1  AND `status` = 1  AND `pay_status` = 1 ) AND `wb_order`.`isdel` IS NULL LIMIT 1 [ RunTime:0.000185s ]
[ sql ] [ SQL ] SELECT COUNT(*) AS tp_count FROM `wb_order` WHERE (  `user_id` = 1  AND `status` = 1  AND `pay_status` <> 1  AND `ship_status` IN (1,2) ) AND `wb_order`.`isdel` IS NULL LIMIT 1 [ RunTime:0.000169s ]
[ sql ] [ SQL ] SELECT COUNT(*) AS tp_count FROM `wb_order` WHERE (  `user_id` = 1  AND `status` = 1  AND `ship_status` IN (3,2)  AND `confirm` = 1 ) AND `wb_order`.`isdel` IS NULL LIMIT 1 [ RunTime:0.000149s ]
[ sql ] [ SQL ] SELECT COUNT(*) AS tp_count FROM `wb_order` WHERE (  `user_id` = 1  AND `status` = 1  AND `pay_status` <> 1  AND `ship_status` <> 1  AND `confirm` = 2  AND `is_comment` = 1 ) AND `wb_order`.`isdel` IS NULL LIMIT 1 [ RunTime:0.000118s ]
[ sql ] [ SQL ] SHOW COLUMNS FROM `wb_bill_aftersales` [ RunTime:0.002060s ]
[ sql ] [ SQL ] SELECT COUNT(*) AS tp_count FROM `wb_bill_aftersales` WHERE  `user_id` = 1  AND `status` IN (1) LIMIT 1 [ RunTime:0.000423s ]
[ sql ] [ SQL ] SHOW COLUMNS FROM `wb_coupon` [ RunTime:0.000936s ]
[ sql ] [ SQL ] SELECT COUNT(*) AS tp_count FROM `wb_coupon` `c` INNER JOIN `wb_promotion` `p` ON `p`.`id`=`c`.`promotion_id` WHERE  `p`.`type` = '2'  AND `p`.`status` = '1'  AND `c`.`user_id` = '1'  AND `c`.`is_used` = '1'  AND ( (c.endtime = 0 and p.etime >= 1775024834) or (c.endtime >=1775024834) ) LIMIT 1 [ RunTime:0.000950s ]
---------------------------------------------------------------
[2026-04-01T14:27:19+08:00] 127.0.0.1 OPTIONS www.jiwankang.com/api.html
[运行时间：0.027210s] [吞吐率：36.75req/s] [内存消耗：3,009.21kb] [文件加载：89]
[ info ] [ LANG ] E:\wwwroot\2026\04\jiwankang\thinkphp\lang\zh-cn.php
[ info ] [ ROUTE ] array (
)
[ info ] [ HEADER ] array (
  'sec-fetch-mode' => 'cors',
  'referer' => 'http://localhost:8080/',
  'origin' => 'http://localhost:8080',
  'access-control-request-method' => 'POST',
  'access-control-request-headers' => 'content-type',
  'accept-language' => 'zh-CN,zh;q=0.9',
  'accept-encoding' => 'gzip, deflate',
  'accept' => '*/*',
  'user-agent' => 'Mozilla/5.0 (iPhone; CPU iPhone OS 18_5 like Mac OS X) AppleWebKit/605.1.15 (KHTML, like Gecko) Version/18.5 Mobile/15E148 Safari/604.1',
  'host' => 'www.jiwankang.com',
  'content-length' => '',
  'content-type' => '',
)
[ info ] [ PARAM ] array (
)
---------------------------------------------------------------
[2026-04-01T14:27:19+08:00] 127.0.0.1 POST www.jiwankang.com/api.html
[运行时间：0.039114s] [吞吐率：25.57req/s] [内存消耗：4,872.72kb] [文件加载：108]
[ info ] [ LANG ] E:\wwwroot\2026\04\jiwankang\thinkphp\lang\zh-cn.php
[ info ] [ ROUTE ] array (
)
[ info ] [ HEADER ] array (
  'referer' => 'http://localhost:8080/',
  'origin' => 'http://localhost:8080',
  'content-type' => 'application/json',
  'accept-language' => 'zh-CN,zh;q=0.9',
  'accept-encoding' => 'gzip, deflate',
  'accept' => 'application/json',
  'content-length' => '65',
  'user-agent' => 'Mozilla/5.0 (iPhone; CPU iPhone OS 18_5 like Mac OS X) AppleWebKit/605.1.15 (KHTML, like Gecko) Version/18.5 Mobile/15E148 Safari/604.1',
  'host' => 'www.jiwankang.com',
)
[ info ] [ PARAM ] array (
  'token' => 'b22e70b92e33ba13f92d9ac98c2f4d87',
  'method' => 'user.info',
)
[ info ] [ DB ] INIT mysql
[ sql ] [ DB ] CONNECT:[ UseTime:0.000778s ] mysql:host=127.0.0.1;port=3306;dbname=jiwankang;charset=utf8mb4
[ sql ] [ SQL ] SHOW COLUMNS FROM `wb_user` [ RunTime:0.001387s ]
[ sql ] [ SQL ] SELECT * FROM `wb_user` WHERE (  `id` = 1 ) AND `wb_user`.`isdel` IS NULL LIMIT 1 [ RunTime:0.000246s ]
[ sql ] [ SQL ] SELECT `id`,`username`,`mobile`,`sex`,`birthday`,`avatar`,`nickname`,`balance`,`point`,`grade`,`status`,`pid`,`password`,`ctime`,`remarks`,`area_id`,`tiyan`,`num_point`,`exp` FROM `wb_user` WHERE (  `id` = 1 ) AND `wb_user`.`isdel` IS NULL LIMIT 1 [ RunTime:0.000289s ]
[ sql ] [ SQL ] SHOW COLUMNS FROM `wb_user_grade` [ RunTime:0.001113s ]
[ sql ] [ SQL ] SELECT * FROM `wb_user_grade` WHERE  `id` = 3 [ RunTime:0.000155s ]
[ sql ] [ SQL ] SELECT * FROM `wb_user_grade` WHERE  `id` = 3 LIMIT 1 [ RunTime:0.000133s ]
---------------------------------------------------------------
[2026-04-01T14:27:20+08:00] 127.0.0.1 POST www.jiwankang.com/api.html
[运行时间：0.059072s] [吞吐率：16.93req/s] [内存消耗：5,233.48kb] [文件加载：107]
[ info ] [ LANG ] E:\wwwroot\2026\04\jiwankang\thinkphp\lang\zh-cn.php
[ info ] [ ROUTE ] array (
)
[ info ] [ HEADER ] array (
  'referer' => 'http://localhost:8080/',
  'origin' => 'http://localhost:8080',
  'content-type' => 'application/json',
  'accept-language' => 'zh-CN,zh;q=0.9',
  'accept-encoding' => 'gzip, deflate',
  'accept' => 'application/json',
  'content-length' => '114',
  'user-agent' => 'Mozilla/5.0 (iPhone; CPU iPhone OS 18_5 like Mac OS X) AppleWebKit/605.1.15 (KHTML, like Gecko) Version/18.5 Mobile/15E148 Safari/604.1',
  'host' => 'www.jiwankang.com',
)
[ info ] [ PARAM ] array (
  'ids' => '1,2,3,4',
  'isAfterSale' => '1',
  'token' => 'b22e70b92e33ba13f92d9ac98c2f4d87',
  'method' => 'order.getorderstatusnum',
)
[ info ] [ DB ] INIT mysql
[ sql ] [ DB ] CONNECT:[ UseTime:0.001139s ] mysql:host=127.0.0.1;port=3306;dbname=jiwankang;charset=utf8mb4
[ sql ] [ SQL ] SHOW COLUMNS FROM `wb_user` [ RunTime:0.001871s ]
[ sql ] [ SQL ] SELECT * FROM `wb_user` WHERE (  `id` = 1 ) AND `wb_user`.`isdel` IS NULL LIMIT 1 [ RunTime:0.000487s ]
[ sql ] [ SQL ] SHOW COLUMNS FROM `wb_order` [ RunTime:0.002317s ]
[ sql ] [ SQL ] SELECT COUNT(*) AS tp_count FROM `wb_order` WHERE (  `user_id` = 1  AND `status` = 1  AND `pay_status` = 1 ) AND `wb_order`.`isdel` IS NULL LIMIT 1 [ RunTime:0.000386s ]
[ sql ] [ SQL ] SELECT COUNT(*) AS tp_count FROM `wb_order` WHERE (  `user_id` = 1  AND `status` = 1  AND `pay_status` <> 1  AND `ship_status` IN (1,2) ) AND `wb_order`.`isdel` IS NULL LIMIT 1 [ RunTime:0.000376s ]
[ sql ] [ SQL ] SELECT COUNT(*) AS tp_count FROM `wb_order` WHERE (  `user_id` = 1  AND `status` = 1  AND `ship_status` IN (3,2)  AND `confirm` = 1 ) AND `wb_order`.`isdel` IS NULL LIMIT 1 [ RunTime:0.000274s ]
[ sql ] [ SQL ] SELECT COUNT(*) AS tp_count FROM `wb_order` WHERE (  `user_id` = 1  AND `status` = 1  AND `pay_status` <> 1  AND `ship_status` <> 1  AND `confirm` = 2  AND `is_comment` = 1 ) AND `wb_order`.`isdel` IS NULL LIMIT 1 [ RunTime:0.000221s ]
[ sql ] [ SQL ] SHOW COLUMNS FROM `wb_bill_aftersales` [ RunTime:0.002575s ]
[ sql ] [ SQL ] SELECT COUNT(*) AS tp_count FROM `wb_bill_aftersales` WHERE  `user_id` = 1  AND `status` IN (1) LIMIT 1 [ RunTime:0.000347s ]
[ sql ] [ SQL ] SHOW COLUMNS FROM `wb_coupon` [ RunTime:0.001090s ]
[ sql ] [ SQL ] SELECT COUNT(*) AS tp_count FROM `wb_coupon` `c` INNER JOIN `wb_promotion` `p` ON `p`.`id`=`c`.`promotion_id` WHERE  `p`.`type` = '2'  AND `p`.`status` = '1'  AND `c`.`user_id` = '1'  AND `c`.`is_used` = '1'  AND ( (c.endtime = 0 and p.etime >= 1775024840) or (c.endtime >=1775024840) ) LIMIT 1 [ RunTime:0.000880s ]
---------------------------------------------------------------
[2026-04-01T14:27:25+08:00] 127.0.0.1 GET www.jiwankang.com/api/common/jshopConf
[运行时间：0.025010s] [吞吐率：39.98req/s] [内存消耗：3,090.84kb] [文件加载：93]
[ info ] [ LANG ] E:\wwwroot\2026\04\jiwankang\thinkphp\lang\zh-cn.php
[ info ] [ ROUTE ] array (
)
[ info ] [ HEADER ] array (
  'referer' => 'http://localhost:8080/',
  'origin' => 'http://localhost:8080',
  'accept-language' => 'zh-CN,zh;q=0.9',
  'accept-encoding' => 'gzip, deflate',
  'accept' => '*/*',
  'user-agent' => 'Mozilla/5.0 (Windows NT 10.0; Win64; x64) AppleWebKit/537.36 (KHTML, like Gecko) Chrome/146.0.0.0 Safari/537.36',
  'host' => 'www.jiwankang.com',
  'content-length' => '',
  'content-type' => '',
)
[ info ] [ PARAM ] array (
)
---------------------------------------------------------------
[2026-04-01T14:27:26+08:00] 127.0.0.1 GET www.jiwankang.com/api/common/jshopconf
[运行时间：0.022043s] [吞吐率：45.37req/s] [内存消耗：3,090.95kb] [文件加载：93]
[ info ] [ LANG ] E:\wwwroot\2026\04\jiwankang\thinkphp\lang\zh-cn.php
[ info ] [ ROUTE ] array (
)
[ info ] [ HEADER ] array (
  'referer' => 'http://localhost:8080/',
  'origin' => 'http://localhost:8080',
  'content-type' => 'application/x-www-form-urlencoded',
  'accept-language' => 'zh-CN,zh;q=0.9',
  'accept-encoding' => 'gzip, deflate',
  'accept' => 'application/json',
  'user-agent' => 'Mozilla/5.0 (Windows NT 10.0; Win64; x64) AppleWebKit/537.36 (KHTML, like Gecko) Chrome/146.0.0.0 Safari/537.36',
  'host' => 'www.jiwankang.com',
  'content-length' => '',
)
[ info ] [ PARAM ] array (
)
---------------------------------------------------------------
[2026-04-01T14:27:26+08:00] 127.0.0.1 OPTIONS www.jiwankang.com/api.html
[运行时间：0.021552s] [吞吐率：46.40req/s] [内存消耗：3,009.21kb] [文件加载：89]
[ info ] [ LANG ] E:\wwwroot\2026\04\jiwankang\thinkphp\lang\zh-cn.php
[ info ] [ ROUTE ] array (
)
[ info ] [ HEADER ] array (
  'sec-fetch-mode' => 'cors',
  'referer' => 'http://localhost:8080/',
  'origin' => 'http://localhost:8080',
  'access-control-request-method' => 'POST',
  'access-control-request-headers' => 'content-type',
  'accept-language' => 'zh-CN,zh;q=0.9',
  'accept-encoding' => 'gzip, deflate',
  'accept' => '*/*',
  'user-agent' => 'Mozilla/5.0 (Windows NT 10.0; Win64; x64) AppleWebKit/537.36 (KHTML, like Gecko) Chrome/146.0.0.0 Safari/537.36',
  'host' => 'www.jiwankang.com',
  'content-length' => '',
  'content-type' => '',
)
[ info ] [ PARAM ] array (
)
---------------------------------------------------------------
[2026-04-01T14:27:26+08:00] 127.0.0.1 OPTIONS www.jiwankang.com/api.html
[运行时间：0.022184s] [吞吐率：45.08req/s] [内存消耗：3,009.21kb] [文件加载：89]
[ info ] [ LANG ] E:\wwwroot\2026\04\jiwankang\thinkphp\lang\zh-cn.php
[ info ] [ ROUTE ] array (
)
[ info ] [ HEADER ] array (
  'sec-fetch-mode' => 'cors',
  'referer' => 'http://localhost:8080/',
  'origin' => 'http://localhost:8080',
  'access-control-request-method' => 'POST',
  'access-control-request-headers' => 'content-type',
  'accept-language' => 'zh-CN,zh;q=0.9',
  'accept-encoding' => 'gzip, deflate',
  'accept' => '*/*',
  'user-agent' => 'Mozilla/5.0 (Windows NT 10.0; Win64; x64) AppleWebKit/537.36 (KHTML, like Gecko) Chrome/146.0.0.0 Safari/537.36',
  'host' => 'www.jiwankang.com',
  'content-length' => '',
  'content-type' => '',
)
[ info ] [ PARAM ] array (
)
---------------------------------------------------------------
[2026-04-01T14:27:26+08:00] 127.0.0.1 POST www.jiwankang.com/api.html
[运行时间：0.023320s] [吞吐率：42.88req/s] [内存消耗：3,161.80kb] [文件加载：95]
[ info ] [ LANG ] E:\wwwroot\2026\04\jiwankang\thinkphp\lang\zh-cn.php
[ info ] [ ROUTE ] array (
)
[ info ] [ HEADER ] array (
  'referer' => 'http://localhost:8080/',
  'origin' => 'http://localhost:8080',
  'content-type' => 'application/json',
  'accept-language' => 'zh-CN,zh;q=0.9',
  'accept-encoding' => 'gzip, deflate',
  'accept' => 'application/json',
  'content-length' => '58',
  'user-agent' => 'Mozilla/5.0 (Windows NT 10.0; Win64; x64) AppleWebKit/537.36 (KHTML, like Gecko) Chrome/146.0.0.0 Safari/537.36',
  'host' => 'www.jiwankang.com',
)
[ info ] [ PARAM ] array (
  'codes' => 'user_banner',
  'method' => 'advert.getcarousellists',
)
---------------------------------------------------------------
[2026-04-01T14:27:26+08:00] 127.0.0.1 POST www.jiwankang.com/api.html
[运行时间：0.028561s] [吞吐率：35.01req/s] [内存消耗：4,261.02kb] [文件加载：98]
[ info ] [ LANG ] E:\wwwroot\2026\04\jiwankang\thinkphp\lang\zh-cn.php
[ info ] [ ROUTE ] array (
)
[ info ] [ HEADER ] array (
  'referer' => 'http://localhost:8080/',
  'origin' => 'http://localhost:8080',
  'content-type' => 'application/json',
  'accept-language' => 'zh-CN,zh;q=0.9',
  'accept-encoding' => 'gzip, deflate',
  'accept' => 'application/json',
  'content-length' => '65',
  'user-agent' => 'Mozilla/5.0 (Windows NT 10.0; Win64; x64) AppleWebKit/537.36 (KHTML, like Gecko) Chrome/146.0.0.0 Safari/537.36',
  'host' => 'www.jiwankang.com',
)
[ info ] [ PARAM ] array (
  'token' => 'ac24bc9fbb80fa59f778f95d06bef73f',
  'method' => 'user.info',
)
[ info ] [ DB ] INIT mysql
[ sql ] [ DB ] CONNECT:[ UseTime:0.000896s ] mysql:host=127.0.0.1;port=3306;dbname=jiwankang;charset=utf8mb4
[ sql ] [ SQL ] SHOW COLUMNS FROM `wb_user_token` [ RunTime:0.001208s ]
[ sql ] [ SQL ] SELECT * FROM `wb_user_token` WHERE  `token` = 'ac24bc9fbb80fa59f778f95d06bef73f' LIMIT 1 [ RunTime:0.000163s ]
[ sql ] [ SQL ] SHOW COLUMNS FROM `wb_setting` [ RunTime:0.000799s ]
[ sql ] [ SQL ] SELECT * FROM `wb_setting` WHERE  `skey` = 'language' LIMIT 1 [ RunTime:0.000160s ]
[ sql ] [ SQL ] SELECT * FROM `wb_setting` WHERE  `skey` = 'language' LIMIT 1 [ RunTime:0.000148s ]
[ sql ] [ SQL ] SELECT * FROM `wb_setting` WHERE  `skey` = 'language' LIMIT 1 [ RunTime:0.000112s ]
[ sql ] [ SQL ] SELECT * FROM `wb_setting` WHERE  `skey` = 'language' LIMIT 1 [ RunTime:0.000081s ]
---------------------------------------------------------------
[2026-04-01T14:27:41+08:00] 127.0.0.1 OPTIONS www.jiwankang.com/api.html
[运行时间：0.023883s] [吞吐率：41.87req/s] [内存消耗：3,009.21kb] [文件加载：89]
[ info ] [ LANG ] E:\wwwroot\2026\04\jiwankang\thinkphp\lang\zh-cn.php
[ info ] [ ROUTE ] array (
)
[ info ] [ HEADER ] array (
  'sec-fetch-mode' => 'cors',
  'referer' => 'http://localhost:8080/',
  'origin' => 'http://localhost:8080',
  'access-control-request-method' => 'POST',
  'access-control-request-headers' => 'content-type',
  'accept-language' => 'zh-CN,zh;q=0.9',
  'accept-encoding' => 'gzip, deflate',
  'accept' => '*/*',
  'user-agent' => 'Mozilla/5.0 (iPhone; CPU iPhone OS 18_5 like Mac OS X) AppleWebKit/605.1.15 (KHTML, like Gecko) Version/18.5 Mobile/15E148 Safari/604.1',
  'host' => 'www.jiwankang.com',
  'content-length' => '',
  'content-type' => '',
)
[ info ] [ PARAM ] array (
)
---------------------------------------------------------------
[2026-04-01T14:27:41+08:00] 127.0.0.1 POST www.jiwankang.com/api.html
[运行时间：0.039156s] [吞吐率：25.54req/s] [内存消耗：4,782.77kb] [文件加载：104]
[ info ] [ LANG ] E:\wwwroot\2026\04\jiwankang\thinkphp\lang\zh-cn.php
[ info ] [ ROUTE ] array (
)
[ info ] [ HEADER ] array (
  'referer' => 'http://localhost:8080/',
  'origin' => 'http://localhost:8080',
  'content-type' => 'application/json',
  'accept-language' => 'zh-CN,zh;q=0.9',
  'accept-encoding' => 'gzip, deflate',
  'accept' => 'application/json',
  'content-length' => '68',
  'user-agent' => 'Mozilla/5.0 (iPhone; CPU iPhone OS 18_5 like Mac OS X) AppleWebKit/605.1.15 (KHTML, like Gecko) Version/18.5 Mobile/15E148 Safari/604.1',
  'host' => 'www.jiwankang.com',
)
[ info ] [ PARAM ] array (
  'mobile' => '18919660526',
  'password' => 'qq123456',
  'method' => 'user.login',
)
[ info ] [ DB ] INIT mysql
[ sql ] [ DB ] CONNECT:[ UseTime:0.000836s ] mysql:host=127.0.0.1;port=3306;dbname=jiwankang;charset=utf8mb4
[ sql ] [ SQL ] SHOW COLUMNS FROM `wb_user` [ RunTime:0.000621s ]
[ sql ] [ SQL ] SELECT * FROM `wb_user` WHERE (  `username` = '18919660526' OR `mobile` = '18919660526' ) AND `wb_user`.`isdel` IS NULL LIMIT 1 [ RunTime:0.000319s ]
[ sql ] [ SQL ] SELECT * FROM `wb_user` WHERE (  ( `username` = '18919660526' OR `mobile` = '18919660526' )  AND `password` = '6bcc1e483dd5756fa3e710792fd64bd9' ) AND `wb_user`.`isdel` IS NULL LIMIT 1 [ RunTime:0.000162s ]
[ sql ] [ SQL ] SELECT * FROM `wb_user` WHERE (  `id` = 1 ) AND `wb_user`.`isdel` IS NULL LIMIT 1 [ RunTime:0.000133s ]
[ sql ] [ SQL ] SHOW COLUMNS FROM `wb_user_token` [ RunTime:0.000280s ]
[ sql ] [ SQL ] INSERT INTO `wb_user_token` (`user_id` , `platform` , `ctime` , `token`) VALUES (1 , 1 , 1775024861 , 'c44ff269142cc0000a5aab51e13546e0') [ RunTime:0.000110s ]
[ sql ] [ SQL ] DELETE FROM `wb_user_token` WHERE  `user_id` = 1  AND `platform` = 1  AND `token` <> 'c44ff269142cc0000a5aab51e13546e0' [ RunTime:0.001770s ]
[ sql ] [ SQL ] SHOW COLUMNS FROM `wb_setting` [ RunTime:0.003086s ]
[ sql ] [ SQL ] SELECT * FROM `wb_setting` WHERE  `skey` = 'is_bind_mobile' LIMIT 1 [ RunTime:0.000114s ]
[ sql ] [ SQL ] SHOW COLUMNS FROM `wb_user_log` [ RunTime:0.000247s ]
[ sql ] [ SQL ] INSERT INTO `wb_user_log` (`user_id` , `state` , `ctime` , `params` , `ip` , `type`) VALUES (1 , 1 , 1775024861 , '[]' , '127.0.0.1' , 1) [ RunTime:0.000101s ]
---------------------------------------------------------------
[2026-04-01T14:27:41+08:00] 127.0.0.1 POST www.jiwankang.com/api.html
[运行时间：0.035798s] [吞吐率：27.93req/s] [内存消耗：4,876.04kb] [文件加载：108]
[ info ] [ LANG ] E:\wwwroot\2026\04\jiwankang\thinkphp\lang\zh-cn.php
[ info ] [ ROUTE ] array (
)
[ info ] [ HEADER ] array (
  'referer' => 'http://localhost:8080/',
  'origin' => 'http://localhost:8080',
  'content-type' => 'application/json',
  'accept-language' => 'zh-CN,zh;q=0.9',
  'accept-encoding' => 'gzip, deflate',
  'accept' => 'application/json',
  'content-length' => '65',
  'user-agent' => 'Mozilla/5.0 (iPhone; CPU iPhone OS 18_5 like Mac OS X) AppleWebKit/605.1.15 (KHTML, like Gecko) Version/18.5 Mobile/15E148 Safari/604.1',
  'host' => 'www.jiwankang.com',
)
[ info ] [ PARAM ] array (
  'token' => 'c44ff269142cc0000a5aab51e13546e0',
  'method' => 'user.info',
)
[ info ] [ DB ] INIT mysql
[ sql ] [ DB ] CONNECT:[ UseTime:0.000640s ] mysql:host=127.0.0.1;port=3306;dbname=jiwankang;charset=utf8mb4
[ sql ] [ SQL ] SHOW COLUMNS FROM `wb_user_token` [ RunTime:0.000413s ]
[ sql ] [ SQL ] SELECT * FROM `wb_user_token` WHERE  `token` = 'c44ff269142cc0000a5aab51e13546e0' LIMIT 1 [ RunTime:0.000148s ]
[ sql ] [ SQL ] SHOW COLUMNS FROM `wb_user` [ RunTime:0.000355s ]
[ sql ] [ SQL ] SELECT * FROM `wb_user` WHERE (  `id` = 1 ) AND `wb_user`.`isdel` IS NULL LIMIT 1 [ RunTime:0.000157s ]
[ sql ] [ SQL ] SELECT `id`,`username`,`mobile`,`sex`,`birthday`,`avatar`,`nickname`,`balance`,`point`,`grade`,`status`,`pid`,`password`,`ctime`,`remarks`,`area_id`,`tiyan`,`num_point`,`exp` FROM `wb_user` WHERE (  `id` = 1 ) AND `wb_user`.`isdel` IS NULL LIMIT 1 [ RunTime:0.000138s ]
[ sql ] [ SQL ] SHOW COLUMNS FROM `wb_user_grade` [ RunTime:0.000254s ]
[ sql ] [ SQL ] SELECT * FROM `wb_user_grade` WHERE  `id` = 3 [ RunTime:0.000100s ]
[ sql ] [ SQL ] SELECT * FROM `wb_user_grade` WHERE  `id` = 3 LIMIT 1 [ RunTime:0.000319s ]
---------------------------------------------------------------
[2026-04-01T14:27:41+08:00] 127.0.0.1 POST www.jiwankang.com/api.html
[运行时间：0.034252s] [吞吐率：29.20req/s] [内存消耗：5,233.48kb] [文件加载：107]
[ info ] [ LANG ] E:\wwwroot\2026\04\jiwankang\thinkphp\lang\zh-cn.php
[ info ] [ ROUTE ] array (
)
[ info ] [ HEADER ] array (
  'referer' => 'http://localhost:8080/',
  'origin' => 'http://localhost:8080',
  'content-type' => 'application/json',
  'accept-language' => 'zh-CN,zh;q=0.9',
  'accept-encoding' => 'gzip, deflate',
  'accept' => 'application/json',
  'content-length' => '114',
  'user-agent' => 'Mozilla/5.0 (iPhone; CPU iPhone OS 18_5 like Mac OS X) AppleWebKit/605.1.15 (KHTML, like Gecko) Version/18.5 Mobile/15E148 Safari/604.1',
  'host' => 'www.jiwankang.com',
)
[ info ] [ PARAM ] array (
  'ids' => '1,2,3,4',
  'isAfterSale' => '1',
  'token' => 'c44ff269142cc0000a5aab51e13546e0',
  'method' => 'order.getorderstatusnum',
)
[ info ] [ DB ] INIT mysql
[ sql ] [ DB ] CONNECT:[ UseTime:0.000885s ] mysql:host=127.0.0.1;port=3306;dbname=jiwankang;charset=utf8mb4
[ sql ] [ SQL ] SHOW COLUMNS FROM `wb_user` [ RunTime:0.000650s ]
[ sql ] [ SQL ] SELECT * FROM `wb_user` WHERE (  `id` = 1 ) AND `wb_user`.`isdel` IS NULL LIMIT 1 [ RunTime:0.000316s ]
[ sql ] [ SQL ] SHOW COLUMNS FROM `wb_order` [ RunTime:0.000363s ]
[ sql ] [ SQL ] SELECT COUNT(*) AS tp_count FROM `wb_order` WHERE (  `user_id` = 1  AND `status` = 1  AND `pay_status` = 1 ) AND `wb_order`.`isdel` IS NULL LIMIT 1 [ RunTime:0.000137s ]
[ sql ] [ SQL ] SELECT COUNT(*) AS tp_count FROM `wb_order` WHERE (  `user_id` = 1  AND `status` = 1  AND `pay_status` <> 1  AND `ship_status` IN (1,2) ) AND `wb_order`.`isdel` IS NULL LIMIT 1 [ RunTime:0.000110s ]
[ sql ] [ SQL ] SELECT COUNT(*) AS tp_count FROM `wb_order` WHERE (  `user_id` = 1  AND `status` = 1  AND `ship_status` IN (3,2)  AND `confirm` = 1 ) AND `wb_order`.`isdel` IS NULL LIMIT 1 [ RunTime:0.000091s ]
[ sql ] [ SQL ] SELECT COUNT(*) AS tp_count FROM `wb_order` WHERE (  `user_id` = 1  AND `status` = 1  AND `pay_status` <> 1  AND `ship_status` <> 1  AND `confirm` = 2  AND `is_comment` = 1 ) AND `wb_order`.`isdel` IS NULL LIMIT 1 [ RunTime:0.000090s ]
[ sql ] [ SQL ] SHOW COLUMNS FROM `wb_bill_aftersales` [ RunTime:0.000281s ]
[ sql ] [ SQL ] SELECT COUNT(*) AS tp_count FROM `wb_bill_aftersales` WHERE  `user_id` = 1  AND `status` IN (1) LIMIT 1 [ RunTime:0.000175s ]
[ sql ] [ SQL ] SHOW COLUMNS FROM `wb_coupon` [ RunTime:0.000272s ]
[ sql ] [ SQL ] SELECT COUNT(*) AS tp_count FROM `wb_coupon` `c` INNER JOIN `wb_promotion` `p` ON `p`.`id`=`c`.`promotion_id` WHERE  `p`.`type` = '2'  AND `p`.`status` = '1'  AND `c`.`user_id` = '1'  AND `c`.`is_used` = '1'  AND ( (c.endtime = 0 and p.etime >= 1775024861) or (c.endtime >=1775024861) ) LIMIT 1 [ RunTime:0.000168s ]
---------------------------------------------------------------
[2026-04-01T14:28:48+08:00] 127.0.0.1 GET www.jiwankang.com/api/common/jshopConf
[运行时间：0.043496s] [吞吐率：22.99req/s] [内存消耗：3,090.90kb] [文件加载：93]
[ info ] [ LANG ] E:\wwwroot\2026\04\jiwankang\thinkphp\lang\zh-cn.php
[ info ] [ ROUTE ] array (
)
[ info ] [ HEADER ] array (
  'referer' => 'http://localhost:8080/',
  'origin' => 'http://localhost:8080',
  'accept-language' => 'zh-CN,zh;q=0.9',
  'accept-encoding' => 'gzip, deflate',
  'accept' => '*/*',
  'user-agent' => 'Mozilla/5.0 (iPhone; CPU iPhone OS 18_5 like Mac OS X) AppleWebKit/605.1.15 (KHTML, like Gecko) Version/18.5 Mobile/15E148 Safari/604.1',
  'host' => 'www.jiwankang.com',
  'content-length' => '',
  'content-type' => '',
)
[ info ] [ PARAM ] array (
)
---------------------------------------------------------------
[2026-04-01T14:28:48+08:00] 127.0.0.1 GET www.jiwankang.com/api/common/jshopconf
[运行时间：0.022757s] [吞吐率：43.94req/s] [内存消耗：3,091.32kb] [文件加载：93]
[ info ] [ LANG ] E:\wwwroot\2026\04\jiwankang\thinkphp\lang\zh-cn.php
[ info ] [ ROUTE ] array (
)
[ info ] [ HEADER ] array (
  'referer' => 'http://localhost:8080/',
  'origin' => 'http://localhost:8080',
  'content-type' => 'application/x-www-form-urlencoded',
  'accept-language' => 'zh-CN,zh;q=0.9',
  'accept-encoding' => 'gzip, deflate',
  'accept' => 'application/json',
  'user-agent' => 'Mozilla/5.0 (iPhone; CPU iPhone OS 18_5 like Mac OS X) AppleWebKit/605.1.15 (KHTML, like Gecko) Version/18.5 Mobile/15E148 Safari/604.1',
  'host' => 'www.jiwankang.com',
  'content-length' => '',
)
[ info ] [ PARAM ] array (
)
---------------------------------------------------------------
[2026-04-01T14:28:49+08:00] 127.0.0.1 OPTIONS www.jiwankang.com/api.html
[运行时间：0.024103s] [吞吐率：41.49req/s] [内存消耗：3,009.21kb] [文件加载：89]
[ info ] [ LANG ] E:\wwwroot\2026\04\jiwankang\thinkphp\lang\zh-cn.php
[ info ] [ ROUTE ] array (
)
[ info ] [ HEADER ] array (
  'sec-fetch-mode' => 'cors',
  'referer' => 'http://localhost:8080/',
  'origin' => 'http://localhost:8080',
  'access-control-request-method' => 'POST',
  'access-control-request-headers' => 'content-type',
  'accept-language' => 'zh-CN,zh;q=0.9',
  'accept-encoding' => 'gzip, deflate',
  'accept' => '*/*',
  'user-agent' => 'Mozilla/5.0 (iPhone; CPU iPhone OS 18_5 like Mac OS X) AppleWebKit/605.1.15 (KHTML, like Gecko) Version/18.5 Mobile/15E148 Safari/604.1',
  'host' => 'www.jiwankang.com',
  'content-length' => '',
  'content-type' => '',
)
[ info ] [ PARAM ] array (
)
---------------------------------------------------------------
[2026-04-01T14:28:49+08:00] 127.0.0.1 OPTIONS www.jiwankang.com/api.html
[运行时间：0.027998s] [吞吐率：35.72req/s] [内存消耗：3,009.21kb] [文件加载：89]
[ info ] [ LANG ] E:\wwwroot\2026\04\jiwankang\thinkphp\lang\zh-cn.php
[ info ] [ ROUTE ] array (
)
[ info ] [ HEADER ] array (
  'sec-fetch-mode' => 'cors',
  'referer' => 'http://localhost:8080/',
  'origin' => 'http://localhost:8080',
  'access-control-request-method' => 'POST',
  'access-control-request-headers' => 'content-type',
  'accept-language' => 'zh-CN,zh;q=0.9',
  'accept-encoding' => 'gzip, deflate',
  'accept' => '*/*',
  'user-agent' => 'Mozilla/5.0 (iPhone; CPU iPhone OS 18_5 like Mac OS X) AppleWebKit/605.1.15 (KHTML, like Gecko) Version/18.5 Mobile/15E148 Safari/604.1',
  'host' => 'www.jiwankang.com',
  'content-length' => '',
  'content-type' => '',
)
[ info ] [ PARAM ] array (
)
---------------------------------------------------------------
[2026-04-01T14:28:49+08:00] 127.0.0.1 POST www.jiwankang.com/api.html
[运行时间：0.029836s] [吞吐率：33.52req/s] [内存消耗：3,161.80kb] [文件加载：95]
[ info ] [ LANG ] E:\wwwroot\2026\04\jiwankang\thinkphp\lang\zh-cn.php
[ info ] [ ROUTE ] array (
)
[ info ] [ HEADER ] array (
  'referer' => 'http://localhost:8080/',
  'origin' => 'http://localhost:8080',
  'content-type' => 'application/json',
  'accept-language' => 'zh-CN,zh;q=0.9',
  'accept-encoding' => 'gzip, deflate',
  'accept' => 'application/json',
  'content-length' => '58',
  'user-agent' => 'Mozilla/5.0 (iPhone; CPU iPhone OS 18_5 like Mac OS X) AppleWebKit/605.1.15 (KHTML, like Gecko) Version/18.5 Mobile/15E148 Safari/604.1',
  'host' => 'www.jiwankang.com',
)
[ info ] [ PARAM ] array (
  'codes' => 'user_banner',
  'method' => 'advert.getcarousellists',
)
---------------------------------------------------------------
[2026-04-01T14:28:49+08:00] 127.0.0.1 POST www.jiwankang.com/api.html
[运行时间：0.048449s] [吞吐率：20.64req/s] [内存消耗：4,872.72kb] [文件加载：108]
[ info ] [ LANG ] E:\wwwroot\2026\04\jiwankang\thinkphp\lang\zh-cn.php
[ info ] [ ROUTE ] array (
)
[ info ] [ HEADER ] array (
  'referer' => 'http://localhost:8080/',
  'origin' => 'http://localhost:8080',
  'content-type' => 'application/json',
  'accept-language' => 'zh-CN,zh;q=0.9',
  'accept-encoding' => 'gzip, deflate',
  'accept' => 'application/json',
  'content-length' => '65',
  'user-agent' => 'Mozilla/5.0 (iPhone; CPU iPhone OS 18_5 like Mac OS X) AppleWebKit/605.1.15 (KHTML, like Gecko) Version/18.5 Mobile/15E148 Safari/604.1',
  'host' => 'www.jiwankang.com',
)
[ info ] [ PARAM ] array (
  'token' => 'c44ff269142cc0000a5aab51e13546e0',
  'method' => 'user.info',
)
[ info ] [ DB ] INIT mysql
[ sql ] [ DB ] CONNECT:[ UseTime:0.000980s ] mysql:host=127.0.0.1;port=3306;dbname=jiwankang;charset=utf8mb4
[ sql ] [ SQL ] SHOW COLUMNS FROM `wb_user` [ RunTime:0.000610s ]
[ sql ] [ SQL ] SELECT * FROM `wb_user` WHERE (  `id` = 1 ) AND `wb_user`.`isdel` IS NULL LIMIT 1 [ RunTime:0.000556s ]
[ sql ] [ SQL ] SELECT `id`,`username`,`mobile`,`sex`,`birthday`,`avatar`,`nickname`,`balance`,`point`,`grade`,`status`,`pid`,`password`,`ctime`,`remarks`,`area_id`,`tiyan`,`num_point`,`exp` FROM `wb_user` WHERE (  `id` = 1 ) AND `wb_user`.`isdel` IS NULL LIMIT 1 [ RunTime:0.000777s ]
[ sql ] [ SQL ] SHOW COLUMNS FROM `wb_user_grade` [ RunTime:0.000710s ]
[ sql ] [ SQL ] SELECT * FROM `wb_user_grade` WHERE  `id` = 3 [ RunTime:0.000314s ]
[ sql ] [ SQL ] SELECT * FROM `wb_user_grade` WHERE  `id` = 3 LIMIT 1 [ RunTime:0.000628s ]
---------------------------------------------------------------
[2026-04-01T14:28:49+08:00] 127.0.0.1 POST www.jiwankang.com/api.html
[运行时间：0.047303s] [吞吐率：21.14req/s] [内存消耗：5,233.48kb] [文件加载：107]
[ info ] [ LANG ] E:\wwwroot\2026\04\jiwankang\thinkphp\lang\zh-cn.php
[ info ] [ ROUTE ] array (
)
[ info ] [ HEADER ] array (
  'referer' => 'http://localhost:8080/',
  'origin' => 'http://localhost:8080',
  'content-type' => 'application/json',
  'accept-language' => 'zh-CN,zh;q=0.9',
  'accept-encoding' => 'gzip, deflate',
  'accept' => 'application/json',
  'content-length' => '114',
  'user-agent' => 'Mozilla/5.0 (iPhone; CPU iPhone OS 18_5 like Mac OS X) AppleWebKit/605.1.15 (KHTML, like Gecko) Version/18.5 Mobile/15E148 Safari/604.1',
  'host' => 'www.jiwankang.com',
)
[ info ] [ PARAM ] array (
  'ids' => '1,2,3,4',
  'isAfterSale' => '1',
  'token' => 'c44ff269142cc0000a5aab51e13546e0',
  'method' => 'order.getorderstatusnum',
)
[ info ] [ DB ] INIT mysql
[ sql ] [ DB ] CONNECT:[ UseTime:0.000979s ] mysql:host=127.0.0.1;port=3306;dbname=jiwankang;charset=utf8mb4
[ sql ] [ SQL ] SHOW COLUMNS FROM `wb_user` [ RunTime:0.000701s ]
[ sql ] [ SQL ] SELECT * FROM `wb_user` WHERE (  `id` = 1 ) AND `wb_user`.`isdel` IS NULL LIMIT 1 [ RunTime:0.000408s ]
[ sql ] [ SQL ] SHOW COLUMNS FROM `wb_order` [ RunTime:0.000860s ]
[ sql ] [ SQL ] SELECT COUNT(*) AS tp_count FROM `wb_order` WHERE (  `user_id` = 1  AND `status` = 1  AND `pay_status` = 1 ) AND `wb_order`.`isdel` IS NULL LIMIT 1 [ RunTime:0.000179s ]
[ sql ] [ SQL ] SELECT COUNT(*) AS tp_count FROM `wb_order` WHERE (  `user_id` = 1  AND `status` = 1  AND `pay_status` <> 1  AND `ship_status` IN (1,2) ) AND `wb_order`.`isdel` IS NULL LIMIT 1 [ RunTime:0.000117s ]
[ sql ] [ SQL ] SELECT COUNT(*) AS tp_count FROM `wb_order` WHERE (  `user_id` = 1  AND `status` = 1  AND `ship_status` IN (3,2)  AND `confirm` = 1 ) AND `wb_order`.`isdel` IS NULL LIMIT 1 [ RunTime:0.000096s ]
[ sql ] [ SQL ] SELECT COUNT(*) AS tp_count FROM `wb_order` WHERE (  `user_id` = 1  AND `status` = 1  AND `pay_status` <> 1  AND `ship_status` <> 1  AND `confirm` = 2  AND `is_comment` = 1 ) AND `wb_order`.`isdel` IS NULL LIMIT 1 [ RunTime:0.000093s ]
[ sql ] [ SQL ] SHOW COLUMNS FROM `wb_bill_aftersales` [ RunTime:0.000323s ]
[ sql ] [ SQL ] SELECT COUNT(*) AS tp_count FROM `wb_bill_aftersales` WHERE  `user_id` = 1  AND `status` IN (1) LIMIT 1 [ RunTime:0.000110s ]
[ sql ] [ SQL ] SHOW COLUMNS FROM `wb_coupon` [ RunTime:0.000321s ]
[ sql ] [ SQL ] SELECT COUNT(*) AS tp_count FROM `wb_coupon` `c` INNER JOIN `wb_promotion` `p` ON `p`.`id`=`c`.`promotion_id` WHERE  `p`.`type` = '2'  AND `p`.`status` = '1'  AND `c`.`user_id` = '1'  AND `c`.`is_used` = '1'  AND ( (c.endtime = 0 and p.etime >= 1775024929) or (c.endtime >=1775024929) ) LIMIT 1 [ RunTime:0.000181s ]
---------------------------------------------------------------
[2026-04-01T14:28:50+08:00] 127.0.0.1 POST www.jiwankang.com/api.html
[运行时间：0.029917s] [吞吐率：33.43req/s] [内存消耗：4,866.01kb] [文件加载：109]
[ info ] [ LANG ] E:\wwwroot\2026\04\jiwankang\thinkphp\lang\zh-cn.php
[ info ] [ ROUTE ] array (
)
[ info ] [ HEADER ] array (
  'referer' => 'http://localhost:8080/',
  'origin' => 'http://localhost:8080',
  'content-type' => 'application/json',
  'accept-language' => 'zh-CN,zh;q=0.9',
  'accept-encoding' => 'gzip, deflate',
  'accept' => 'application/json',
  'content-length' => '149',
  'user-agent' => 'Mozilla/5.0 (iPhone; CPU iPhone OS 18_5 like Mac OS X) AppleWebKit/605.1.15 (KHTML, like Gecko) Version/18.5 Mobile/15E148 Safari/604.1',
  'host' => 'www.jiwankang.com',
)
[ info ] [ PARAM ] array (
  'page' => '1',
  'type' => '3',
  'token' => 'c44ff269142cc0000a5aab51e13546e0',
  'client' => '1',
  'url' => 'http://www.jiwankang.com/wap/pages/share/jump',
  'method' => 'user.share',
)
[ info ] [ DB ] INIT mysql
[ sql ] [ DB ] CONNECT:[ UseTime:0.000634s ] mysql:host=127.0.0.1;port=3306;dbname=jiwankang;charset=utf8mb4
[ sql ] [ SQL ] SHOW COLUMNS FROM `wb_user` [ RunTime:0.000479s ]
[ sql ] [ SQL ] SELECT * FROM `wb_user` WHERE (  `id` = 1 ) AND `wb_user`.`isdel` IS NULL LIMIT 1 [ RunTime:0.000191s ]
---------------------------------------------------------------
[2026-04-01T14:28:51+08:00] 127.0.0.1 POST www.jiwankang.com/api.html
[运行时间：0.040797s] [吞吐率：24.51req/s] [内存消耗：4,872.72kb] [文件加载：108]
[ info ] [ LANG ] E:\wwwroot\2026\04\jiwankang\thinkphp\lang\zh-cn.php
[ info ] [ ROUTE ] array (
)
[ info ] [ HEADER ] array (
  'referer' => 'http://localhost:8080/',
  'origin' => 'http://localhost:8080',
  'content-type' => 'application/json',
  'accept-language' => 'zh-CN,zh;q=0.9',
  'accept-encoding' => 'gzip, deflate',
  'accept' => 'application/json',
  'content-length' => '65',
  'user-agent' => 'Mozilla/5.0 (iPhone; CPU iPhone OS 18_5 like Mac OS X) AppleWebKit/605.1.15 (KHTML, like Gecko) Version/18.5 Mobile/15E148 Safari/604.1',
  'host' => 'www.jiwankang.com',
)
[ info ] [ PARAM ] array (
  'token' => 'c44ff269142cc0000a5aab51e13546e0',
  'method' => 'user.info',
)
[ info ] [ DB ] INIT mysql
[ sql ] [ DB ] CONNECT:[ UseTime:0.000677s ] mysql:host=127.0.0.1;port=3306;dbname=jiwankang;charset=utf8mb4
[ sql ] [ SQL ] SHOW COLUMNS FROM `wb_user` [ RunTime:0.000461s ]
[ sql ] [ SQL ] SELECT * FROM `wb_user` WHERE (  `id` = 1 ) AND `wb_user`.`isdel` IS NULL LIMIT 1 [ RunTime:0.000228s ]
[ sql ] [ SQL ] SELECT `id`,`username`,`mobile`,`sex`,`birthday`,`avatar`,`nickname`,`balance`,`point`,`grade`,`status`,`pid`,`password`,`ctime`,`remarks`,`area_id`,`tiyan`,`num_point`,`exp` FROM `wb_user` WHERE (  `id` = 1 ) AND `wb_user`.`isdel` IS NULL LIMIT 1 [ RunTime:0.000198s ]
[ sql ] [ SQL ] SHOW COLUMNS FROM `wb_user_grade` [ RunTime:0.000827s ]
[ sql ] [ SQL ] SELECT * FROM `wb_user_grade` WHERE  `id` = 3 [ RunTime:0.000189s ]
[ sql ] [ SQL ] SELECT * FROM `wb_user_grade` WHERE  `id` = 3 LIMIT 1 [ RunTime:0.000141s ]
---------------------------------------------------------------
[2026-04-01T14:28:51+08:00] 127.0.0.1 POST www.jiwankang.com/api.html
[运行时间：0.047939s] [吞吐率：20.86req/s] [内存消耗：5,233.48kb] [文件加载：107]
[ info ] [ LANG ] E:\wwwroot\2026\04\jiwankang\thinkphp\lang\zh-cn.php
[ info ] [ ROUTE ] array (
)
[ info ] [ HEADER ] array (
  'referer' => 'http://localhost:8080/',
  'origin' => 'http://localhost:8080',
  'content-type' => 'application/json',
  'accept-language' => 'zh-CN,zh;q=0.9',
  'accept-encoding' => 'gzip, deflate',
  'accept' => 'application/json',
  'content-length' => '114',
  'user-agent' => 'Mozilla/5.0 (iPhone; CPU iPhone OS 18_5 like Mac OS X) AppleWebKit/605.1.15 (KHTML, like Gecko) Version/18.5 Mobile/15E148 Safari/604.1',
  'host' => 'www.jiwankang.com',
)
[ info ] [ PARAM ] array (
  'ids' => '1,2,3,4',
  'isAfterSale' => '1',
  'token' => 'c44ff269142cc0000a5aab51e13546e0',
  'method' => 'order.getorderstatusnum',
)
[ info ] [ DB ] INIT mysql
[ sql ] [ DB ] CONNECT:[ UseTime:0.001769s ] mysql:host=127.0.0.1;port=3306;dbname=jiwankang;charset=utf8mb4
[ sql ] [ SQL ] SHOW COLUMNS FROM `wb_user` [ RunTime:0.001456s ]
[ sql ] [ SQL ] SELECT * FROM `wb_user` WHERE (  `id` = 1 ) AND `wb_user`.`isdel` IS NULL LIMIT 1 [ RunTime:0.000215s ]
[ sql ] [ SQL ] SHOW COLUMNS FROM `wb_order` [ RunTime:0.001899s ]
[ sql ] [ SQL ] SELECT COUNT(*) AS tp_count FROM `wb_order` WHERE (  `user_id` = 1  AND `status` = 1  AND `pay_status` = 1 ) AND `wb_order`.`isdel` IS NULL LIMIT 1 [ RunTime:0.000489s ]
[ sql ] [ SQL ] SELECT COUNT(*) AS tp_count FROM `wb_order` WHERE (  `user_id` = 1  AND `status` = 1  AND `pay_status` <> 1  AND `ship_status` IN (1,2) ) AND `wb_order`.`isdel` IS NULL LIMIT 1 [ RunTime:0.000259s ]
[ sql ] [ SQL ] SELECT COUNT(*) AS tp_count FROM `wb_order` WHERE (  `user_id` = 1  AND `status` = 1  AND `ship_status` IN (3,2)  AND `confirm` = 1 ) AND `wb_order`.`isdel` IS NULL LIMIT 1 [ RunTime:0.000186s ]
[ sql ] [ SQL ] SELECT COUNT(*) AS tp_count FROM `wb_order` WHERE (  `user_id` = 1  AND `status` = 1  AND `pay_status` <> 1  AND `ship_status` <> 1  AND `confirm` = 2  AND `is_comment` = 1 ) AND `wb_order`.`isdel` IS NULL LIMIT 1 [ RunTime:0.000151s ]
[ sql ] [ SQL ] SHOW COLUMNS FROM `wb_bill_aftersales` [ RunTime:0.000998s ]
[ sql ] [ SQL ] SELECT COUNT(*) AS tp_count FROM `wb_bill_aftersales` WHERE  `user_id` = 1  AND `status` IN (1) LIMIT 1 [ RunTime:0.000141s ]
[ sql ] [ SQL ] SHOW COLUMNS FROM `wb_coupon` [ RunTime:0.000917s ]
[ sql ] [ SQL ] SELECT COUNT(*) AS tp_count FROM `wb_coupon` `c` INNER JOIN `wb_promotion` `p` ON `p`.`id`=`c`.`promotion_id` WHERE  `p`.`type` = '2'  AND `p`.`status` = '1'  AND `c`.`user_id` = '1'  AND `c`.`is_used` = '1'  AND ( (c.endtime = 0 and p.etime >= 1775024931) or (c.endtime >=1775024931) ) LIMIT 1 [ RunTime:0.001174s ]
---------------------------------------------------------------
[2026-04-01T14:28:58+08:00] 127.0.0.1 OPTIONS www.jiwankang.com/api.html
[运行时间：0.020378s] [吞吐率：49.07req/s] [内存消耗：3,009.21kb] [文件加载：89]
[ info ] [ LANG ] E:\wwwroot\2026\04\jiwankang\thinkphp\lang\zh-cn.php
[ info ] [ ROUTE ] array (
)
[ info ] [ HEADER ] array (
  'sec-fetch-mode' => 'cors',
  'referer' => 'http://localhost:8080/',
  'origin' => 'http://localhost:8080',
  'access-control-request-method' => 'POST',
  'access-control-request-headers' => 'content-type',
  'accept-language' => 'zh-CN,zh;q=0.9',
  'accept-encoding' => 'gzip, deflate',
  'accept' => '*/*',
  'user-agent' => 'Mozilla/5.0 (iPhone; CPU iPhone OS 18_5 like Mac OS X) AppleWebKit/605.1.15 (KHTML, like Gecko) Version/18.5 Mobile/15E148 Safari/604.1',
  'host' => 'www.jiwankang.com',
  'content-length' => '',
  'content-type' => '',
)
[ info ] [ PARAM ] array (
)
---------------------------------------------------------------
[2026-04-01T14:28:58+08:00] 127.0.0.1 POST www.jiwankang.com/api.html
[运行时间：0.031436s] [吞吐率：31.81req/s] [内存消耗：4,872.72kb] [文件加载：108]
[ info ] [ LANG ] E:\wwwroot\2026\04\jiwankang\thinkphp\lang\zh-cn.php
[ info ] [ ROUTE ] array (
)
[ info ] [ HEADER ] array (
  'referer' => 'http://localhost:8080/',
  'origin' => 'http://localhost:8080',
  'content-type' => 'application/json',
  'accept-language' => 'zh-CN,zh;q=0.9',
  'accept-encoding' => 'gzip, deflate',
  'accept' => 'application/json',
  'content-length' => '65',
  'user-agent' => 'Mozilla/5.0 (iPhone; CPU iPhone OS 18_5 like Mac OS X) AppleWebKit/605.1.15 (KHTML, like Gecko) Version/18.5 Mobile/15E148 Safari/604.1',
  'host' => 'www.jiwankang.com',
)
[ info ] [ PARAM ] array (
  'token' => 'c44ff269142cc0000a5aab51e13546e0',
  'method' => 'user.info',
)
[ info ] [ DB ] INIT mysql
[ sql ] [ DB ] CONNECT:[ UseTime:0.000746s ] mysql:host=127.0.0.1;port=3306;dbname=jiwankang;charset=utf8mb4
[ sql ] [ SQL ] SHOW COLUMNS FROM `wb_user` [ RunTime:0.001064s ]
[ sql ] [ SQL ] SELECT * FROM `wb_user` WHERE (  `id` = 1 ) AND `wb_user`.`isdel` IS NULL LIMIT 1 [ RunTime:0.000316s ]
[ sql ] [ SQL ] SELECT `id`,`username`,`mobile`,`sex`,`birthday`,`avatar`,`nickname`,`balance`,`point`,`grade`,`status`,`pid`,`password`,`ctime`,`remarks`,`area_id`,`tiyan`,`num_point`,`exp` FROM `wb_user` WHERE (  `id` = 1 ) AND `wb_user`.`isdel` IS NULL LIMIT 1 [ RunTime:0.000309s ]
[ sql ] [ SQL ] SHOW COLUMNS FROM `wb_user_grade` [ RunTime:0.000896s ]
[ sql ] [ SQL ] SELECT * FROM `wb_user_grade` WHERE  `id` = 3 [ RunTime:0.000245s ]
[ sql ] [ SQL ] SELECT * FROM `wb_user_grade` WHERE  `id` = 3 LIMIT 1 [ RunTime:0.000251s ]
---------------------------------------------------------------
[2026-04-01T14:28:58+08:00] 127.0.0.1 POST www.jiwankang.com/api.html
[运行时间：0.034807s] [吞吐率：28.73req/s] [内存消耗：5,233.48kb] [文件加载：107]
[ info ] [ LANG ] E:\wwwroot\2026\04\jiwankang\thinkphp\lang\zh-cn.php
[ info ] [ ROUTE ] array (
)
[ info ] [ HEADER ] array (
  'referer' => 'http://localhost:8080/',
  'origin' => 'http://localhost:8080',
  'content-type' => 'application/json',
  'accept-language' => 'zh-CN,zh;q=0.9',
  'accept-encoding' => 'gzip, deflate',
  'accept' => 'application/json',
  'content-length' => '114',
  'user-agent' => 'Mozilla/5.0 (iPhone; CPU iPhone OS 18_5 like Mac OS X) AppleWebKit/605.1.15 (KHTML, like Gecko) Version/18.5 Mobile/15E148 Safari/604.1',
  'host' => 'www.jiwankang.com',
)
[ info ] [ PARAM ] array (
  'ids' => '1,2,3,4',
  'isAfterSale' => '1',
  'token' => 'c44ff269142cc0000a5aab51e13546e0',
  'method' => 'order.getorderstatusnum',
)
[ info ] [ DB ] INIT mysql
[ sql ] [ DB ] CONNECT:[ UseTime:0.000711s ] mysql:host=127.0.0.1;port=3306;dbname=jiwankang;charset=utf8mb4
[ sql ] [ SQL ] SHOW COLUMNS FROM `wb_user` [ RunTime:0.001162s ]
[ sql ] [ SQL ] SELECT * FROM `wb_user` WHERE (  `id` = 1 ) AND `wb_user`.`isdel` IS NULL LIMIT 1 [ RunTime:0.000318s ]
[ sql ] [ SQL ] SHOW COLUMNS FROM `wb_order` [ RunTime:0.001028s ]
[ sql ] [ SQL ] SELECT COUNT(*) AS tp_count FROM `wb_order` WHERE (  `user_id` = 1  AND `status` = 1  AND `pay_status` = 1 ) AND `wb_order`.`isdel` IS NULL LIMIT 1 [ RunTime:0.000162s ]
[ sql ] [ SQL ] SELECT COUNT(*) AS tp_count FROM `wb_order` WHERE (  `user_id` = 1  AND `status` = 1  AND `pay_status` <> 1  AND `ship_status` IN (1,2) ) AND `wb_order`.`isdel` IS NULL LIMIT 1 [ RunTime:0.000114s ]
[ sql ] [ SQL ] SELECT COUNT(*) AS tp_count FROM `wb_order` WHERE (  `user_id` = 1  AND `status` = 1  AND `ship_status` IN (3,2)  AND `confirm` = 1 ) AND `wb_order`.`isdel` IS NULL LIMIT 1 [ RunTime:0.000095s ]
[ sql ] [ SQL ] SELECT COUNT(*) AS tp_count FROM `wb_order` WHERE (  `user_id` = 1  AND `status` = 1  AND `pay_status` <> 1  AND `ship_status` <> 1  AND `confirm` = 2  AND `is_comment` = 1 ) AND `wb_order`.`isdel` IS NULL LIMIT 1 [ RunTime:0.000091s ]
[ sql ] [ SQL ] SHOW COLUMNS FROM `wb_bill_aftersales` [ RunTime:0.001177s ]
[ sql ] [ SQL ] SELECT COUNT(*) AS tp_count FROM `wb_bill_aftersales` WHERE  `user_id` = 1  AND `status` IN (1) LIMIT 1 [ RunTime:0.000335s ]
[ sql ] [ SQL ] SHOW COLUMNS FROM `wb_coupon` [ RunTime:0.000948s ]
[ sql ] [ SQL ] SELECT COUNT(*) AS tp_count FROM `wb_coupon` `c` INNER JOIN `wb_promotion` `p` ON `p`.`id`=`c`.`promotion_id` WHERE  `p`.`type` = '2'  AND `p`.`status` = '1'  AND `c`.`user_id` = '1'  AND `c`.`is_used` = '1'  AND ( (c.endtime = 0 and p.etime >= 1775024938) or (c.endtime >=1775024938) ) LIMIT 1 [ RunTime:0.000666s ]
---------------------------------------------------------------
[2026-04-01T14:29:04+08:00] 127.0.0.1 OPTIONS www.jiwankang.com/api.html
[运行时间：0.022043s] [吞吐率：45.37req/s] [内存消耗：3,009.21kb] [文件加载：89]
[ info ] [ LANG ] E:\wwwroot\2026\04\jiwankang\thinkphp\lang\zh-cn.php
[ info ] [ ROUTE ] array (
)
[ info ] [ HEADER ] array (
  'sec-fetch-mode' => 'cors',
  'referer' => 'http://localhost:8080/',
  'origin' => 'http://localhost:8080',
  'access-control-request-method' => 'POST',
  'access-control-request-headers' => 'content-type',
  'accept-language' => 'zh-CN,zh;q=0.9',
  'accept-encoding' => 'gzip, deflate',
  'accept' => '*/*',
  'user-agent' => 'Mozilla/5.0 (iPhone; CPU iPhone OS 18_5 like Mac OS X) AppleWebKit/605.1.15 (KHTML, like Gecko) Version/18.5 Mobile/15E148 Safari/604.1',
  'host' => 'www.jiwankang.com',
  'content-length' => '',
  'content-type' => '',
)
[ info ] [ PARAM ] array (
)
---------------------------------------------------------------
[2026-04-01T14:29:04+08:00] 127.0.0.1 OPTIONS www.jiwankang.com/api.html
[运行时间：0.022122s] [吞吐率：45.20req/s] [内存消耗：3,009.21kb] [文件加载：89]
[ info ] [ LANG ] E:\wwwroot\2026\04\jiwankang\thinkphp\lang\zh-cn.php
[ info ] [ ROUTE ] array (
)
[ info ] [ HEADER ] array (
  'sec-fetch-mode' => 'cors',
  'referer' => 'http://localhost:8080/',
  'origin' => 'http://localhost:8080',
  'access-control-request-method' => 'POST',
  'access-control-request-headers' => 'content-type',
  'accept-language' => 'zh-CN,zh;q=0.9',
  'accept-encoding' => 'gzip, deflate',
  'accept' => '*/*',
  'user-agent' => 'Mozilla/5.0 (iPhone; CPU iPhone OS 18_5 like Mac OS X) AppleWebKit/605.1.15 (KHTML, like Gecko) Version/18.5 Mobile/15E148 Safari/604.1',
  'host' => 'www.jiwankang.com',
  'content-length' => '',
  'content-type' => '',
)
[ info ] [ PARAM ] array (
)
---------------------------------------------------------------
[2026-04-01T14:29:04+08:00] 127.0.0.1 POST www.jiwankang.com/api.html
[运行时间：0.021845s] [吞吐率：45.78req/s] [内存消耗：3,177.91kb] [文件加载：95]
[ info ] [ LANG ] E:\wwwroot\2026\04\jiwankang\thinkphp\lang\zh-cn.php
[ info ] [ ROUTE ] array (
)
[ info ] [ HEADER ] array (
  'referer' => 'http://localhost:8080/',
  'origin' => 'http://localhost:8080',
  'content-type' => 'application/json',
  'accept-language' => 'zh-CN,zh;q=0.9',
  'accept-encoding' => 'gzip, deflate',
  'accept' => 'application/json',
  'content-length' => '58',
  'user-agent' => 'Mozilla/5.0 (iPhone; CPU iPhone OS 18_5 like Mac OS X) AppleWebKit/605.1.15 (KHTML, like Gecko) Version/18.5 Mobile/15E148 Safari/604.1',
  'host' => 'www.jiwankang.com',
)
[ info ] [ PARAM ] array (
  'codes' => 'tpl1_slider',
  'method' => 'advert.getcarousellists',
)
---------------------------------------------------------------
[2026-04-01T14:29:04+08:00] 127.0.0.1 POST www.jiwankang.com/api.html
[运行时间：0.022459s] [吞吐率：44.53req/s] [内存消耗：3,178.30kb] [文件加载：95]
[ info ] [ LANG ] E:\wwwroot\2026\04\jiwankang\thinkphp\lang\zh-cn.php
[ info ] [ ROUTE ] array (
)
[ info ] [ HEADER ] array (
  'referer' => 'http://localhost:8080/',
  'origin' => 'http://localhost:8080',
  'content-type' => 'application/json',
  'accept-language' => 'zh-CN,zh;q=0.9',
  'accept-encoding' => 'gzip, deflate',
  'accept' => 'application/json',
  'content-length' => '58',
  'user-agent' => 'Mozilla/5.0 (iPhone; CPU iPhone OS 18_5 like Mac OS X) AppleWebKit/605.1.15 (KHTML, like Gecko) Version/18.5 Mobile/15E148 Safari/604.1',
  'host' => 'www.jiwankang.com',
)
[ info ] [ PARAM ] array (
  'codes' => 'grid_slider',
  'method' => 'advert.getcarousellists',
)
---------------------------------------------------------------
[2026-04-01T14:29:04+08:00] 127.0.0.1 POST www.jiwankang.com/api.html
[运行时间：0.034932s] [吞吐率：28.63req/s] [内存消耗：4,594.55kb] [文件加载：104]
[ info ] [ LANG ] E:\wwwroot\2026\04\jiwankang\thinkphp\lang\zh-cn.php
[ info ] [ ROUTE ] array (
)
[ info ] [ HEADER ] array (
  'referer' => 'http://localhost:8080/',
  'origin' => 'http://localhost:8080',
  'content-type' => 'application/json',
  'accept-language' => 'zh-CN,zh;q=0.9',
  'accept-encoding' => 'gzip, deflate',
  'accept' => 'application/json',
  'content-length' => '28',
  'user-agent' => 'Mozilla/5.0 (iPhone; CPU iPhone OS 18_5 like Mac OS X) AppleWebKit/605.1.15 (KHTML, like Gecko) Version/18.5 Mobile/15E148 Safari/604.1',
  'host' => 'www.jiwankang.com',
)
[ info ] [ PARAM ] array (
  'method' => 'shopindex.index',
)
[ info ] [ DB ] INIT mysql
[ sql ] [ DB ] CONNECT:[ UseTime:0.000973s ] mysql:host=127.0.0.1;port=3306;dbname=jiwankang;charset=utf8mb4
[ sql ] [ SQL ] SHOW COLUMNS FROM `wb_notice` [ RunTime:0.002021s ]
[ sql ] [ SQL ] SELECT * FROM `wb_notice` WHERE (  `type` = 1 ) AND `wb_notice`.`isdel` IS NULL LIMIT 1 [ RunTime:0.000781s ]
---------------------------------------------------------------
[2026-04-01T14:29:07+08:00] 127.0.0.1 POST www.jiwankang.com/Api/common/area.html
[运行时间：0.038908s] [吞吐率：25.70req/s] [内存消耗：4,275.59kb] [文件加载：99]
[ info ] [ LANG ] E:\wwwroot\2026\04\jiwankang\thinkphp\lang\zh-cn.php
[ info ] [ ROUTE ] array (
)
[ info ] [ HEADER ] array (
  'x-requested-with' => 'XMLHttpRequest',
  'referer' => 'http://www.jiwankang.com/manage/user/index.html',
  'origin' => 'http://www.jiwankang.com',
  'cookie' => 'PHPSESSID=6ge3q9cob417ort2dkkl8j63da',
  'content-type' => 'application/x-www-form-urlencoded; charset=UTF-8',
  'accept-language' => 'zh-CN,zh;q=0.9',
  'accept-encoding' => 'gzip, deflate',
  'accept' => '*/*',
  'content-length' => '9',
  'user-agent' => 'Mozilla/5.0 (Windows NT 10.0; Win64; x64) AppleWebKit/537.36 (KHTML, like Gecko) Chrome/146.0.0.0 Safari/537.36',
  'host' => 'www.jiwankang.com',
)
[ info ] [ PARAM ] array (
  'id' => '340203',
)
[ info ] [ DB ] INIT mysql
[ sql ] [ DB ] CONNECT:[ UseTime:0.000953s ] mysql:host=127.0.0.1;port=3306;dbname=jiwankang;charset=utf8mb4
[ sql ] [ SQL ] SHOW COLUMNS FROM `wb_area` [ RunTime:0.001354s ]
[ sql ] [ SQL ] SELECT `id`,`name`,`parent_id`,`postal_code` FROM `wb_area` WHERE  `id` = 340203 LIMIT 1 [ RunTime:0.000475s ]
[ sql ] [ SQL ] SELECT `id`,`name`,`parent_id`,`postal_code` FROM `wb_area` WHERE  `parent_id` = 340200 [ RunTime:0.000955s ]
[ sql ] [ SQL ] SELECT `id`,`name`,`parent_id`,`postal_code` FROM `wb_area` WHERE  `id` = 340200 LIMIT 1 [ RunTime:0.000290s ]
[ sql ] [ SQL ] SELECT `id`,`name`,`parent_id`,`postal_code` FROM `wb_area` WHERE  `parent_id` = 340000 [ RunTime:0.000675s ]
[ sql ] [ SQL ] SELECT `id`,`name`,`parent_id`,`postal_code` FROM `wb_area` WHERE  `id` = 340000 LIMIT 1 [ RunTime:0.000134s ]
[ sql ] [ SQL ] SELECT `id`,`name`,`parent_id`,`postal_code` FROM `wb_area` WHERE  `parent_id` = 0 [ RunTime:0.000660s ]
---------------------------------------------------------------
[2026-04-01T14:30:13+08:00] 127.0.0.1 GET www.jiwankang.com/api/common/jshopConf
[运行时间：0.038693s] [吞吐率：25.84req/s] [内存消耗：3,090.90kb] [文件加载：93]
[ info ] [ LANG ] E:\wwwroot\2026\04\jiwankang\thinkphp\lang\zh-cn.php
[ info ] [ ROUTE ] array (
)
[ info ] [ HEADER ] array (
  'referer' => 'http://localhost:8080/',
  'origin' => 'http://localhost:8080',
  'accept-language' => 'zh-CN,zh;q=0.9',
  'accept-encoding' => 'gzip, deflate',
  'accept' => '*/*',
  'user-agent' => 'Mozilla/5.0 (iPhone; CPU iPhone OS 18_5 like Mac OS X) AppleWebKit/605.1.15 (KHTML, like Gecko) Version/18.5 Mobile/15E148 Safari/604.1',
  'host' => 'www.jiwankang.com',
  'content-length' => '',
  'content-type' => '',
)
[ info ] [ PARAM ] array (
)
---------------------------------------------------------------
[2026-04-01T14:30:13+08:00] 127.0.0.1 GET www.jiwankang.com/api/common/jshopconf
[运行时间：0.025800s] [吞吐率：38.76req/s] [内存消耗：3,091.32kb] [文件加载：93]
[ info ] [ LANG ] E:\wwwroot\2026\04\jiwankang\thinkphp\lang\zh-cn.php
[ info ] [ ROUTE ] array (
)
[ info ] [ HEADER ] array (
  'referer' => 'http://localhost:8080/',
  'origin' => 'http://localhost:8080',
  'content-type' => 'application/x-www-form-urlencoded',
  'accept-language' => 'zh-CN,zh;q=0.9',
  'accept-encoding' => 'gzip, deflate',
  'accept' => 'application/json',
  'user-agent' => 'Mozilla/5.0 (iPhone; CPU iPhone OS 18_5 like Mac OS X) AppleWebKit/605.1.15 (KHTML, like Gecko) Version/18.5 Mobile/15E148 Safari/604.1',
  'host' => 'www.jiwankang.com',
  'content-length' => '',
)
[ info ] [ PARAM ] array (
)
---------------------------------------------------------------
[2026-04-01T14:30:13+08:00] 127.0.0.1 OPTIONS www.jiwankang.com/api.html
[运行时间：0.029387s] [吞吐率：34.03req/s] [内存消耗：3,009.21kb] [文件加载：89]
[ info ] [ LANG ] E:\wwwroot\2026\04\jiwankang\thinkphp\lang\zh-cn.php
[ info ] [ ROUTE ] array (
)
[ info ] [ HEADER ] array (
  'sec-fetch-mode' => 'cors',
  'referer' => 'http://localhost:8080/',
  'origin' => 'http://localhost:8080',
  'access-control-request-method' => 'POST',
  'access-control-request-headers' => 'content-type',
  'accept-language' => 'zh-CN,zh;q=0.9',
  'accept-encoding' => 'gzip, deflate',
  'accept' => '*/*',
  'user-agent' => 'Mozilla/5.0 (iPhone; CPU iPhone OS 18_5 like Mac OS X) AppleWebKit/605.1.15 (KHTML, like Gecko) Version/18.5 Mobile/15E148 Safari/604.1',
  'host' => 'www.jiwankang.com',
  'content-length' => '',
  'content-type' => '',
)
[ info ] [ PARAM ] array (
)
---------------------------------------------------------------
[2026-04-01T14:30:13+08:00] 127.0.0.1 OPTIONS www.jiwankang.com/api.html
[运行时间：0.033726s] [吞吐率：29.65req/s] [内存消耗：3,009.21kb] [文件加载：89]
[ info ] [ LANG ] E:\wwwroot\2026\04\jiwankang\thinkphp\lang\zh-cn.php
[ info ] [ ROUTE ] array (
)
[ info ] [ HEADER ] array (
  'sec-fetch-mode' => 'cors',
  'referer' => 'http://localhost:8080/',
  'origin' => 'http://localhost:8080',
  'access-control-request-method' => 'POST',
  'access-control-request-headers' => 'content-type',
  'accept-language' => 'zh-CN,zh;q=0.9',
  'accept-encoding' => 'gzip, deflate',
  'accept' => '*/*',
  'user-agent' => 'Mozilla/5.0 (iPhone; CPU iPhone OS 18_5 like Mac OS X) AppleWebKit/605.1.15 (KHTML, like Gecko) Version/18.5 Mobile/15E148 Safari/604.1',
  'host' => 'www.jiwankang.com',
  'content-length' => '',
  'content-type' => '',
)
[ info ] [ PARAM ] array (
)
---------------------------------------------------------------
[2026-04-01T14:30:13+08:00] 127.0.0.1 POST www.jiwankang.com/api.html
[运行时间：0.033174s] [吞吐率：30.14req/s] [内存消耗：3,178.30kb] [文件加载：95]
[ info ] [ LANG ] E:\wwwroot\2026\04\jiwankang\thinkphp\lang\zh-cn.php
[ info ] [ ROUTE ] array (
)
[ info ] [ HEADER ] array (
  'referer' => 'http://localhost:8080/',
  'origin' => 'http://localhost:8080',
  'content-type' => 'application/json',
  'accept-language' => 'zh-CN,zh;q=0.9',
  'accept-encoding' => 'gzip, deflate',
  'accept' => 'application/json',
  'content-length' => '58',
  'user-agent' => 'Mozilla/5.0 (iPhone; CPU iPhone OS 18_5 like Mac OS X) AppleWebKit/605.1.15 (KHTML, like Gecko) Version/18.5 Mobile/15E148 Safari/604.1',
  'host' => 'www.jiwankang.com',
)
[ info ] [ PARAM ] array (
  'codes' => 'grid_slider',
  'method' => 'advert.getcarousellists',
)
---------------------------------------------------------------
[2026-04-01T14:30:13+08:00] 127.0.0.1 POST www.jiwankang.com/api.html
[运行时间：0.032672s] [吞吐率：30.61req/s] [内存消耗：3,177.91kb] [文件加载：95]
[ info ] [ LANG ] E:\wwwroot\2026\04\jiwankang\thinkphp\lang\zh-cn.php
[ info ] [ ROUTE ] array (
)
[ info ] [ HEADER ] array (
  'referer' => 'http://localhost:8080/',
  'origin' => 'http://localhost:8080',
  'content-type' => 'application/json',
  'accept-language' => 'zh-CN,zh;q=0.9',
  'accept-encoding' => 'gzip, deflate',
  'accept' => 'application/json',
  'content-length' => '58',
  'user-agent' => 'Mozilla/5.0 (iPhone; CPU iPhone OS 18_5 like Mac OS X) AppleWebKit/605.1.15 (KHTML, like Gecko) Version/18.5 Mobile/15E148 Safari/604.1',
  'host' => 'www.jiwankang.com',
)
[ info ] [ PARAM ] array (
  'codes' => 'tpl1_slider',
  'method' => 'advert.getcarousellists',
)
---------------------------------------------------------------
[2026-04-01T14:30:13+08:00] 127.0.0.1 POST www.jiwankang.com/api.html
[运行时间：0.050239s] [吞吐率：19.90req/s] [内存消耗：4,594.55kb] [文件加载：104]
[ info ] [ LANG ] E:\wwwroot\2026\04\jiwankang\thinkphp\lang\zh-cn.php
[ info ] [ ROUTE ] array (
)
[ info ] [ HEADER ] array (
  'referer' => 'http://localhost:8080/',
  'origin' => 'http://localhost:8080',
  'content-type' => 'application/json',
  'accept-language' => 'zh-CN,zh;q=0.9',
  'accept-encoding' => 'gzip, deflate',
  'accept' => 'application/json',
  'content-length' => '28',
  'user-agent' => 'Mozilla/5.0 (iPhone; CPU iPhone OS 18_5 like Mac OS X) AppleWebKit/605.1.15 (KHTML, like Gecko) Version/18.5 Mobile/15E148 Safari/604.1',
  'host' => 'www.jiwankang.com',
)
[ info ] [ PARAM ] array (
  'method' => 'shopindex.index',
)
[ info ] [ DB ] INIT mysql
[ sql ] [ DB ] CONNECT:[ UseTime:0.002238s ] mysql:host=127.0.0.1;port=3306;dbname=jiwankang;charset=utf8mb4
[ sql ] [ SQL ] SHOW COLUMNS FROM `wb_notice` [ RunTime:0.002783s ]
[ sql ] [ SQL ] SELECT * FROM `wb_notice` WHERE (  `type` = 1 ) AND `wb_notice`.`isdel` IS NULL LIMIT 1 [ RunTime:0.000902s ]
---------------------------------------------------------------
[2026-04-01T14:30:15+08:00] 127.0.0.1 POST www.jiwankang.com/api.html
[运行时间：0.039518s] [吞吐率：25.30req/s] [内存消耗：4,820.80kb] [文件加载：107]
[ info ] [ LANG ] E:\wwwroot\2026\04\jiwankang\thinkphp\lang\zh-cn.php
[ info ] [ ROUTE ] array (
)
[ info ] [ HEADER ] array (
  'referer' => 'http://localhost:8080/',
  'origin' => 'http://localhost:8080',
  'content-type' => 'application/json',
  'accept-language' => 'zh-CN,zh;q=0.9',
  'accept-encoding' => 'gzip, deflate',
  'accept' => 'application/json',
  'content-length' => '65',
  'user-agent' => 'Mozilla/5.0 (iPhone; CPU iPhone OS 18_5 like Mac OS X) AppleWebKit/605.1.15 (KHTML, like Gecko) Version/18.5 Mobile/15E148 Safari/604.1',
  'host' => 'www.jiwankang.com',
)
[ info ] [ PARAM ] array (
  'token' => 'c44ff269142cc0000a5aab51e13546e0',
  'method' => 'user.info',
)
[ info ] [ DB ] INIT mysql
[ sql ] [ DB ] CONNECT:[ UseTime:0.001206s ] mysql:host=127.0.0.1;port=3306;dbname=jiwankang;charset=utf8mb4
[ sql ] [ SQL ] SHOW COLUMNS FROM `wb_user` [ RunTime:0.000807s ]
[ sql ] [ SQL ] SELECT * FROM `wb_user` WHERE (  `id` = 1 ) AND `wb_user`.`isdel` IS NULL LIMIT 1 [ RunTime:0.000487s ]
[ sql ] [ SQL ] SELECT `id`,`username`,`mobile`,`sex`,`birthday`,`avatar`,`nickname`,`balance`,`point`,`grade`,`status`,`pid`,`password`,`ctime`,`remarks`,`area_id`,`tiyan`,`num_point`,`exp` FROM `wb_user` WHERE (  `id` = 1 ) AND `wb_user`.`isdel` IS NULL LIMIT 1 [ RunTime:0.000471s ]
[ sql ] [ SQL ] SHOW COLUMNS FROM `wb_user_grade` [ RunTime:0.000570s ]
[ sql ] [ SQL ] SELECT * FROM `wb_user_grade` WHERE  `id` = 1 [ RunTime:0.000261s ]
[ sql ] [ SQL ] SELECT * FROM `wb_user_grade` WHERE  `id` = 1 LIMIT 1 [ RunTime:0.000196s ]
---------------------------------------------------------------
[2026-04-01T14:30:15+08:00] 127.0.0.1 POST www.jiwankang.com/api.html
[运行时间：0.045409s] [吞吐率：22.02req/s] [内存消耗：4,820.80kb] [文件加载：107]
[ info ] [ LANG ] E:\wwwroot\2026\04\jiwankang\thinkphp\lang\zh-cn.php
[ info ] [ ROUTE ] array (
)
[ info ] [ HEADER ] array (
  'referer' => 'http://localhost:8080/',
  'origin' => 'http://localhost:8080',
  'content-type' => 'application/json',
  'accept-language' => 'zh-CN,zh;q=0.9',
  'accept-encoding' => 'gzip, deflate',
  'accept' => 'application/json',
  'content-length' => '65',
  'user-agent' => 'Mozilla/5.0 (iPhone; CPU iPhone OS 18_5 like Mac OS X) AppleWebKit/605.1.15 (KHTML, like Gecko) Version/18.5 Mobile/15E148 Safari/604.1',
  'host' => 'www.jiwankang.com',
)
[ info ] [ PARAM ] array (
  'token' => 'c44ff269142cc0000a5aab51e13546e0',
  'method' => 'user.info',
)
[ info ] [ DB ] INIT mysql
[ sql ] [ DB ] CONNECT:[ UseTime:0.000861s ] mysql:host=127.0.0.1;port=3306;dbname=jiwankang;charset=utf8mb4
[ sql ] [ SQL ] SHOW COLUMNS FROM `wb_user` [ RunTime:0.000430s ]
[ sql ] [ SQL ] SELECT * FROM `wb_user` WHERE (  `id` = 1 ) AND `wb_user`.`isdel` IS NULL LIMIT 1 [ RunTime:0.000222s ]
[ sql ] [ SQL ] SELECT `id`,`username`,`mobile`,`sex`,`birthday`,`avatar`,`nickname`,`balance`,`point`,`grade`,`status`,`pid`,`password`,`ctime`,`remarks`,`area_id`,`tiyan`,`num_point`,`exp` FROM `wb_user` WHERE (  `id` = 1 ) AND `wb_user`.`isdel` IS NULL LIMIT 1 [ RunTime:0.000282s ]
[ sql ] [ SQL ] SHOW COLUMNS FROM `wb_user_grade` [ RunTime:0.000503s ]
[ sql ] [ SQL ] SELECT * FROM `wb_user_grade` WHERE  `id` = 1 [ RunTime:0.000145s ]
[ sql ] [ SQL ] SELECT * FROM `wb_user_grade` WHERE  `id` = 1 LIMIT 1 [ RunTime:0.000203s ]
---------------------------------------------------------------
[2026-04-01T14:30:15+08:00] 127.0.0.1 POST www.jiwankang.com/api.html
[运行时间：0.048253s] [吞吐率：20.72req/s] [内存消耗：4,830.21kb] [文件加载：107]
[ info ] [ LANG ] E:\wwwroot\2026\04\jiwankang\thinkphp\lang\zh-cn.php
[ info ] [ ROUTE ] array (
)
[ info ] [ HEADER ] array (
  'referer' => 'http://localhost:8080/',
  'origin' => 'http://localhost:8080',
  'content-type' => 'application/json',
  'accept-language' => 'zh-CN,zh;q=0.9',
  'accept-encoding' => 'gzip, deflate',
  'accept' => 'application/json',
  'content-length' => '40',
  'user-agent' => 'Mozilla/5.0 (iPhone; CPU iPhone OS 18_5 like Mac OS X) AppleWebKit/605.1.15 (KHTML, like Gecko) Version/18.5 Mobile/15E148 Safari/604.1',
  'host' => 'www.jiwankang.com',
)
[ info ] [ PARAM ] array (
  'id' => '2',
  'method' => 'goods.getgoodsparams',
)
[ info ] [ DB ] INIT mysql
[ sql ] [ DB ] CONNECT:[ UseTime:0.002112s ] mysql:host=127.0.0.1;port=3306;dbname=jiwankang;charset=utf8mb4
[ sql ] [ SQL ] SHOW COLUMNS FROM `wb_setting` [ RunTime:0.001525s ]
[ sql ] [ SQL ] SELECT * FROM `wb_setting` WHERE  `skey` = 'language' LIMIT 1 [ RunTime:0.000225s ]
[ sql ] [ SQL ] SELECT * FROM `wb_setting` WHERE  `skey` = 'language' LIMIT 1 [ RunTime:0.000319s ]
[ sql ] [ SQL ] SELECT * FROM `wb_setting` WHERE  `skey` = 'language' LIMIT 1 [ RunTime:0.000388s ]
[ sql ] [ SQL ] SELECT * FROM `wb_setting` WHERE  `skey` = 'language' LIMIT 1 [ RunTime:0.000221s ]
[ sql ] [ SQL ] SHOW COLUMNS FROM `wb_goods` [ RunTime:0.001095s ]
[ sql ] [ SQL ] SELECT `id`,`bn`,`name`,`brand_id`,`image_id`,`params`,`spes_desc` FROM `wb_goods` WHERE  `id` = 2 LIMIT 1 [ RunTime:0.000261s ]
[ sql ] [ SQL ] SELECT * FROM `wb_setting` WHERE  `skey` = 'language' LIMIT 1 [ RunTime:0.000179s ]
[ sql ] [ SQL ] SELECT * FROM `wb_setting` WHERE  `skey` = 'language' LIMIT 1 [ RunTime:0.000263s ]
[ sql ] [ SQL ] SHOW COLUMNS FROM `wb_goods_images` [ RunTime:0.002503s ]
[ sql ] [ SQL ] SELECT * FROM `wb_goods_images` WHERE  `goods_id` = 2 ORDER BY `sort` DESC [ RunTime:0.001304s ]
[ sql ] [ SQL ] SHOW COLUMNS FROM `wb_products` [ RunTime:0.001142s ]
[ sql ] [ SQL ] SELECT `id` FROM `wb_products` WHERE  `goods_id` = 2 [ RunTime:0.000171s ]
[ sql ] [ SQL ] SELECT * FROM `wb_products` WHERE  `id` = 3 LIMIT 1 [ RunTime:0.000222s ]
[ sql ] [ SQL ] SELECT `name`,`image_id`,`bn`,`marketable`,`spes_desc`,`is_combo`,`point`,`open_point` FROM `wb_goods` WHERE  `id` = 2 LIMIT 1 [ RunTime:0.000170s ]
---------------------------------------------------------------
[2026-04-01T14:30:15+08:00] 127.0.0.1 POST www.jiwankang.com/api.html
[运行时间：0.072158s] [吞吐率：13.86req/s] [内存消耗：5,315.59kb] [文件加载：116]
[ info ] [ LANG ] E:\wwwroot\2026\04\jiwankang\thinkphp\lang\zh-cn.php
[ info ] [ ROUTE ] array (
)
[ info ] [ HEADER ] array (
  'referer' => 'http://localhost:8080/',
  'origin' => 'http://localhost:8080',
  'content-type' => 'application/json',
  'accept-language' => 'zh-CN,zh;q=0.9',
  'accept-encoding' => 'gzip, deflate',
  'accept' => 'application/json',
  'content-length' => '78',
  'user-agent' => 'Mozilla/5.0 (iPhone; CPU iPhone OS 18_5 like Mac OS X) AppleWebKit/605.1.15 (KHTML, like Gecko) Version/18.5 Mobile/15E148 Safari/604.1',
  'host' => 'www.jiwankang.com',
)
[ info ] [ PARAM ] array (
  'id' => '2',
  'token' => 'c44ff269142cc0000a5aab51e13546e0',
  'method' => 'goods.getdetial',
)
[ info ] [ DB ] INIT mysql
[ sql ] [ DB ] CONNECT:[ UseTime:0.001097s ] mysql:host=127.0.0.1;port=3306;dbname=jiwankang;charset=utf8mb4
[ sql ] [ SQL ] SHOW COLUMNS FROM `wb_goods` [ RunTime:0.001802s ]
[ sql ] [ SQL ] SELECT * FROM `wb_goods` WHERE  `id` = 2 LIMIT 1 [ RunTime:0.000333s ]
[ sql ] [ SQL ] SHOW COLUMNS FROM `wb_goods_cat` [ RunTime:0.003032s ]
[ sql ] [ SQL ] SELECT `id`,`name` FROM `wb_goods_cat` WHERE  `id` = 2 [ RunTime:0.000281s ]
[ sql ] [ SQL ] SHOW COLUMNS FROM `wb_products` [ RunTime:0.001142s ]
[ sql ] [ SQL ] SELECT * FROM `wb_products` WHERE  `goods_id` = 2  AND `is_defalut` = 1 LIMIT 1 [ RunTime:0.000212s ]
[ sql ] [ SQL ] SHOW COLUMNS FROM `wb_user` [ RunTime:0.000599s ]
[ sql ] [ SQL ] SELECT * FROM `wb_user` WHERE (  `id` = 1 ) AND `wb_user`.`isdel` IS NULL LIMIT 1 [ RunTime:0.000260s ]
[ sql ] [ SQL ] SELECT * FROM `wb_products` WHERE  `id` = 3 LIMIT 1 [ RunTime:0.000220s ]
[ sql ] [ SQL ] SELECT `name`,`image_id`,`bn`,`marketable`,`spes_desc`,`is_combo`,`point`,`open_point` FROM `wb_goods` WHERE  `id` = 2 LIMIT 1 [ RunTime:0.000188s ]
[ sql ] [ SQL ] SELECT `grade` FROM `wb_user` WHERE (  `id` = 1 ) AND `wb_user`.`isdel` IS NULL LIMIT 1 [ RunTime:0.000167s ]
[ sql ] [ SQL ] SHOW COLUMNS FROM `wb_setting` [ RunTime:0.000950s ]
[ sql ] [ SQL ] SELECT * FROM `wb_setting` WHERE  `skey` = 'language' LIMIT 1 [ RunTime:0.000213s ]
[ sql ] [ SQL ] SELECT * FROM `wb_setting` WHERE  `skey` = 'language' LIMIT 1 [ RunTime:0.000168s ]
[ sql ] [ SQL ] SHOW COLUMNS FROM `wb_goods_grade` [ RunTime:0.003071s ]
[ sql ] [ SQL ] SELECT * FROM `wb_goods_grade` WHERE  `goods_id` = 2 [ RunTime:0.000721s ]
[ sql ] [ SQL ] SHOW COLUMNS FROM `wb_user_grade` [ RunTime:0.001926s ]
[ sql ] [ SQL ] SELECT `name` FROM `wb_user_grade` WHERE  `id` = 1 LIMIT 1 [ RunTime:0.000473s ]
[ sql ] [ SQL ] SELECT `name` FROM `wb_user_grade` WHERE  `id` = 2 LIMIT 1 [ RunTime:0.000253s ]
[ sql ] [ SQL ] SELECT `name` FROM `wb_user_grade` WHERE  `id` = 3 LIMIT 1 [ RunTime:0.000161s ]
[ sql ] [ SQL ] SELECT `name` FROM `wb_user_grade` WHERE  `id` = 4 LIMIT 1 [ RunTime:0.000087s ]
[ sql ] [ SQL ] SELECT `name` FROM `wb_user_grade` WHERE  `id` = 5 LIMIT 1 [ RunTime:0.000072s ]
[ sql ] [ SQL ] SHOW COLUMNS FROM `wb_promotion` [ RunTime:0.000574s ]
[ sql ] [ SQL ] SELECT * FROM `wb_promotion` WHERE (  `status` = 1  AND `stime` < 1775025015  AND `etime` > 1775025015  AND `type` = 1 ) AND `wb_promotion`.`isdel` IS NULL ORDER BY `sort` ASC [ RunTime:0.000925s ]
[ sql ] [ SQL ] SHOW COLUMNS FROM `wb_goods_images` [ RunTime:0.001212s ]
[ sql ] [ SQL ] SELECT * FROM `wb_goods_images` WHERE  `goods_id` = 2 ORDER BY `sort` ASC [ RunTime:0.000185s ]
[ sql ] [ SQL ] SHOW COLUMNS FROM `wb_goods_collection` [ RunTime:0.002891s ]
[ sql ] [ SQL ] SELECT * FROM `wb_goods_collection` WHERE  `user_id` = 1  AND `goods_id` = 2 LIMIT 1 [ RunTime:0.001054s ]
[ sql ] [ SQL ] UPDATE `wb_goods`  SET `view_count` = `view_count` + 1  WHERE  `id` = 2 [ RunTime:0.002277s ]
---------------------------------------------------------------
[2026-04-01T14:30:15+08:00] 127.0.0.1 GET www.jiwankang.com/api/common/jshopconf
[运行时间：0.034114s] [吞吐率：29.31req/s] [内存消耗：3,091.32kb] [文件加载：93]
[ info ] [ LANG ] E:\wwwroot\2026\04\jiwankang\thinkphp\lang\zh-cn.php
[ info ] [ ROUTE ] array (
)
[ info ] [ HEADER ] array (
  'referer' => 'http://localhost:8080/',
  'origin' => 'http://localhost:8080',
  'content-type' => 'application/x-www-form-urlencoded',
  'accept-language' => 'zh-CN,zh;q=0.9',
  'accept-encoding' => 'gzip, deflate',
  'accept' => 'application/json',
  'user-agent' => 'Mozilla/5.0 (iPhone; CPU iPhone OS 18_5 like Mac OS X) AppleWebKit/605.1.15 (KHTML, like Gecko) Version/18.5 Mobile/15E148 Safari/604.1',
  'host' => 'www.jiwankang.com',
  'content-length' => '',
)
[ info ] [ PARAM ] array (
)
---------------------------------------------------------------
[2026-04-01T14:30:15+08:00] 127.0.0.1 POST www.jiwankang.com/api.html
[运行时间：0.064089s] [吞吐率：15.60req/s] [内存消耗：4,605.82kb] [文件加载：103]
[ info ] [ LANG ] E:\wwwroot\2026\04\jiwankang\thinkphp\lang\zh-cn.php
[ info ] [ ROUTE ] array (
)
[ info ] [ HEADER ] array (
  'referer' => 'http://localhost:8080/',
  'origin' => 'http://localhost:8080',
  'content-type' => 'application/json',
  'accept-language' => 'zh-CN,zh;q=0.9',
  'accept-encoding' => 'gzip, deflate',
  'accept' => 'application/json',
  'content-length' => '70',
  'user-agent' => 'Mozilla/5.0 (iPhone; CPU iPhone OS 18_5 like Mac OS X) AppleWebKit/605.1.15 (KHTML, like Gecko) Version/18.5 Mobile/15E148 Safari/604.1',
  'host' => 'www.jiwankang.com',
)
[ info ] [ PARAM ] array (
  'token' => 'c44ff269142cc0000a5aab51e13546e0',
  'method' => 'cart.getnumber',
)
[ info ] [ DB ] INIT mysql
[ sql ] [ DB ] CONNECT:[ UseTime:0.001034s ] mysql:host=127.0.0.1;port=3306;dbname=jiwankang;charset=utf8mb4
[ sql ] [ SQL ] SHOW COLUMNS FROM `wb_user` [ RunTime:0.000871s ]
[ sql ] [ SQL ] SELECT * FROM `wb_user` WHERE (  `id` = 1 ) AND `wb_user`.`isdel` IS NULL LIMIT 1 [ RunTime:0.000382s ]
[ sql ] [ SQL ] SHOW COLUMNS FROM `wb_setting` [ RunTime:0.000410s ]
[ sql ] [ SQL ] SELECT * FROM `wb_setting` WHERE  `skey` = 'virtual_card_class' LIMIT 1 [ RunTime:0.000126s ]
[ sql ] [ SQL ] SHOW COLUMNS FROM `wb_cart` [ RunTime:0.003182s ]
[ sql ] [ SQL ] SELECT SUM(`nums`) AS tp_sum FROM `wb_cart` `c` INNER JOIN `wb_products` `p` ON `p`.`id`=`c`.`product_id` INNER JOIN `wb_goods` `g` ON `g`.`id`=`p`.`goods_id` WHERE  `user_id` = 1  AND `type` = 1 LIMIT 1 [ RunTime:0.002812s ]
---------------------------------------------------------------
[2026-04-01T14:30:19+08:00] 127.0.0.1 OPTIONS www.jiwankang.com/api.html
[运行时间：0.018865s] [吞吐率：53.01req/s] [内存消耗：3,009.21kb] [文件加载：89]
[ info ] [ LANG ] E:\wwwroot\2026\04\jiwankang\thinkphp\lang\zh-cn.php
[ info ] [ ROUTE ] array (
)
[ info ] [ HEADER ] array (
  'sec-fetch-mode' => 'cors',
  'referer' => 'http://localhost:8080/',
  'origin' => 'http://localhost:8080',
  'access-control-request-method' => 'POST',
  'access-control-request-headers' => 'content-type',
  'accept-language' => 'zh-CN,zh;q=0.9',
  'accept-encoding' => 'gzip, deflate',
  'accept' => '*/*',
  'user-agent' => 'Mozilla/5.0 (iPhone; CPU iPhone OS 18_5 like Mac OS X) AppleWebKit/605.1.15 (KHTML, like Gecko) Version/18.5 Mobile/15E148 Safari/604.1',
  'host' => 'www.jiwankang.com',
  'content-length' => '',
  'content-type' => '',
)
[ info ] [ PARAM ] array (
)
---------------------------------------------------------------
[2026-04-01T14:30:19+08:00] 127.0.0.1 POST www.jiwankang.com/api.html
[运行时间：0.034306s] [吞吐率：29.15req/s] [内存消耗：4,866.30kb] [文件加载：105]
[ info ] [ LANG ] E:\wwwroot\2026\04\jiwankang\thinkphp\lang\zh-cn.php
[ info ] [ ROUTE ] array (
)
[ info ] [ HEADER ] array (
  'referer' => 'http://localhost:8080/',
  'origin' => 'http://localhost:8080',
  'content-type' => 'application/json',
  'accept-language' => 'zh-CN,zh;q=0.9',
  'accept-encoding' => 'gzip, deflate',
  'accept' => 'application/json',
  'content-length' => '97',
  'user-agent' => 'Mozilla/5.0 (iPhone; CPU iPhone OS 18_5 like Mac OS X) AppleWebKit/605.1.15 (KHTML, like Gecko) Version/18.5 Mobile/15E148 Safari/604.1',
  'host' => 'www.jiwankang.com',
)
[ info ] [ PARAM ] array (
  'product_id' => '3',
  'nums' => '1',
  'type' => '2',
  'token' => 'c44ff269142cc0000a5aab51e13546e0',
  'method' => 'cart.add',
)
[ info ] [ DB ] INIT mysql
[ sql ] [ DB ] CONNECT:[ UseTime:0.000681s ] mysql:host=127.0.0.1;port=3306;dbname=jiwankang;charset=utf8mb4
[ sql ] [ SQL ] SHOW COLUMNS FROM `wb_user` [ RunTime:0.000997s ]
[ sql ] [ SQL ] SELECT * FROM `wb_user` WHERE (  `id` = 1 ) AND `wb_user`.`isdel` IS NULL LIMIT 1 [ RunTime:0.000234s ]
[ sql ] [ SQL ] SHOW COLUMNS FROM `wb_products` [ RunTime:0.000914s ]
[ sql ] [ SQL ] SELECT * FROM `wb_products` WHERE  `id` = 3 LIMIT 1 [ RunTime:0.000146s ]
[ sql ] [ SQL ] SHOW COLUMNS FROM `wb_goods` [ RunTime:0.001015s ]
[ sql ] [ SQL ] SELECT `name`,`image_id`,`bn`,`marketable`,`spes_desc`,`is_combo`,`point`,`open_point` FROM `wb_goods` WHERE  `id` = 2 LIMIT 1 [ RunTime:0.000237s ]
[ sql ] [ SQL ] SELECT `p`.`id`,`g`.`marketable` FROM `wb_products` `p` INNER JOIN `wb_goods` `g` ON `g`.`id`=`p`.`goods_id` WHERE  `p`.`id` = '3' LIMIT 1 [ RunTime:0.000188s ]
[ sql ] [ SQL ] SHOW COLUMNS FROM `wb_cart` [ RunTime:0.000733s ]
[ sql ] [ SQL ] SELECT * FROM `wb_cart` WHERE  `product_id` = 3  AND `user_id` = 1  AND `type` = 1 LIMIT 1 [ RunTime:0.000152s ]
[ sql ] [ SQL ] INSERT INTO `wb_cart` (`product_id` , `nums` , `user_id` , `type`) VALUES (3 , 1 , 1 , 1) [ RunTime:0.002114s ]
---------------------------------------------------------------
[2026-04-01T14:30:19+08:00] 127.0.0.1 POST www.jiwankang.com/api.html
[运行时间：0.037883s] [吞吐率：26.40req/s] [内存消耗：4,656.99kb] [文件加载：106]
[ info ] [ LANG ] E:\wwwroot\2026\04\jiwankang\thinkphp\lang\zh-cn.php
[ info ] [ ROUTE ] array (
)
[ info ] [ HEADER ] array (
  'referer' => 'http://localhost:8080/',
  'origin' => 'http://localhost:8080',
  'content-type' => 'application/json',
  'accept-language' => 'zh-CN,zh;q=0.9',
  'accept-encoding' => 'gzip, deflate',
  'accept' => 'application/json',
  'content-length' => '93',
  'user-agent' => 'Mozilla/5.0 (iPhone; CPU iPhone OS 18_5 like Mac OS X) AppleWebKit/605.1.15 (KHTML, like Gecko) Version/18.5 Mobile/15E148 Safari/604.1',
  'host' => 'www.jiwankang.com',
)
[ info ] [ PARAM ] array (
  'display' => 'no_used',
  'token' => 'c44ff269142cc0000a5aab51e13546e0',
  'method' => 'coupon.usercoupon',
)
[ info ] [ DB ] INIT mysql
[ sql ] [ DB ] CONNECT:[ UseTime:0.001108s ] mysql:host=127.0.0.1;port=3306;dbname=jiwankang;charset=utf8mb4
[ sql ] [ SQL ] SHOW COLUMNS FROM `wb_user` [ RunTime:0.000699s ]
[ sql ] [ SQL ] SELECT * FROM `wb_user` WHERE (  `id` = 1 ) AND `wb_user`.`isdel` IS NULL LIMIT 1 [ RunTime:0.000785s ]
[ sql ] [ SQL ] SHOW COLUMNS FROM `wb_coupon` [ RunTime:0.001525s ]
[ sql ] [ SQL ] SELECT * FROM `wb_coupon` `c` INNER JOIN `wb_promotion` `p` ON `p`.`id`=`c`.`promotion_id` WHERE  `c`.`user_id` = '1'  AND `p`.`type` = '2'  AND `c`.`is_used` = '1'  AND `p`.`status` = '1'  AND ( (c.endtime = 0 and p.etime >= 1775025019) or (c.endtime >=1775025019) ) ORDER BY `c`.`ctime` ASC LIMIT 0,10 [ RunTime:0.000954s ]
[ sql ] [ SQL ] SELECT COUNT(*) AS tp_count FROM `wb_coupon` `c` INNER JOIN `wb_promotion` `p` ON `p`.`id`=`c`.`promotion_id` WHERE  `c`.`user_id` = '1'  AND `p`.`type` = '2'  AND `c`.`is_used` = '1'  AND `p`.`status` = '1'  AND ( (c.endtime = 0 and p.etime >= 1775025019) or (c.endtime >=1775025019) ) LIMIT 1 [ RunTime:0.000509s ]
---------------------------------------------------------------
[2026-04-01T14:30:19+08:00] 127.0.0.1 POST www.jiwankang.com/api.html
[运行时间：0.050128s] [吞吐率：19.95req/s] [内存消耗：4,856.52kb] [文件加载：105]
[ info ] [ LANG ] E:\wwwroot\2026\04\jiwankang\thinkphp\lang\zh-cn.php
[ info ] [ ROUTE ] array (
)
[ info ] [ HEADER ] array (
  'referer' => 'http://localhost:8080/',
  'origin' => 'http://localhost:8080',
  'content-type' => 'application/json',
  'accept-language' => 'zh-CN,zh;q=0.9',
  'accept-encoding' => 'gzip, deflate',
  'accept' => 'application/json',
  'content-length' => '79',
  'user-agent' => 'Mozilla/5.0 (iPhone; CPU iPhone OS 18_5 like Mac OS X) AppleWebKit/605.1.15 (KHTML, like Gecko) Version/18.5 Mobile/15E148 Safari/604.1',
  'host' => 'www.jiwankang.com',
)
[ info ] [ PARAM ] array (
  'token' => 'c44ff269142cc0000a5aab51e13546e0',
  'method' => 'user.getuserdefaultship',
)
[ info ] [ DB ] INIT mysql
[ sql ] [ DB ] CONNECT:[ UseTime:0.001414s ] mysql:host=127.0.0.1;port=3306;dbname=jiwankang;charset=utf8mb4
[ sql ] [ SQL ] SHOW COLUMNS FROM `wb_user` [ RunTime:0.001292s ]
[ sql ] [ SQL ] SELECT * FROM `wb_user` WHERE (  `id` = 1 ) AND `wb_user`.`isdel` IS NULL LIMIT 1 [ RunTime:0.000623s ]
[ sql ] [ SQL ] SHOW COLUMNS FROM `wb_user_ship` [ RunTime:0.003814s ]
[ sql ] [ SQL ] SELECT * FROM `wb_user_ship` WHERE  `user_id` = 1  AND `is_def` = 1 ORDER BY `utime` DESC LIMIT 1 [ RunTime:0.001342s ]
[ sql ] [ SQL ] SHOW COLUMNS FROM `wb_area` [ RunTime:0.000884s ]
[ sql ] [ SQL ] SELECT `id`,`name`,`parent_id`,`postal_code` FROM `wb_area` WHERE  `id` = 150525 LIMIT 1 [ RunTime:0.000248s ]
[ sql ] [ SQL ] SELECT `id`,`name`,`parent_id`,`postal_code` FROM `wb_area` WHERE  `parent_id` = 150500 [ RunTime:0.000703s ]
[ sql ] [ SQL ] SELECT `id`,`name`,`parent_id`,`postal_code` FROM `wb_area` WHERE  `id` = 150500 LIMIT 1 [ RunTime:0.000342s ]
[ sql ] [ SQL ] SELECT `id`,`name`,`parent_id`,`postal_code` FROM `wb_area` WHERE  `parent_id` = 150000 [ RunTime:0.000893s ]
[ sql ] [ SQL ] SELECT `id`,`name`,`parent_id`,`postal_code` FROM `wb_area` WHERE  `id` = 150000 LIMIT 1 [ RunTime:0.000312s ]
[ sql ] [ SQL ] SELECT `id`,`name`,`parent_id`,`postal_code` FROM `wb_area` WHERE  `parent_id` = 0 [ RunTime:0.000841s ]
---------------------------------------------------------------
[2026-04-01T14:30:19+08:00] 127.0.0.1 POST www.jiwankang.com/api.html
[运行时间：0.066530s] [吞吐率：15.03req/s] [内存消耗：5,254.66kb] [文件加载：113]
[ info ] [ LANG ] E:\wwwroot\2026\04\jiwankang\thinkphp\lang\zh-cn.php
[ info ] [ ROUTE ] array (
)
[ info ] [ HEADER ] array (
  'referer' => 'http://localhost:8080/',
  'origin' => 'http://localhost:8080',
  'content-type' => 'application/json',
  'accept-language' => 'zh-CN,zh;q=0.9',
  'accept-encoding' => 'gzip, deflate',
  'accept' => 'application/json',
  'content-length' => '155',
  'user-agent' => 'Mozilla/5.0 (iPhone; CPU iPhone OS 18_5 like Mac OS X) AppleWebKit/605.1.15 (KHTML, like Gecko) Version/18.5 Mobile/15E148 Safari/604.1',
  'host' => 'www.jiwankang.com',
)
[ info ] [ PARAM ] array (
  'ids' => '1',
  'area_id' => 0,
  'coupon_code' => '',
  'point' => 0,
  'type' => '1',
  'params' => '',
  'receipt_type' => '1',
  'token' => 'c44ff269142cc0000a5aab51e13546e0',
  'method' => 'cart.getlist',
)
[ info ] [ DB ] INIT mysql
[ sql ] [ DB ] CONNECT:[ UseTime:0.001088s ] mysql:host=127.0.0.1;port=3306;dbname=jiwankang;charset=utf8mb4
[ sql ] [ SQL ] SHOW COLUMNS FROM `wb_user` [ RunTime:0.001089s ]
[ sql ] [ SQL ] SELECT * FROM `wb_user` WHERE (  `id` = 1 ) AND `wb_user`.`isdel` IS NULL LIMIT 1 [ RunTime:0.000352s ]
[ sql ] [ SQL ] SHOW COLUMNS FROM `wb_cart` [ RunTime:0.000924s ]
[ sql ] [ SQL ] SELECT * FROM `wb_cart` WHERE  `user_id` = 1  AND `type` = 1  AND `id` IN (1) [ RunTime:0.000152s ]
[ sql ] [ SQL ] SHOW COLUMNS FROM `wb_products` [ RunTime:0.002076s ]
[ sql ] [ SQL ] SELECT * FROM `wb_products` WHERE  `id` = 3 LIMIT 1 [ RunTime:0.000272s ]
[ sql ] [ SQL ] SHOW COLUMNS FROM `wb_goods` [ RunTime:0.001147s ]
[ sql ] [ SQL ] SELECT `name`,`image_id`,`bn`,`marketable`,`spes_desc`,`is_combo`,`point`,`open_point` FROM `wb_goods` WHERE  `id` = 2 LIMIT 1 [ RunTime:0.000255s ]
[ sql ] [ SQL ] SELECT `grade` FROM `wb_user` WHERE (  `id` = 1 ) AND `wb_user`.`isdel` IS NULL LIMIT 1 [ RunTime:0.000342s ]
[ sql ] [ SQL ] SHOW COLUMNS FROM `wb_setting` [ RunTime:0.000623s ]
[ sql ] [ SQL ] SELECT * FROM `wb_setting` WHERE  `skey` = 'language' LIMIT 1 [ RunTime:0.000202s ]
[ sql ] [ SQL ] SELECT * FROM `wb_setting` WHERE  `skey` = 'language' LIMIT 1 [ RunTime:0.000189s ]
[ sql ] [ SQL ] SHOW COLUMNS FROM `wb_goods_grade` [ RunTime:0.001267s ]
[ sql ] [ SQL ] SELECT * FROM `wb_goods_grade` WHERE  `goods_id` = 2 [ RunTime:0.000261s ]
[ sql ] [ SQL ] SHOW COLUMNS FROM `wb_user_grade` [ RunTime:0.000475s ]
[ sql ] [ SQL ] SELECT `name` FROM `wb_user_grade` WHERE  `id` = 1 LIMIT 1 [ RunTime:0.000135s ]
[ sql ] [ SQL ] SELECT `name` FROM `wb_user_grade` WHERE  `id` = 2 LIMIT 1 [ RunTime:0.000154s ]
[ sql ] [ SQL ] SELECT `name` FROM `wb_user_grade` WHERE  `id` = 3 LIMIT 1 [ RunTime:0.000092s ]
[ sql ] [ SQL ] SELECT `name` FROM `wb_user_grade` WHERE  `id` = 4 LIMIT 1 [ RunTime:0.000086s ]
[ sql ] [ SQL ] SELECT `name` FROM `wb_user_grade` WHERE  `id` = 5 LIMIT 1 [ RunTime:0.000116s ]
[ sql ] [ SQL ] SELECT `p`.`id`,`g`.`marketable` FROM `wb_products` `p` INNER JOIN `wb_goods` `g` ON `g`.`id`=`p`.`goods_id` WHERE  `p`.`id` = '3' LIMIT 1 [ RunTime:0.000131s ]
[ sql ] [ SQL ] SELECT `goods_id` FROM `wb_products` WHERE  `id` = 3 LIMIT 1 [ RunTime:0.000080s ]
[ sql ] [ SQL ] SELECT `weight` FROM `wb_goods` WHERE  `id` = 2 LIMIT 1 [ RunTime:0.000086s ]
[ sql ] [ SQL ] SHOW COLUMNS FROM `wb_goods_collection` [ RunTime:0.001577s ]
[ sql ] [ SQL ] SELECT * FROM `wb_goods_collection` WHERE  `user_id` = 1  AND `goods_id` = 2 LIMIT 1 [ RunTime:0.000188s ]
[ sql ] [ SQL ] SHOW COLUMNS FROM `wb_promotion` [ RunTime:0.001192s ]
[ sql ] [ SQL ] SELECT * FROM `wb_promotion` WHERE (  `status` = 1  AND `stime` < 1775025019  AND `etime` > 1775025019  AND `type` = 1 ) AND `wb_promotion`.`isdel` IS NULL ORDER BY `sort` ASC [ RunTime:0.000279s ]
---------------------------------------------------------------
[2026-04-01T14:30:19+08:00] 127.0.0.1 POST www.jiwankang.com/api.html
[运行时间：0.078299s] [吞吐率：12.77req/s] [内存消耗：5,312.14kb] [文件加载：115]
[ info ] [ LANG ] E:\wwwroot\2026\04\jiwankang\thinkphp\lang\zh-cn.php
[ info ] [ ROUTE ] array (
)
[ info ] [ HEADER ] array (
  'referer' => 'http://localhost:8080/',
  'origin' => 'http://localhost:8080',
  'content-type' => 'application/json',
  'accept-language' => 'zh-CN,zh;q=0.9',
  'accept-encoding' => 'gzip, deflate',
  'accept' => 'application/json',
  'content-length' => '160',
  'user-agent' => 'Mozilla/5.0 (iPhone; CPU iPhone OS 18_5 like Mac OS X) AppleWebKit/605.1.15 (KHTML, like Gecko) Version/18.5 Mobile/15E148 Safari/604.1',
  'host' => 'www.jiwankang.com',
)
[ info ] [ PARAM ] array (
  'ids' => '1',
  'area_id' => '150525',
  'coupon_code' => '',
  'point' => 0,
  'type' => '1',
  'params' => '',
  'receipt_type' => '1',
  'token' => 'c44ff269142cc0000a5aab51e13546e0',
  'method' => 'cart.getlist',
)
[ info ] [ DB ] INIT mysql
[ sql ] [ DB ] CONNECT:[ UseTime:0.021212s ] mysql:host=127.0.0.1;port=3306;dbname=jiwankang;charset=utf8mb4
[ sql ] [ SQL ] SHOW COLUMNS FROM `wb_user` [ RunTime:0.001705s ]
[ sql ] [ SQL ] SELECT * FROM `wb_user` WHERE (  `id` = 1 ) AND `wb_user`.`isdel` IS NULL LIMIT 1 [ RunTime:0.000348s ]
[ sql ] [ SQL ] SHOW COLUMNS FROM `wb_cart` [ RunTime:0.001020s ]
[ sql ] [ SQL ] SELECT * FROM `wb_cart` WHERE  `user_id` = 1  AND `type` = 1  AND `id` IN (1) [ RunTime:0.000273s ]
[ sql ] [ SQL ] SHOW COLUMNS FROM `wb_products` [ RunTime:0.001817s ]
[ sql ] [ SQL ] SELECT * FROM `wb_products` WHERE  `id` = 3 LIMIT 1 [ RunTime:0.000234s ]
[ sql ] [ SQL ] SHOW COLUMNS FROM `wb_goods` [ RunTime:0.000971s ]
[ sql ] [ SQL ] SELECT `name`,`image_id`,`bn`,`marketable`,`spes_desc`,`is_combo`,`point`,`open_point` FROM `wb_goods` WHERE  `id` = 2 LIMIT 1 [ RunTime:0.000181s ]
[ sql ] [ SQL ] SELECT `grade` FROM `wb_user` WHERE (  `id` = 1 ) AND `wb_user`.`isdel` IS NULL LIMIT 1 [ RunTime:0.000166s ]
[ sql ] [ SQL ] SHOW COLUMNS FROM `wb_setting` [ RunTime:0.000743s ]
[ sql ] [ SQL ] SELECT * FROM `wb_setting` WHERE  `skey` = 'language' LIMIT 1 [ RunTime:0.000219s ]
[ sql ] [ SQL ] SELECT * FROM `wb_setting` WHERE  `skey` = 'language' LIMIT 1 [ RunTime:0.000260s ]
[ sql ] [ SQL ] SHOW COLUMNS FROM `wb_goods_grade` [ RunTime:0.001147s ]
[ sql ] [ SQL ] SELECT * FROM `wb_goods_grade` WHERE  `goods_id` = 2 [ RunTime:0.000233s ]
[ sql ] [ SQL ] SHOW COLUMNS FROM `wb_user_grade` [ RunTime:0.001175s ]
[ sql ] [ SQL ] SELECT `name` FROM `wb_user_grade` WHERE  `id` = 1 LIMIT 1 [ RunTime:0.000219s ]
[ sql ] [ SQL ] SELECT `name` FROM `wb_user_grade` WHERE  `id` = 2 LIMIT 1 [ RunTime:0.000179s ]
[ sql ] [ SQL ] SELECT `name` FROM `wb_user_grade` WHERE  `id` = 3 LIMIT 1 [ RunTime:0.000105s ]
[ sql ] [ SQL ] SELECT `name` FROM `wb_user_grade` WHERE  `id` = 4 LIMIT 1 [ RunTime:0.000136s ]
[ sql ] [ SQL ] SELECT `name` FROM `wb_user_grade` WHERE  `id` = 5 LIMIT 1 [ RunTime:0.000107s ]
[ sql ] [ SQL ] SELECT `p`.`id`,`g`.`marketable` FROM `wb_products` `p` INNER JOIN `wb_goods` `g` ON `g`.`id`=`p`.`goods_id` WHERE  `p`.`id` = '3' LIMIT 1 [ RunTime:0.000157s ]
[ sql ] [ SQL ] SELECT `goods_id` FROM `wb_products` WHERE  `id` = 3 LIMIT 1 [ RunTime:0.000153s ]
[ sql ] [ SQL ] SELECT `weight` FROM `wb_goods` WHERE  `id` = 2 LIMIT 1 [ RunTime:0.000156s ]
[ sql ] [ SQL ] SHOW COLUMNS FROM `wb_goods_collection` [ RunTime:0.000979s ]
[ sql ] [ SQL ] SELECT * FROM `wb_goods_collection` WHERE  `user_id` = 1  AND `goods_id` = 2 LIMIT 1 [ RunTime:0.000172s ]
[ sql ] [ SQL ] SHOW COLUMNS FROM `wb_promotion` [ RunTime:0.001529s ]
[ sql ] [ SQL ] SELECT * FROM `wb_promotion` WHERE (  `status` = 1  AND `stime` < 1775025019  AND `etime` > 1775025019  AND `type` = 1 ) AND `wb_promotion`.`isdel` IS NULL ORDER BY `sort` ASC [ RunTime:0.000326s ]
[ sql ] [ SQL ] SHOW COLUMNS FROM `wb_ship` [ RunTime:0.002635s ]
[ sql ] [ SQL ] SELECT * FROM `wb_ship` WHERE  `status` = 1  AND `type` = 2  AND (  FIND_IN_SET('150525',area_fee)  ) LIMIT 1 [ RunTime:0.000430s ]
[ sql ] [ SQL ] SELECT * FROM `wb_ship` WHERE  `is_def` = 1  AND `status` = 1 LIMIT 1 [ RunTime:0.000324s ]
[ sql ] [ SQL ] SELECT * FROM `wb_ship` WHERE  `status` = 1 LIMIT 1 [ RunTime:0.000241s ]
---------------------------------------------------------------
[2026-04-01T14:30:19+08:00] 127.0.0.1 POST www.jiwankang.com/api.html
[运行时间：0.038493s] [吞吐率：25.98req/s] [内存消耗：4,758.41kb] [文件加载：103]
[ info ] [ LANG ] E:\wwwroot\2026\04\jiwankang\thinkphp\lang\zh-cn.php
[ info ] [ ROUTE ] array (
)
[ info ] [ HEADER ] array (
  'referer' => 'http://localhost:8080/',
  'origin' => 'http://localhost:8080',
  'content-type' => 'application/json',
  'accept-language' => 'zh-CN,zh;q=0.9',
  'accept-encoding' => 'gzip, deflate',
  'accept' => 'application/json',
  'content-length' => '96',
  'user-agent' => 'Mozilla/5.0 (iPhone; CPU iPhone OS 18_5 like Mac OS X) AppleWebKit/605.1.15 (KHTML, like Gecko) Version/18.5 Mobile/15E148 Safari/604.1',
  'host' => 'www.jiwankang.com',
)
[ info ] [ PARAM ] array (
  'order_money' => '998.00',
  'token' => 'c44ff269142cc0000a5aab51e13546e0',
  'method' => 'user.getuserpoint',
)
[ info ] [ DB ] INIT mysql
[ sql ] [ DB ] CONNECT:[ UseTime:0.000686s ] mysql:host=127.0.0.1;port=3306;dbname=jiwankang;charset=utf8mb4
[ sql ] [ SQL ] SHOW COLUMNS FROM `wb_user` [ RunTime:0.001180s ]
[ sql ] [ SQL ] SELECT * FROM `wb_user` WHERE (  `id` = 1 ) AND `wb_user`.`isdel` IS NULL LIMIT 1 [ RunTime:0.000307s ]
[ sql ] [ SQL ] SHOW COLUMNS FROM `wb_setting` [ RunTime:0.000676s ]
[ sql ] [ SQL ] SELECT * FROM `wb_setting` WHERE  `skey` = 'language' LIMIT 1 [ RunTime:0.000206s ]
[ sql ] [ SQL ] SELECT * FROM `wb_setting` WHERE  `skey` = 'language' LIMIT 1 [ RunTime:0.000151s ]
[ sql ] [ SQL ] SELECT * FROM `wb_setting` WHERE  `skey` = 'point_switch' LIMIT 1 [ RunTime:0.000158s ]
[ sql ] [ SQL ] SELECT `point` FROM `wb_user` WHERE (  `id` = 1 ) AND `wb_user`.`isdel` IS NULL LIMIT 1 [ RunTime:0.000188s ]
[ sql ] [ SQL ] SELECT * FROM `wb_setting` WHERE  `skey` = 'orders_point_proportion' LIMIT 1 [ RunTime:0.000155s ]
[ sql ] [ SQL ] SELECT * FROM `wb_setting` WHERE  `skey` = 'point_discounted_proportion' LIMIT 1 [ RunTime:0.000115s ]
---------------------------------------------------------------
[2026-04-01T14:30:19+08:00] 127.0.0.1 POST www.jiwankang.com/api.html
[运行时间：0.032715s] [吞吐率：30.57req/s] [内存消耗：4,758.41kb] [文件加载：103]
[ info ] [ LANG ] E:\wwwroot\2026\04\jiwankang\thinkphp\lang\zh-cn.php
[ info ] [ ROUTE ] array (
)
[ info ] [ HEADER ] array (
  'referer' => 'http://localhost:8080/',
  'origin' => 'http://localhost:8080',
  'content-type' => 'application/json',
  'accept-language' => 'zh-CN,zh;q=0.9',
  'accept-encoding' => 'gzip, deflate',
  'accept' => 'application/json',
  'content-length' => '96',
  'user-agent' => 'Mozilla/5.0 (iPhone; CPU iPhone OS 18_5 like Mac OS X) AppleWebKit/605.1.15 (KHTML, like Gecko) Version/18.5 Mobile/15E148 Safari/604.1',
  'host' => 'www.jiwankang.com',
)
[ info ] [ PARAM ] array (
  'order_money' => '998.00',
  'token' => 'c44ff269142cc0000a5aab51e13546e0',
  'method' => 'user.getuserpoint',
)
[ info ] [ DB ] INIT mysql
[ sql ] [ DB ] CONNECT:[ UseTime:0.000707s ] mysql:host=127.0.0.1;port=3306;dbname=jiwankang;charset=utf8mb4
[ sql ] [ SQL ] SHOW COLUMNS FROM `wb_user` [ RunTime:0.000468s ]
[ sql ] [ SQL ] SELECT * FROM `wb_user` WHERE (  `id` = 1 ) AND `wb_user`.`isdel` IS NULL LIMIT 1 [ RunTime:0.000185s ]
[ sql ] [ SQL ] SHOW COLUMNS FROM `wb_setting` [ RunTime:0.000278s ]
[ sql ] [ SQL ] SELECT * FROM `wb_setting` WHERE  `skey` = 'language' LIMIT 1 [ RunTime:0.000101s ]
[ sql ] [ SQL ] SELECT * FROM `wb_setting` WHERE  `skey` = 'language' LIMIT 1 [ RunTime:0.000071s ]
[ sql ] [ SQL ] SELECT * FROM `wb_setting` WHERE  `skey` = 'point_switch' LIMIT 1 [ RunTime:0.000071s ]
[ sql ] [ SQL ] SELECT `point` FROM `wb_user` WHERE (  `id` = 1 ) AND `wb_user`.`isdel` IS NULL LIMIT 1 [ RunTime:0.000082s ]
[ sql ] [ SQL ] SELECT * FROM `wb_setting` WHERE  `skey` = 'orders_point_proportion' LIMIT 1 [ RunTime:0.000072s ]
[ sql ] [ SQL ] SELECT * FROM `wb_setting` WHERE  `skey` = 'point_discounted_proportion' LIMIT 1 [ RunTime:0.000065s ]
---------------------------------------------------------------
[2026-04-01T14:30:20+08:00] 127.0.0.1 POST www.jiwankang.com/api.html
[运行时间：0.083631s] [吞吐率：11.96req/s] [内存消耗：5,999.34kb] [文件加载：121]
[ info ] [ LANG ] E:\wwwroot\2026\04\jiwankang\thinkphp\lang\zh-cn.php
[ info ] [ ROUTE ] array (
)
[ info ] [ HEADER ] array (
  'referer' => 'http://localhost:8080/',
  'origin' => 'http://localhost:8080',
  'content-type' => 'application/json',
  'accept-language' => 'zh-CN,zh;q=0.9',
  'accept-encoding' => 'gzip, deflate',
  'accept' => 'application/json',
  'content-length' => '233',
  'user-agent' => 'Mozilla/5.0 (iPhone; CPU iPhone OS 18_5 like Mac OS X) AppleWebKit/605.1.15 (KHTML, like Gecko) Version/18.5 Mobile/15E148 Safari/604.1',
  'host' => 'www.jiwankang.com',
)
[ info ] [ PARAM ] array (
  'cart_ids' => '1',
  'memo' => '',
  'point' => 0,
  'receipt_type' => '1',
  'coupon_code' => '',
  'tax_type' => '1',
  'tax_name' => '不开发票',
  'tax_code' => '',
  'source' => '2',
  'uship_id' => '1',
  'area_id' => '150525',
  'token' => 'c44ff269142cc0000a5aab51e13546e0',
  'method' => 'order.create',
)
[ info ] [ DB ] INIT mysql
[ sql ] [ DB ] CONNECT:[ UseTime:0.000725s ] mysql:host=127.0.0.1;port=3306;dbname=jiwankang;charset=utf8mb4
[ sql ] [ SQL ] SHOW COLUMNS FROM `wb_user` [ RunTime:0.000494s ]
[ sql ] [ SQL ] SELECT * FROM `wb_user` WHERE (  `id` = 1 ) AND `wb_user`.`isdel` IS NULL LIMIT 1 [ RunTime:0.000212s ]
[ sql ] [ SQL ] SHOW COLUMNS FROM `wb_user_ship` [ RunTime:0.000890s ]
[ sql ] [ SQL ] SELECT * FROM `wb_user_ship` WHERE  `id` = 1  AND `user_id` = 1 LIMIT 1 [ RunTime:0.000241s ]
[ sql ] [ SQL ] SHOW COLUMNS FROM `wb_ship` [ RunTime:0.001021s ]
[ sql ] [ SQL ] SELECT * FROM `wb_ship` WHERE  `status` = 1  AND `area_fee` LIKE '%\\\\\"150525\\\\\"%'  AND `type` = 2 LIMIT 1 [ RunTime:0.000193s ]
[ sql ] [ SQL ] SELECT * FROM `wb_ship` WHERE  `is_def` = 1  AND `status` = 1 LIMIT 1 [ RunTime:0.000106s ]
[ sql ] [ SQL ] SELECT * FROM `wb_ship` WHERE  `status` = 1 LIMIT 1 [ RunTime:0.000090s ]
[ sql ] [ SQL ] SHOW COLUMNS FROM `wb_cart` [ RunTime:0.000760s ]
[ sql ] [ SQL ] SELECT * FROM `wb_cart` WHERE  `user_id` = 1  AND `type` = 1  AND `id` IN (1) [ RunTime:0.000131s ]
[ sql ] [ SQL ] SHOW COLUMNS FROM `wb_products` [ RunTime:0.001009s ]
[ sql ] [ SQL ] SELECT * FROM `wb_products` WHERE  `id` = 3 LIMIT 1 [ RunTime:0.000194s ]
[ sql ] [ SQL ] SHOW COLUMNS FROM `wb_goods` [ RunTime:0.000811s ]
[ sql ] [ SQL ] SELECT `name`,`image_id`,`bn`,`marketable`,`spes_desc`,`is_combo`,`point`,`open_point` FROM `wb_goods` WHERE  `id` = 2 LIMIT 1 [ RunTime:0.000130s ]
[ sql ] [ SQL ] SELECT `grade` FROM `wb_user` WHERE (  `id` = 1 ) AND `wb_user`.`isdel` IS NULL LIMIT 1 [ RunTime:0.000120s ]
[ sql ] [ SQL ] SHOW COLUMNS FROM `wb_setting` [ RunTime:0.000261s ]
[ sql ] [ SQL ] SELECT * FROM `wb_setting` WHERE  `skey` = 'language' LIMIT 1 [ RunTime:0.000098s ]
[ sql ] [ SQL ] SELECT * FROM `wb_setting` WHERE  `skey` = 'language' LIMIT 1 [ RunTime:0.000074s ]
[ sql ] [ SQL ] SHOW COLUMNS FROM `wb_goods_grade` [ RunTime:0.000668s ]
[ sql ] [ SQL ] SELECT * FROM `wb_goods_grade` WHERE  `goods_id` = 2 [ RunTime:0.000125s ]
[ sql ] [ SQL ] SHOW COLUMNS FROM `wb_user_grade` [ RunTime:0.000237s ]
[ sql ] [ SQL ] SELECT `name` FROM `wb_user_grade` WHERE  `id` = 1 LIMIT 1 [ RunTime:0.000093s ]
[ sql ] [ SQL ] SELECT `name` FROM `wb_user_grade` WHERE  `id` = 2 LIMIT 1 [ RunTime:0.000075s ]
[ sql ] [ SQL ] SELECT `name` FROM `wb_user_grade` WHERE  `id` = 3 LIMIT 1 [ RunTime:0.000068s ]
[ sql ] [ SQL ] SELECT `name` FROM `wb_user_grade` WHERE  `id` = 4 LIMIT 1 [ RunTime:0.000066s ]
[ sql ] [ SQL ] SELECT `name` FROM `wb_user_grade` WHERE  `id` = 5 LIMIT 1 [ RunTime:0.000066s ]
[ sql ] [ SQL ] SELECT `p`.`id`,`g`.`marketable` FROM `wb_products` `p` INNER JOIN `wb_goods` `g` ON `g`.`id`=`p`.`goods_id` WHERE  `p`.`id` = '3' LIMIT 1 [ RunTime:0.000105s ]
[ sql ] [ SQL ] SELECT `goods_id` FROM `wb_products` WHERE  `id` = 3 LIMIT 1 [ RunTime:0.000071s ]
[ sql ] [ SQL ] SELECT `weight` FROM `wb_goods` WHERE  `id` = 2 LIMIT 1 [ RunTime:0.000069s ]
[ sql ] [ SQL ] SHOW COLUMNS FROM `wb_goods_collection` [ RunTime:0.000716s ]
[ sql ] [ SQL ] SELECT * FROM `wb_goods_collection` WHERE  `user_id` = 1  AND `goods_id` = 2 LIMIT 1 [ RunTime:0.000134s ]
[ sql ] [ SQL ] SHOW COLUMNS FROM `wb_promotion` [ RunTime:0.000758s ]
[ sql ] [ SQL ] SELECT * FROM `wb_promotion` WHERE (  `status` = 1  AND `stime` < 1775025020  AND `etime` > 1775025020  AND `type` = 1 ) AND `wb_promotion`.`isdel` IS NULL ORDER BY `sort` ASC [ RunTime:0.000177s ]
[ sql ] [ SQL ] SELECT * FROM `wb_ship` WHERE  `status` = 1  AND `type` = 2  AND (  FIND_IN_SET('150525',area_fee)  ) LIMIT 1 [ RunTime:0.000138s ]
[ sql ] [ SQL ] SELECT * FROM `wb_ship` WHERE  `is_def` = 1  AND `status` = 1 LIMIT 1 [ RunTime:0.000095s ]
[ sql ] [ SQL ] SELECT * FROM `wb_ship` WHERE  `status` = 1 LIMIT 1 [ RunTime:0.000084s ]
[ sql ] [ SQL ] SELECT * FROM `wb_goods` WHERE  `id` = 2 LIMIT 1 [ RunTime:0.000137s ]
[ sql ] [ SQL ] SHOW COLUMNS FROM `wb_order` [ RunTime:0.001255s ]
[ sql ] [ SQL ] INSERT INTO `wb_order` (`order_id` , `user_id` , `order_type` , `ship_area_id` , `ship_address` , `ship_name` , `ship_mobile` , `logistics_id` , `logistics_name` , `store_id` , `goods_amount` , `order_amount` , `cost_freight` , `promotion_list` , `point` , `point_money` , `weight` , `order_pmt` , `goods_pmt` , `coupon_pmt` , `coupon` , `ip` , `memo` , `source` , `tax_type` , `tax_title` , `tax_code` , `ctime` , `utime`) VALUES ('S04011430203362' , 1 , 1 , 150525 , '撒防守打法撒旦法' , '夏赟浩' , '18919660526' , NULL , NULL , 0 , 998 , 998 , 0 , '[]' , 0 , 0 , 0 , 0 , 0 , 0 , '[]' , '127.0.0.1' , '' , 2 , 1 , '不开发票' , '' , 1775025020 , 1775025020) [ RunTime:0.000549s ]
[ sql ] [ SQL ] SELECT * FROM `wb_setting` WHERE  `skey` = 'language' LIMIT 1 [ RunTime:0.000119s ]
[ sql ] [ SQL ] SELECT * FROM `wb_setting` WHERE  `skey` = 'language' LIMIT 1 [ RunTime:0.000075s ]
[ sql ] [ SQL ] SELECT `goods_id` FROM `wb_products` WHERE  `id` = 3 LIMIT 1 [ RunTime:0.000082s ]
[ sql ] [ SQL ] UPDATE `wb_goods`  SET `buy_count` = `buy_count` + 1  WHERE  `id` = 2 [ RunTime:0.000126s ]
[ sql ] [ SQL ] UPDATE `wb_products`  SET `freeze_stock` = `freeze_stock` + 1  WHERE  `id` = 3  AND (  IF(stock < freeze_stock, 0, stock - freeze_stock)-1>=0 ) [ RunTime:0.000488s ]
[ sql ] [ SQL ] SHOW COLUMNS FROM `wb_order_items` [ RunTime:0.003165s ]
[ sql ] [ SQL ] INSERT INTO `wb_order_items` (`order_id` , `goods_id` , `product_id` , `sn` , `bn` , `name` , `price` , `costprice` , `mktprice` , `image_url` , `nums` , `amount` , `promotion_amount` , `weight` , `sendnums` , `addon` , `cate_id` , `promotion_list` , `ave_price` , `ave_amount` , `utime`) VALUES ('S04011430203362' , 2 , 3 , 'P7748594377925' , 'G7748594377885' , '济丸康' , 998 , 0 , 0 , 'http://www.jiwankang.com/static/uploads/images/2026/03/30/177485734869ca2c8422846.png' , 1 , 998 , 0 , 0 , 0 , NULL , 2 , '[]' , 998 , 998 , 1775025020) [ RunTime:0.000444s ]
[ sql ] [ SQL ] DELETE FROM `wb_cart` WHERE  `user_id` = 1  AND `id` IN (1)  AND `type` = 1 [ RunTime:0.001897s ]
[ sql ] [ SQL ] SHOW COLUMNS FROM `wb_order_log` [ RunTime:0.006241s ]
[ sql ] [ SQL ] INSERT INTO `wb_order_log` (`order_id` , `user_id` , `type` , `msg` , `data` , `ctime`) VALUES ('S04011430203362' , 1 , 1 , '订单创建' , '{\"order_id\":\"S04011430203362\",\"user_id\":1,\"order_type\":\"1\",\"ship_area_id\":150525,\"ship_address\":\"\\u6492\\u9632\\u5b88\\u6253\\u6cd5\\u6492\\u65e6\\u6cd5\",\"ship_name\":\"\\u590f\\u8d5f\\u6d69\",\"ship_mobile\":\"18919660526\",\"logistics_id\":null,\"logistics_name\":null,\"store_id\":0,\"goods_amount\":\"998.00\",\"order_amount\":\"998.00\",\"cost_freight\":\"0.00\",\"promotion_list\":\"[]\",\"point\":0,\"point_money\":0,\"weight\":\"0.00\",\"order_pmt\":0,\"goods_pmt\":\"0.00\",\"coupon_pmt\":0,\"coupon\":\"[]\",\"ip\":\"127.0.0.1\",\"memo\":\"\",\"source\":\"2\",\"tax_type\":\"1\",\"tax_title\":\"\\u4e0d\\u5f00\\u53d1\\u7968\",\"tax_code\":\"\"}' , 1775025020) [ RunTime:0.002195s ]
[ sql ] [ SQL ] SELECT * FROM `wb_ship` WHERE  `id` IS NULL LIMIT 1 [ RunTime:0.000147s ]
[ sql ] [ SQL ] SHOW COLUMNS FROM `wb_area` [ RunTime:0.000450s ]
[ sql ] [ SQL ] SELECT `id`,`name`,`parent_id`,`postal_code` FROM `wb_area` WHERE  `id` = 150525 LIMIT 1 [ RunTime:0.000167s ]
[ sql ] [ SQL ] SELECT `id`,`name`,`parent_id`,`postal_code` FROM `wb_area` WHERE  `parent_id` = 150500 [ RunTime:0.001029s ]
[ sql ] [ SQL ] SELECT `id`,`name`,`parent_id`,`postal_code` FROM `wb_area` WHERE  `id` = 150500 LIMIT 1 [ RunTime:0.000114s ]
[ sql ] [ SQL ] SELECT `id`,`name`,`parent_id`,`postal_code` FROM `wb_area` WHERE  `parent_id` = 150000 [ RunTime:0.000636s ]
[ sql ] [ SQL ] SELECT `id`,`name`,`parent_id`,`postal_code` FROM `wb_area` WHERE  `id` = 150000 LIMIT 1 [ RunTime:0.000079s ]
[ sql ] [ SQL ] SELECT `id`,`name`,`parent_id`,`postal_code` FROM `wb_area` WHERE  `parent_id` = 0 [ RunTime:0.000627s ]
[ sql ] [ SQL ] SHOW COLUMNS FROM `wb_message_center` [ RunTime:0.002323s ]
[ sql ] [ SQL ] SELECT * FROM `wb_message_center` WHERE  `code` = 'create_order' LIMIT 1 [ RunTime:0.000120s ]
[ sql ] [ SQL ] SHOW COLUMNS FROM `wb_message` [ RunTime:0.002022s ]
[ sql ] [ SQL ] INSERT INTO `wb_message` (`user_id` , `code` , `params` , `content` , `ctime` , `utime`) VALUES (1 , 'create_order' , '{\"order_id\":\"S04011430203362\",\"user_id\":1,\"order_type\":\"1\",\"ship_area_id\":150525,\"ship_address\":\"\\u6492\\u9632\\u5b88\\u6253\\u6cd5\\u6492\\u65e6\\u6cd5\",\"ship_name\":\"\\u590f\\u8d5f\\u6d69\",\"ship_mobile\":\"18919660526\",\"logistics_id\":null,\"logistics_name\":null,\"store_id\":0,\"goods_amount\":\"998.00\",\"order_amount\":\"998.00\",\"cost_freight\":\"0.00\",\"promotion_list\":\"[]\",\"point\":0,\"point_money\":0,\"weight\":\"0.00\",\"order_pmt\":0,\"goods_pmt\":\"0.00\",\"coupon_pmt\":0,\"coupon\":\"[]\",\"ip\":\"127.0.0.1\",\"memo\":\"\",\"source\":\"2\",\"tax_type\":\"1\",\"tax_title\":\"\\u4e0d\\u5f00\\u53d1\\u7968\",\"tax_code\":\"\",\"tax_content\":\"\\u5546\\u54c1\\u660e\\u7ec6\",\"ship_id\":null,\"ship_addr\":\"\\u5185\\u8499\\u53e4\\u81ea\\u6cbb\\u533a \\u901a\\u8fbd\\u5e02 \\u5948\\u66fc\\u65d7 \\u6492\\u9632\\u5b88\\u6253\\u6cd5\\u6492\\u65e6\\u6cd5\",\"form_id\":\"\"}' , '订单创建成功。' , 1775025020 , 1775025020) [ RunTime:0.000484s ]
---------------------------------------------------------------
[2026-04-01T14:30:21+08:00] 127.0.0.1 POST www.jiwankang.com/api.html
[运行时间：0.034648s] [吞吐率：28.86req/s] [内存消耗：4,635.98kb] [文件加载：101]
[ info ] [ LANG ] E:\wwwroot\2026\04\jiwankang\thinkphp\lang\zh-cn.php
[ info ] [ ROUTE ] array (
)
[ info ] [ HEADER ] array (
  'referer' => 'http://localhost:8080/',
  'origin' => 'http://localhost:8080',
  'content-type' => 'application/json',
  'accept-language' => 'zh-CN,zh;q=0.9',
  'accept-encoding' => 'gzip, deflate',
  'accept' => 'application/json',
  'content-length' => '114',
  'user-agent' => 'Mozilla/5.0 (iPhone; CPU iPhone OS 18_5 like Mac OS X) AppleWebKit/605.1.15 (KHTML, like Gecko) Version/18.5 Mobile/15E148 Safari/604.1',
  'host' => 'www.jiwankang.com',
)
[ info ] [ PARAM ] array (
  'ids' => 'S04011430203362',
  'payment_type' => '1',
  'token' => 'c44ff269142cc0000a5aab51e13546e0',
  'method' => 'payments.checkpay',
)
[ info ] [ DB ] INIT mysql
[ sql ] [ DB ] CONNECT:[ UseTime:0.001011s ] mysql:host=127.0.0.1;port=3306;dbname=jiwankang;charset=utf8mb4
[ sql ] [ SQL ] SHOW COLUMNS FROM `wb_order` [ RunTime:0.001308s ]
[ sql ] [ SQL ] SELECT * FROM `wb_order` WHERE (  `order_id` = 'S04011430203362'  AND `pay_status` = 1  AND `status` = 1 ) AND `wb_order`.`isdel` IS NULL LIMIT 1 [ RunTime:0.000256s ]
---------------------------------------------------------------
[2026-04-01T14:30:21+08:00] 127.0.0.1 POST www.jiwankang.com/api.html
[运行时间：0.053802s] [吞吐率：18.59req/s] [内存消耗：4,245.58kb] [文件加载：101]
[ info ] [ LANG ] E:\wwwroot\2026\04\jiwankang\thinkphp\lang\zh-cn.php
[ info ] [ ROUTE ] array (
)
[ info ] [ HEADER ] array (
  'referer' => 'http://localhost:8080/',
  'origin' => 'http://localhost:8080',
  'content-type' => 'application/json',
  'accept-language' => 'zh-CN,zh;q=0.9',
  'accept-encoding' => 'gzip, deflate',
  'accept' => 'application/json',
  'content-length' => '41',
  'user-agent' => 'Mozilla/5.0 (iPhone; CPU iPhone OS 18_5 like Mac OS X) AppleWebKit/605.1.15 (KHTML, like Gecko) Version/18.5 Mobile/15E148 Safari/604.1',
  'host' => 'www.jiwankang.com',
)
[ info ] [ PARAM ] array (
  'exp' => false,
  'method' => 'payments.getlist',
)
[ info ] [ DB ] INIT mysql
[ sql ] [ DB ] CONNECT:[ UseTime:0.021809s ] mysql:host=127.0.0.1;port=3306;dbname=jiwankang;charset=utf8mb4
[ sql ] [ SQL ] SHOW COLUMNS FROM `wb_payments` [ RunTime:0.005475s ]
[ sql ] [ SQL ] SELECT `code`,`name`,`sort`,`memo`,`status`,`is_online` FROM `wb_payments` WHERE  `status` = 1 ORDER BY `sort` ASC [ RunTime:0.000973s ]
---------------------------------------------------------------
[2026-04-01T14:30:22+08:00] 127.0.0.1 POST www.jiwankang.com/api.html
[运行时间：0.047901s] [吞吐率：20.88req/s] [内存消耗：5,436.60kb] [文件加载：113]
[ info ] [ LANG ] E:\wwwroot\2026\04\jiwankang\thinkphp\lang\zh-cn.php
[ info ] [ ROUTE ] array (
)
[ info ] [ HEADER ] array (
  'referer' => 'http://localhost:8080/',
  'origin' => 'http://localhost:8080',
  'content-type' => 'application/json',
  'accept-language' => 'zh-CN,zh;q=0.9',
  'accept-encoding' => 'gzip, deflate',
  'accept' => 'application/json',
  'content-length' => '133',
  'user-agent' => 'Mozilla/5.0 (iPhone; CPU iPhone OS 18_5 like Mac OS X) AppleWebKit/605.1.15 (KHTML, like Gecko) Version/18.5 Mobile/15E148 Safari/604.1',
  'host' => 'www.jiwankang.com',
)
[ info ] [ PARAM ] array (
  'payment_code' => 'balancepay',
  'payment_type' => '1',
  'ids' => 'S04011430203362',
  'token' => 'c44ff269142cc0000a5aab51e13546e0',
  'method' => 'user.pay',
)
[ info ] [ DB ] INIT mysql
[ sql ] [ DB ] CONNECT:[ UseTime:0.000649s ] mysql:host=127.0.0.1;port=3306;dbname=jiwankang;charset=utf8mb4
[ sql ] [ SQL ] SHOW COLUMNS FROM `wb_user` [ RunTime:0.000483s ]
[ sql ] [ SQL ] SELECT * FROM `wb_user` WHERE (  `id` = 1 ) AND `wb_user`.`isdel` IS NULL LIMIT 1 [ RunTime:0.000213s ]
[ sql ] [ SQL ] SHOW COLUMNS FROM `wb_order` [ RunTime:0.000637s ]
[ sql ] [ SQL ] SELECT `pay_status` FROM `wb_order` WHERE (  `order_id` = 'S04011430203362' ) AND `wb_order`.`isdel` IS NULL LIMIT 1 [ RunTime:0.000154s ]
[ sql ] [ SQL ] SHOW COLUMNS FROM `wb_payments` [ RunTime:0.000844s ]
[ sql ] [ SQL ] SELECT * FROM `wb_payments` WHERE  `code` = 'balancepay'  AND `status` = 1 LIMIT 1 [ RunTime:0.000565s ]
[ sql ] [ SQL ] SELECT * FROM `wb_payments` WHERE  `code` = 'balancepay'  AND `status` = 1 LIMIT 1 [ RunTime:0.000141s ]
[ sql ] [ SQL ] SELECT * FROM `wb_order` WHERE (  `order_id` = 'S04011430203362'  AND `pay_status` = 1  AND `status` = 1 ) AND `wb_order`.`isdel` IS NULL LIMIT 1 [ RunTime:0.000172s ]
[ sql ] [ SQL ] SHOW COLUMNS FROM `wb_bill_payments` [ RunTime:0.000769s ]
[ sql ] [ SQL ] INSERT INTO `wb_bill_payments` (`payment_id` , `money` , `user_id` , `type` , `payment_code` , `ip` , `params` , `ctime` , `utime`) VALUES ('27750250224356' , 998 , 1 , 1 , 'balancepay' , '127.0.0.1' , '[]' , 1775025022 , 1775025022) [ RunTime:0.000816s ]
[ sql ] [ SQL ] SHOW COLUMNS FROM `wb_bill_payments_rel` [ RunTime:0.001553s ]
[ sql ] [ SQL ] INSERT INTO `wb_bill_payments_rel` (`payment_id` , `source_id` , `money`) VALUES ('27750250224356' , 'S04011430203362' , 998) [ RunTime:0.001492s ]
[ sql ] [ SQL ] SHOW COLUMNS FROM `wb_order_items` [ RunTime:0.000866s ]
[ sql ] [ SQL ] SELECT * FROM `wb_order_items` WHERE  `order_id` = 'S04011430203362' LIMIT 1 [ RunTime:0.000173s ]
[ sql ] [ SQL ] SELECT * FROM `wb_user` WHERE (  `id` = 1 ) AND `wb_user`.`isdel` IS NULL LIMIT 1 [ RunTime:0.000157s ]
[ sql ] [ SQL ] SHOW COLUMNS FROM `wb_setting` [ RunTime:0.000750s ]
[ sql ] [ SQL ] SELECT * FROM `wb_setting` WHERE  `skey` = 'language' LIMIT 1 [ RunTime:0.000152s ]
[ sql ] [ SQL ] SELECT * FROM `wb_setting` WHERE  `skey` = 'language' LIMIT 1 [ RunTime:0.000097s ]
---------------------------------------------------------------
[2026-04-01T14:30:38+08:00] 127.0.0.1 OPTIONS www.jiwankang.com/api.html
[运行时间：0.020415s] [吞吐率：48.98req/s] [内存消耗：3,009.21kb] [文件加载：89]
[ info ] [ LANG ] E:\wwwroot\2026\04\jiwankang\thinkphp\lang\zh-cn.php
[ info ] [ ROUTE ] array (
)
[ info ] [ HEADER ] array (
  'sec-fetch-mode' => 'cors',
  'referer' => 'http://localhost:8080/',
  'origin' => 'http://localhost:8080',
  'access-control-request-method' => 'POST',
  'access-control-request-headers' => 'content-type',
  'accept-language' => 'zh-CN,zh;q=0.9',
  'accept-encoding' => 'gzip, deflate',
  'accept' => '*/*',
  'user-agent' => 'Mozilla/5.0 (iPhone; CPU iPhone OS 18_5 like Mac OS X) AppleWebKit/605.1.15 (KHTML, like Gecko) Version/18.5 Mobile/15E148 Safari/604.1',
  'host' => 'www.jiwankang.com',
  'content-length' => '',
  'content-type' => '',
)
[ info ] [ PARAM ] array (
)
---------------------------------------------------------------
[2026-04-01T14:30:38+08:00] 127.0.0.1 POST www.jiwankang.com/api.html
[运行时间：0.078305s] [吞吐率：12.77req/s] [内存消耗：5,772.27kb] [文件加载：126]
[ info ] [ LANG ] E:\wwwroot\2026\04\jiwankang\thinkphp\lang\zh-cn.php
[ info ] [ ROUTE ] array (
)
[ info ] [ HEADER ] array (
  'referer' => 'http://localhost:8080/',
  'origin' => 'http://localhost:8080',
  'content-type' => 'application/json',
  'accept-language' => 'zh-CN,zh;q=0.9',
  'accept-encoding' => 'gzip, deflate',
  'accept' => 'application/json',
  'content-length' => '133',
  'user-agent' => 'Mozilla/5.0 (iPhone; CPU iPhone OS 18_5 like Mac OS X) AppleWebKit/605.1.15 (KHTML, like Gecko) Version/18.5 Mobile/15E148 Safari/604.1',
  'host' => 'www.jiwankang.com',
)
[ info ] [ PARAM ] array (
  'payment_code' => 'balancepay',
  'payment_type' => '1',
  'ids' => 'S04011430203362',
  'token' => 'c44ff269142cc0000a5aab51e13546e0',
  'method' => 'user.pay',
)
[ info ] [ DB ] INIT mysql
[ sql ] [ DB ] CONNECT:[ UseTime:0.000653s ] mysql:host=127.0.0.1;port=3306;dbname=jiwankang;charset=utf8mb4
[ sql ] [ SQL ] SHOW COLUMNS FROM `wb_user` [ RunTime:0.000469s ]
[ sql ] [ SQL ] SELECT * FROM `wb_user` WHERE (  `id` = 1 ) AND `wb_user`.`isdel` IS NULL LIMIT 1 [ RunTime:0.000409s ]
[ sql ] [ SQL ] SHOW COLUMNS FROM `wb_order` [ RunTime:0.001287s ]
[ sql ] [ SQL ] SELECT `pay_status` FROM `wb_order` WHERE (  `order_id` = 'S04011430203362' ) AND `wb_order`.`isdel` IS NULL LIMIT 1 [ RunTime:0.000174s ]
[ sql ] [ SQL ] SHOW COLUMNS FROM `wb_payments` [ RunTime:0.000809s ]
[ sql ] [ SQL ] SELECT * FROM `wb_payments` WHERE  `code` = 'balancepay'  AND `status` = 1 LIMIT 1 [ RunTime:0.000185s ]
[ sql ] [ SQL ] SELECT * FROM `wb_payments` WHERE  `code` = 'balancepay'  AND `status` = 1 LIMIT 1 [ RunTime:0.000114s ]
[ sql ] [ SQL ] SELECT * FROM `wb_order` WHERE (  `order_id` = 'S04011430203362'  AND `pay_status` = 1  AND `status` = 1 ) AND `wb_order`.`isdel` IS NULL LIMIT 1 [ RunTime:0.000213s ]
[ sql ] [ SQL ] SHOW COLUMNS FROM `wb_bill_payments` [ RunTime:0.000760s ]
[ sql ] [ SQL ] INSERT INTO `wb_bill_payments` (`payment_id` , `money` , `user_id` , `type` , `payment_code` , `ip` , `params` , `ctime` , `utime`) VALUES ('27750250388984' , 998 , 1 , 1 , 'balancepay' , '127.0.0.1' , '[]' , 1775025038 , 1775025038) [ RunTime:0.000135s ]
[ sql ] [ SQL ] SHOW COLUMNS FROM `wb_bill_payments_rel` [ RunTime:0.004367s ]
[ sql ] [ SQL ] INSERT INTO `wb_bill_payments_rel` (`payment_id` , `source_id` , `money`) VALUES ('27750250388984' , 'S04011430203362' , 998) [ RunTime:0.000121s ]
[ sql ] [ SQL ] SHOW COLUMNS FROM `wb_order_items` [ RunTime:0.001987s ]
[ sql ] [ SQL ] SELECT * FROM `wb_order_items` WHERE  `order_id` = 'S04011430203362' LIMIT 1 [ RunTime:0.000257s ]
[ sql ] [ SQL ] SELECT * FROM `wb_user` WHERE (  `id` = 1 ) AND `wb_user`.`isdel` IS NULL LIMIT 1 [ RunTime:0.000168s ]
[ sql ] [ SQL ] SHOW COLUMNS FROM `wb_balance` [ RunTime:0.000721s ]
[ sql ] [ SQL ] INSERT INTO `wb_balance` (`user_id` , `type` , `money` , `balance` , `source_id` , `memo` , `ctime`) VALUES (1 , 1 , -998 , 9020 , '27750250388984' , '消费了998元' , 1775025038) [ RunTime:0.000122s ]
[ sql ] [ SQL ] UPDATE `wb_user`  SET `balance` = 9020 , `utime` = 1775025038  WHERE (  `id` = 1 ) AND `wb_user`.`isdel` IS NULL [ RunTime:0.000139s ]
[ sql ] [ SQL ] SELECT * FROM `wb_bill_payments` WHERE  `payment_id` = '27750250388984' LIMIT 1 [ RunTime:0.000162s ]
[ sql ] [ SQL ] SELECT * FROM `wb_bill_payments` WHERE  `payment_id` = '27750250388984'  AND `money` = 998  AND `status` <> 2 LIMIT 1 [ RunTime:0.000153s ]
[ sql ] [ SQL ] UPDATE `wb_bill_payments`  SET `status` = 2 , `payment_code` = 'balancepay' , `payed_msg` = NULL , `trade_no` = NULL , `utime` = 1775025038  WHERE  `payment_id` = '27750250388984'  AND `money` = 998  AND `status` <> 2 [ RunTime:0.000193s ]
[ sql ] [ SQL ] SELECT * FROM `wb_bill_payments_rel` WHERE  `payment_id` = '27750250388984' [ RunTime:0.000111s ]
[ sql ] [ SQL ] SHOW COLUMNS FROM `wb_setting` [ RunTime:0.000260s ]
[ sql ] [ SQL ] SELECT * FROM `wb_setting` WHERE  `skey` = 'language' LIMIT 1 [ RunTime:0.000091s ]
[ sql ] [ SQL ] SELECT * FROM `wb_setting` WHERE  `skey` = 'language' LIMIT 1 [ RunTime:0.000071s ]
[ sql ] [ SQL ] SELECT * FROM `wb_order` WHERE (  `order_id` = 'S04011430203362'  AND `status` = 1 ) AND `wb_order`.`isdel` IS NULL LIMIT 1 [ RunTime:0.000157s ]
[ sql ] [ SQL ] UPDATE `wb_order`  SET `payment_code` = 'balancepay' , `payed` = 998 , `pay_status` = 2 , `payment_time` = 1775025038  WHERE (  `order_id` = 'S04011430203362' ) AND `wb_order`.`isdel` IS NULL [ RunTime:0.000164s ]
[ sql ] [ SQL ] SELECT * FROM `wb_setting` WHERE  `skey` = 'order_butie' LIMIT 1 [ RunTime:0.000110s ]
[ sql ] [ SQL ] SELECT * FROM `wb_order_items` WHERE  `order_id` = 'S04011430203362' [ RunTime:0.000184s ]
[ sql ] [ SQL ] SHOW COLUMNS FROM `wb_money` [ RunTime:0.003363s ]
[ sql ] [ SQL ] SELECT `money` FROM `wb_money` WHERE  `type` = 1 LIMIT 1 [ RunTime:0.000195s ]
[ sql ] [ SQL ] SELECT * FROM `wb_money` WHERE  `type` = 1 LIMIT 1 [ RunTime:0.000125s ]
[ sql ] [ SQL ] UPDATE `wb_money`  SET `money` = 5219.5 , `utime` = 1775025038  WHERE  `id` = 1 [ RunTime:0.000409s ]
[ sql ] [ SQL ] SHOW COLUMNS FROM `wb_money_log` [ RunTime:0.001604s ]
[ sql ] [ SQL ] INSERT INTO `wb_money_log` (`money` , `flow_type` , `source_id` , `balance` , `ctime` , `utime`) VALUES (249.5 , 1 , 'S04011430203362' , 5219.5 , 1775025038 , 1775025038) [ RunTime:0.000215s ]
[ sql ] [ SQL ] SELECT `mobile` FROM `wb_user` WHERE (  `id` = 1 ) AND `wb_user`.`isdel` IS NULL LIMIT 1 [ RunTime:0.000119s ]
[ sql ] [ SQL ] SHOW COLUMNS FROM `wb_message_center` [ RunTime:0.000772s ]
[ sql ] [ SQL ] SELECT * FROM `wb_message_center` WHERE  `code` = 'order_payed' LIMIT 1 [ RunTime:0.000112s ]
[ sql ] [ SQL ] SHOW COLUMNS FROM `wb_message` [ RunTime:0.000742s ]
[ sql ] [ SQL ] INSERT INTO `wb_message` (`user_id` , `code` , `params` , `content` , `ctime` , `utime`) VALUES (1 , 'order_payed' , '{\"order_id\":\"S04011430203362\",\"goods_amount\":\"998.00\",\"payed\":\"0.00\",\"order_amount\":\"998.00\",\"pay_status\":1,\"ship_status\":1,\"status\":1,\"order_type\":1,\"payment_code\":null,\"payment_time\":null,\"logistics_id\":null,\"logistics_name\":null,\"cost_freight\":\"0.00\",\"user_id\":1,\"seller_id\":null,\"confirm\":1,\"confirm_time\":null,\"store_id\":0,\"ship_area_id\":150525,\"ship_address\":\"\\u6492\\u9632\\u5b88\\u6253\\u6cd5\\u6492\\u65e6\\u6cd5\",\"ship_name\":\"\\u590f\\u8d5f\\u6d69\",\"ship_mobile\":\"18919660526\",\"weight\":0,\"tax_type\":1,\"tax_code\":\"\",\"tax_title\":\"\\u4e0d\\u5f00\\u53d1\\u7968\",\"point\":0,\"point_money\":\"0.00\",\"order_pmt\":\"0.00\",\"goods_pmt\":\"0.00\",\"coupon_pmt\":\"0.00\",\"coupon\":\"[]\",\"promotion_list\":\"[]\",\"memo\":\"\",\"ip\":\"127.0.0.1\",\"mark\":null,\"source\":2,\"is_comment\":1,\"ctime\":1775025020,\"utime\":1775025020,\"isdel\":null,\"pay_time\":\"2026-04-01 14:30:38\",\"money\":\"998.00\",\"user_name\":\"18919660526\"}' , '恭喜您，订单支付成功,祝您购物愉快。' , 1775025038 , 1775025038) [ RunTime:0.000122s ]
[ sql ] [ SQL ] SELECT * FROM `wb_message_center` WHERE  `code` = 'seller_order_notice' LIMIT 1 [ RunTime:0.000098s ]
[ sql ] [ SQL ] SELECT `mobile` FROM `wb_user` WHERE (  `id` = 1 ) AND `wb_user`.`isdel` IS NULL LIMIT 1 [ RunTime:0.000089s ]
[ sql ] [ SQL ] SELECT * FROM `wb_setting` WHERE  `skey` = 'shop_mobile' LIMIT 1 [ RunTime:0.000081s ]
[ sql ] [ SQL ] SELECT * FROM `wb_order` WHERE (  `order_id` = 'S04011430203362' ) AND `wb_order`.`isdel` IS NULL LIMIT 1 [ RunTime:0.000173s ]
[ sql ] [ SQL ] SELECT * FROM `wb_user` WHERE (  `id` = 1 ) AND `wb_user`.`isdel` IS NULL LIMIT 1 [ RunTime:0.000117s ]
[ sql ] [ SQL ] SELECT SUM(`nums`) AS tp_sum FROM `wb_order` `o` INNER JOIN `wb_order_items` `i` ON `i`.`order_id`=`o`.`order_id` WHERE  `o`.`user_id` = '1'  AND `o`.`pay_status` = '2'  AND `i`.`cate_id` = '2'  AND `status` < 3 LIMIT 1 [ RunTime:0.000167s ]
[ sql ] [ SQL ] UPDATE `wb_user`  SET `grade` = 2 , `tiyan` = 30 , `utime` = 1775025038  WHERE (  `id` = 1 ) AND `wb_user`.`isdel` IS NULL [ RunTime:0.000116s ]
[ sql ] [ SQL ] SHOW COLUMNS FROM `wb_user_grade_log` [ RunTime:0.002397s ]
[ sql ] [ SQL ] INSERT INTO `wb_user_grade_log` (`user_id` , `old_grade` , `current_grade` , `endtime` , `params` , `type` , `ctime`) VALUES (1 , 1 , 2 , 0 , '[]' , 2 , 1775025038) [ RunTime:0.000117s ]
[ sql ] [ SQL ] SELECT * FROM `wb_user` WHERE (  `id` = 1 ) AND `wb_user`.`isdel` IS NULL LIMIT 1 [ RunTime:0.000146s ]
[ sql ] [ SQL ] SELECT * FROM `wb_user` WHERE (  `id` = 1 ) AND `wb_user`.`isdel` IS NULL LIMIT 1 [ RunTime:0.000108s ]
[ sql ] [ SQL ] SHOW COLUMNS FROM `wb_order_log` [ RunTime:0.001063s ]
[ sql ] [ SQL ] INSERT INTO `wb_order_log` (`order_id` , `user_id` , `type` , `msg` , `data` , `ctime`) VALUES ('S04011430203362' , 1 , 2 , '订单支付成功' , '[{\"status\":true,\"data\":1,\"msg\":\"\\u8ba2\\u5355\\u652f\\u4ed8\\u6210\\u529f\"},{\"payment_code\":\"balancepay\",\"payed\":\"998.00\",\"pay_status\":2,\"payment_time\":1775025038}]' , 1775025038) [ RunTime:0.000353s ]
[ error ] [8]未定义数组索引: memo[E:\wwwroot\2026\04\jiwankang\extend\org\payments\balancepay.php:38]
[ error ] [8]未定义数组索引: id[E:\wwwroot\2026\04\jiwankang\extend\org\payments\balancepay.php:38]
[ error ] [8]Object of class app\common\model\User could not be converted to int[E:\wwwroot\2026\04\jiwankang\addons\Userupgrade\Userupgrade.php:96]
---------------------------------------------------------------
[2026-04-01T14:30:39+08:00] 127.0.0.1 POST www.jiwankang.com/api.html
[运行时间：0.033356s] [吞吐率：29.98req/s] [内存消耗：4,721.13kb] [文件加载：107]
[ info ] [ LANG ] E:\wwwroot\2026\04\jiwankang\thinkphp\lang\zh-cn.php
[ info ] [ ROUTE ] array (
)
[ info ] [ HEADER ] array (
  'referer' => 'http://localhost:8080/',
  'origin' => 'http://localhost:8080',
  'content-type' => 'application/json',
  'accept-language' => 'zh-CN,zh;q=0.9',
  'accept-encoding' => 'gzip, deflate',
  'accept' => 'application/json',
  'content-length' => '102',
  'user-agent' => 'Mozilla/5.0 (iPhone; CPU iPhone OS 18_5 like Mac OS X) AppleWebKit/605.1.15 (KHTML, like Gecko) Version/18.5 Mobile/15E148 Safari/604.1',
  'host' => 'www.jiwankang.com',
)
[ info ] [ PARAM ] array (
  'payment_id' => '27750250388984',
  'token' => 'c44ff269142cc0000a5aab51e13546e0',
  'method' => 'payments.getinfo',
)
[ info ] [ DB ] INIT mysql
[ sql ] [ DB ] CONNECT:[ UseTime:0.000633s ] mysql:host=127.0.0.1;port=3306;dbname=jiwankang;charset=utf8mb4
[ sql ] [ SQL ] SHOW COLUMNS FROM `wb_user` [ RunTime:0.000471s ]
[ sql ] [ SQL ] SELECT * FROM `wb_user` WHERE (  `id` = 1 ) AND `wb_user`.`isdel` IS NULL LIMIT 1 [ RunTime:0.000399s ]
[ sql ] [ SQL ] SHOW COLUMNS FROM `wb_bill_payments` [ RunTime:0.001094s ]
[ sql ] [ SQL ] SELECT * FROM `wb_bill_payments` WHERE  `payment_id` = '27750250388984'  AND `user_id` = 1 LIMIT 1 [ RunTime:0.000187s ]
[ sql ] [ SQL ] SHOW COLUMNS FROM `wb_bill_payments_rel` [ RunTime:0.000810s ]
[ sql ] [ SQL ] SELECT * FROM `wb_bill_payments_rel` WHERE  `payment_id` = '27750250388984' [ RunTime:0.000219s ]
---------------------------------------------------------------
[2026-04-01T14:30:42+08:00] 127.0.0.1 POST www.jiwankang.com/api.html
[运行时间：0.046644s] [吞吐率：21.44req/s] [内存消耗：4,820.80kb] [文件加载：107]
[ info ] [ LANG ] E:\wwwroot\2026\04\jiwankang\thinkphp\lang\zh-cn.php
[ info ] [ ROUTE ] array (
)
[ info ] [ HEADER ] array (
  'referer' => 'http://localhost:8080/',
  'origin' => 'http://localhost:8080',
  'content-type' => 'application/json',
  'accept-language' => 'zh-CN,zh;q=0.9',
  'accept-encoding' => 'gzip, deflate',
  'accept' => 'application/json',
  'content-length' => '65',
  'user-agent' => 'Mozilla/5.0 (iPhone; CPU iPhone OS 18_5 like Mac OS X) AppleWebKit/605.1.15 (KHTML, like Gecko) Version/18.5 Mobile/15E148 Safari/604.1',
  'host' => 'www.jiwankang.com',
)
[ info ] [ PARAM ] array (
  'token' => 'c44ff269142cc0000a5aab51e13546e0',
  'method' => 'user.info',
)
[ info ] [ DB ] INIT mysql
[ sql ] [ DB ] CONNECT:[ UseTime:0.000776s ] mysql:host=127.0.0.1;port=3306;dbname=jiwankang;charset=utf8mb4
[ sql ] [ SQL ] SHOW COLUMNS FROM `wb_user` [ RunTime:0.000473s ]
[ sql ] [ SQL ] SELECT * FROM `wb_user` WHERE (  `id` = 1 ) AND `wb_user`.`isdel` IS NULL LIMIT 1 [ RunTime:0.000229s ]
[ sql ] [ SQL ] SELECT `id`,`username`,`mobile`,`sex`,`birthday`,`avatar`,`nickname`,`balance`,`point`,`grade`,`status`,`pid`,`password`,`ctime`,`remarks`,`area_id`,`tiyan`,`num_point`,`exp` FROM `wb_user` WHERE (  `id` = 1 ) AND `wb_user`.`isdel` IS NULL LIMIT 1 [ RunTime:0.000646s ]
[ sql ] [ SQL ] SHOW COLUMNS FROM `wb_user_grade` [ RunTime:0.001302s ]
[ sql ] [ SQL ] SELECT * FROM `wb_user_grade` WHERE  `id` = 2 [ RunTime:0.000241s ]
[ sql ] [ SQL ] SELECT * FROM `wb_user_grade` WHERE  `id` = 2 LIMIT 1 [ RunTime:0.000141s ]
---------------------------------------------------------------
[2026-04-01T14:30:44+08:00] 127.0.0.1 GET www.jiwankang.com/api/common/jshopConf
[运行时间：0.026970s] [吞吐率：37.08req/s] [内存消耗：3,090.90kb] [文件加载：93]
[ info ] [ LANG ] E:\wwwroot\2026\04\jiwankang\thinkphp\lang\zh-cn.php
[ info ] [ ROUTE ] array (
)
[ info ] [ HEADER ] array (
  'referer' => 'http://localhost:8080/',
  'origin' => 'http://localhost:8080',
  'accept-language' => 'zh-CN,zh;q=0.9',
  'accept-encoding' => 'gzip, deflate',
  'accept' => '*/*',
  'user-agent' => 'Mozilla/5.0 (iPhone; CPU iPhone OS 18_5 like Mac OS X) AppleWebKit/605.1.15 (KHTML, like Gecko) Version/18.5 Mobile/15E148 Safari/604.1',
  'host' => 'www.jiwankang.com',
  'content-length' => '',
  'content-type' => '',
)
[ info ] [ PARAM ] array (
)
---------------------------------------------------------------
[2026-04-01T14:30:44+08:00] 127.0.0.1 GET www.jiwankang.com/api/common/jshopconf
[运行时间：0.023337s] [吞吐率：42.85req/s] [内存消耗：3,091.32kb] [文件加载：93]
[ info ] [ LANG ] E:\wwwroot\2026\04\jiwankang\thinkphp\lang\zh-cn.php
[ info ] [ ROUTE ] array (
)
[ info ] [ HEADER ] array (
  'referer' => 'http://localhost:8080/',
  'origin' => 'http://localhost:8080',
  'content-type' => 'application/x-www-form-urlencoded',
  'accept-language' => 'zh-CN,zh;q=0.9',
  'accept-encoding' => 'gzip, deflate',
  'accept' => 'application/json',
  'user-agent' => 'Mozilla/5.0 (iPhone; CPU iPhone OS 18_5 like Mac OS X) AppleWebKit/605.1.15 (KHTML, like Gecko) Version/18.5 Mobile/15E148 Safari/604.1',
  'host' => 'www.jiwankang.com',
  'content-length' => '',
)
[ info ] [ PARAM ] array (
)
---------------------------------------------------------------
[2026-04-01T14:30:44+08:00] 127.0.0.1 OPTIONS www.jiwankang.com/api.html
[运行时间：0.029902s] [吞吐率：33.44req/s] [内存消耗：3,009.21kb] [文件加载：89]
[ info ] [ LANG ] E:\wwwroot\2026\04\jiwankang\thinkphp\lang\zh-cn.php
[ info ] [ ROUTE ] array (
)
[ info ] [ HEADER ] array (
  'sec-fetch-mode' => 'cors',
  'referer' => 'http://localhost:8080/',
  'origin' => 'http://localhost:8080',
  'access-control-request-method' => 'POST',
  'access-control-request-headers' => 'content-type',
  'accept-language' => 'zh-CN,zh;q=0.9',
  'accept-encoding' => 'gzip, deflate',
  'accept' => '*/*',
  'user-agent' => 'Mozilla/5.0 (iPhone; CPU iPhone OS 18_5 like Mac OS X) AppleWebKit/605.1.15 (KHTML, like Gecko) Version/18.5 Mobile/15E148 Safari/604.1',
  'host' => 'www.jiwankang.com',
  'content-length' => '',
  'content-type' => '',
)
[ info ] [ PARAM ] array (
)
---------------------------------------------------------------
[2026-04-01T14:30:44+08:00] 127.0.0.1 OPTIONS www.jiwankang.com/api.html
[运行时间：0.030653s] [吞吐率：32.62req/s] [内存消耗：3,009.21kb] [文件加载：89]
[ info ] [ LANG ] E:\wwwroot\2026\04\jiwankang\thinkphp\lang\zh-cn.php
[ info ] [ ROUTE ] array (
)
[ info ] [ HEADER ] array (
  'sec-fetch-mode' => 'cors',
  'referer' => 'http://localhost:8080/',
  'origin' => 'http://localhost:8080',
  'access-control-request-method' => 'POST',
  'access-control-request-headers' => 'content-type',
  'accept-language' => 'zh-CN,zh;q=0.9',
  'accept-encoding' => 'gzip, deflate',
  'accept' => '*/*',
  'user-agent' => 'Mozilla/5.0 (iPhone; CPU iPhone OS 18_5 like Mac OS X) AppleWebKit/605.1.15 (KHTML, like Gecko) Version/18.5 Mobile/15E148 Safari/604.1',
  'host' => 'www.jiwankang.com',
  'content-length' => '',
  'content-type' => '',
)
[ info ] [ PARAM ] array (
)
---------------------------------------------------------------
[2026-04-01T14:30:44+08:00] 127.0.0.1 POST www.jiwankang.com/api.html
[运行时间：0.032531s] [吞吐率：30.74req/s] [内存消耗：3,178.30kb] [文件加载：95]
[ info ] [ LANG ] E:\wwwroot\2026\04\jiwankang\thinkphp\lang\zh-cn.php
[ info ] [ ROUTE ] array (
)
[ info ] [ HEADER ] array (
  'referer' => 'http://localhost:8080/',
  'origin' => 'http://localhost:8080',
  'content-type' => 'application/json',
  'accept-language' => 'zh-CN,zh;q=0.9',
  'accept-encoding' => 'gzip, deflate',
  'accept' => 'application/json',
  'content-length' => '58',
  'user-agent' => 'Mozilla/5.0 (iPhone; CPU iPhone OS 18_5 like Mac OS X) AppleWebKit/605.1.15 (KHTML, like Gecko) Version/18.5 Mobile/15E148 Safari/604.1',
  'host' => 'www.jiwankang.com',
)
[ info ] [ PARAM ] array (
  'codes' => 'grid_slider',
  'method' => 'advert.getcarousellists',
)
---------------------------------------------------------------
[2026-04-01T14:30:44+08:00] 127.0.0.1 POST www.jiwankang.com/api.html
[运行时间：0.044445s] [吞吐率：22.50req/s] [内存消耗：3,177.91kb] [文件加载：95]
[ info ] [ LANG ] E:\wwwroot\2026\04\jiwankang\thinkphp\lang\zh-cn.php
[ info ] [ ROUTE ] array (
)
[ info ] [ HEADER ] array (
  'referer' => 'http://localhost:8080/',
  'origin' => 'http://localhost:8080',
  'content-type' => 'application/json',
  'accept-language' => 'zh-CN,zh;q=0.9',
  'accept-encoding' => 'gzip, deflate',
  'accept' => 'application/json',
  'content-length' => '58',
  'user-agent' => 'Mozilla/5.0 (iPhone; CPU iPhone OS 18_5 like Mac OS X) AppleWebKit/605.1.15 (KHTML, like Gecko) Version/18.5 Mobile/15E148 Safari/604.1',
  'host' => 'www.jiwankang.com',
)
[ info ] [ PARAM ] array (
  'codes' => 'tpl1_slider',
  'method' => 'advert.getcarousellists',
)
---------------------------------------------------------------
[2026-04-01T14:30:44+08:00] 127.0.0.1 POST www.jiwankang.com/api.html
[运行时间：0.046695s] [吞吐率：21.42req/s] [内存消耗：4,594.55kb] [文件加载：104]
[ info ] [ LANG ] E:\wwwroot\2026\04\jiwankang\thinkphp\lang\zh-cn.php
[ info ] [ ROUTE ] array (
)
[ info ] [ HEADER ] array (
  'referer' => 'http://localhost:8080/',
  'origin' => 'http://localhost:8080',
  'content-type' => 'application/json',
  'accept-language' => 'zh-CN,zh;q=0.9',
  'accept-encoding' => 'gzip, deflate',
  'accept' => 'application/json',
  'content-length' => '28',
  'user-agent' => 'Mozilla/5.0 (iPhone; CPU iPhone OS 18_5 like Mac OS X) AppleWebKit/605.1.15 (KHTML, like Gecko) Version/18.5 Mobile/15E148 Safari/604.1',
  'host' => 'www.jiwankang.com',
)
[ info ] [ PARAM ] array (
  'method' => 'shopindex.index',
)
[ info ] [ DB ] INIT mysql
[ sql ] [ DB ] CONNECT:[ UseTime:0.001292s ] mysql:host=127.0.0.1;port=3306;dbname=jiwankang;charset=utf8mb4
[ sql ] [ SQL ] SHOW COLUMNS FROM `wb_notice` [ RunTime:0.001497s ]
[ sql ] [ SQL ] SELECT * FROM `wb_notice` WHERE (  `type` = 1 ) AND `wb_notice`.`isdel` IS NULL LIMIT 1 [ RunTime:0.000420s ]
---------------------------------------------------------------
[2026-04-01T14:32:34+08:00] 127.0.0.1 POST www.jiwankang.com/Api/common/area.html
[运行时间：0.036440s] [吞吐率：27.44req/s] [内存消耗：4,275.59kb] [文件加载：99]
[ info ] [ LANG ] E:\wwwroot\2026\04\jiwankang\thinkphp\lang\zh-cn.php
[ info ] [ ROUTE ] array (
)
[ info ] [ HEADER ] array (
  'x-requested-with' => 'XMLHttpRequest',
  'referer' => 'http://www.jiwankang.com/manage/user/index.html',
  'origin' => 'http://www.jiwankang.com',
  'cookie' => 'PHPSESSID=6ge3q9cob417ort2dkkl8j63da',
  'content-type' => 'application/x-www-form-urlencoded; charset=UTF-8',
  'accept-language' => 'zh-CN,zh;q=0.9',
  'accept-encoding' => 'gzip, deflate',
  'accept' => '*/*',
  'content-length' => '9',
  'user-agent' => 'Mozilla/5.0 (Windows NT 10.0; Win64; x64) AppleWebKit/537.36 (KHTML, like Gecko) Chrome/146.0.0.0 Safari/537.36',
  'host' => 'www.jiwankang.com',
)
[ info ] [ PARAM ] array (
  'id' => '340203',
)
[ info ] [ DB ] INIT mysql
[ sql ] [ DB ] CONNECT:[ UseTime:0.001713s ] mysql:host=127.0.0.1;port=3306;dbname=jiwankang;charset=utf8mb4
[ sql ] [ SQL ] SHOW COLUMNS FROM `wb_area` [ RunTime:0.001682s ]
[ sql ] [ SQL ] SELECT `id`,`name`,`parent_id`,`postal_code` FROM `wb_area` WHERE  `id` = 340203 LIMIT 1 [ RunTime:0.000349s ]
[ sql ] [ SQL ] SELECT `id`,`name`,`parent_id`,`postal_code` FROM `wb_area` WHERE  `parent_id` = 340200 [ RunTime:0.000673s ]
[ sql ] [ SQL ] SELECT `id`,`name`,`parent_id`,`postal_code` FROM `wb_area` WHERE  `id` = 340200 LIMIT 1 [ RunTime:0.000103s ]
[ sql ] [ SQL ] SELECT `id`,`name`,`parent_id`,`postal_code` FROM `wb_area` WHERE  `parent_id` = 340000 [ RunTime:0.000646s ]
[ sql ] [ SQL ] SELECT `id`,`name`,`parent_id`,`postal_code` FROM `wb_area` WHERE  `id` = 340000 LIMIT 1 [ RunTime:0.000112s ]
[ sql ] [ SQL ] SELECT `id`,`name`,`parent_id`,`postal_code` FROM `wb_area` WHERE  `parent_id` = 0 [ RunTime:0.000628s ]
---------------------------------------------------------------
[2026-04-01T14:33:41+08:00] 127.0.0.1 OPTIONS www.jiwankang.com/api.html
[运行时间：0.025865s] [吞吐率：38.66req/s] [内存消耗：3,009.21kb] [文件加载：89]
[ info ] [ LANG ] E:\wwwroot\2026\04\jiwankang\thinkphp\lang\zh-cn.php
[ info ] [ ROUTE ] array (
)
[ info ] [ HEADER ] array (
  'sec-fetch-mode' => 'cors',
  'referer' => 'http://localhost:8080/',
  'origin' => 'http://localhost:8080',
  'access-control-request-method' => 'POST',
  'access-control-request-headers' => 'content-type',
  'accept-language' => 'zh-CN,zh;q=0.9',
  'accept-encoding' => 'gzip, deflate',
  'accept' => '*/*',
  'user-agent' => 'Mozilla/5.0 (iPhone; CPU iPhone OS 18_5 like Mac OS X) AppleWebKit/605.1.15 (KHTML, like Gecko) Version/18.5 Mobile/15E148 Safari/604.1',
  'host' => 'www.jiwankang.com',
  'content-length' => '',
  'content-type' => '',
)
[ info ] [ PARAM ] array (
)
---------------------------------------------------------------
[2026-04-01T14:33:41+08:00] 127.0.0.1 OPTIONS www.jiwankang.com/api.html
[运行时间：0.025932s] [吞吐率：38.56req/s] [内存消耗：3,009.21kb] [文件加载：89]
[ info ] [ LANG ] E:\wwwroot\2026\04\jiwankang\thinkphp\lang\zh-cn.php
[ info ] [ ROUTE ] array (
)
[ info ] [ HEADER ] array (
  'sec-fetch-mode' => 'cors',
  'referer' => 'http://localhost:8080/',
  'origin' => 'http://localhost:8080',
  'access-control-request-method' => 'POST',
  'access-control-request-headers' => 'content-type',
  'accept-language' => 'zh-CN,zh;q=0.9',
  'accept-encoding' => 'gzip, deflate',
  'accept' => '*/*',
  'user-agent' => 'Mozilla/5.0 (iPhone; CPU iPhone OS 18_5 like Mac OS X) AppleWebKit/605.1.15 (KHTML, like Gecko) Version/18.5 Mobile/15E148 Safari/604.1',
  'host' => 'www.jiwankang.com',
  'content-length' => '',
  'content-type' => '',
)
[ info ] [ PARAM ] array (
)
---------------------------------------------------------------
[2026-04-01T14:33:41+08:00] 127.0.0.1 OPTIONS www.jiwankang.com/api.html
[运行时间：0.027373s] [吞吐率：36.53req/s] [内存消耗：3,009.21kb] [文件加载：89]
[ info ] [ LANG ] E:\wwwroot\2026\04\jiwankang\thinkphp\lang\zh-cn.php
[ info ] [ ROUTE ] array (
)
[ info ] [ HEADER ] array (
  'sec-fetch-mode' => 'cors',
  'referer' => 'http://localhost:8080/',
  'origin' => 'http://localhost:8080',
  'access-control-request-method' => 'POST',
  'access-control-request-headers' => 'content-type',
  'accept-language' => 'zh-CN,zh;q=0.9',
  'accept-encoding' => 'gzip, deflate',
  'accept' => '*/*',
  'user-agent' => 'Mozilla/5.0 (iPhone; CPU iPhone OS 18_5 like Mac OS X) AppleWebKit/605.1.15 (KHTML, like Gecko) Version/18.5 Mobile/15E148 Safari/604.1',
  'host' => 'www.jiwankang.com',
  'content-length' => '',
  'content-type' => '',
)
[ info ] [ PARAM ] array (
)
---------------------------------------------------------------
[2026-04-01T14:33:41+08:00] 127.0.0.1 OPTIONS www.jiwankang.com/api.html
[运行时间：0.030313s] [吞吐率：32.99req/s] [内存消耗：3,009.21kb] [文件加载：89]
[ info ] [ LANG ] E:\wwwroot\2026\04\jiwankang\thinkphp\lang\zh-cn.php
[ info ] [ ROUTE ] array (
)
[ info ] [ HEADER ] array (
  'sec-fetch-mode' => 'cors',
  'referer' => 'http://localhost:8080/',
  'origin' => 'http://localhost:8080',
  'access-control-request-method' => 'POST',
  'access-control-request-headers' => 'content-type',
  'accept-language' => 'zh-CN,zh;q=0.9',
  'accept-encoding' => 'gzip, deflate',
  'accept' => '*/*',
  'user-agent' => 'Mozilla/5.0 (iPhone; CPU iPhone OS 18_5 like Mac OS X) AppleWebKit/605.1.15 (KHTML, like Gecko) Version/18.5 Mobile/15E148 Safari/604.1',
  'host' => 'www.jiwankang.com',
  'content-length' => '',
  'content-type' => '',
)
[ info ] [ PARAM ] array (
)
---------------------------------------------------------------
[2026-04-01T14:33:41+08:00] 127.0.0.1 POST www.jiwankang.com/api.html
[运行时间：0.039974s] [吞吐率：25.02req/s] [内存消耗：4,830.21kb] [文件加载：107]
[ info ] [ LANG ] E:\wwwroot\2026\04\jiwankang\thinkphp\lang\zh-cn.php
[ info ] [ ROUTE ] array (
)
[ info ] [ HEADER ] array (
  'referer' => 'http://localhost:8080/',
  'origin' => 'http://localhost:8080',
  'content-type' => 'application/json',
  'accept-language' => 'zh-CN,zh;q=0.9',
  'accept-encoding' => 'gzip, deflate',
  'accept' => 'application/json',
  'content-length' => '40',
  'user-agent' => 'Mozilla/5.0 (iPhone; CPU iPhone OS 18_5 like Mac OS X) AppleWebKit/605.1.15 (KHTML, like Gecko) Version/18.5 Mobile/15E148 Safari/604.1',
  'host' => 'www.jiwankang.com',
)
[ info ] [ PARAM ] array (
  'id' => '2',
  'method' => 'goods.getgoodsparams',
)
[ info ] [ DB ] INIT mysql
[ sql ] [ DB ] CONNECT:[ UseTime:0.001285s ] mysql:host=127.0.0.1;port=3306;dbname=jiwankang;charset=utf8mb4
[ sql ] [ SQL ] SHOW COLUMNS FROM `wb_setting` [ RunTime:0.000882s ]
[ sql ] [ SQL ] SELECT * FROM `wb_setting` WHERE  `skey` = 'language' LIMIT 1 [ RunTime:0.000296s ]
[ sql ] [ SQL ] SELECT * FROM `wb_setting` WHERE  `skey` = 'language' LIMIT 1 [ RunTime:0.000138s ]
[ sql ] [ SQL ] SELECT * FROM `wb_setting` WHERE  `skey` = 'language' LIMIT 1 [ RunTime:0.000212s ]
[ sql ] [ SQL ] SELECT * FROM `wb_setting` WHERE  `skey` = 'language' LIMIT 1 [ RunTime:0.000131s ]
[ sql ] [ SQL ] SHOW COLUMNS FROM `wb_goods` [ RunTime:0.000972s ]
[ sql ] [ SQL ] SELECT `id`,`bn`,`name`,`brand_id`,`image_id`,`params`,`spes_desc` FROM `wb_goods` WHERE  `id` = 2 LIMIT 1 [ RunTime:0.000170s ]
[ sql ] [ SQL ] SELECT * FROM `wb_setting` WHERE  `skey` = 'language' LIMIT 1 [ RunTime:0.000120s ]
[ sql ] [ SQL ] SELECT * FROM `wb_setting` WHERE  `skey` = 'language' LIMIT 1 [ RunTime:0.000077s ]
[ sql ] [ SQL ] SHOW COLUMNS FROM `wb_goods_images` [ RunTime:0.000908s ]
[ sql ] [ SQL ] SELECT * FROM `wb_goods_images` WHERE  `goods_id` = 2 ORDER BY `sort` DESC [ RunTime:0.000156s ]
[ sql ] [ SQL ] SHOW COLUMNS FROM `wb_products` [ RunTime:0.000896s ]
[ sql ] [ SQL ] SELECT `id` FROM `wb_products` WHERE  `goods_id` = 2 [ RunTime:0.000172s ]
[ sql ] [ SQL ] SELECT * FROM `wb_products` WHERE  `id` = 3 LIMIT 1 [ RunTime:0.000116s ]
[ sql ] [ SQL ] SELECT `name`,`image_id`,`bn`,`marketable`,`spes_desc`,`is_combo`,`point`,`open_point` FROM `wb_goods` WHERE  `id` = 2 LIMIT 1 [ RunTime:0.000105s ]
---------------------------------------------------------------
[2026-04-01T14:33:41+08:00] 127.0.0.1 POST www.jiwankang.com/api.html
[运行时间：0.055369s] [吞吐率：18.06req/s] [内存消耗：5,315.59kb] [文件加载：116]
[ info ] [ LANG ] E:\wwwroot\2026\04\jiwankang\thinkphp\lang\zh-cn.php
[ info ] [ ROUTE ] array (
)
[ info ] [ HEADER ] array (
  'referer' => 'http://localhost:8080/',
  'origin' => 'http://localhost:8080',
  'content-type' => 'application/json',
  'accept-language' => 'zh-CN,zh;q=0.9',
  'accept-encoding' => 'gzip, deflate',
  'accept' => 'application/json',
  'content-length' => '78',
  'user-agent' => 'Mozilla/5.0 (iPhone; CPU iPhone OS 18_5 like Mac OS X) AppleWebKit/605.1.15 (KHTML, like Gecko) Version/18.5 Mobile/15E148 Safari/604.1',
  'host' => 'www.jiwankang.com',
)
[ info ] [ PARAM ] array (
  'id' => '2',
  'token' => 'c44ff269142cc0000a5aab51e13546e0',
  'method' => 'goods.getdetial',
)
[ info ] [ DB ] INIT mysql
[ sql ] [ DB ] CONNECT:[ UseTime:0.000714s ] mysql:host=127.0.0.1;port=3306;dbname=jiwankang;charset=utf8mb4
[ sql ] [ SQL ] SHOW COLUMNS FROM `wb_goods` [ RunTime:0.001039s ]
[ sql ] [ SQL ] SELECT * FROM `wb_goods` WHERE  `id` = 2 LIMIT 1 [ RunTime:0.000274s ]
[ sql ] [ SQL ] SHOW COLUMNS FROM `wb_goods_cat` [ RunTime:0.000983s ]
[ sql ] [ SQL ] SELECT `id`,`name` FROM `wb_goods_cat` WHERE  `id` = 2 [ RunTime:0.000155s ]
[ sql ] [ SQL ] SHOW COLUMNS FROM `wb_products` [ RunTime:0.000859s ]
[ sql ] [ SQL ] SELECT * FROM `wb_products` WHERE  `goods_id` = 2  AND `is_defalut` = 1 LIMIT 1 [ RunTime:0.000172s ]
[ sql ] [ SQL ] SHOW COLUMNS FROM `wb_user` [ RunTime:0.000486s ]
[ sql ] [ SQL ] SELECT * FROM `wb_user` WHERE (  `id` = 1 ) AND `wb_user`.`isdel` IS NULL LIMIT 1 [ RunTime:0.000270s ]
[ sql ] [ SQL ] SELECT * FROM `wb_products` WHERE  `id` = 3 LIMIT 1 [ RunTime:0.000256s ]
[ sql ] [ SQL ] SELECT `name`,`image_id`,`bn`,`marketable`,`spes_desc`,`is_combo`,`point`,`open_point` FROM `wb_goods` WHERE  `id` = 2 LIMIT 1 [ RunTime:0.000310s ]
[ sql ] [ SQL ] SELECT `grade` FROM `wb_user` WHERE (  `id` = 1 ) AND `wb_user`.`isdel` IS NULL LIMIT 1 [ RunTime:0.000478s ]
[ sql ] [ SQL ] SHOW COLUMNS FROM `wb_setting` [ RunTime:0.001365s ]
[ sql ] [ SQL ] SELECT * FROM `wb_setting` WHERE  `skey` = 'language' LIMIT 1 [ RunTime:0.000240s ]
[ sql ] [ SQL ] SELECT * FROM `wb_setting` WHERE  `skey` = 'language' LIMIT 1 [ RunTime:0.000120s ]
[ sql ] [ SQL ] SHOW COLUMNS FROM `wb_goods_grade` [ RunTime:0.001002s ]
[ sql ] [ SQL ] SELECT * FROM `wb_goods_grade` WHERE  `goods_id` = 2 [ RunTime:0.000182s ]
[ sql ] [ SQL ] SHOW COLUMNS FROM `wb_user_grade` [ RunTime:0.000922s ]
[ sql ] [ SQL ] SELECT `name` FROM `wb_user_grade` WHERE  `id` = 1 LIMIT 1 [ RunTime:0.000159s ]
[ sql ] [ SQL ] SELECT `name` FROM `wb_user_grade` WHERE  `id` = 2 LIMIT 1 [ RunTime:0.000099s ]
[ sql ] [ SQL ] SELECT `name` FROM `wb_user_grade` WHERE  `id` = 3 LIMIT 1 [ RunTime:0.000072s ]
[ sql ] [ SQL ] SELECT `name` FROM `wb_user_grade` WHERE  `id` = 4 LIMIT 1 [ RunTime:0.000065s ]
[ sql ] [ SQL ] SELECT `name` FROM `wb_user_grade` WHERE  `id` = 5 LIMIT 1 [ RunTime:0.000062s ]
[ sql ] [ SQL ] SHOW COLUMNS FROM `wb_promotion` [ RunTime:0.000809s ]
[ sql ] [ SQL ] SELECT * FROM `wb_promotion` WHERE (  `status` = 1  AND `stime` < 1775025221  AND `etime` > 1775025221  AND `type` = 1 ) AND `wb_promotion`.`isdel` IS NULL ORDER BY `sort` ASC [ RunTime:0.000210s ]
[ sql ] [ SQL ] SHOW COLUMNS FROM `wb_goods_images` [ RunTime:0.000864s ]
[ sql ] [ SQL ] SELECT * FROM `wb_goods_images` WHERE  `goods_id` = 2 ORDER BY `sort` ASC [ RunTime:0.000170s ]
[ sql ] [ SQL ] SHOW COLUMNS FROM `wb_goods_collection` [ RunTime:0.000749s ]
[ sql ] [ SQL ] SELECT * FROM `wb_goods_collection` WHERE  `user_id` = 1  AND `goods_id` = 2 LIMIT 1 [ RunTime:0.000133s ]
[ sql ] [ SQL ] UPDATE `wb_goods`  SET `view_count` = `view_count` + 1  WHERE  `id` = 2 [ RunTime:0.002276s ]
---------------------------------------------------------------
[2026-04-01T14:33:41+08:00] 127.0.0.1 POST www.jiwankang.com/api.html
[运行时间：0.062454s] [吞吐率：16.01req/s] [内存消耗：4,820.80kb] [文件加载：107]
[ info ] [ LANG ] E:\wwwroot\2026\04\jiwankang\thinkphp\lang\zh-cn.php
[ info ] [ ROUTE ] array (
)
[ info ] [ HEADER ] array (
  'referer' => 'http://localhost:8080/',
  'origin' => 'http://localhost:8080',
  'content-type' => 'application/json',
  'accept-language' => 'zh-CN,zh;q=0.9',
  'accept-encoding' => 'gzip, deflate',
  'accept' => 'application/json',
  'content-length' => '65',
  'user-agent' => 'Mozilla/5.0 (iPhone; CPU iPhone OS 18_5 like Mac OS X) AppleWebKit/605.1.15 (KHTML, like Gecko) Version/18.5 Mobile/15E148 Safari/604.1',
  'host' => 'www.jiwankang.com',
)
[ info ] [ PARAM ] array (
  'token' => 'c44ff269142cc0000a5aab51e13546e0',
  'method' => 'user.info',
)
[ info ] [ DB ] INIT mysql
[ sql ] [ DB ] CONNECT:[ UseTime:0.023925s ] mysql:host=127.0.0.1;port=3306;dbname=jiwankang;charset=utf8mb4
[ sql ] [ SQL ] SHOW COLUMNS FROM `wb_user` [ RunTime:0.001166s ]
[ sql ] [ SQL ] SELECT * FROM `wb_user` WHERE (  `id` = 1 ) AND `wb_user`.`isdel` IS NULL LIMIT 1 [ RunTime:0.000192s ]
[ sql ] [ SQL ] SELECT `id`,`username`,`mobile`,`sex`,`birthday`,`avatar`,`nickname`,`balance`,`point`,`grade`,`status`,`pid`,`password`,`ctime`,`remarks`,`area_id`,`tiyan`,`num_point`,`exp` FROM `wb_user` WHERE (  `id` = 1 ) AND `wb_user`.`isdel` IS NULL LIMIT 1 [ RunTime:0.000352s ]
[ sql ] [ SQL ] SHOW COLUMNS FROM `wb_user_grade` [ RunTime:0.001840s ]
[ sql ] [ SQL ] SELECT * FROM `wb_user_grade` WHERE  `id` = 1 [ RunTime:0.000236s ]
[ sql ] [ SQL ] SELECT * FROM `wb_user_grade` WHERE  `id` = 1 LIMIT 1 [ RunTime:0.000409s ]
---------------------------------------------------------------
[2026-04-01T14:33:41+08:00] 127.0.0.1 POST www.jiwankang.com/api.html
[运行时间：0.061227s] [吞吐率：16.33req/s] [内存消耗：4,820.80kb] [文件加载：107]
[ info ] [ LANG ] E:\wwwroot\2026\04\jiwankang\thinkphp\lang\zh-cn.php
[ info ] [ ROUTE ] array (
)
[ info ] [ HEADER ] array (
  'referer' => 'http://localhost:8080/',
  'origin' => 'http://localhost:8080',
  'content-type' => 'application/json',
  'accept-language' => 'zh-CN,zh;q=0.9',
  'accept-encoding' => 'gzip, deflate',
  'accept' => 'application/json',
  'content-length' => '65',
  'user-agent' => 'Mozilla/5.0 (iPhone; CPU iPhone OS 18_5 like Mac OS X) AppleWebKit/605.1.15 (KHTML, like Gecko) Version/18.5 Mobile/15E148 Safari/604.1',
  'host' => 'www.jiwankang.com',
)
[ info ] [ PARAM ] array (
  'token' => 'c44ff269142cc0000a5aab51e13546e0',
  'method' => 'user.info',
)
[ info ] [ DB ] INIT mysql
[ sql ] [ DB ] CONNECT:[ UseTime:0.024639s ] mysql:host=127.0.0.1;port=3306;dbname=jiwankang;charset=utf8mb4
[ sql ] [ SQL ] SHOW COLUMNS FROM `wb_user` [ RunTime:0.000604s ]
[ sql ] [ SQL ] SELECT * FROM `wb_user` WHERE (  `id` = 1 ) AND `wb_user`.`isdel` IS NULL LIMIT 1 [ RunTime:0.000299s ]
[ sql ] [ SQL ] SELECT `id`,`username`,`mobile`,`sex`,`birthday`,`avatar`,`nickname`,`balance`,`point`,`grade`,`status`,`pid`,`password`,`ctime`,`remarks`,`area_id`,`tiyan`,`num_point`,`exp` FROM `wb_user` WHERE (  `id` = 1 ) AND `wb_user`.`isdel` IS NULL LIMIT 1 [ RunTime:0.000540s ]
[ sql ] [ SQL ] SHOW COLUMNS FROM `wb_user_grade` [ RunTime:0.001921s ]
[ sql ] [ SQL ] SELECT * FROM `wb_user_grade` WHERE  `id` = 1 [ RunTime:0.000227s ]
[ sql ] [ SQL ] SELECT * FROM `wb_user_grade` WHERE  `id` = 1 LIMIT 1 [ RunTime:0.000404s ]
---------------------------------------------------------------
[2026-04-01T14:33:41+08:00] 127.0.0.1 GET www.jiwankang.com/api/common/jshopconf
[运行时间：0.023870s] [吞吐率：41.89req/s] [内存消耗：3,091.32kb] [文件加载：93]
[ info ] [ LANG ] E:\wwwroot\2026\04\jiwankang\thinkphp\lang\zh-cn.php
[ info ] [ ROUTE ] array (
)
[ info ] [ HEADER ] array (
  'referer' => 'http://localhost:8080/',
  'origin' => 'http://localhost:8080',
  'content-type' => 'application/x-www-form-urlencoded',
  'accept-language' => 'zh-CN,zh;q=0.9',
  'accept-encoding' => 'gzip, deflate',
  'accept' => 'application/json',
  'user-agent' => 'Mozilla/5.0 (iPhone; CPU iPhone OS 18_5 like Mac OS X) AppleWebKit/605.1.15 (KHTML, like Gecko) Version/18.5 Mobile/15E148 Safari/604.1',
  'host' => 'www.jiwankang.com',
  'content-length' => '',
)
[ info ] [ PARAM ] array (
)
---------------------------------------------------------------
[2026-04-01T14:33:41+08:00] 127.0.0.1 POST www.jiwankang.com/api.html
[运行时间：0.036967s] [吞吐率：27.05req/s] [内存消耗：4,605.82kb] [文件加载：103]
[ info ] [ LANG ] E:\wwwroot\2026\04\jiwankang\thinkphp\lang\zh-cn.php
[ info ] [ ROUTE ] array (
)
[ info ] [ HEADER ] array (
  'referer' => 'http://localhost:8080/',
  'origin' => 'http://localhost:8080',
  'content-type' => 'application/json',
  'accept-language' => 'zh-CN,zh;q=0.9',
  'accept-encoding' => 'gzip, deflate',
  'accept' => 'application/json',
  'content-length' => '70',
  'user-agent' => 'Mozilla/5.0 (iPhone; CPU iPhone OS 18_5 like Mac OS X) AppleWebKit/605.1.15 (KHTML, like Gecko) Version/18.5 Mobile/15E148 Safari/604.1',
  'host' => 'www.jiwankang.com',
)
[ info ] [ PARAM ] array (
  'token' => 'c44ff269142cc0000a5aab51e13546e0',
  'method' => 'cart.getnumber',
)
[ info ] [ DB ] INIT mysql
[ sql ] [ DB ] CONNECT:[ UseTime:0.001128s ] mysql:host=127.0.0.1;port=3306;dbname=jiwankang;charset=utf8mb4
[ sql ] [ SQL ] SHOW COLUMNS FROM `wb_user` [ RunTime:0.000646s ]
[ sql ] [ SQL ] SELECT * FROM `wb_user` WHERE (  `id` = 1 ) AND `wb_user`.`isdel` IS NULL LIMIT 1 [ RunTime:0.000211s ]
[ sql ] [ SQL ] SHOW COLUMNS FROM `wb_setting` [ RunTime:0.000335s ]
[ sql ] [ SQL ] SELECT * FROM `wb_setting` WHERE  `skey` = 'virtual_card_class' LIMIT 1 [ RunTime:0.000113s ]
[ sql ] [ SQL ] SHOW COLUMNS FROM `wb_cart` [ RunTime:0.001590s ]
[ sql ] [ SQL ] SELECT SUM(`nums`) AS tp_sum FROM `wb_cart` `c` INNER JOIN `wb_products` `p` ON `p`.`id`=`c`.`product_id` INNER JOIN `wb_goods` `g` ON `g`.`id`=`p`.`goods_id` WHERE  `user_id` = 1  AND `type` = 1 LIMIT 1 [ RunTime:0.001248s ]
---------------------------------------------------------------
[2026-04-01T14:35:13+08:00] 127.0.0.1 OPTIONS www.jiwankang.com/api.html
[运行时间：0.027859s] [吞吐率：35.90req/s] [内存消耗：3,009.21kb] [文件加载：89]
[ info ] [ LANG ] E:\wwwroot\2026\04\jiwankang\thinkphp\lang\zh-cn.php
[ info ] [ ROUTE ] array (
)
[ info ] [ HEADER ] array (
  'sec-fetch-mode' => 'cors',
  'referer' => 'http://localhost:8080/',
  'origin' => 'http://localhost:8080',
  'access-control-request-method' => 'POST',
  'access-control-request-headers' => 'content-type',
  'accept-language' => 'zh-CN,zh;q=0.9',
  'accept-encoding' => 'gzip, deflate',
  'accept' => '*/*',
  'user-agent' => 'Mozilla/5.0 (iPhone; CPU iPhone OS 18_5 like Mac OS X) AppleWebKit/605.1.15 (KHTML, like Gecko) Version/18.5 Mobile/15E148 Safari/604.1',
  'host' => 'www.jiwankang.com',
  'content-length' => '',
  'content-type' => '',
)
[ info ] [ PARAM ] array (
)
---------------------------------------------------------------
[2026-04-01T14:35:13+08:00] 127.0.0.1 OPTIONS www.jiwankang.com/api.html
[运行时间：0.030360s] [吞吐率：32.94req/s] [内存消耗：3,009.21kb] [文件加载：89]
[ info ] [ LANG ] E:\wwwroot\2026\04\jiwankang\thinkphp\lang\zh-cn.php
[ info ] [ ROUTE ] array (
)
[ info ] [ HEADER ] array (
  'sec-fetch-mode' => 'cors',
  'referer' => 'http://localhost:8080/',
  'origin' => 'http://localhost:8080',
  'access-control-request-method' => 'POST',
  'access-control-request-headers' => 'content-type',
  'accept-language' => 'zh-CN,zh;q=0.9',
  'accept-encoding' => 'gzip, deflate',
  'accept' => '*/*',
  'user-agent' => 'Mozilla/5.0 (iPhone; CPU iPhone OS 18_5 like Mac OS X) AppleWebKit/605.1.15 (KHTML, like Gecko) Version/18.5 Mobile/15E148 Safari/604.1',
  'host' => 'www.jiwankang.com',
  'content-length' => '',
  'content-type' => '',
)
[ info ] [ PARAM ] array (
)
---------------------------------------------------------------
[2026-04-01T14:35:13+08:00] 127.0.0.1 POST www.jiwankang.com/api.html
[运行时间：0.043476s] [吞吐率：23.00req/s] [内存消耗：4,820.80kb] [文件加载：107]
[ info ] [ LANG ] E:\wwwroot\2026\04\jiwankang\thinkphp\lang\zh-cn.php
[ info ] [ ROUTE ] array (
)
[ info ] [ HEADER ] array (
  'referer' => 'http://localhost:8080/',
  'origin' => 'http://localhost:8080',
  'content-type' => 'application/json',
  'accept-language' => 'zh-CN,zh;q=0.9',
  'accept-encoding' => 'gzip, deflate',
  'accept' => 'application/json',
  'content-length' => '65',
  'user-agent' => 'Mozilla/5.0 (iPhone; CPU iPhone OS 18_5 like Mac OS X) AppleWebKit/605.1.15 (KHTML, like Gecko) Version/18.5 Mobile/15E148 Safari/604.1',
  'host' => 'www.jiwankang.com',
)
[ info ] [ PARAM ] array (
  'token' => 'c44ff269142cc0000a5aab51e13546e0',
  'method' => 'user.info',
)
[ info ] [ DB ] INIT mysql
[ sql ] [ DB ] CONNECT:[ UseTime:0.005316s ] mysql:host=127.0.0.1;port=3306;dbname=jiwankang;charset=utf8mb4
[ sql ] [ SQL ] SHOW COLUMNS FROM `wb_user` [ RunTime:0.001125s ]
[ sql ] [ SQL ] SELECT * FROM `wb_user` WHERE (  `id` = 1 ) AND `wb_user`.`isdel` IS NULL LIMIT 1 [ RunTime:0.000388s ]
[ sql ] [ SQL ] SELECT `id`,`username`,`mobile`,`sex`,`birthday`,`avatar`,`nickname`,`balance`,`point`,`grade`,`status`,`pid`,`password`,`ctime`,`remarks`,`area_id`,`tiyan`,`num_point`,`exp` FROM `wb_user` WHERE (  `id` = 1 ) AND `wb_user`.`isdel` IS NULL LIMIT 1 [ RunTime:0.000704s ]
[ sql ] [ SQL ] SHOW COLUMNS FROM `wb_user_grade` [ RunTime:0.000534s ]
[ sql ] [ SQL ] SELECT * FROM `wb_user_grade` WHERE  `id` = 1 [ RunTime:0.000258s ]
[ sql ] [ SQL ] SELECT * FROM `wb_user_grade` WHERE  `id` = 1 LIMIT 1 [ RunTime:0.000339s ]
---------------------------------------------------------------
[2026-04-01T14:35:13+08:00] 127.0.0.1 POST www.jiwankang.com/api.html
[运行时间：0.050112s] [吞吐率：19.96req/s] [内存消耗：4,820.80kb] [文件加载：107]
[ info ] [ LANG ] E:\wwwroot\2026\04\jiwankang\thinkphp\lang\zh-cn.php
[ info ] [ ROUTE ] array (
)
[ info ] [ HEADER ] array (
  'referer' => 'http://localhost:8080/',
  'origin' => 'http://localhost:8080',
  'content-type' => 'application/json',
  'accept-language' => 'zh-CN,zh;q=0.9',
  'accept-encoding' => 'gzip, deflate',
  'accept' => 'application/json',
  'content-length' => '65',
  'user-agent' => 'Mozilla/5.0 (iPhone; CPU iPhone OS 18_5 like Mac OS X) AppleWebKit/605.1.15 (KHTML, like Gecko) Version/18.5 Mobile/15E148 Safari/604.1',
  'host' => 'www.jiwankang.com',
)
[ info ] [ PARAM ] array (
  'token' => 'c44ff269142cc0000a5aab51e13546e0',
  'method' => 'user.info',
)
[ info ] [ DB ] INIT mysql
[ sql ] [ DB ] CONNECT:[ UseTime:0.002070s ] mysql:host=127.0.0.1;port=3306;dbname=jiwankang;charset=utf8mb4
[ sql ] [ SQL ] SHOW COLUMNS FROM `wb_user` [ RunTime:0.000690s ]
[ sql ] [ SQL ] SELECT * FROM `wb_user` WHERE (  `id` = 1 ) AND `wb_user`.`isdel` IS NULL LIMIT 1 [ RunTime:0.000326s ]
[ sql ] [ SQL ] SELECT `id`,`username`,`mobile`,`sex`,`birthday`,`avatar`,`nickname`,`balance`,`point`,`grade`,`status`,`pid`,`password`,`ctime`,`remarks`,`area_id`,`tiyan`,`num_point`,`exp` FROM `wb_user` WHERE (  `id` = 1 ) AND `wb_user`.`isdel` IS NULL LIMIT 1 [ RunTime:0.000739s ]
[ sql ] [ SQL ] SHOW COLUMNS FROM `wb_user_grade` [ RunTime:0.000584s ]
[ sql ] [ SQL ] SELECT * FROM `wb_user_grade` WHERE  `id` = 1 [ RunTime:0.000377s ]
[ sql ] [ SQL ] SELECT * FROM `wb_user_grade` WHERE  `id` = 1 LIMIT 1 [ RunTime:0.000343s ]
---------------------------------------------------------------
[2026-04-01T14:35:13+08:00] 127.0.0.1 POST www.jiwankang.com/api.html
[运行时间：0.052599s] [吞吐率：19.01req/s] [内存消耗：4,834.34kb] [文件加载：107]
[ info ] [ LANG ] E:\wwwroot\2026\04\jiwankang\thinkphp\lang\zh-cn.php
[ info ] [ ROUTE ] array (
)
[ info ] [ HEADER ] array (
  'referer' => 'http://localhost:8080/',
  'origin' => 'http://localhost:8080',
  'content-type' => 'application/json',
  'accept-language' => 'zh-CN,zh;q=0.9',
  'accept-encoding' => 'gzip, deflate',
  'accept' => 'application/json',
  'content-length' => '40',
  'user-agent' => 'Mozilla/5.0 (iPhone; CPU iPhone OS 18_5 like Mac OS X) AppleWebKit/605.1.15 (KHTML, like Gecko) Version/18.5 Mobile/15E148 Safari/604.1',
  'host' => 'www.jiwankang.com',
)
[ info ] [ PARAM ] array (
  'id' => '1',
  'method' => 'goods.getgoodsparams',
)
[ info ] [ DB ] INIT mysql
[ sql ] [ DB ] CONNECT:[ UseTime:0.005360s ] mysql:host=127.0.0.1;port=3306;dbname=jiwankang;charset=utf8mb4
[ sql ] [ SQL ] SHOW COLUMNS FROM `wb_setting` [ RunTime:0.001011s ]
[ sql ] [ SQL ] SELECT * FROM `wb_setting` WHERE  `skey` = 'language' LIMIT 1 [ RunTime:0.000391s ]
[ sql ] [ SQL ] SELECT * FROM `wb_setting` WHERE  `skey` = 'language' LIMIT 1 [ RunTime:0.000187s ]
[ sql ] [ SQL ] SELECT * FROM `wb_setting` WHERE  `skey` = 'language' LIMIT 1 [ RunTime:0.000501s ]
[ sql ] [ SQL ] SELECT * FROM `wb_setting` WHERE  `skey` = 'language' LIMIT 1 [ RunTime:0.000685s ]
[ sql ] [ SQL ] SHOW COLUMNS FROM `wb_goods` [ RunTime:0.000867s ]
[ sql ] [ SQL ] SELECT `id`,`bn`,`name`,`brand_id`,`image_id`,`params`,`spes_desc` FROM `wb_goods` WHERE  `id` = 1 LIMIT 1 [ RunTime:0.000234s ]
[ sql ] [ SQL ] SELECT * FROM `wb_setting` WHERE  `skey` = 'language' LIMIT 1 [ RunTime:0.000285s ]
[ sql ] [ SQL ] SELECT * FROM `wb_setting` WHERE  `skey` = 'language' LIMIT 1 [ RunTime:0.000214s ]
[ sql ] [ SQL ] SHOW COLUMNS FROM `wb_goods_images` [ RunTime:0.000653s ]
[ sql ] [ SQL ] SELECT * FROM `wb_goods_images` WHERE  `goods_id` = 1 ORDER BY `sort` DESC [ RunTime:0.000351s ]
[ sql ] [ SQL ] SHOW COLUMNS FROM `wb_images` [ RunTime:0.001901s ]
[ sql ] [ SQL ] SELECT `url` FROM `wb_images` WHERE  `id` = 'c5fd8cdb46c20b7fe8f57e48aef597c7' LIMIT 1 [ RunTime:0.000270s ]
[ sql ] [ SQL ] SHOW COLUMNS FROM `wb_products` [ RunTime:0.000676s ]
[ sql ] [ SQL ] SELECT `id` FROM `wb_products` WHERE  `goods_id` = 1 [ RunTime:0.000167s ]
[ sql ] [ SQL ] SELECT * FROM `wb_products` WHERE  `id` = 1 LIMIT 1 [ RunTime:0.000181s ]
[ sql ] [ SQL ] SELECT `name`,`image_id`,`bn`,`marketable`,`spes_desc`,`is_combo`,`point`,`open_point` FROM `wb_goods` WHERE  `id` = 1 LIMIT 1 [ RunTime:0.000282s ]
---------------------------------------------------------------
[2026-04-01T14:35:13+08:00] 127.0.0.1 POST www.jiwankang.com/api.html
[运行时间：0.071104s] [吞吐率：14.06req/s] [内存消耗：5,319.84kb] [文件加载：116]
[ info ] [ LANG ] E:\wwwroot\2026\04\jiwankang\thinkphp\lang\zh-cn.php
[ info ] [ ROUTE ] array (
)
[ info ] [ HEADER ] array (
  'referer' => 'http://localhost:8080/',
  'origin' => 'http://localhost:8080',
  'content-type' => 'application/json',
  'accept-language' => 'zh-CN,zh;q=0.9',
  'accept-encoding' => 'gzip, deflate',
  'accept' => 'application/json',
  'content-length' => '78',
  'user-agent' => 'Mozilla/5.0 (iPhone; CPU iPhone OS 18_5 like Mac OS X) AppleWebKit/605.1.15 (KHTML, like Gecko) Version/18.5 Mobile/15E148 Safari/604.1',
  'host' => 'www.jiwankang.com',
)
[ info ] [ PARAM ] array (
  'id' => '1',
  'token' => 'c44ff269142cc0000a5aab51e13546e0',
  'method' => 'goods.getdetial',
)
[ info ] [ DB ] INIT mysql
[ sql ] [ DB ] CONNECT:[ UseTime:0.005464s ] mysql:host=127.0.0.1;port=3306;dbname=jiwankang;charset=utf8mb4
[ sql ] [ SQL ] SHOW COLUMNS FROM `wb_goods` [ RunTime:0.001930s ]
[ sql ] [ SQL ] SELECT * FROM `wb_goods` WHERE  `id` = 1 LIMIT 1 [ RunTime:0.000599s ]
[ sql ] [ SQL ] SHOW COLUMNS FROM `wb_goods_cat` [ RunTime:0.001593s ]
[ sql ] [ SQL ] SELECT `id`,`name` FROM `wb_goods_cat` WHERE  `id` = 1 [ RunTime:0.000240s ]
[ sql ] [ SQL ] SHOW COLUMNS FROM `wb_images` [ RunTime:0.002222s ]
[ sql ] [ SQL ] SELECT `url` FROM `wb_images` WHERE  `id` = 'c5fd8cdb46c20b7fe8f57e48aef597c7' LIMIT 1 [ RunTime:0.000387s ]
[ sql ] [ SQL ] SHOW COLUMNS FROM `wb_products` [ RunTime:0.001485s ]
[ sql ] [ SQL ] SELECT * FROM `wb_products` WHERE  `goods_id` = 1  AND `is_defalut` = 1 LIMIT 1 [ RunTime:0.000257s ]
[ sql ] [ SQL ] SHOW COLUMNS FROM `wb_user` [ RunTime:0.000991s ]
[ sql ] [ SQL ] SELECT * FROM `wb_user` WHERE (  `id` = 1 ) AND `wb_user`.`isdel` IS NULL LIMIT 1 [ RunTime:0.000648s ]
[ sql ] [ SQL ] SELECT * FROM `wb_products` WHERE  `id` = 1 LIMIT 1 [ RunTime:0.000346s ]
[ sql ] [ SQL ] SELECT `name`,`image_id`,`bn`,`marketable`,`spes_desc`,`is_combo`,`point`,`open_point` FROM `wb_goods` WHERE  `id` = 1 LIMIT 1 [ RunTime:0.000352s ]
[ sql ] [ SQL ] SELECT `grade` FROM `wb_user` WHERE (  `id` = 1 ) AND `wb_user`.`isdel` IS NULL LIMIT 1 [ RunTime:0.000345s ]
[ sql ] [ SQL ] SHOW COLUMNS FROM `wb_setting` [ RunTime:0.000716s ]
[ sql ] [ SQL ] SELECT * FROM `wb_setting` WHERE  `skey` = 'language' LIMIT 1 [ RunTime:0.000331s ]
[ sql ] [ SQL ] SELECT * FROM `wb_setting` WHERE  `skey` = 'language' LIMIT 1 [ RunTime:0.000198s ]
[ sql ] [ SQL ] SHOW COLUMNS FROM `wb_goods_grade` [ RunTime:0.001301s ]
[ sql ] [ SQL ] SELECT * FROM `wb_goods_grade` WHERE  `goods_id` = 1 [ RunTime:0.000190s ]
[ sql ] [ SQL ] SHOW COLUMNS FROM `wb_user_grade` [ RunTime:0.000318s ]
[ sql ] [ SQL ] SELECT `name` FROM `wb_user_grade` WHERE  `id` = 1 LIMIT 1 [ RunTime:0.000113s ]
[ sql ] [ SQL ] SELECT `name` FROM `wb_user_grade` WHERE  `id` = 2 LIMIT 1 [ RunTime:0.000078s ]
[ sql ] [ SQL ] SELECT `name` FROM `wb_user_grade` WHERE  `id` = 3 LIMIT 1 [ RunTime:0.000072s ]
[ sql ] [ SQL ] SELECT `name` FROM `wb_user_grade` WHERE  `id` = 4 LIMIT 1 [ RunTime:0.000066s ]
[ sql ] [ SQL ] SELECT `name` FROM `wb_user_grade` WHERE  `id` = 5 LIMIT 1 [ RunTime:0.000069s ]
[ sql ] [ SQL ] SHOW COLUMNS FROM `wb_promotion` [ RunTime:0.000436s ]
[ sql ] [ SQL ] SELECT * FROM `wb_promotion` WHERE (  `status` = 1  AND `stime` < 1775025313  AND `etime` > 1775025313  AND `type` = 1 ) AND `wb_promotion`.`isdel` IS NULL ORDER BY `sort` ASC [ RunTime:0.000213s ]
[ sql ] [ SQL ] SHOW COLUMNS FROM `wb_goods_images` [ RunTime:0.000819s ]
[ sql ] [ SQL ] SELECT * FROM `wb_goods_images` WHERE  `goods_id` = 1 ORDER BY `sort` ASC [ RunTime:0.000135s ]
[ sql ] [ SQL ] SHOW COLUMNS FROM `wb_goods_collection` [ RunTime:0.001316s ]
[ sql ] [ SQL ] SELECT * FROM `wb_goods_collection` WHERE  `user_id` = 1  AND `goods_id` = 1 LIMIT 1 [ RunTime:0.000233s ]
[ sql ] [ SQL ] UPDATE `wb_goods`  SET `view_count` = `view_count` + 1  WHERE  `id` = 1 [ RunTime:0.002432s ]
---------------------------------------------------------------
[2026-04-01T14:35:13+08:00] 127.0.0.1 GET www.jiwankang.com/api/common/jshopconf
[运行时间：0.024301s] [吞吐率：41.15req/s] [内存消耗：3,091.32kb] [文件加载：93]
[ info ] [ LANG ] E:\wwwroot\2026\04\jiwankang\thinkphp\lang\zh-cn.php
[ info ] [ ROUTE ] array (
)
[ info ] [ HEADER ] array (
  'referer' => 'http://localhost:8080/',
  'origin' => 'http://localhost:8080',
  'content-type' => 'application/x-www-form-urlencoded',
  'accept-language' => 'zh-CN,zh;q=0.9',
  'accept-encoding' => 'gzip, deflate',
  'accept' => 'application/json',
  'user-agent' => 'Mozilla/5.0 (iPhone; CPU iPhone OS 18_5 like Mac OS X) AppleWebKit/605.1.15 (KHTML, like Gecko) Version/18.5 Mobile/15E148 Safari/604.1',
  'host' => 'www.jiwankang.com',
  'content-length' => '',
)
[ info ] [ PARAM ] array (
)
---------------------------------------------------------------
[2026-04-01T14:35:13+08:00] 127.0.0.1 POST www.jiwankang.com/api.html
[运行时间：0.036645s] [吞吐率：27.29req/s] [内存消耗：4,605.82kb] [文件加载：103]
[ info ] [ LANG ] E:\wwwroot\2026\04\jiwankang\thinkphp\lang\zh-cn.php
[ info ] [ ROUTE ] array (
)
[ info ] [ HEADER ] array (
  'referer' => 'http://localhost:8080/',
  'origin' => 'http://localhost:8080',
  'content-type' => 'application/json',
  'accept-language' => 'zh-CN,zh;q=0.9',
  'accept-encoding' => 'gzip, deflate',
  'accept' => 'application/json',
  'content-length' => '70',
  'user-agent' => 'Mozilla/5.0 (iPhone; CPU iPhone OS 18_5 like Mac OS X) AppleWebKit/605.1.15 (KHTML, like Gecko) Version/18.5 Mobile/15E148 Safari/604.1',
  'host' => 'www.jiwankang.com',
)
[ info ] [ PARAM ] array (
  'token' => 'c44ff269142cc0000a5aab51e13546e0',
  'method' => 'cart.getnumber',
)
[ info ] [ DB ] INIT mysql
[ sql ] [ DB ] CONNECT:[ UseTime:0.000681s ] mysql:host=127.0.0.1;port=3306;dbname=jiwankang;charset=utf8mb4
[ sql ] [ SQL ] SHOW COLUMNS FROM `wb_user` [ RunTime:0.000478s ]
[ sql ] [ SQL ] SELECT * FROM `wb_user` WHERE (  `id` = 1 ) AND `wb_user`.`isdel` IS NULL LIMIT 1 [ RunTime:0.000195s ]
[ sql ] [ SQL ] SHOW COLUMNS FROM `wb_setting` [ RunTime:0.000337s ]
[ sql ] [ SQL ] SELECT * FROM `wb_setting` WHERE  `skey` = 'virtual_card_class' LIMIT 1 [ RunTime:0.000111s ]
[ sql ] [ SQL ] SHOW COLUMNS FROM `wb_cart` [ RunTime:0.000792s ]
[ sql ] [ SQL ] SELECT SUM(`nums`) AS tp_sum FROM `wb_cart` `c` INNER JOIN `wb_products` `p` ON `p`.`id`=`c`.`product_id` INNER JOIN `wb_goods` `g` ON `g`.`id`=`p`.`goods_id` WHERE  `user_id` = 1  AND `type` = 1 LIMIT 1 [ RunTime:0.001178s ]
---------------------------------------------------------------
[2026-04-01T14:35:15+08:00] 127.0.0.1 GET www.jiwankang.com/api/common/jshopConf
[运行时间：0.031275s] [吞吐率：31.97req/s] [内存消耗：3,090.90kb] [文件加载：93]
[ info ] [ LANG ] E:\wwwroot\2026\04\jiwankang\thinkphp\lang\zh-cn.php
[ info ] [ ROUTE ] array (
)
[ info ] [ HEADER ] array (
  'referer' => 'http://localhost:8080/',
  'origin' => 'http://localhost:8080',
  'accept-language' => 'zh-CN,zh;q=0.9',
  'accept-encoding' => 'gzip, deflate',
  'accept' => '*/*',
  'user-agent' => 'Mozilla/5.0 (iPhone; CPU iPhone OS 18_5 like Mac OS X) AppleWebKit/605.1.15 (KHTML, like Gecko) Version/18.5 Mobile/15E148 Safari/604.1',
  'host' => 'www.jiwankang.com',
  'content-length' => '',
  'content-type' => '',
)
[ info ] [ PARAM ] array (
)
---------------------------------------------------------------
[2026-04-01T14:35:15+08:00] 127.0.0.1 GET www.jiwankang.com/api/common/jshopconf
[运行时间：0.019199s] [吞吐率：52.09req/s] [内存消耗：3,091.32kb] [文件加载：93]
[ info ] [ LANG ] E:\wwwroot\2026\04\jiwankang\thinkphp\lang\zh-cn.php
[ info ] [ ROUTE ] array (
)
[ info ] [ HEADER ] array (
  'referer' => 'http://localhost:8080/',
  'origin' => 'http://localhost:8080',
  'content-type' => 'application/x-www-form-urlencoded',
  'accept-language' => 'zh-CN,zh;q=0.9',
  'accept-encoding' => 'gzip, deflate',
  'accept' => 'application/json',
  'user-agent' => 'Mozilla/5.0 (iPhone; CPU iPhone OS 18_5 like Mac OS X) AppleWebKit/605.1.15 (KHTML, like Gecko) Version/18.5 Mobile/15E148 Safari/604.1',
  'host' => 'www.jiwankang.com',
  'content-length' => '',
)
[ info ] [ PARAM ] array (
)
---------------------------------------------------------------
[2026-04-01T14:35:15+08:00] 127.0.0.1 POST www.jiwankang.com/api.html
[运行时间：0.050609s] [吞吐率：19.76req/s] [内存消耗：4,830.21kb] [文件加载：107]
[ info ] [ LANG ] E:\wwwroot\2026\04\jiwankang\thinkphp\lang\zh-cn.php
[ info ] [ ROUTE ] array (
)
[ info ] [ HEADER ] array (
  'referer' => 'http://localhost:8080/',
  'origin' => 'http://localhost:8080',
  'content-type' => 'application/json',
  'accept-language' => 'zh-CN,zh;q=0.9',
  'accept-encoding' => 'gzip, deflate',
  'accept' => 'application/json',
  'content-length' => '40',
  'user-agent' => 'Mozilla/5.0 (iPhone; CPU iPhone OS 18_5 like Mac OS X) AppleWebKit/605.1.15 (KHTML, like Gecko) Version/18.5 Mobile/15E148 Safari/604.1',
  'host' => 'www.jiwankang.com',
)
[ info ] [ PARAM ] array (
  'id' => '1',
  'method' => 'goods.getgoodsparams',
)
[ info ] [ DB ] INIT mysql
[ sql ] [ DB ] CONNECT:[ UseTime:0.001483s ] mysql:host=127.0.0.1;port=3306;dbname=jiwankang;charset=utf8mb4
[ sql ] [ SQL ] SHOW COLUMNS FROM `wb_setting` [ RunTime:0.000628s ]
[ sql ] [ SQL ] SELECT * FROM `wb_setting` WHERE  `skey` = 'language' LIMIT 1 [ RunTime:0.000191s ]
[ sql ] [ SQL ] SELECT * FROM `wb_setting` WHERE  `skey` = 'language' LIMIT 1 [ RunTime:0.000151s ]
[ sql ] [ SQL ] SELECT * FROM `wb_setting` WHERE  `skey` = 'language' LIMIT 1 [ RunTime:0.000260s ]
[ sql ] [ SQL ] SELECT * FROM `wb_setting` WHERE  `skey` = 'language' LIMIT 1 [ RunTime:0.000132s ]
[ sql ] [ SQL ] SHOW COLUMNS FROM `wb_goods` [ RunTime:0.000454s ]
[ sql ] [ SQL ] SELECT `id`,`bn`,`name`,`brand_id`,`image_id`,`params`,`spes_desc` FROM `wb_goods` WHERE  `id` = 1 LIMIT 1 [ RunTime:0.000184s ]
[ sql ] [ SQL ] SELECT * FROM `wb_setting` WHERE  `skey` = 'language' LIMIT 1 [ RunTime:0.000145s ]
[ sql ] [ SQL ] SELECT * FROM `wb_setting` WHERE  `skey` = 'language' LIMIT 1 [ RunTime:0.000102s ]
[ sql ] [ SQL ] SHOW COLUMNS FROM `wb_goods_images` [ RunTime:0.001095s ]
[ sql ] [ SQL ] SELECT * FROM `wb_goods_images` WHERE  `goods_id` = 1 ORDER BY `sort` DESC [ RunTime:0.000308s ]
[ sql ] [ SQL ] SHOW COLUMNS FROM `wb_products` [ RunTime:0.000614s ]
[ sql ] [ SQL ] SELECT `id` FROM `wb_products` WHERE  `goods_id` = 1 [ RunTime:0.000201s ]
[ sql ] [ SQL ] SELECT * FROM `wb_products` WHERE  `id` = 1 LIMIT 1 [ RunTime:0.000189s ]
[ sql ] [ SQL ] SELECT `name`,`image_id`,`bn`,`marketable`,`spes_desc`,`is_combo`,`point`,`open_point` FROM `wb_goods` WHERE  `id` = 1 LIMIT 1 [ RunTime:0.000194s ]
---------------------------------------------------------------
[2026-04-01T14:35:15+08:00] 127.0.0.1 POST www.jiwankang.com/api.html
[运行时间：0.047607s] [吞吐率：21.01req/s] [内存消耗：4,820.80kb] [文件加载：107]
[ info ] [ LANG ] E:\wwwroot\2026\04\jiwankang\thinkphp\lang\zh-cn.php
[ info ] [ ROUTE ] array (
)
[ info ] [ HEADER ] array (
  'referer' => 'http://localhost:8080/',
  'origin' => 'http://localhost:8080',
  'content-type' => 'application/json',
  'accept-language' => 'zh-CN,zh;q=0.9',
  'accept-encoding' => 'gzip, deflate',
  'accept' => 'application/json',
  'content-length' => '65',
  'user-agent' => 'Mozilla/5.0 (iPhone; CPU iPhone OS 18_5 like Mac OS X) AppleWebKit/605.1.15 (KHTML, like Gecko) Version/18.5 Mobile/15E148 Safari/604.1',
  'host' => 'www.jiwankang.com',
)
[ info ] [ PARAM ] array (
  'token' => 'c44ff269142cc0000a5aab51e13546e0',
  'method' => 'user.info',
)
[ info ] [ DB ] INIT mysql
[ sql ] [ DB ] CONNECT:[ UseTime:0.000707s ] mysql:host=127.0.0.1;port=3306;dbname=jiwankang;charset=utf8mb4
[ sql ] [ SQL ] SHOW COLUMNS FROM `wb_user` [ RunTime:0.000685s ]
[ sql ] [ SQL ] SELECT * FROM `wb_user` WHERE (  `id` = 1 ) AND `wb_user`.`isdel` IS NULL LIMIT 1 [ RunTime:0.000366s ]
[ sql ] [ SQL ] SELECT `id`,`username`,`mobile`,`sex`,`birthday`,`avatar`,`nickname`,`balance`,`point`,`grade`,`status`,`pid`,`password`,`ctime`,`remarks`,`area_id`,`tiyan`,`num_point`,`exp` FROM `wb_user` WHERE (  `id` = 1 ) AND `wb_user`.`isdel` IS NULL LIMIT 1 [ RunTime:0.000228s ]
[ sql ] [ SQL ] SHOW COLUMNS FROM `wb_user_grade` [ RunTime:0.000392s ]
[ sql ] [ SQL ] SELECT * FROM `wb_user_grade` WHERE  `id` = 1 [ RunTime:0.000145s ]
[ sql ] [ SQL ] SELECT * FROM `wb_user_grade` WHERE  `id` = 1 LIMIT 1 [ RunTime:0.000209s ]
---------------------------------------------------------------
[2026-04-01T14:35:15+08:00] 127.0.0.1 POST www.jiwankang.com/api.html
[运行时间：0.067031s] [吞吐率：14.92req/s] [内存消耗：4,820.80kb] [文件加载：107]
[ info ] [ LANG ] E:\wwwroot\2026\04\jiwankang\thinkphp\lang\zh-cn.php
[ info ] [ ROUTE ] array (
)
[ info ] [ HEADER ] array (
  'referer' => 'http://localhost:8080/',
  'origin' => 'http://localhost:8080',
  'content-type' => 'application/json',
  'accept-language' => 'zh-CN,zh;q=0.9',
  'accept-encoding' => 'gzip, deflate',
  'accept' => 'application/json',
  'content-length' => '65',
  'user-agent' => 'Mozilla/5.0 (iPhone; CPU iPhone OS 18_5 like Mac OS X) AppleWebKit/605.1.15 (KHTML, like Gecko) Version/18.5 Mobile/15E148 Safari/604.1',
  'host' => 'www.jiwankang.com',
)
[ info ] [ PARAM ] array (
  'token' => 'c44ff269142cc0000a5aab51e13546e0',
  'method' => 'user.info',
)
[ info ] [ DB ] INIT mysql
[ sql ] [ DB ] CONNECT:[ UseTime:0.019415s ] mysql:host=127.0.0.1;port=3306;dbname=jiwankang;charset=utf8mb4
[ sql ] [ SQL ] SHOW COLUMNS FROM `wb_user` [ RunTime:0.001167s ]
[ sql ] [ SQL ] SELECT * FROM `wb_user` WHERE (  `id` = 1 ) AND `wb_user`.`isdel` IS NULL LIMIT 1 [ RunTime:0.000566s ]
[ sql ] [ SQL ] SELECT `id`,`username`,`mobile`,`sex`,`birthday`,`avatar`,`nickname`,`balance`,`point`,`grade`,`status`,`pid`,`password`,`ctime`,`remarks`,`area_id`,`tiyan`,`num_point`,`exp` FROM `wb_user` WHERE (  `id` = 1 ) AND `wb_user`.`isdel` IS NULL LIMIT 1 [ RunTime:0.000663s ]
[ sql ] [ SQL ] SHOW COLUMNS FROM `wb_user_grade` [ RunTime:0.000401s ]
[ sql ] [ SQL ] SELECT * FROM `wb_user_grade` WHERE  `id` = 1 [ RunTime:0.000174s ]
[ sql ] [ SQL ] SELECT * FROM `wb_user_grade` WHERE  `id` = 1 LIMIT 1 [ RunTime:0.000150s ]
---------------------------------------------------------------
[2026-04-01T14:35:15+08:00] 127.0.0.1 POST www.jiwankang.com/api.html
[运行时间：0.071330s] [吞吐率：14.02req/s] [内存消耗：5,316.21kb] [文件加载：116]
[ info ] [ LANG ] E:\wwwroot\2026\04\jiwankang\thinkphp\lang\zh-cn.php
[ info ] [ ROUTE ] array (
)
[ info ] [ HEADER ] array (
  'referer' => 'http://localhost:8080/',
  'origin' => 'http://localhost:8080',
  'content-type' => 'application/json',
  'accept-language' => 'zh-CN,zh;q=0.9',
  'accept-encoding' => 'gzip, deflate',
  'accept' => 'application/json',
  'content-length' => '78',
  'user-agent' => 'Mozilla/5.0 (iPhone; CPU iPhone OS 18_5 like Mac OS X) AppleWebKit/605.1.15 (KHTML, like Gecko) Version/18.5 Mobile/15E148 Safari/604.1',
  'host' => 'www.jiwankang.com',
)
[ info ] [ PARAM ] array (
  'id' => '1',
  'token' => 'c44ff269142cc0000a5aab51e13546e0',
  'method' => 'goods.getdetial',
)
[ info ] [ DB ] INIT mysql
[ sql ] [ DB ] CONNECT:[ UseTime:0.000576s ] mysql:host=127.0.0.1;port=3306;dbname=jiwankang;charset=utf8mb4
[ sql ] [ SQL ] SHOW COLUMNS FROM `wb_goods` [ RunTime:0.000635s ]
[ sql ] [ SQL ] SELECT * FROM `wb_goods` WHERE  `id` = 1 LIMIT 1 [ RunTime:0.000284s ]
[ sql ] [ SQL ] SHOW COLUMNS FROM `wb_goods_cat` [ RunTime:0.000971s ]
[ sql ] [ SQL ] SELECT `id`,`name` FROM `wb_goods_cat` WHERE  `id` = 1 [ RunTime:0.000192s ]
[ sql ] [ SQL ] SHOW COLUMNS FROM `wb_products` [ RunTime:0.000566s ]
[ sql ] [ SQL ] SELECT * FROM `wb_products` WHERE  `goods_id` = 1  AND `is_defalut` = 1 LIMIT 1 [ RunTime:0.000256s ]
[ sql ] [ SQL ] SHOW COLUMNS FROM `wb_user` [ RunTime:0.000531s ]
[ sql ] [ SQL ] SELECT * FROM `wb_user` WHERE (  `id` = 1 ) AND `wb_user`.`isdel` IS NULL LIMIT 1 [ RunTime:0.000254s ]
[ sql ] [ SQL ] SELECT * FROM `wb_products` WHERE  `id` = 1 LIMIT 1 [ RunTime:0.000152s ]
[ sql ] [ SQL ] SELECT `name`,`image_id`,`bn`,`marketable`,`spes_desc`,`is_combo`,`point`,`open_point` FROM `wb_goods` WHERE  `id` = 1 LIMIT 1 [ RunTime:0.000192s ]
[ sql ] [ SQL ] SELECT `grade` FROM `wb_user` WHERE (  `id` = 1 ) AND `wb_user`.`isdel` IS NULL LIMIT 1 [ RunTime:0.000181s ]
[ sql ] [ SQL ] SHOW COLUMNS FROM `wb_setting` [ RunTime:0.000855s ]
[ sql ] [ SQL ] SELECT * FROM `wb_setting` WHERE  `skey` = 'language' LIMIT 1 [ RunTime:0.000331s ]
[ sql ] [ SQL ] SELECT * FROM `wb_setting` WHERE  `skey` = 'language' LIMIT 1 [ RunTime:0.000191s ]
[ sql ] [ SQL ] SHOW COLUMNS FROM `wb_goods_grade` [ RunTime:0.001612s ]
[ sql ] [ SQL ] SELECT * FROM `wb_goods_grade` WHERE  `goods_id` = 1 [ RunTime:0.000271s ]
[ sql ] [ SQL ] SHOW COLUMNS FROM `wb_user_grade` [ RunTime:0.000615s ]
[ sql ] [ SQL ] SELECT `name` FROM `wb_user_grade` WHERE  `id` = 1 LIMIT 1 [ RunTime:0.000284s ]
[ sql ] [ SQL ] SELECT `name` FROM `wb_user_grade` WHERE  `id` = 2 LIMIT 1 [ RunTime:0.000253s ]
[ sql ] [ SQL ] SELECT `name` FROM `wb_user_grade` WHERE  `id` = 3 LIMIT 1 [ RunTime:0.000158s ]
[ sql ] [ SQL ] SELECT `name` FROM `wb_user_grade` WHERE  `id` = 4 LIMIT 1 [ RunTime:0.000312s ]
[ sql ] [ SQL ] SELECT `name` FROM `wb_user_grade` WHERE  `id` = 5 LIMIT 1 [ RunTime:0.000252s ]
[ sql ] [ SQL ] SHOW COLUMNS FROM `wb_promotion` [ RunTime:0.000813s ]
[ sql ] [ SQL ] SELECT * FROM `wb_promotion` WHERE (  `status` = 1  AND `stime` < 1775025315  AND `etime` > 1775025315  AND `type` = 1 ) AND `wb_promotion`.`isdel` IS NULL ORDER BY `sort` ASC [ RunTime:0.000730s ]
[ sql ] [ SQL ] SHOW COLUMNS FROM `wb_goods_images` [ RunTime:0.002041s ]
[ sql ] [ SQL ] SELECT * FROM `wb_goods_images` WHERE  `goods_id` = 1 ORDER BY `sort` ASC [ RunTime:0.000267s ]
[ sql ] [ SQL ] SHOW COLUMNS FROM `wb_goods_collection` [ RunTime:0.000873s ]
[ sql ] [ SQL ] SELECT * FROM `wb_goods_collection` WHERE  `user_id` = 1  AND `goods_id` = 1 LIMIT 1 [ RunTime:0.000143s ]
[ sql ] [ SQL ] UPDATE `wb_goods`  SET `view_count` = `view_count` + 1  WHERE  `id` = 1 [ RunTime:0.002079s ]
---------------------------------------------------------------
[2026-04-01T14:35:15+08:00] 127.0.0.1 GET www.jiwankang.com/api/common/jshopconf
[运行时间：0.029115s] [吞吐率：34.35req/s] [内存消耗：3,091.32kb] [文件加载：93]
[ info ] [ LANG ] E:\wwwroot\2026\04\jiwankang\thinkphp\lang\zh-cn.php
[ info ] [ ROUTE ] array (
)
[ info ] [ HEADER ] array (
  'referer' => 'http://localhost:8080/',
  'origin' => 'http://localhost:8080',
  'content-type' => 'application/x-www-form-urlencoded',
  'accept-language' => 'zh-CN,zh;q=0.9',
  'accept-encoding' => 'gzip, deflate',
  'accept' => 'application/json',
  'user-agent' => 'Mozilla/5.0 (iPhone; CPU iPhone OS 18_5 like Mac OS X) AppleWebKit/605.1.15 (KHTML, like Gecko) Version/18.5 Mobile/15E148 Safari/604.1',
  'host' => 'www.jiwankang.com',
  'content-length' => '',
)
[ info ] [ PARAM ] array (
)
---------------------------------------------------------------
[2026-04-01T14:35:15+08:00] 127.0.0.1 POST www.jiwankang.com/api.html
[运行时间：0.052999s] [吞吐率：18.87req/s] [内存消耗：4,605.82kb] [文件加载：103]
[ info ] [ LANG ] E:\wwwroot\2026\04\jiwankang\thinkphp\lang\zh-cn.php
[ info ] [ ROUTE ] array (
)
[ info ] [ HEADER ] array (
  'referer' => 'http://localhost:8080/',
  'origin' => 'http://localhost:8080',
  'content-type' => 'application/json',
  'accept-language' => 'zh-CN,zh;q=0.9',
  'accept-encoding' => 'gzip, deflate',
  'accept' => 'application/json',
  'content-length' => '70',
  'user-agent' => 'Mozilla/5.0 (iPhone; CPU iPhone OS 18_5 like Mac OS X) AppleWebKit/605.1.15 (KHTML, like Gecko) Version/18.5 Mobile/15E148 Safari/604.1',
  'host' => 'www.jiwankang.com',
)
[ info ] [ PARAM ] array (
  'token' => 'c44ff269142cc0000a5aab51e13546e0',
  'method' => 'cart.getnumber',
)
[ info ] [ DB ] INIT mysql
[ sql ] [ DB ] CONNECT:[ UseTime:0.002159s ] mysql:host=127.0.0.1;port=3306;dbname=jiwankang;charset=utf8mb4
[ sql ] [ SQL ] SHOW COLUMNS FROM `wb_user` [ RunTime:0.001647s ]
[ sql ] [ SQL ] SELECT * FROM `wb_user` WHERE (  `id` = 1 ) AND `wb_user`.`isdel` IS NULL LIMIT 1 [ RunTime:0.000572s ]
[ sql ] [ SQL ] SHOW COLUMNS FROM `wb_setting` [ RunTime:0.001488s ]
[ sql ] [ SQL ] SELECT * FROM `wb_setting` WHERE  `skey` = 'virtual_card_class' LIMIT 1 [ RunTime:0.000502s ]
[ sql ] [ SQL ] SHOW COLUMNS FROM `wb_cart` [ RunTime:0.000513s ]
[ sql ] [ SQL ] SELECT SUM(`nums`) AS tp_sum FROM `wb_cart` `c` INNER JOIN `wb_products` `p` ON `p`.`id`=`c`.`product_id` INNER JOIN `wb_goods` `g` ON `g`.`id`=`p`.`goods_id` WHERE  `user_id` = 1  AND `type` = 1 LIMIT 1 [ RunTime:0.000401s ]
---------------------------------------------------------------
[2026-04-01T14:35:24+08:00] 127.0.0.1 OPTIONS www.jiwankang.com/api.html
[运行时间：0.023119s] [吞吐率：43.25req/s] [内存消耗：3,009.21kb] [文件加载：89]
[ info ] [ LANG ] E:\wwwroot\2026\04\jiwankang\thinkphp\lang\zh-cn.php
[ info ] [ ROUTE ] array (
)
[ info ] [ HEADER ] array (
  'sec-fetch-mode' => 'cors',
  'referer' => 'http://localhost:8080/',
  'origin' => 'http://localhost:8080',
  'access-control-request-method' => 'POST',
  'access-control-request-headers' => 'content-type',
  'accept-language' => 'zh-CN,zh;q=0.9',
  'accept-encoding' => 'gzip, deflate',
  'accept' => '*/*',
  'user-agent' => 'Mozilla/5.0 (iPhone; CPU iPhone OS 18_5 like Mac OS X) AppleWebKit/605.1.15 (KHTML, like Gecko) Version/18.5 Mobile/15E148 Safari/604.1',
  'host' => 'www.jiwankang.com',
  'content-length' => '',
  'content-type' => '',
)
[ info ] [ PARAM ] array (
)
---------------------------------------------------------------
[2026-04-01T14:35:24+08:00] 127.0.0.1 POST www.jiwankang.com/api.html
[运行时间：0.031550s] [吞吐率：31.70req/s] [内存消耗：4,820.80kb] [文件加载：107]
[ info ] [ LANG ] E:\wwwroot\2026\04\jiwankang\thinkphp\lang\zh-cn.php
[ info ] [ ROUTE ] array (
)
[ info ] [ HEADER ] array (
  'referer' => 'http://localhost:8080/',
  'origin' => 'http://localhost:8080',
  'content-type' => 'application/json',
  'accept-language' => 'zh-CN,zh;q=0.9',
  'accept-encoding' => 'gzip, deflate',
  'accept' => 'application/json',
  'content-length' => '65',
  'user-agent' => 'Mozilla/5.0 (iPhone; CPU iPhone OS 18_5 like Mac OS X) AppleWebKit/605.1.15 (KHTML, like Gecko) Version/18.5 Mobile/15E148 Safari/604.1',
  'host' => 'www.jiwankang.com',
)
[ info ] [ PARAM ] array (
  'token' => 'c44ff269142cc0000a5aab51e13546e0',
  'method' => 'user.info',
)
[ info ] [ DB ] INIT mysql
[ sql ] [ DB ] CONNECT:[ UseTime:0.001099s ] mysql:host=127.0.0.1;port=3306;dbname=jiwankang;charset=utf8mb4
[ sql ] [ SQL ] SHOW COLUMNS FROM `wb_user` [ RunTime:0.000849s ]
[ sql ] [ SQL ] SELECT * FROM `wb_user` WHERE (  `id` = 1 ) AND `wb_user`.`isdel` IS NULL LIMIT 1 [ RunTime:0.000291s ]
[ sql ] [ SQL ] SELECT `id`,`username`,`mobile`,`sex`,`birthday`,`avatar`,`nickname`,`balance`,`point`,`grade`,`status`,`pid`,`password`,`ctime`,`remarks`,`area_id`,`tiyan`,`num_point`,`exp` FROM `wb_user` WHERE (  `id` = 1 ) AND `wb_user`.`isdel` IS NULL LIMIT 1 [ RunTime:0.000260s ]
[ sql ] [ SQL ] SHOW COLUMNS FROM `wb_user_grade` [ RunTime:0.000299s ]
[ sql ] [ SQL ] SELECT * FROM `wb_user_grade` WHERE  `id` = 1 [ RunTime:0.000103s ]
[ sql ] [ SQL ] SELECT * FROM `wb_user_grade` WHERE  `id` = 1 LIMIT 1 [ RunTime:0.000100s ]
---------------------------------------------------------------
[2026-04-01T14:35:31+08:00] 127.0.0.1 OPTIONS www.jiwankang.com/api.html
[运行时间：0.019910s] [吞吐率：50.23req/s] [内存消耗：3,009.21kb] [文件加载：89]
[ info ] [ LANG ] E:\wwwroot\2026\04\jiwankang\thinkphp\lang\zh-cn.php
[ info ] [ ROUTE ] array (
)
[ info ] [ HEADER ] array (
  'sec-fetch-mode' => 'cors',
  'referer' => 'http://localhost:8080/',
  'origin' => 'http://localhost:8080',
  'access-control-request-method' => 'POST',
  'access-control-request-headers' => 'content-type',
  'accept-language' => 'zh-CN,zh;q=0.9',
  'accept-encoding' => 'gzip, deflate',
  'accept' => '*/*',
  'user-agent' => 'Mozilla/5.0 (iPhone; CPU iPhone OS 18_5 like Mac OS X) AppleWebKit/605.1.15 (KHTML, like Gecko) Version/18.5 Mobile/15E148 Safari/604.1',
  'host' => 'www.jiwankang.com',
  'content-length' => '',
  'content-type' => '',
)
[ info ] [ PARAM ] array (
)
---------------------------------------------------------------
[2026-04-01T14:35:31+08:00] 127.0.0.1 POST www.jiwankang.com/api.html
[运行时间：0.030604s] [吞吐率：32.68req/s] [内存消耗：4,820.80kb] [文件加载：107]
[ info ] [ LANG ] E:\wwwroot\2026\04\jiwankang\thinkphp\lang\zh-cn.php
[ info ] [ ROUTE ] array (
)
[ info ] [ HEADER ] array (
  'referer' => 'http://localhost:8080/',
  'origin' => 'http://localhost:8080',
  'content-type' => 'application/json',
  'accept-language' => 'zh-CN,zh;q=0.9',
  'accept-encoding' => 'gzip, deflate',
  'accept' => 'application/json',
  'content-length' => '65',
  'user-agent' => 'Mozilla/5.0 (iPhone; CPU iPhone OS 18_5 like Mac OS X) AppleWebKit/605.1.15 (KHTML, like Gecko) Version/18.5 Mobile/15E148 Safari/604.1',
  'host' => 'www.jiwankang.com',
)
[ info ] [ PARAM ] array (
  'token' => 'c44ff269142cc0000a5aab51e13546e0',
  'method' => 'user.info',
)
[ info ] [ DB ] INIT mysql
[ sql ] [ DB ] CONNECT:[ UseTime:0.000824s ] mysql:host=127.0.0.1;port=3306;dbname=jiwankang;charset=utf8mb4
[ sql ] [ SQL ] SHOW COLUMNS FROM `wb_user` [ RunTime:0.000637s ]
[ sql ] [ SQL ] SELECT * FROM `wb_user` WHERE (  `id` = 1 ) AND `wb_user`.`isdel` IS NULL LIMIT 1 [ RunTime:0.000305s ]
[ sql ] [ SQL ] SELECT `id`,`username`,`mobile`,`sex`,`birthday`,`avatar`,`nickname`,`balance`,`point`,`grade`,`status`,`pid`,`password`,`ctime`,`remarks`,`area_id`,`tiyan`,`num_point`,`exp` FROM `wb_user` WHERE (  `id` = 1 ) AND `wb_user`.`isdel` IS NULL LIMIT 1 [ RunTime:0.000229s ]
[ sql ] [ SQL ] SHOW COLUMNS FROM `wb_user_grade` [ RunTime:0.000311s ]
[ sql ] [ SQL ] SELECT * FROM `wb_user_grade` WHERE  `id` = 1 [ RunTime:0.000105s ]
[ sql ] [ SQL ] SELECT * FROM `wb_user_grade` WHERE  `id` = 1 LIMIT 1 [ RunTime:0.000104s ]
---------------------------------------------------------------
[2026-04-01T14:35:31+08:00] 127.0.0.1 GET www.jiwankang.com/api/common/jshopConf
[运行时间：0.029505s] [吞吐率：33.89req/s] [内存消耗：3,090.90kb] [文件加载：93]
[ info ] [ LANG ] E:\wwwroot\2026\04\jiwankang\thinkphp\lang\zh-cn.php
[ info ] [ ROUTE ] array (
)
[ info ] [ HEADER ] array (
  'referer' => 'http://localhost:8080/',
  'origin' => 'http://localhost:8080',
  'accept-language' => 'zh-CN,zh;q=0.9',
  'accept-encoding' => 'gzip, deflate',
  'accept' => '*/*',
  'user-agent' => 'Mozilla/5.0 (iPhone; CPU iPhone OS 18_5 like Mac OS X) AppleWebKit/605.1.15 (KHTML, like Gecko) Version/18.5 Mobile/15E148 Safari/604.1',
  'host' => 'www.jiwankang.com',
  'content-length' => '',
  'content-type' => '',
)
[ info ] [ PARAM ] array (
)
---------------------------------------------------------------
[2026-04-01T14:35:32+08:00] 127.0.0.1 GET www.jiwankang.com/api/common/jshopconf
[运行时间：0.024531s] [吞吐率：40.76req/s] [内存消耗：3,091.32kb] [文件加载：93]
[ info ] [ LANG ] E:\wwwroot\2026\04\jiwankang\thinkphp\lang\zh-cn.php
[ info ] [ ROUTE ] array (
)
[ info ] [ HEADER ] array (
  'referer' => 'http://localhost:8080/',
  'origin' => 'http://localhost:8080',
  'content-type' => 'application/x-www-form-urlencoded',
  'accept-language' => 'zh-CN,zh;q=0.9',
  'accept-encoding' => 'gzip, deflate',
  'accept' => 'application/json',
  'user-agent' => 'Mozilla/5.0 (iPhone; CPU iPhone OS 18_5 like Mac OS X) AppleWebKit/605.1.15 (KHTML, like Gecko) Version/18.5 Mobile/15E148 Safari/604.1',
  'host' => 'www.jiwankang.com',
  'content-length' => '',
)
[ info ] [ PARAM ] array (
)
---------------------------------------------------------------
[2026-04-01T14:35:32+08:00] 127.0.0.1 POST www.jiwankang.com/api.html
[运行时间：0.040884s] [吞吐率：24.46req/s] [内存消耗：4,820.80kb] [文件加载：107]
[ info ] [ LANG ] E:\wwwroot\2026\04\jiwankang\thinkphp\lang\zh-cn.php
[ info ] [ ROUTE ] array (
)
[ info ] [ HEADER ] array (
  'referer' => 'http://localhost:8080/',
  'origin' => 'http://localhost:8080',
  'content-type' => 'application/json',
  'accept-language' => 'zh-CN,zh;q=0.9',
  'accept-encoding' => 'gzip, deflate',
  'accept' => 'application/json',
  'content-length' => '65',
  'user-agent' => 'Mozilla/5.0 (iPhone; CPU iPhone OS 18_5 like Mac OS X) AppleWebKit/605.1.15 (KHTML, like Gecko) Version/18.5 Mobile/15E148 Safari/604.1',
  'host' => 'www.jiwankang.com',
)
[ info ] [ PARAM ] array (
  'token' => 'c44ff269142cc0000a5aab51e13546e0',
  'method' => 'user.info',
)
[ info ] [ DB ] INIT mysql
[ sql ] [ DB ] CONNECT:[ UseTime:0.001979s ] mysql:host=127.0.0.1;port=3306;dbname=jiwankang;charset=utf8mb4
[ sql ] [ SQL ] SHOW COLUMNS FROM `wb_user` [ RunTime:0.001197s ]
[ sql ] [ SQL ] SELECT * FROM `wb_user` WHERE (  `id` = 1 ) AND `wb_user`.`isdel` IS NULL LIMIT 1 [ RunTime:0.000446s ]
[ sql ] [ SQL ] SELECT `id`,`username`,`mobile`,`sex`,`birthday`,`avatar`,`nickname`,`balance`,`point`,`grade`,`status`,`pid`,`password`,`ctime`,`remarks`,`area_id`,`tiyan`,`num_point`,`exp` FROM `wb_user` WHERE (  `id` = 1 ) AND `wb_user`.`isdel` IS NULL LIMIT 1 [ RunTime:0.000331s ]
[ sql ] [ SQL ] SHOW COLUMNS FROM `wb_user_grade` [ RunTime:0.000563s ]
[ sql ] [ SQL ] SELECT * FROM `wb_user_grade` WHERE  `id` = 1 [ RunTime:0.000205s ]
[ sql ] [ SQL ] SELECT * FROM `wb_user_grade` WHERE  `id` = 1 LIMIT 1 [ RunTime:0.000299s ]
---------------------------------------------------------------
[2026-04-01T14:35:32+08:00] 127.0.0.1 POST www.jiwankang.com/api.html
[运行时间：0.041998s] [吞吐率：23.81req/s] [内存消耗：4,820.80kb] [文件加载：107]
[ info ] [ LANG ] E:\wwwroot\2026\04\jiwankang\thinkphp\lang\zh-cn.php
[ info ] [ ROUTE ] array (
)
[ info ] [ HEADER ] array (
  'referer' => 'http://localhost:8080/',
  'origin' => 'http://localhost:8080',
  'content-type' => 'application/json',
  'accept-language' => 'zh-CN,zh;q=0.9',
  'accept-encoding' => 'gzip, deflate',
  'accept' => 'application/json',
  'content-length' => '65',
  'user-agent' => 'Mozilla/5.0 (iPhone; CPU iPhone OS 18_5 like Mac OS X) AppleWebKit/605.1.15 (KHTML, like Gecko) Version/18.5 Mobile/15E148 Safari/604.1',
  'host' => 'www.jiwankang.com',
)
[ info ] [ PARAM ] array (
  'token' => 'c44ff269142cc0000a5aab51e13546e0',
  'method' => 'user.info',
)
[ info ] [ DB ] INIT mysql
[ sql ] [ DB ] CONNECT:[ UseTime:0.000777s ] mysql:host=127.0.0.1;port=3306;dbname=jiwankang;charset=utf8mb4
[ sql ] [ SQL ] SHOW COLUMNS FROM `wb_user` [ RunTime:0.000576s ]
[ sql ] [ SQL ] SELECT * FROM `wb_user` WHERE (  `id` = 1 ) AND `wb_user`.`isdel` IS NULL LIMIT 1 [ RunTime:0.000243s ]
[ sql ] [ SQL ] SELECT `id`,`username`,`mobile`,`sex`,`birthday`,`avatar`,`nickname`,`balance`,`point`,`grade`,`status`,`pid`,`password`,`ctime`,`remarks`,`area_id`,`tiyan`,`num_point`,`exp` FROM `wb_user` WHERE (  `id` = 1 ) AND `wb_user`.`isdel` IS NULL LIMIT 1 [ RunTime:0.000452s ]
[ sql ] [ SQL ] SHOW COLUMNS FROM `wb_user_grade` [ RunTime:0.000475s ]
[ sql ] [ SQL ] SELECT * FROM `wb_user_grade` WHERE  `id` = 1 [ RunTime:0.000200s ]
[ sql ] [ SQL ] SELECT * FROM `wb_user_grade` WHERE  `id` = 1 LIMIT 1 [ RunTime:0.000240s ]
---------------------------------------------------------------
[2026-04-01T14:35:32+08:00] 127.0.0.1 POST www.jiwankang.com/api.html
[运行时间：0.052032s] [吞吐率：19.22req/s] [内存消耗：4,830.21kb] [文件加载：107]
[ info ] [ LANG ] E:\wwwroot\2026\04\jiwankang\thinkphp\lang\zh-cn.php
[ info ] [ ROUTE ] array (
)
[ info ] [ HEADER ] array (
  'referer' => 'http://localhost:8080/',
  'origin' => 'http://localhost:8080',
  'content-type' => 'application/json',
  'accept-language' => 'zh-CN,zh;q=0.9',
  'accept-encoding' => 'gzip, deflate',
  'accept' => 'application/json',
  'content-length' => '40',
  'user-agent' => 'Mozilla/5.0 (iPhone; CPU iPhone OS 18_5 like Mac OS X) AppleWebKit/605.1.15 (KHTML, like Gecko) Version/18.5 Mobile/15E148 Safari/604.1',
  'host' => 'www.jiwankang.com',
)
[ info ] [ PARAM ] array (
  'id' => '1',
  'method' => 'goods.getgoodsparams',
)
[ info ] [ DB ] INIT mysql
[ sql ] [ DB ] CONNECT:[ UseTime:0.000915s ] mysql:host=127.0.0.1;port=3306;dbname=jiwankang;charset=utf8mb4
[ sql ] [ SQL ] SHOW COLUMNS FROM `wb_setting` [ RunTime:0.000587s ]
[ sql ] [ SQL ] SELECT * FROM `wb_setting` WHERE  `skey` = 'language' LIMIT 1 [ RunTime:0.000270s ]
[ sql ] [ SQL ] SELECT * FROM `wb_setting` WHERE  `skey` = 'language' LIMIT 1 [ RunTime:0.000308s ]
[ sql ] [ SQL ] SELECT * FROM `wb_setting` WHERE  `skey` = 'language' LIMIT 1 [ RunTime:0.000707s ]
[ sql ] [ SQL ] SELECT * FROM `wb_setting` WHERE  `skey` = 'language' LIMIT 1 [ RunTime:0.000411s ]
[ sql ] [ SQL ] SHOW COLUMNS FROM `wb_goods` [ RunTime:0.001230s ]
[ sql ] [ SQL ] SELECT `id`,`bn`,`name`,`brand_id`,`image_id`,`params`,`spes_desc` FROM `wb_goods` WHERE  `id` = 1 LIMIT 1 [ RunTime:0.000297s ]
[ sql ] [ SQL ] SELECT * FROM `wb_setting` WHERE  `skey` = 'language' LIMIT 1 [ RunTime:0.000197s ]
[ sql ] [ SQL ] SELECT * FROM `wb_setting` WHERE  `skey` = 'language' LIMIT 1 [ RunTime:0.000177s ]
[ sql ] [ SQL ] SHOW COLUMNS FROM `wb_goods_images` [ RunTime:0.001680s ]
[ sql ] [ SQL ] SELECT * FROM `wb_goods_images` WHERE  `goods_id` = 1 ORDER BY `sort` DESC [ RunTime:0.000430s ]
[ sql ] [ SQL ] SHOW COLUMNS FROM `wb_products` [ RunTime:0.000372s ]
[ sql ] [ SQL ] SELECT `id` FROM `wb_products` WHERE  `goods_id` = 1 [ RunTime:0.000187s ]
[ sql ] [ SQL ] SELECT * FROM `wb_products` WHERE  `id` = 1 LIMIT 1 [ RunTime:0.000240s ]
[ sql ] [ SQL ] SELECT `name`,`image_id`,`bn`,`marketable`,`spes_desc`,`is_combo`,`point`,`open_point` FROM `wb_goods` WHERE  `id` = 1 LIMIT 1 [ RunTime:0.000239s ]
---------------------------------------------------------------
[2026-04-01T14:35:32+08:00] 127.0.0.1 POST www.jiwankang.com/api.html
[运行时间：0.064370s] [吞吐率：15.54req/s] [内存消耗：5,316.21kb] [文件加载：116]
[ info ] [ LANG ] E:\wwwroot\2026\04\jiwankang\thinkphp\lang\zh-cn.php
[ info ] [ ROUTE ] array (
)
[ info ] [ HEADER ] array (
  'referer' => 'http://localhost:8080/',
  'origin' => 'http://localhost:8080',
  'content-type' => 'application/json',
  'accept-language' => 'zh-CN,zh;q=0.9',
  'accept-encoding' => 'gzip, deflate',
  'accept' => 'application/json',
  'content-length' => '78',
  'user-agent' => 'Mozilla/5.0 (iPhone; CPU iPhone OS 18_5 like Mac OS X) AppleWebKit/605.1.15 (KHTML, like Gecko) Version/18.5 Mobile/15E148 Safari/604.1',
  'host' => 'www.jiwankang.com',
)
[ info ] [ PARAM ] array (
  'id' => '1',
  'token' => 'c44ff269142cc0000a5aab51e13546e0',
  'method' => 'goods.getdetial',
)
[ info ] [ DB ] INIT mysql
[ sql ] [ DB ] CONNECT:[ UseTime:0.000973s ] mysql:host=127.0.0.1;port=3306;dbname=jiwankang;charset=utf8mb4
[ sql ] [ SQL ] SHOW COLUMNS FROM `wb_goods` [ RunTime:0.001227s ]
[ sql ] [ SQL ] SELECT * FROM `wb_goods` WHERE  `id` = 1 LIMIT 1 [ RunTime:0.000252s ]
[ sql ] [ SQL ] SHOW COLUMNS FROM `wb_goods_cat` [ RunTime:0.000985s ]
[ sql ] [ SQL ] SELECT `id`,`name` FROM `wb_goods_cat` WHERE  `id` = 1 [ RunTime:0.000166s ]
[ sql ] [ SQL ] SHOW COLUMNS FROM `wb_products` [ RunTime:0.001807s ]
[ sql ] [ SQL ] SELECT * FROM `wb_products` WHERE  `goods_id` = 1  AND `is_defalut` = 1 LIMIT 1 [ RunTime:0.000357s ]
[ sql ] [ SQL ] SHOW COLUMNS FROM `wb_user` [ RunTime:0.000736s ]
[ sql ] [ SQL ] SELECT * FROM `wb_user` WHERE (  `id` = 1 ) AND `wb_user`.`isdel` IS NULL LIMIT 1 [ RunTime:0.000272s ]
[ sql ] [ SQL ] SELECT * FROM `wb_products` WHERE  `id` = 1 LIMIT 1 [ RunTime:0.000211s ]
[ sql ] [ SQL ] SELECT `name`,`image_id`,`bn`,`marketable`,`spes_desc`,`is_combo`,`point`,`open_point` FROM `wb_goods` WHERE  `id` = 1 LIMIT 1 [ RunTime:0.000295s ]
[ sql ] [ SQL ] SELECT `grade` FROM `wb_user` WHERE (  `id` = 1 ) AND `wb_user`.`isdel` IS NULL LIMIT 1 [ RunTime:0.000330s ]
[ sql ] [ SQL ] SHOW COLUMNS FROM `wb_setting` [ RunTime:0.001119s ]
[ sql ] [ SQL ] SELECT * FROM `wb_setting` WHERE  `skey` = 'language' LIMIT 1 [ RunTime:0.000147s ]
[ sql ] [ SQL ] SELECT * FROM `wb_setting` WHERE  `skey` = 'language' LIMIT 1 [ RunTime:0.000081s ]
[ sql ] [ SQL ] SHOW COLUMNS FROM `wb_goods_grade` [ RunTime:0.000848s ]
[ sql ] [ SQL ] SELECT * FROM `wb_goods_grade` WHERE  `goods_id` = 1 [ RunTime:0.000213s ]
[ sql ] [ SQL ] SHOW COLUMNS FROM `wb_user_grade` [ RunTime:0.000442s ]
[ sql ] [ SQL ] SELECT `name` FROM `wb_user_grade` WHERE  `id` = 1 LIMIT 1 [ RunTime:0.000202s ]
[ sql ] [ SQL ] SELECT `name` FROM `wb_user_grade` WHERE  `id` = 2 LIMIT 1 [ RunTime:0.000166s ]
[ sql ] [ SQL ] SELECT `name` FROM `wb_user_grade` WHERE  `id` = 3 LIMIT 1 [ RunTime:0.000158s ]
[ sql ] [ SQL ] SELECT `name` FROM `wb_user_grade` WHERE  `id` = 4 LIMIT 1 [ RunTime:0.000143s ]
[ sql ] [ SQL ] SELECT `name` FROM `wb_user_grade` WHERE  `id` = 5 LIMIT 1 [ RunTime:0.000134s ]
[ sql ] [ SQL ] SHOW COLUMNS FROM `wb_promotion` [ RunTime:0.001349s ]
[ sql ] [ SQL ] SELECT * FROM `wb_promotion` WHERE (  `status` = 1  AND `stime` < 1775025332  AND `etime` > 1775025332  AND `type` = 1 ) AND `wb_promotion`.`isdel` IS NULL ORDER BY `sort` ASC [ RunTime:0.000542s ]
[ sql ] [ SQL ] SHOW COLUMNS FROM `wb_goods_images` [ RunTime:0.001122s ]
[ sql ] [ SQL ] SELECT * FROM `wb_goods_images` WHERE  `goods_id` = 1 ORDER BY `sort` ASC [ RunTime:0.000381s ]
[ sql ] [ SQL ] SHOW COLUMNS FROM `wb_goods_collection` [ RunTime:0.001317s ]
[ sql ] [ SQL ] SELECT * FROM `wb_goods_collection` WHERE  `user_id` = 1  AND `goods_id` = 1 LIMIT 1 [ RunTime:0.000233s ]
[ sql ] [ SQL ] UPDATE `wb_goods`  SET `view_count` = `view_count` + 1  WHERE  `id` = 1 [ RunTime:0.002304s ]
---------------------------------------------------------------
[2026-04-01T14:35:32+08:00] 127.0.0.1 GET www.jiwankang.com/api/common/jshopconf
[运行时间：0.028603s] [吞吐率：34.96req/s] [内存消耗：3,091.32kb] [文件加载：93]
[ info ] [ LANG ] E:\wwwroot\2026\04\jiwankang\thinkphp\lang\zh-cn.php
[ info ] [ ROUTE ] array (
)
[ info ] [ HEADER ] array (
  'referer' => 'http://localhost:8080/',
  'origin' => 'http://localhost:8080',
  'content-type' => 'application/x-www-form-urlencoded',
  'accept-language' => 'zh-CN,zh;q=0.9',
  'accept-encoding' => 'gzip, deflate',
  'accept' => 'application/json',
  'user-agent' => 'Mozilla/5.0 (iPhone; CPU iPhone OS 18_5 like Mac OS X) AppleWebKit/605.1.15 (KHTML, like Gecko) Version/18.5 Mobile/15E148 Safari/604.1',
  'host' => 'www.jiwankang.com',
  'content-length' => '',
)
[ info ] [ PARAM ] array (
)
---------------------------------------------------------------
[2026-04-01T14:35:32+08:00] 127.0.0.1 POST www.jiwankang.com/api.html
[运行时间：0.052720s] [吞吐率：18.97req/s] [内存消耗：4,605.82kb] [文件加载：103]
[ info ] [ LANG ] E:\wwwroot\2026\04\jiwankang\thinkphp\lang\zh-cn.php
[ info ] [ ROUTE ] array (
)
[ info ] [ HEADER ] array (
  'referer' => 'http://localhost:8080/',
  'origin' => 'http://localhost:8080',
  'content-type' => 'application/json',
  'accept-language' => 'zh-CN,zh;q=0.9',
  'accept-encoding' => 'gzip, deflate',
  'accept' => 'application/json',
  'content-length' => '70',
  'user-agent' => 'Mozilla/5.0 (iPhone; CPU iPhone OS 18_5 like Mac OS X) AppleWebKit/605.1.15 (KHTML, like Gecko) Version/18.5 Mobile/15E148 Safari/604.1',
  'host' => 'www.jiwankang.com',
)
[ info ] [ PARAM ] array (
  'token' => 'c44ff269142cc0000a5aab51e13546e0',
  'method' => 'cart.getnumber',
)
[ info ] [ DB ] INIT mysql
[ sql ] [ DB ] CONNECT:[ UseTime:0.001192s ] mysql:host=127.0.0.1;port=3306;dbname=jiwankang;charset=utf8mb4
[ sql ] [ SQL ] SHOW COLUMNS FROM `wb_user` [ RunTime:0.000898s ]
[ sql ] [ SQL ] SELECT * FROM `wb_user` WHERE (  `id` = 1 ) AND `wb_user`.`isdel` IS NULL LIMIT 1 [ RunTime:0.000396s ]
[ sql ] [ SQL ] SHOW COLUMNS FROM `wb_setting` [ RunTime:0.000698s ]
[ sql ] [ SQL ] SELECT * FROM `wb_setting` WHERE  `skey` = 'virtual_card_class' LIMIT 1 [ RunTime:0.000305s ]
[ sql ] [ SQL ] SHOW COLUMNS FROM `wb_cart` [ RunTime:0.001267s ]
[ sql ] [ SQL ] SELECT SUM(`nums`) AS tp_sum FROM `wb_cart` `c` INNER JOIN `wb_products` `p` ON `p`.`id`=`c`.`product_id` INNER JOIN `wb_goods` `g` ON `g`.`id`=`p`.`goods_id` WHERE  `user_id` = 1  AND `type` = 1 LIMIT 1 [ RunTime:0.002179s ]
---------------------------------------------------------------
[2026-04-01T14:35:33+08:00] 127.0.0.1 POST www.jiwankang.com/api.html
[运行时间：0.038343s] [吞吐率：26.08req/s] [内存消耗：4,866.30kb] [文件加载：105]
[ info ] [ LANG ] E:\wwwroot\2026\04\jiwankang\thinkphp\lang\zh-cn.php
[ info ] [ ROUTE ] array (
)
[ info ] [ HEADER ] array (
  'referer' => 'http://localhost:8080/',
  'origin' => 'http://localhost:8080',
  'content-type' => 'application/json',
  'accept-language' => 'zh-CN,zh;q=0.9',
  'accept-encoding' => 'gzip, deflate',
  'accept' => 'application/json',
  'content-length' => '97',
  'user-agent' => 'Mozilla/5.0 (iPhone; CPU iPhone OS 18_5 like Mac OS X) AppleWebKit/605.1.15 (KHTML, like Gecko) Version/18.5 Mobile/15E148 Safari/604.1',
  'host' => 'www.jiwankang.com',
)
[ info ] [ PARAM ] array (
  'product_id' => '1',
  'nums' => '1',
  'type' => '2',
  'token' => 'c44ff269142cc0000a5aab51e13546e0',
  'method' => 'cart.add',
)
[ info ] [ DB ] INIT mysql
[ sql ] [ DB ] CONNECT:[ UseTime:0.000849s ] mysql:host=127.0.0.1;port=3306;dbname=jiwankang;charset=utf8mb4
[ sql ] [ SQL ] SHOW COLUMNS FROM `wb_user` [ RunTime:0.000514s ]
[ sql ] [ SQL ] SELECT * FROM `wb_user` WHERE (  `id` = 1 ) AND `wb_user`.`isdel` IS NULL LIMIT 1 [ RunTime:0.000194s ]
[ sql ] [ SQL ] SHOW COLUMNS FROM `wb_products` [ RunTime:0.000297s ]
[ sql ] [ SQL ] SELECT * FROM `wb_products` WHERE  `id` = 1 LIMIT 1 [ RunTime:0.000119s ]
[ sql ] [ SQL ] SHOW COLUMNS FROM `wb_goods` [ RunTime:0.000322s ]
[ sql ] [ SQL ] SELECT `name`,`image_id`,`bn`,`marketable`,`spes_desc`,`is_combo`,`point`,`open_point` FROM `wb_goods` WHERE  `id` = 1 LIMIT 1 [ RunTime:0.000116s ]
[ sql ] [ SQL ] SELECT `p`.`id`,`g`.`marketable` FROM `wb_products` `p` INNER JOIN `wb_goods` `g` ON `g`.`id`=`p`.`goods_id` WHERE  `p`.`id` = '1' LIMIT 1 [ RunTime:0.000132s ]
[ sql ] [ SQL ] SHOW COLUMNS FROM `wb_cart` [ RunTime:0.000735s ]
[ sql ] [ SQL ] SELECT * FROM `wb_cart` WHERE  `product_id` = 1  AND `user_id` = 1  AND `type` = 1 LIMIT 1 [ RunTime:0.000148s ]
[ sql ] [ SQL ] INSERT INTO `wb_cart` (`product_id` , `nums` , `user_id` , `type`) VALUES (1 , 1 , 1 , 1) [ RunTime:0.001722s ]
---------------------------------------------------------------
[2026-04-01T14:35:33+08:00] 127.0.0.1 POST www.jiwankang.com/api.html
[运行时间：0.035484s] [吞吐率：28.18req/s] [内存消耗：4,656.99kb] [文件加载：106]
[ info ] [ LANG ] E:\wwwroot\2026\04\jiwankang\thinkphp\lang\zh-cn.php
[ info ] [ ROUTE ] array (
)
[ info ] [ HEADER ] array (
  'referer' => 'http://localhost:8080/',
  'origin' => 'http://localhost:8080',
  'content-type' => 'application/json',
  'accept-language' => 'zh-CN,zh;q=0.9',
  'accept-encoding' => 'gzip, deflate',
  'accept' => 'application/json',
  'content-length' => '93',
  'user-agent' => 'Mozilla/5.0 (iPhone; CPU iPhone OS 18_5 like Mac OS X) AppleWebKit/605.1.15 (KHTML, like Gecko) Version/18.5 Mobile/15E148 Safari/604.1',
  'host' => 'www.jiwankang.com',
)
[ info ] [ PARAM ] array (
  'display' => 'no_used',
  'token' => 'c44ff269142cc0000a5aab51e13546e0',
  'method' => 'coupon.usercoupon',
)
[ info ] [ DB ] INIT mysql
[ sql ] [ DB ] CONNECT:[ UseTime:0.001118s ] mysql:host=127.0.0.1;port=3306;dbname=jiwankang;charset=utf8mb4
[ sql ] [ SQL ] SHOW COLUMNS FROM `wb_user` [ RunTime:0.001017s ]
[ sql ] [ SQL ] SELECT * FROM `wb_user` WHERE (  `id` = 1 ) AND `wb_user`.`isdel` IS NULL LIMIT 1 [ RunTime:0.000445s ]
[ sql ] [ SQL ] SHOW COLUMNS FROM `wb_coupon` [ RunTime:0.000616s ]
[ sql ] [ SQL ] SELECT * FROM `wb_coupon` `c` INNER JOIN `wb_promotion` `p` ON `p`.`id`=`c`.`promotion_id` WHERE  `c`.`user_id` = '1'  AND `p`.`type` = '2'  AND `c`.`is_used` = '1'  AND `p`.`status` = '1'  AND ( (c.endtime = 0 and p.etime >= 1775025333) or (c.endtime >=1775025333) ) ORDER BY `c`.`ctime` ASC LIMIT 0,10 [ RunTime:0.000322s ]
[ sql ] [ SQL ] SELECT COUNT(*) AS tp_count FROM `wb_coupon` `c` INNER JOIN `wb_promotion` `p` ON `p`.`id`=`c`.`promotion_id` WHERE  `c`.`user_id` = '1'  AND `p`.`type` = '2'  AND `c`.`is_used` = '1'  AND `p`.`status` = '1'  AND ( (c.endtime = 0 and p.etime >= 1775025333) or (c.endtime >=1775025333) ) LIMIT 1 [ RunTime:0.000405s ]
---------------------------------------------------------------
[2026-04-01T14:35:33+08:00] 127.0.0.1 POST www.jiwankang.com/api.html
[运行时间：0.044145s] [吞吐率：22.65req/s] [内存消耗：4,856.52kb] [文件加载：105]
[ info ] [ LANG ] E:\wwwroot\2026\04\jiwankang\thinkphp\lang\zh-cn.php
[ info ] [ ROUTE ] array (
)
[ info ] [ HEADER ] array (
  'referer' => 'http://localhost:8080/',
  'origin' => 'http://localhost:8080',
  'content-type' => 'application/json',
  'accept-language' => 'zh-CN,zh;q=0.9',
  'accept-encoding' => 'gzip, deflate',
  'accept' => 'application/json',
  'content-length' => '79',
  'user-agent' => 'Mozilla/5.0 (iPhone; CPU iPhone OS 18_5 like Mac OS X) AppleWebKit/605.1.15 (KHTML, like Gecko) Version/18.5 Mobile/15E148 Safari/604.1',
  'host' => 'www.jiwankang.com',
)
[ info ] [ PARAM ] array (
  'token' => 'c44ff269142cc0000a5aab51e13546e0',
  'method' => 'user.getuserdefaultship',
)
[ info ] [ DB ] INIT mysql
[ sql ] [ DB ] CONNECT:[ UseTime:0.000806s ] mysql:host=127.0.0.1;port=3306;dbname=jiwankang;charset=utf8mb4
[ sql ] [ SQL ] SHOW COLUMNS FROM `wb_user` [ RunTime:0.000447s ]
[ sql ] [ SQL ] SELECT * FROM `wb_user` WHERE (  `id` = 1 ) AND `wb_user`.`isdel` IS NULL LIMIT 1 [ RunTime:0.000207s ]
[ sql ] [ SQL ] SHOW COLUMNS FROM `wb_user_ship` [ RunTime:0.001325s ]
[ sql ] [ SQL ] SELECT * FROM `wb_user_ship` WHERE  `user_id` = 1  AND `is_def` = 1 ORDER BY `utime` DESC LIMIT 1 [ RunTime:0.000304s ]
[ sql ] [ SQL ] SHOW COLUMNS FROM `wb_area` [ RunTime:0.000468s ]
[ sql ] [ SQL ] SELECT `id`,`name`,`parent_id`,`postal_code` FROM `wb_area` WHERE  `id` = 150525 LIMIT 1 [ RunTime:0.000152s ]
[ sql ] [ SQL ] SELECT `id`,`name`,`parent_id`,`postal_code` FROM `wb_area` WHERE  `parent_id` = 150500 [ RunTime:0.000704s ]
[ sql ] [ SQL ] SELECT `id`,`name`,`parent_id`,`postal_code` FROM `wb_area` WHERE  `id` = 150500 LIMIT 1 [ RunTime:0.000316s ]
[ sql ] [ SQL ] SELECT `id`,`name`,`parent_id`,`postal_code` FROM `wb_area` WHERE  `parent_id` = 150000 [ RunTime:0.000738s ]
[ sql ] [ SQL ] SELECT `id`,`name`,`parent_id`,`postal_code` FROM `wb_area` WHERE  `id` = 150000 LIMIT 1 [ RunTime:0.000138s ]
[ sql ] [ SQL ] SELECT `id`,`name`,`parent_id`,`postal_code` FROM `wb_area` WHERE  `parent_id` = 0 [ RunTime:0.000662s ]
---------------------------------------------------------------
[2026-04-01T14:35:33+08:00] 127.0.0.1 POST www.jiwankang.com/api.html
[运行时间：0.056640s] [吞吐率：17.66req/s] [内存消耗：5,254.66kb] [文件加载：113]
[ info ] [ LANG ] E:\wwwroot\2026\04\jiwankang\thinkphp\lang\zh-cn.php
[ info ] [ ROUTE ] array (
)
[ info ] [ HEADER ] array (
  'referer' => 'http://localhost:8080/',
  'origin' => 'http://localhost:8080',
  'content-type' => 'application/json',
  'accept-language' => 'zh-CN,zh;q=0.9',
  'accept-encoding' => 'gzip, deflate',
  'accept' => 'application/json',
  'content-length' => '155',
  'user-agent' => 'Mozilla/5.0 (iPhone; CPU iPhone OS 18_5 like Mac OS X) AppleWebKit/605.1.15 (KHTML, like Gecko) Version/18.5 Mobile/15E148 Safari/604.1',
  'host' => 'www.jiwankang.com',
)
[ info ] [ PARAM ] array (
  'ids' => '2',
  'area_id' => 0,
  'coupon_code' => '',
  'point' => 0,
  'type' => '1',
  'params' => '',
  'receipt_type' => '1',
  'token' => 'c44ff269142cc0000a5aab51e13546e0',
  'method' => 'cart.getlist',
)
[ info ] [ DB ] INIT mysql
[ sql ] [ DB ] CONNECT:[ UseTime:0.000693s ] mysql:host=127.0.0.1;port=3306;dbname=jiwankang;charset=utf8mb4
[ sql ] [ SQL ] SHOW COLUMNS FROM `wb_user` [ RunTime:0.000590s ]
[ sql ] [ SQL ] SELECT * FROM `wb_user` WHERE (  `id` = 1 ) AND `wb_user`.`isdel` IS NULL LIMIT 1 [ RunTime:0.000478s ]
[ sql ] [ SQL ] SHOW COLUMNS FROM `wb_cart` [ RunTime:0.000779s ]
[ sql ] [ SQL ] SELECT * FROM `wb_cart` WHERE  `user_id` = 1  AND `type` = 1  AND `id` IN (2) [ RunTime:0.000389s ]
[ sql ] [ SQL ] SHOW COLUMNS FROM `wb_products` [ RunTime:0.000836s ]
[ sql ] [ SQL ] SELECT * FROM `wb_products` WHERE  `id` = 1 LIMIT 1 [ RunTime:0.000245s ]
[ sql ] [ SQL ] SHOW COLUMNS FROM `wb_goods` [ RunTime:0.000413s ]
[ sql ] [ SQL ] SELECT `name`,`image_id`,`bn`,`marketable`,`spes_desc`,`is_combo`,`point`,`open_point` FROM `wb_goods` WHERE  `id` = 1 LIMIT 1 [ RunTime:0.000312s ]
[ sql ] [ SQL ] SELECT `grade` FROM `wb_user` WHERE (  `id` = 1 ) AND `wb_user`.`isdel` IS NULL LIMIT 1 [ RunTime:0.000415s ]
[ sql ] [ SQL ] SHOW COLUMNS FROM `wb_setting` [ RunTime:0.000350s ]
[ sql ] [ SQL ] SELECT * FROM `wb_setting` WHERE  `skey` = 'language' LIMIT 1 [ RunTime:0.000140s ]
[ sql ] [ SQL ] SELECT * FROM `wb_setting` WHERE  `skey` = 'language' LIMIT 1 [ RunTime:0.000085s ]
[ sql ] [ SQL ] SHOW COLUMNS FROM `wb_goods_grade` [ RunTime:0.000846s ]
[ sql ] [ SQL ] SELECT * FROM `wb_goods_grade` WHERE  `goods_id` = 1 [ RunTime:0.000143s ]
[ sql ] [ SQL ] SHOW COLUMNS FROM `wb_user_grade` [ RunTime:0.000773s ]
[ sql ] [ SQL ] SELECT `name` FROM `wb_user_grade` WHERE  `id` = 1 LIMIT 1 [ RunTime:0.000136s ]
[ sql ] [ SQL ] SELECT `name` FROM `wb_user_grade` WHERE  `id` = 2 LIMIT 1 [ RunTime:0.000089s ]
[ sql ] [ SQL ] SELECT `name` FROM `wb_user_grade` WHERE  `id` = 3 LIMIT 1 [ RunTime:0.000070s ]
[ sql ] [ SQL ] SELECT `name` FROM `wb_user_grade` WHERE  `id` = 4 LIMIT 1 [ RunTime:0.000114s ]
[ sql ] [ SQL ] SELECT `name` FROM `wb_user_grade` WHERE  `id` = 5 LIMIT 1 [ RunTime:0.000140s ]
[ sql ] [ SQL ] SELECT `p`.`id`,`g`.`marketable` FROM `wb_products` `p` INNER JOIN `wb_goods` `g` ON `g`.`id`=`p`.`goods_id` WHERE  `p`.`id` = '1' LIMIT 1 [ RunTime:0.000134s ]
[ sql ] [ SQL ] SELECT `goods_id` FROM `wb_products` WHERE  `id` = 1 LIMIT 1 [ RunTime:0.000079s ]
[ sql ] [ SQL ] SELECT `weight` FROM `wb_goods` WHERE  `id` = 1 LIMIT 1 [ RunTime:0.000074s ]
[ sql ] [ SQL ] SHOW COLUMNS FROM `wb_goods_collection` [ RunTime:0.001334s ]
[ sql ] [ SQL ] SELECT * FROM `wb_goods_collection` WHERE  `user_id` = 1  AND `goods_id` = 1 LIMIT 1 [ RunTime:0.000484s ]
[ sql ] [ SQL ] SHOW COLUMNS FROM `wb_promotion` [ RunTime:0.001662s ]
[ sql ] [ SQL ] SELECT * FROM `wb_promotion` WHERE (  `status` = 1  AND `stime` < 1775025333  AND `etime` > 1775025333  AND `type` = 1 ) AND `wb_promotion`.`isdel` IS NULL ORDER BY `sort` ASC [ RunTime:0.000371s ]
---------------------------------------------------------------
[2026-04-01T14:35:33+08:00] 127.0.0.1 POST www.jiwankang.com/api.html
[运行时间：0.064882s] [吞吐率：15.41req/s] [内存消耗：5,312.14kb] [文件加载：115]
[ info ] [ LANG ] E:\wwwroot\2026\04\jiwankang\thinkphp\lang\zh-cn.php
[ info ] [ ROUTE ] array (
)
[ info ] [ HEADER ] array (
  'referer' => 'http://localhost:8080/',
  'origin' => 'http://localhost:8080',
  'content-type' => 'application/json',
  'accept-language' => 'zh-CN,zh;q=0.9',
  'accept-encoding' => 'gzip, deflate',
  'accept' => 'application/json',
  'content-length' => '160',
  'user-agent' => 'Mozilla/5.0 (iPhone; CPU iPhone OS 18_5 like Mac OS X) AppleWebKit/605.1.15 (KHTML, like Gecko) Version/18.5 Mobile/15E148 Safari/604.1',
  'host' => 'www.jiwankang.com',
)
[ info ] [ PARAM ] array (
  'ids' => '2',
  'area_id' => '150525',
  'coupon_code' => '',
  'point' => 0,
  'type' => '1',
  'params' => '',
  'receipt_type' => '1',
  'token' => 'c44ff269142cc0000a5aab51e13546e0',
  'method' => 'cart.getlist',
)
[ info ] [ DB ] INIT mysql
[ sql ] [ DB ] CONNECT:[ UseTime:0.000793s ] mysql:host=127.0.0.1;port=3306;dbname=jiwankang;charset=utf8mb4
[ sql ] [ SQL ] SHOW COLUMNS FROM `wb_user` [ RunTime:0.000830s ]
[ sql ] [ SQL ] SELECT * FROM `wb_user` WHERE (  `id` = 1 ) AND `wb_user`.`isdel` IS NULL LIMIT 1 [ RunTime:0.000425s ]
[ sql ] [ SQL ] SHOW COLUMNS FROM `wb_cart` [ RunTime:0.000611s ]
[ sql ] [ SQL ] SELECT * FROM `wb_cart` WHERE  `user_id` = 1  AND `type` = 1  AND `id` IN (2) [ RunTime:0.000293s ]
[ sql ] [ SQL ] SHOW COLUMNS FROM `wb_products` [ RunTime:0.000965s ]
[ sql ] [ SQL ] SELECT * FROM `wb_products` WHERE  `id` = 1 LIMIT 1 [ RunTime:0.000315s ]
[ sql ] [ SQL ] SHOW COLUMNS FROM `wb_goods` [ RunTime:0.000449s ]
[ sql ] [ SQL ] SELECT `name`,`image_id`,`bn`,`marketable`,`spes_desc`,`is_combo`,`point`,`open_point` FROM `wb_goods` WHERE  `id` = 1 LIMIT 1 [ RunTime:0.000137s ]
[ sql ] [ SQL ] SELECT `grade` FROM `wb_user` WHERE (  `id` = 1 ) AND `wb_user`.`isdel` IS NULL LIMIT 1 [ RunTime:0.000148s ]
[ sql ] [ SQL ] SHOW COLUMNS FROM `wb_setting` [ RunTime:0.001005s ]
[ sql ] [ SQL ] SELECT * FROM `wb_setting` WHERE  `skey` = 'language' LIMIT 1 [ RunTime:0.000309s ]
[ sql ] [ SQL ] SELECT * FROM `wb_setting` WHERE  `skey` = 'language' LIMIT 1 [ RunTime:0.000194s ]
[ sql ] [ SQL ] SHOW COLUMNS FROM `wb_goods_grade` [ RunTime:0.002043s ]
[ sql ] [ SQL ] SELECT * FROM `wb_goods_grade` WHERE  `goods_id` = 1 [ RunTime:0.000518s ]
[ sql ] [ SQL ] SHOW COLUMNS FROM `wb_user_grade` [ RunTime:0.000879s ]
[ sql ] [ SQL ] SELECT `name` FROM `wb_user_grade` WHERE  `id` = 1 LIMIT 1 [ RunTime:0.000347s ]
[ sql ] [ SQL ] SELECT `name` FROM `wb_user_grade` WHERE  `id` = 2 LIMIT 1 [ RunTime:0.000292s ]
[ sql ] [ SQL ] SELECT `name` FROM `wb_user_grade` WHERE  `id` = 3 LIMIT 1 [ RunTime:0.000388s ]
[ sql ] [ SQL ] SELECT `name` FROM `wb_user_grade` WHERE  `id` = 4 LIMIT 1 [ RunTime:0.000374s ]
[ sql ] [ SQL ] SELECT `name` FROM `wb_user_grade` WHERE  `id` = 5 LIMIT 1 [ RunTime:0.000218s ]
[ sql ] [ SQL ] SELECT `p`.`id`,`g`.`marketable` FROM `wb_products` `p` INNER JOIN `wb_goods` `g` ON `g`.`id`=`p`.`goods_id` WHERE  `p`.`id` = '1' LIMIT 1 [ RunTime:0.000337s ]
[ sql ] [ SQL ] SELECT `goods_id` FROM `wb_products` WHERE  `id` = 1 LIMIT 1 [ RunTime:0.000203s ]
[ sql ] [ SQL ] SELECT `weight` FROM `wb_goods` WHERE  `id` = 1 LIMIT 1 [ RunTime:0.000202s ]
[ sql ] [ SQL ] SHOW COLUMNS FROM `wb_goods_collection` [ RunTime:0.002518s ]
[ sql ] [ SQL ] SELECT * FROM `wb_goods_collection` WHERE  `user_id` = 1  AND `goods_id` = 1 LIMIT 1 [ RunTime:0.000716s ]
[ sql ] [ SQL ] SHOW COLUMNS FROM `wb_promotion` [ RunTime:0.001502s ]
[ sql ] [ SQL ] SELECT * FROM `wb_promotion` WHERE (  `status` = 1  AND `stime` < 1775025333  AND `etime` > 1775025333  AND `type` = 1 ) AND `wb_promotion`.`isdel` IS NULL ORDER BY `sort` ASC [ RunTime:0.000642s ]
[ sql ] [ SQL ] SHOW COLUMNS FROM `wb_ship` [ RunTime:0.001174s ]
[ sql ] [ SQL ] SELECT * FROM `wb_ship` WHERE  `status` = 1  AND `type` = 2  AND (  FIND_IN_SET('150525',area_fee)  ) LIMIT 1 [ RunTime:0.000213s ]
[ sql ] [ SQL ] SELECT * FROM `wb_ship` WHERE  `is_def` = 1  AND `status` = 1 LIMIT 1 [ RunTime:0.000173s ]
[ sql ] [ SQL ] SELECT * FROM `wb_ship` WHERE  `status` = 1 LIMIT 1 [ RunTime:0.000105s ]
---------------------------------------------------------------
[2026-04-01T14:35:33+08:00] 127.0.0.1 POST www.jiwankang.com/api.html
[运行时间：0.045809s] [吞吐率：21.83req/s] [内存消耗：4,758.41kb] [文件加载：103]
[ info ] [ LANG ] E:\wwwroot\2026\04\jiwankang\thinkphp\lang\zh-cn.php
[ info ] [ ROUTE ] array (
)
[ info ] [ HEADER ] array (
  'referer' => 'http://localhost:8080/',
  'origin' => 'http://localhost:8080',
  'content-type' => 'application/json',
  'accept-language' => 'zh-CN,zh;q=0.9',
  'accept-encoding' => 'gzip, deflate',
  'accept' => 'application/json',
  'content-length' => '96',
  'user-agent' => 'Mozilla/5.0 (iPhone; CPU iPhone OS 18_5 like Mac OS X) AppleWebKit/605.1.15 (KHTML, like Gecko) Version/18.5 Mobile/15E148 Safari/604.1',
  'host' => 'www.jiwankang.com',
)
[ info ] [ PARAM ] array (
  'order_money' => '998.00',
  'token' => 'c44ff269142cc0000a5aab51e13546e0',
  'method' => 'user.getuserpoint',
)
[ info ] [ DB ] INIT mysql
[ sql ] [ DB ] CONNECT:[ UseTime:0.000938s ] mysql:host=127.0.0.1;port=3306;dbname=jiwankang;charset=utf8mb4
[ sql ] [ SQL ] SHOW COLUMNS FROM `wb_user` [ RunTime:0.000600s ]
[ sql ] [ SQL ] SELECT * FROM `wb_user` WHERE (  `id` = 1 ) AND `wb_user`.`isdel` IS NULL LIMIT 1 [ RunTime:0.000574s ]
[ sql ] [ SQL ] SHOW COLUMNS FROM `wb_setting` [ RunTime:0.001215s ]
[ sql ] [ SQL ] SELECT * FROM `wb_setting` WHERE  `skey` = 'language' LIMIT 1 [ RunTime:0.000261s ]
[ sql ] [ SQL ] SELECT * FROM `wb_setting` WHERE  `skey` = 'language' LIMIT 1 [ RunTime:0.000140s ]
[ sql ] [ SQL ] SELECT * FROM `wb_setting` WHERE  `skey` = 'point_switch' LIMIT 1 [ RunTime:0.000152s ]
[ sql ] [ SQL ] SELECT `point` FROM `wb_user` WHERE (  `id` = 1 ) AND `wb_user`.`isdel` IS NULL LIMIT 1 [ RunTime:0.000147s ]
[ sql ] [ SQL ] SELECT * FROM `wb_setting` WHERE  `skey` = 'orders_point_proportion' LIMIT 1 [ RunTime:0.000140s ]
[ sql ] [ SQL ] SELECT * FROM `wb_setting` WHERE  `skey` = 'point_discounted_proportion' LIMIT 1 [ RunTime:0.000154s ]
---------------------------------------------------------------
[2026-04-01T14:35:33+08:00] 127.0.0.1 POST www.jiwankang.com/api.html
[运行时间：0.032354s] [吞吐率：30.91req/s] [内存消耗：4,758.41kb] [文件加载：103]
[ info ] [ LANG ] E:\wwwroot\2026\04\jiwankang\thinkphp\lang\zh-cn.php
[ info ] [ ROUTE ] array (
)
[ info ] [ HEADER ] array (
  'referer' => 'http://localhost:8080/',
  'origin' => 'http://localhost:8080',
  'content-type' => 'application/json',
  'accept-language' => 'zh-CN,zh;q=0.9',
  'accept-encoding' => 'gzip, deflate',
  'accept' => 'application/json',
  'content-length' => '96',
  'user-agent' => 'Mozilla/5.0 (iPhone; CPU iPhone OS 18_5 like Mac OS X) AppleWebKit/605.1.15 (KHTML, like Gecko) Version/18.5 Mobile/15E148 Safari/604.1',
  'host' => 'www.jiwankang.com',
)
[ info ] [ PARAM ] array (
  'order_money' => '998.00',
  'token' => 'c44ff269142cc0000a5aab51e13546e0',
  'method' => 'user.getuserpoint',
)
[ info ] [ DB ] INIT mysql
[ sql ] [ DB ] CONNECT:[ UseTime:0.000817s ] mysql:host=127.0.0.1;port=3306;dbname=jiwankang;charset=utf8mb4
[ sql ] [ SQL ] SHOW COLUMNS FROM `wb_user` [ RunTime:0.000568s ]
[ sql ] [ SQL ] SELECT * FROM `wb_user` WHERE (  `id` = 1 ) AND `wb_user`.`isdel` IS NULL LIMIT 1 [ RunTime:0.000370s ]
[ sql ] [ SQL ] SHOW COLUMNS FROM `wb_setting` [ RunTime:0.000852s ]
[ sql ] [ SQL ] SELECT * FROM `wb_setting` WHERE  `skey` = 'language' LIMIT 1 [ RunTime:0.000211s ]
[ sql ] [ SQL ] SELECT * FROM `wb_setting` WHERE  `skey` = 'language' LIMIT 1 [ RunTime:0.000172s ]
[ sql ] [ SQL ] SELECT * FROM `wb_setting` WHERE  `skey` = 'point_switch' LIMIT 1 [ RunTime:0.000187s ]
[ sql ] [ SQL ] SELECT `point` FROM `wb_user` WHERE (  `id` = 1 ) AND `wb_user`.`isdel` IS NULL LIMIT 1 [ RunTime:0.000211s ]
[ sql ] [ SQL ] SELECT * FROM `wb_setting` WHERE  `skey` = 'orders_point_proportion' LIMIT 1 [ RunTime:0.000184s ]
[ sql ] [ SQL ] SELECT * FROM `wb_setting` WHERE  `skey` = 'point_discounted_proportion' LIMIT 1 [ RunTime:0.000281s ]
---------------------------------------------------------------
[2026-04-01T14:35:36+08:00] 127.0.0.1 POST www.jiwankang.com/api.html
[运行时间：0.071667s] [吞吐率：13.95req/s] [内存消耗：5,999.34kb] [文件加载：121]
[ info ] [ LANG ] E:\wwwroot\2026\04\jiwankang\thinkphp\lang\zh-cn.php
[ info ] [ ROUTE ] array (
)
[ info ] [ HEADER ] array (
  'referer' => 'http://localhost:8080/',
  'origin' => 'http://localhost:8080',
  'content-type' => 'application/json',
  'accept-language' => 'zh-CN,zh;q=0.9',
  'accept-encoding' => 'gzip, deflate',
  'accept' => 'application/json',
  'content-length' => '233',
  'user-agent' => 'Mozilla/5.0 (iPhone; CPU iPhone OS 18_5 like Mac OS X) AppleWebKit/605.1.15 (KHTML, like Gecko) Version/18.5 Mobile/15E148 Safari/604.1',
  'host' => 'www.jiwankang.com',
)
[ info ] [ PARAM ] array (
  'cart_ids' => '2',
  'memo' => '',
  'point' => 0,
  'receipt_type' => '1',
  'coupon_code' => '',
  'tax_type' => '1',
  'tax_name' => '不开发票',
  'tax_code' => '',
  'source' => '2',
  'uship_id' => '1',
  'area_id' => '150525',
  'token' => 'c44ff269142cc0000a5aab51e13546e0',
  'method' => 'order.create',
)
[ info ] [ DB ] INIT mysql
[ sql ] [ DB ] CONNECT:[ UseTime:0.000863s ] mysql:host=127.0.0.1;port=3306;dbname=jiwankang;charset=utf8mb4
[ sql ] [ SQL ] SHOW COLUMNS FROM `wb_user` [ RunTime:0.000629s ]
[ sql ] [ SQL ] SELECT * FROM `wb_user` WHERE (  `id` = 1 ) AND `wb_user`.`isdel` IS NULL LIMIT 1 [ RunTime:0.000290s ]
[ sql ] [ SQL ] SHOW COLUMNS FROM `wb_user_ship` [ RunTime:0.000406s ]
[ sql ] [ SQL ] SELECT * FROM `wb_user_ship` WHERE  `id` = 1  AND `user_id` = 1 LIMIT 1 [ RunTime:0.000193s ]
[ sql ] [ SQL ] SHOW COLUMNS FROM `wb_ship` [ RunTime:0.000873s ]
[ sql ] [ SQL ] SELECT * FROM `wb_ship` WHERE  `status` = 1  AND `area_fee` LIKE '%\\\\\"150525\\\\\"%'  AND `type` = 2 LIMIT 1 [ RunTime:0.000149s ]
[ sql ] [ SQL ] SELECT * FROM `wb_ship` WHERE  `is_def` = 1  AND `status` = 1 LIMIT 1 [ RunTime:0.000100s ]
[ sql ] [ SQL ] SELECT * FROM `wb_ship` WHERE  `status` = 1 LIMIT 1 [ RunTime:0.000085s ]
[ sql ] [ SQL ] SHOW COLUMNS FROM `wb_cart` [ RunTime:0.000931s ]
[ sql ] [ SQL ] SELECT * FROM `wb_cart` WHERE  `user_id` = 1  AND `type` = 1  AND `id` IN (2) [ RunTime:0.000128s ]
[ sql ] [ SQL ] SHOW COLUMNS FROM `wb_products` [ RunTime:0.000773s ]
[ sql ] [ SQL ] SELECT * FROM `wb_products` WHERE  `id` = 1 LIMIT 1 [ RunTime:0.000124s ]
[ sql ] [ SQL ] SHOW COLUMNS FROM `wb_goods` [ RunTime:0.000322s ]
[ sql ] [ SQL ] SELECT `name`,`image_id`,`bn`,`marketable`,`spes_desc`,`is_combo`,`point`,`open_point` FROM `wb_goods` WHERE  `id` = 1 LIMIT 1 [ RunTime:0.000113s ]
[ sql ] [ SQL ] SELECT `grade` FROM `wb_user` WHERE (  `id` = 1 ) AND `wb_user`.`isdel` IS NULL LIMIT 1 [ RunTime:0.000111s ]
[ sql ] [ SQL ] SHOW COLUMNS FROM `wb_setting` [ RunTime:0.000258s ]
[ sql ] [ SQL ] SELECT * FROM `wb_setting` WHERE  `skey` = 'language' LIMIT 1 [ RunTime:0.000206s ]
[ sql ] [ SQL ] SELECT * FROM `wb_setting` WHERE  `skey` = 'language' LIMIT 1 [ RunTime:0.000218s ]
[ sql ] [ SQL ] SHOW COLUMNS FROM `wb_goods_grade` [ RunTime:0.000995s ]
[ sql ] [ SQL ] SELECT * FROM `wb_goods_grade` WHERE  `goods_id` = 1 [ RunTime:0.000184s ]
[ sql ] [ SQL ] SHOW COLUMNS FROM `wb_user_grade` [ RunTime:0.000267s ]
[ sql ] [ SQL ] SELECT `name` FROM `wb_user_grade` WHERE  `id` = 1 LIMIT 1 [ RunTime:0.000101s ]
[ sql ] [ SQL ] SELECT `name` FROM `wb_user_grade` WHERE  `id` = 2 LIMIT 1 [ RunTime:0.000077s ]
[ sql ] [ SQL ] SELECT `name` FROM `wb_user_grade` WHERE  `id` = 3 LIMIT 1 [ RunTime:0.000068s ]
[ sql ] [ SQL ] SELECT `name` FROM `wb_user_grade` WHERE  `id` = 4 LIMIT 1 [ RunTime:0.000109s ]
[ sql ] [ SQL ] SELECT `name` FROM `wb_user_grade` WHERE  `id` = 5 LIMIT 1 [ RunTime:0.000069s ]
[ sql ] [ SQL ] SELECT `p`.`id`,`g`.`marketable` FROM `wb_products` `p` INNER JOIN `wb_goods` `g` ON `g`.`id`=`p`.`goods_id` WHERE  `p`.`id` = '1' LIMIT 1 [ RunTime:0.000112s ]
[ sql ] [ SQL ] SELECT `goods_id` FROM `wb_products` WHERE  `id` = 1 LIMIT 1 [ RunTime:0.000073s ]
[ sql ] [ SQL ] SELECT `weight` FROM `wb_goods` WHERE  `id` = 1 LIMIT 1 [ RunTime:0.000071s ]
[ sql ] [ SQL ] SHOW COLUMNS FROM `wb_goods_collection` [ RunTime:0.000816s ]
[ sql ] [ SQL ] SELECT * FROM `wb_goods_collection` WHERE  `user_id` = 1  AND `goods_id` = 1 LIMIT 1 [ RunTime:0.000218s ]
[ sql ] [ SQL ] SHOW COLUMNS FROM `wb_promotion` [ RunTime:0.000837s ]
[ sql ] [ SQL ] SELECT * FROM `wb_promotion` WHERE (  `status` = 1  AND `stime` < 1775025336  AND `etime` > 1775025336  AND `type` = 1 ) AND `wb_promotion`.`isdel` IS NULL ORDER BY `sort` ASC [ RunTime:0.000183s ]
[ sql ] [ SQL ] SELECT * FROM `wb_ship` WHERE  `status` = 1  AND `type` = 2  AND (  FIND_IN_SET('150525',area_fee)  ) LIMIT 1 [ RunTime:0.000141s ]
[ sql ] [ SQL ] SELECT * FROM `wb_ship` WHERE  `is_def` = 1  AND `status` = 1 LIMIT 1 [ RunTime:0.000094s ]
[ sql ] [ SQL ] SELECT * FROM `wb_ship` WHERE  `status` = 1 LIMIT 1 [ RunTime:0.000084s ]
[ sql ] [ SQL ] SELECT * FROM `wb_goods` WHERE  `id` = 1 LIMIT 1 [ RunTime:0.000164s ]
[ sql ] [ SQL ] SHOW COLUMNS FROM `wb_order` [ RunTime:0.001058s ]
[ sql ] [ SQL ] INSERT INTO `wb_order` (`order_id` , `user_id` , `order_type` , `ship_area_id` , `ship_address` , `ship_name` , `ship_mobile` , `logistics_id` , `logistics_name` , `store_id` , `goods_amount` , `order_amount` , `cost_freight` , `promotion_list` , `point` , `point_money` , `weight` , `order_pmt` , `goods_pmt` , `coupon_pmt` , `coupon` , `ip` , `memo` , `source` , `tax_type` , `tax_title` , `tax_code` , `ctime` , `utime`) VALUES ('S04011435366644' , 1 , 1 , 150525 , '撒防守打法撒旦法' , '夏赟浩' , '18919660526' , NULL , NULL , 0 , 998 , 998 , 0 , '[]' , 0 , 0 , 0 , 0 , 0 , 0 , '[]' , '127.0.0.1' , '' , 2 , 1 , '不开发票' , '' , 1775025336 , 1775025336) [ RunTime:0.000243s ]
[ sql ] [ SQL ] SELECT * FROM `wb_setting` WHERE  `skey` = 'language' LIMIT 1 [ RunTime:0.000126s ]
[ sql ] [ SQL ] SELECT * FROM `wb_setting` WHERE  `skey` = 'language' LIMIT 1 [ RunTime:0.000081s ]
[ sql ] [ SQL ] SELECT `goods_id` FROM `wb_products` WHERE  `id` = 1 LIMIT 1 [ RunTime:0.000149s ]
[ sql ] [ SQL ] UPDATE `wb_goods`  SET `buy_count` = `buy_count` + 1  WHERE  `id` = 1 [ RunTime:0.000160s ]
[ sql ] [ SQL ] UPDATE `wb_products`  SET `freeze_stock` = `freeze_stock` + 1  WHERE  `id` = 1  AND (  IF(stock < freeze_stock, 0, stock - freeze_stock)-1>=0 ) [ RunTime:0.000132s ]
[ sql ] [ SQL ] SHOW COLUMNS FROM `wb_order_items` [ RunTime:0.000891s ]
[ sql ] [ SQL ] INSERT INTO `wb_order_items` (`order_id` , `goods_id` , `product_id` , `sn` , `bn` , `name` , `price` , `costprice` , `mktprice` , `image_url` , `nums` , `amount` , `promotion_amount` , `weight` , `sendnums` , `addon` , `cate_id` , `promotion_list` , `ave_price` , `ave_amount` , `utime`) VALUES ('S04011435366644' , 1 , 1 , 'P7692449305663' , 'G7748541462143' , '济丸康' , 998 , 0 , 0 , 'http://www.jiwankang.com/static/uploads/images/2026/03/30/177485410269ca1fd62ba13.png' , 1 , 998 , 0 , 0 , 0 , NULL , 1 , '[]' , 998 , 998 , 1775025336) [ RunTime:0.000145s ]
[ sql ] [ SQL ] DELETE FROM `wb_cart` WHERE  `user_id` = 1  AND `id` IN (2)  AND `type` = 1 [ RunTime:0.001957s ]
[ sql ] [ SQL ] SHOW COLUMNS FROM `wb_order_log` [ RunTime:0.003225s ]
[ sql ] [ SQL ] INSERT INTO `wb_order_log` (`order_id` , `user_id` , `type` , `msg` , `data` , `ctime`) VALUES ('S04011435366644' , 1 , 1 , '订单创建' , '{\"order_id\":\"S04011435366644\",\"user_id\":1,\"order_type\":\"1\",\"ship_area_id\":150525,\"ship_address\":\"\\u6492\\u9632\\u5b88\\u6253\\u6cd5\\u6492\\u65e6\\u6cd5\",\"ship_name\":\"\\u590f\\u8d5f\\u6d69\",\"ship_mobile\":\"18919660526\",\"logistics_id\":null,\"logistics_name\":null,\"store_id\":0,\"goods_amount\":\"998.00\",\"order_amount\":\"998.00\",\"cost_freight\":\"0.00\",\"promotion_list\":\"[]\",\"point\":0,\"point_money\":0,\"weight\":\"0.00\",\"order_pmt\":0,\"goods_pmt\":\"0.00\",\"coupon_pmt\":0,\"coupon\":\"[]\",\"ip\":\"127.0.0.1\",\"memo\":\"\",\"source\":\"2\",\"tax_type\":\"1\",\"tax_title\":\"\\u4e0d\\u5f00\\u53d1\\u7968\",\"tax_code\":\"\"}' , 1775025336) [ RunTime:0.001772s ]
[ sql ] [ SQL ] SELECT * FROM `wb_ship` WHERE  `id` IS NULL LIMIT 1 [ RunTime:0.000126s ]
[ sql ] [ SQL ] SHOW COLUMNS FROM `wb_area` [ RunTime:0.000282s ]
[ sql ] [ SQL ] SELECT `id`,`name`,`parent_id`,`postal_code` FROM `wb_area` WHERE  `id` = 150525 LIMIT 1 [ RunTime:0.000119s ]
[ sql ] [ SQL ] SELECT `id`,`name`,`parent_id`,`postal_code` FROM `wb_area` WHERE  `parent_id` = 150500 [ RunTime:0.000647s ]
[ sql ] [ SQL ] SELECT `id`,`name`,`parent_id`,`postal_code` FROM `wb_area` WHERE  `id` = 150500 LIMIT 1 [ RunTime:0.000084s ]
[ sql ] [ SQL ] SELECT `id`,`name`,`parent_id`,`postal_code` FROM `wb_area` WHERE  `parent_id` = 150000 [ RunTime:0.000631s ]
[ sql ] [ SQL ] SELECT `id`,`name`,`parent_id`,`postal_code` FROM `wb_area` WHERE  `id` = 150000 LIMIT 1 [ RunTime:0.000076s ]
[ sql ] [ SQL ] SELECT `id`,`name`,`parent_id`,`postal_code` FROM `wb_area` WHERE  `parent_id` = 0 [ RunTime:0.000626s ]
[ sql ] [ SQL ] SHOW COLUMNS FROM `wb_message_center` [ RunTime:0.000728s ]
[ sql ] [ SQL ] SELECT * FROM `wb_message_center` WHERE  `code` = 'create_order' LIMIT 1 [ RunTime:0.000111s ]
[ sql ] [ SQL ] SHOW COLUMNS FROM `wb_message` [ RunTime:0.000745s ]
[ sql ] [ SQL ] INSERT INTO `wb_message` (`user_id` , `code` , `params` , `content` , `ctime` , `utime`) VALUES (1 , 'create_order' , '{\"order_id\":\"S04011435366644\",\"user_id\":1,\"order_type\":\"1\",\"ship_area_id\":150525,\"ship_address\":\"\\u6492\\u9632\\u5b88\\u6253\\u6cd5\\u6492\\u65e6\\u6cd5\",\"ship_name\":\"\\u590f\\u8d5f\\u6d69\",\"ship_mobile\":\"18919660526\",\"logistics_id\":null,\"logistics_name\":null,\"store_id\":0,\"goods_amount\":\"998.00\",\"order_amount\":\"998.00\",\"cost_freight\":\"0.00\",\"promotion_list\":\"[]\",\"point\":0,\"point_money\":0,\"weight\":\"0.00\",\"order_pmt\":0,\"goods_pmt\":\"0.00\",\"coupon_pmt\":0,\"coupon\":\"[]\",\"ip\":\"127.0.0.1\",\"memo\":\"\",\"source\":\"2\",\"tax_type\":\"1\",\"tax_title\":\"\\u4e0d\\u5f00\\u53d1\\u7968\",\"tax_code\":\"\",\"tax_content\":\"\\u5546\\u54c1\\u660e\\u7ec6\",\"ship_id\":null,\"ship_addr\":\"\\u5185\\u8499\\u53e4\\u81ea\\u6cbb\\u533a \\u901a\\u8fbd\\u5e02 \\u5948\\u66fc\\u65d7 \\u6492\\u9632\\u5b88\\u6253\\u6cd5\\u6492\\u65e6\\u6cd5\",\"form_id\":\"\"}' , '订单创建成功。' , 1775025336 , 1775025336) [ RunTime:0.000122s ]
---------------------------------------------------------------
[2026-04-01T14:35:36+08:00] 127.0.0.1 OPTIONS www.jiwankang.com/api.html
[运行时间：0.021736s] [吞吐率：46.01req/s] [内存消耗：3,009.21kb] [文件加载：89]
[ info ] [ LANG ] E:\wwwroot\2026\04\jiwankang\thinkphp\lang\zh-cn.php
[ info ] [ ROUTE ] array (
)
[ info ] [ HEADER ] array (
  'sec-fetch-mode' => 'cors',
  'referer' => 'http://localhost:8080/',
  'origin' => 'http://localhost:8080',
  'access-control-request-method' => 'POST',
  'access-control-request-headers' => 'content-type',
  'accept-language' => 'zh-CN,zh;q=0.9',
  'accept-encoding' => 'gzip, deflate',
  'accept' => '*/*',
  'user-agent' => 'Mozilla/5.0 (iPhone; CPU iPhone OS 18_5 like Mac OS X) AppleWebKit/605.1.15 (KHTML, like Gecko) Version/18.5 Mobile/15E148 Safari/604.1',
  'host' => 'www.jiwankang.com',
  'content-length' => '',
  'content-type' => '',
)
[ info ] [ PARAM ] array (
)
---------------------------------------------------------------
[2026-04-01T14:35:36+08:00] 127.0.0.1 OPTIONS www.jiwankang.com/api.html
[运行时间：0.020991s] [吞吐率：47.64req/s] [内存消耗：3,009.21kb] [文件加载：89]
[ info ] [ LANG ] E:\wwwroot\2026\04\jiwankang\thinkphp\lang\zh-cn.php
[ info ] [ ROUTE ] array (
)
[ info ] [ HEADER ] array (
  'sec-fetch-mode' => 'cors',
  'referer' => 'http://localhost:8080/',
  'origin' => 'http://localhost:8080',
  'access-control-request-method' => 'POST',
  'access-control-request-headers' => 'content-type',
  'accept-language' => 'zh-CN,zh;q=0.9',
  'accept-encoding' => 'gzip, deflate',
  'accept' => '*/*',
  'user-agent' => 'Mozilla/5.0 (iPhone; CPU iPhone OS 18_5 like Mac OS X) AppleWebKit/605.1.15 (KHTML, like Gecko) Version/18.5 Mobile/15E148 Safari/604.1',
  'host' => 'www.jiwankang.com',
  'content-length' => '',
  'content-type' => '',
)
[ info ] [ PARAM ] array (
)
---------------------------------------------------------------
[2026-04-01T14:35:36+08:00] 127.0.0.1 POST www.jiwankang.com/api.html
[运行时间：0.028177s] [吞吐率：35.49req/s] [内存消耗：4,635.98kb] [文件加载：101]
[ info ] [ LANG ] E:\wwwroot\2026\04\jiwankang\thinkphp\lang\zh-cn.php
[ info ] [ ROUTE ] array (
)
[ info ] [ HEADER ] array (
  'referer' => 'http://localhost:8080/',
  'origin' => 'http://localhost:8080',
  'content-type' => 'application/json',
  'accept-language' => 'zh-CN,zh;q=0.9',
  'accept-encoding' => 'gzip, deflate',
  'accept' => 'application/json',
  'content-length' => '114',
  'user-agent' => 'Mozilla/5.0 (iPhone; CPU iPhone OS 18_5 like Mac OS X) AppleWebKit/605.1.15 (KHTML, like Gecko) Version/18.5 Mobile/15E148 Safari/604.1',
  'host' => 'www.jiwankang.com',
)
[ info ] [ PARAM ] array (
  'ids' => 'S04011435366644',
  'payment_type' => '1',
  'token' => 'c44ff269142cc0000a5aab51e13546e0',
  'method' => 'payments.checkpay',
)
[ info ] [ DB ] INIT mysql
[ sql ] [ DB ] CONNECT:[ UseTime:0.000747s ] mysql:host=127.0.0.1;port=3306;dbname=jiwankang;charset=utf8mb4
[ sql ] [ SQL ] SHOW COLUMNS FROM `wb_order` [ RunTime:0.001113s ]
[ sql ] [ SQL ] SELECT * FROM `wb_order` WHERE (  `order_id` = 'S04011435366644'  AND `pay_status` = 1  AND `status` = 1 ) AND `wb_order`.`isdel` IS NULL LIMIT 1 [ RunTime:0.000466s ]
---------------------------------------------------------------
[2026-04-01T14:35:36+08:00] 127.0.0.1 POST www.jiwankang.com/api.html
[运行时间：0.027449s] [吞吐率：36.43req/s] [内存消耗：4,245.58kb] [文件加载：101]
[ info ] [ LANG ] E:\wwwroot\2026\04\jiwankang\thinkphp\lang\zh-cn.php
[ info ] [ ROUTE ] array (
)
[ info ] [ HEADER ] array (
  'referer' => 'http://localhost:8080/',
  'origin' => 'http://localhost:8080',
  'content-type' => 'application/json',
  'accept-language' => 'zh-CN,zh;q=0.9',
  'accept-encoding' => 'gzip, deflate',
  'accept' => 'application/json',
  'content-length' => '41',
  'user-agent' => 'Mozilla/5.0 (iPhone; CPU iPhone OS 18_5 like Mac OS X) AppleWebKit/605.1.15 (KHTML, like Gecko) Version/18.5 Mobile/15E148 Safari/604.1',
  'host' => 'www.jiwankang.com',
)
[ info ] [ PARAM ] array (
  'exp' => false,
  'method' => 'payments.getlist',
)
[ info ] [ DB ] INIT mysql
[ sql ] [ DB ] CONNECT:[ UseTime:0.000557s ] mysql:host=127.0.0.1;port=3306;dbname=jiwankang;charset=utf8mb4
[ sql ] [ SQL ] SHOW COLUMNS FROM `wb_payments` [ RunTime:0.001169s ]
[ sql ] [ SQL ] SELECT `code`,`name`,`sort`,`memo`,`status`,`is_online` FROM `wb_payments` WHERE  `status` = 1 ORDER BY `sort` ASC [ RunTime:0.000287s ]
---------------------------------------------------------------
[2026-04-01T14:35:37+08:00] 127.0.0.1 POST www.jiwankang.com/api.html
[运行时间：0.064110s] [吞吐率：15.60req/s] [内存消耗：5,749.75kb] [文件加载：125]
[ info ] [ LANG ] E:\wwwroot\2026\04\jiwankang\thinkphp\lang\zh-cn.php
[ info ] [ ROUTE ] array (
)
[ info ] [ HEADER ] array (
  'referer' => 'http://localhost:8080/',
  'origin' => 'http://localhost:8080',
  'content-type' => 'application/json',
  'accept-language' => 'zh-CN,zh;q=0.9',
  'accept-encoding' => 'gzip, deflate',
  'accept' => 'application/json',
  'content-length' => '133',
  'user-agent' => 'Mozilla/5.0 (iPhone; CPU iPhone OS 18_5 like Mac OS X) AppleWebKit/605.1.15 (KHTML, like Gecko) Version/18.5 Mobile/15E148 Safari/604.1',
  'host' => 'www.jiwankang.com',
)
[ info ] [ PARAM ] array (
  'payment_code' => 'balancepay',
  'payment_type' => '1',
  'ids' => 'S04011435366644',
  'token' => 'c44ff269142cc0000a5aab51e13546e0',
  'method' => 'user.pay',
)
[ info ] [ DB ] INIT mysql
[ sql ] [ DB ] CONNECT:[ UseTime:0.000755s ] mysql:host=127.0.0.1;port=3306;dbname=jiwankang;charset=utf8mb4
[ sql ] [ SQL ] SHOW COLUMNS FROM `wb_user` [ RunTime:0.000578s ]
[ sql ] [ SQL ] SELECT * FROM `wb_user` WHERE (  `id` = 1 ) AND `wb_user`.`isdel` IS NULL LIMIT 1 [ RunTime:0.000235s ]
[ sql ] [ SQL ] SHOW COLUMNS FROM `wb_order` [ RunTime:0.000961s ]
[ sql ] [ SQL ] SELECT `pay_status` FROM `wb_order` WHERE (  `order_id` = 'S04011435366644' ) AND `wb_order`.`isdel` IS NULL LIMIT 1 [ RunTime:0.000141s ]
[ sql ] [ SQL ] SHOW COLUMNS FROM `wb_payments` [ RunTime:0.000770s ]
[ sql ] [ SQL ] SELECT * FROM `wb_payments` WHERE  `code` = 'balancepay'  AND `status` = 1 LIMIT 1 [ RunTime:0.000158s ]
[ sql ] [ SQL ] SELECT * FROM `wb_payments` WHERE  `code` = 'balancepay'  AND `status` = 1 LIMIT 1 [ RunTime:0.000105s ]
[ sql ] [ SQL ] SELECT * FROM `wb_order` WHERE (  `order_id` = 'S04011435366644'  AND `pay_status` = 1  AND `status` = 1 ) AND `wb_order`.`isdel` IS NULL LIMIT 1 [ RunTime:0.000158s ]
[ sql ] [ SQL ] SHOW COLUMNS FROM `wb_bill_payments` [ RunTime:0.000269s ]
[ sql ] [ SQL ] INSERT INTO `wb_bill_payments` (`payment_id` , `money` , `user_id` , `type` , `payment_code` , `ip` , `params` , `ctime` , `utime`) VALUES ('27750253376967' , 998 , 1 , 1 , 'balancepay' , '127.0.0.1' , '[]' , 1775025337 , 1775025337) [ RunTime:0.000136s ]
[ sql ] [ SQL ] SHOW COLUMNS FROM `wb_bill_payments_rel` [ RunTime:0.004109s ]
[ sql ] [ SQL ] INSERT INTO `wb_bill_payments_rel` (`payment_id` , `source_id` , `money`) VALUES ('27750253376967' , 'S04011435366644' , 998) [ RunTime:0.000105s ]
[ sql ] [ SQL ] SHOW COLUMNS FROM `wb_order_items` [ RunTime:0.000870s ]
[ sql ] [ SQL ] SELECT * FROM `wb_order_items` WHERE  `order_id` = 'S04011435366644' LIMIT 1 [ RunTime:0.000172s ]
[ sql ] [ SQL ] SELECT * FROM `wb_user` WHERE (  `id` = 1 ) AND `wb_user`.`isdel` IS NULL LIMIT 1 [ RunTime:0.000152s ]
[ sql ] [ SQL ] SHOW COLUMNS FROM `wb_balance` [ RunTime:0.000730s ]
[ sql ] [ SQL ] INSERT INTO `wb_balance` (`user_id` , `type` , `money` , `balance` , `source_id` , `memo` , `ctime`) VALUES (1 , 1 , -998 , 8022 , '27750253376967' , '消费了998元' , 1775025337) [ RunTime:0.000117s ]
[ sql ] [ SQL ] UPDATE `wb_user`  SET `balance` = 8022 , `utime` = 1775025337  WHERE (  `id` = 1 ) AND `wb_user`.`isdel` IS NULL [ RunTime:0.000129s ]
[ sql ] [ SQL ] SELECT * FROM `wb_bill_payments` WHERE  `payment_id` = '27750253376967' LIMIT 1 [ RunTime:0.000117s ]
[ sql ] [ SQL ] SELECT * FROM `wb_bill_payments` WHERE  `payment_id` = '27750253376967'  AND `money` = 998  AND `status` <> 2 LIMIT 1 [ RunTime:0.000133s ]
[ sql ] [ SQL ] UPDATE `wb_bill_payments`  SET `status` = 2 , `payment_code` = 'balancepay' , `payed_msg` = NULL , `trade_no` = NULL , `utime` = 1775025337  WHERE  `payment_id` = '27750253376967'  AND `money` = 998  AND `status` <> 2 [ RunTime:0.000149s ]
[ sql ] [ SQL ] SELECT * FROM `wb_bill_payments_rel` WHERE  `payment_id` = '27750253376967' [ RunTime:0.000105s ]
[ sql ] [ SQL ] SHOW COLUMNS FROM `wb_setting` [ RunTime:0.000265s ]
[ sql ] [ SQL ] SELECT * FROM `wb_setting` WHERE  `skey` = 'language' LIMIT 1 [ RunTime:0.000090s ]
[ sql ] [ SQL ] SELECT * FROM `wb_setting` WHERE  `skey` = 'language' LIMIT 1 [ RunTime:0.000070s ]
[ sql ] [ SQL ] SELECT * FROM `wb_order` WHERE (  `order_id` = 'S04011435366644'  AND `status` = 1 ) AND `wb_order`.`isdel` IS NULL LIMIT 1 [ RunTime:0.000150s ]
[ sql ] [ SQL ] UPDATE `wb_order`  SET `payment_code` = 'balancepay' , `payed` = 998 , `pay_status` = 2 , `payment_time` = 1775025337  WHERE (  `order_id` = 'S04011435366644' ) AND `wb_order`.`isdel` IS NULL [ RunTime:0.000156s ]
[ sql ] [ SQL ] SELECT * FROM `wb_setting` WHERE  `skey` = 'order_butie' LIMIT 1 [ RunTime:0.000102s ]
[ sql ] [ SQL ] SELECT * FROM `wb_order_items` WHERE  `order_id` = 'S04011435366644' [ RunTime:0.000123s ]
[ sql ] [ SQL ] UPDATE `wb_user`  SET `butie` = `butie` + 998  WHERE (  `id` = 1 ) AND `wb_user`.`isdel` IS NULL [ RunTime:0.000105s ]
[ sql ] [ SQL ] UPDATE `wb_user`  SET `tiyan` = `tiyan` - 1  WHERE (  `id` = 1 ) AND `wb_user`.`isdel` IS NULL [ RunTime:0.000085s ]
[ sql ] [ SQL ] SHOW COLUMNS FROM `wb_money` [ RunTime:0.002205s ]
[ sql ] [ SQL ] SELECT `money` FROM `wb_money` WHERE  `type` = 1 LIMIT 1 [ RunTime:0.000120s ]
[ sql ] [ SQL ] SELECT * FROM `wb_money` WHERE  `type` = 1 LIMIT 1 [ RunTime:0.000088s ]
[ sql ] [ SQL ] UPDATE `wb_money`  SET `money` = 5469 , `utime` = 1775025337  WHERE  `id` = 1 [ RunTime:0.000146s ]
[ sql ] [ SQL ] SHOW COLUMNS FROM `wb_money_log` [ RunTime:0.000378s ]
[ sql ] [ SQL ] INSERT INTO `wb_money_log` (`money` , `flow_type` , `source_id` , `balance` , `ctime` , `utime`) VALUES (249.5 , 1 , 'S04011435366644' , 5469 , 1775025337 , 1775025337) [ RunTime:0.000139s ]
[ sql ] [ SQL ] SELECT `mobile` FROM `wb_user` WHERE (  `id` = 1 ) AND `wb_user`.`isdel` IS NULL LIMIT 1 [ RunTime:0.000105s ]
[ sql ] [ SQL ] SHOW COLUMNS FROM `wb_message_center` [ RunTime:0.000776s ]
[ sql ] [ SQL ] SELECT * FROM `wb_message_center` WHERE  `code` = 'order_payed' LIMIT 1 [ RunTime:0.000151s ]
[ sql ] [ SQL ] SHOW COLUMNS FROM `wb_message` [ RunTime:0.000754s ]
[ sql ] [ SQL ] INSERT INTO `wb_message` (`user_id` , `code` , `params` , `content` , `ctime` , `utime`) VALUES (1 , 'order_payed' , '{\"order_id\":\"S04011435366644\",\"goods_amount\":\"998.00\",\"payed\":\"0.00\",\"order_amount\":\"998.00\",\"pay_status\":1,\"ship_status\":1,\"status\":1,\"order_type\":1,\"payment_code\":null,\"payment_time\":null,\"logistics_id\":null,\"logistics_name\":null,\"cost_freight\":\"0.00\",\"user_id\":1,\"seller_id\":null,\"confirm\":1,\"confirm_time\":null,\"store_id\":0,\"ship_area_id\":150525,\"ship_address\":\"\\u6492\\u9632\\u5b88\\u6253\\u6cd5\\u6492\\u65e6\\u6cd5\",\"ship_name\":\"\\u590f\\u8d5f\\u6d69\",\"ship_mobile\":\"18919660526\",\"weight\":0,\"tax_type\":1,\"tax_code\":\"\",\"tax_title\":\"\\u4e0d\\u5f00\\u53d1\\u7968\",\"point\":0,\"point_money\":\"0.00\",\"order_pmt\":\"0.00\",\"goods_pmt\":\"0.00\",\"coupon_pmt\":\"0.00\",\"coupon\":\"[]\",\"promotion_list\":\"[]\",\"memo\":\"\",\"ip\":\"127.0.0.1\",\"mark\":null,\"source\":2,\"is_comment\":1,\"ctime\":1775025336,\"utime\":1775025336,\"isdel\":null,\"pay_time\":\"2026-04-01 14:35:37\",\"money\":\"998.00\",\"user_name\":\"18919660526\"}' , '恭喜您，订单支付成功,祝您购物愉快。' , 1775025337 , 1775025337) [ RunTime:0.000120s ]
[ sql ] [ SQL ] SELECT * FROM `wb_message_center` WHERE  `code` = 'seller_order_notice' LIMIT 1 [ RunTime:0.000098s ]
[ sql ] [ SQL ] SELECT `mobile` FROM `wb_user` WHERE (  `id` = 1 ) AND `wb_user`.`isdel` IS NULL LIMIT 1 [ RunTime:0.000088s ]
[ sql ] [ SQL ] SELECT * FROM `wb_setting` WHERE  `skey` = 'shop_mobile' LIMIT 1 [ RunTime:0.000081s ]
[ sql ] [ SQL ] SELECT * FROM `wb_order` WHERE (  `order_id` = 'S04011435366644' ) AND `wb_order`.`isdel` IS NULL LIMIT 1 [ RunTime:0.000170s ]
[ sql ] [ SQL ] SELECT * FROM `wb_user` WHERE (  `id` = 1 ) AND `wb_user`.`isdel` IS NULL LIMIT 1 [ RunTime:0.000122s ]
[ sql ] [ SQL ] SELECT SUM(`nums`) AS tp_sum FROM `wb_order` `o` INNER JOIN `wb_order_items` `i` ON `i`.`order_id`=`o`.`order_id` WHERE  `o`.`user_id` = '1'  AND `o`.`pay_status` = '2'  AND `i`.`cate_id` = '2'  AND `status` < 3 LIMIT 1 [ RunTime:0.000141s ]
[ sql ] [ SQL ] SELECT * FROM `wb_user` WHERE (  `id` = 1 ) AND `wb_user`.`isdel` IS NULL LIMIT 1 [ RunTime:0.000108s ]
[ sql ] [ SQL ] SHOW COLUMNS FROM `wb_order_log` [ RunTime:0.000754s ]
[ sql ] [ SQL ] INSERT INTO `wb_order_log` (`order_id` , `user_id` , `type` , `msg` , `data` , `ctime`) VALUES ('S04011435366644' , 1 , 2 , '订单支付成功' , '[{\"status\":true,\"data\":1,\"msg\":\"\\u8ba2\\u5355\\u652f\\u4ed8\\u6210\\u529f\"},{\"payment_code\":\"balancepay\",\"payed\":\"998.00\",\"pay_status\":2,\"payment_time\":1775025337}]' , 1775025337) [ RunTime:0.000114s ]
[ error ] [8]未定义数组索引: memo[E:\wwwroot\2026\04\jiwankang\extend\org\payments\balancepay.php:38]
[ error ] [8]未定义数组索引: id[E:\wwwroot\2026\04\jiwankang\extend\org\payments\balancepay.php:38]
[ error ] [8]Object of class app\common\model\User could not be converted to int[E:\wwwroot\2026\04\jiwankang\addons\Userupgrade\Userupgrade.php:96]
---------------------------------------------------------------
[2026-04-01T14:35:38+08:00] 127.0.0.1 POST www.jiwankang.com/api.html
[运行时间：0.031785s] [吞吐率：31.46req/s] [内存消耗：4,721.13kb] [文件加载：107]
[ info ] [ LANG ] E:\wwwroot\2026\04\jiwankang\thinkphp\lang\zh-cn.php
[ info ] [ ROUTE ] array (
)
[ info ] [ HEADER ] array (
  'referer' => 'http://localhost:8080/',
  'origin' => 'http://localhost:8080',
  'content-type' => 'application/json',
  'accept-language' => 'zh-CN,zh;q=0.9',
  'accept-encoding' => 'gzip, deflate',
  'accept' => 'application/json',
  'content-length' => '102',
  'user-agent' => 'Mozilla/5.0 (iPhone; CPU iPhone OS 18_5 like Mac OS X) AppleWebKit/605.1.15 (KHTML, like Gecko) Version/18.5 Mobile/15E148 Safari/604.1',
  'host' => 'www.jiwankang.com',
)
[ info ] [ PARAM ] array (
  'payment_id' => '27750253376967',
  'token' => 'c44ff269142cc0000a5aab51e13546e0',
  'method' => 'payments.getinfo',
)
[ info ] [ DB ] INIT mysql
[ sql ] [ DB ] CONNECT:[ UseTime:0.000792s ] mysql:host=127.0.0.1;port=3306;dbname=jiwankang;charset=utf8mb4
[ sql ] [ SQL ] SHOW COLUMNS FROM `wb_user` [ RunTime:0.000535s ]
[ sql ] [ SQL ] SELECT * FROM `wb_user` WHERE (  `id` = 1 ) AND `wb_user`.`isdel` IS NULL LIMIT 1 [ RunTime:0.000357s ]
[ sql ] [ SQL ] SHOW COLUMNS FROM `wb_bill_payments` [ RunTime:0.000924s ]
[ sql ] [ SQL ] SELECT * FROM `wb_bill_payments` WHERE  `payment_id` = '27750253376967'  AND `user_id` = 1 LIMIT 1 [ RunTime:0.000216s ]
[ sql ] [ SQL ] SHOW COLUMNS FROM `wb_bill_payments_rel` [ RunTime:0.000841s ]
[ sql ] [ SQL ] SELECT * FROM `wb_bill_payments_rel` WHERE  `payment_id` = '27750253376967' [ RunTime:0.000146s ]
---------------------------------------------------------------
[2026-04-01T14:35:40+08:00] 127.0.0.1 POST www.jiwankang.com/api.html
[运行时间：0.074575s] [吞吐率：13.41req/s] [内存消耗：6,126.37kb] [文件加载：122]
[ info ] [ LANG ] E:\wwwroot\2026\04\jiwankang\thinkphp\lang\zh-cn.php
[ info ] [ ROUTE ] array (
)
[ info ] [ HEADER ] array (
  'referer' => 'http://localhost:8080/',
  'origin' => 'http://localhost:8080',
  'content-type' => 'application/json',
  'accept-language' => 'zh-CN,zh;q=0.9',
  'accept-encoding' => 'gzip, deflate',
  'accept' => 'application/json',
  'content-length' => '98',
  'user-agent' => 'Mozilla/5.0 (iPhone; CPU iPhone OS 18_5 like Mac OS X) AppleWebKit/605.1.15 (KHTML, like Gecko) Version/18.5 Mobile/15E148 Safari/604.1',
  'host' => 'www.jiwankang.com',
)
[ info ] [ PARAM ] array (
  'order_id' => 'S04011435366644',
  'token' => 'c44ff269142cc0000a5aab51e13546e0',
  'method' => 'order.details',
)
[ info ] [ DB ] INIT mysql
[ sql ] [ DB ] CONNECT:[ UseTime:0.000639s ] mysql:host=127.0.0.1;port=3306;dbname=jiwankang;charset=utf8mb4
[ sql ] [ SQL ] SHOW COLUMNS FROM `wb_user` [ RunTime:0.000460s ]
[ sql ] [ SQL ] SELECT * FROM `wb_user` WHERE (  `id` = 1 ) AND `wb_user`.`isdel` IS NULL LIMIT 1 [ RunTime:0.000188s ]
[ sql ] [ SQL ] SHOW COLUMNS FROM `wb_order` [ RunTime:0.001093s ]
[ sql ] [ SQL ] SELECT * FROM `wb_order` WHERE (  `order_id` = 'S04011435366644' ) AND `wb_order`.`isdel` IS NULL LIMIT 1 [ RunTime:0.000274s ]
[ sql ] [ SQL ] SELECT `nickname` FROM `wb_user` WHERE (  `id` = 1 ) AND `wb_user`.`isdel` IS NULL LIMIT 1 [ RunTime:0.000179s ]
[ sql ] [ SQL ] SHOW COLUMNS FROM `wb_order_items` [ RunTime:0.000828s ]
[ sql ] [ SQL ] SELECT * FROM `wb_order_items` WHERE  `order_id` = 'S04011435366644' [ RunTime:0.000163s ]
[ sql ] [ SQL ] SELECT * FROM `wb_user` WHERE (  `id` = 1 ) AND `wb_user`.`isdel` IS NULL LIMIT 1 [ RunTime:0.000150s ]
[ sql ] [ SQL ] SHOW COLUMNS FROM `wb_bill_payments_rel` [ RunTime:0.000724s ]
[ sql ] [ SQL ] SELECT * FROM `wb_bill_payments_rel` WHERE  `source_id` = 'S04011435366644' [ RunTime:0.000124s ]
[ sql ] [ SQL ] SHOW COLUMNS FROM `wb_bill_refund` [ RunTime:0.000935s ]
[ sql ] [ SQL ] SELECT * FROM `wb_bill_refund` WHERE  `source_id` = 'S04011435366644' [ RunTime:0.001033s ]
[ sql ] [ SQL ] SHOW COLUMNS FROM `wb_bill_lading` [ RunTime:0.001236s ]
[ sql ] [ SQL ] SELECT * FROM `wb_bill_lading` WHERE (  `order_id` = 'S04011435366644' ) AND `wb_bill_lading`.`isdel` IS NULL [ RunTime:0.001048s ]
[ sql ] [ SQL ] SHOW COLUMNS FROM `wb_bill_reship` [ RunTime:0.000884s ]
[ sql ] [ SQL ] SELECT * FROM `wb_bill_reship` WHERE  `order_id` = 'S04011435366644' [ RunTime:0.000883s ]
[ sql ] [ SQL ] SHOW COLUMNS FROM `wb_bill_aftersales` [ RunTime:0.000801s ]
[ sql ] [ SQL ] SELECT * FROM `wb_bill_aftersales` WHERE  `order_id` = 'S04011435366644' [ RunTime:0.000143s ]
[ sql ] [ SQL ] SHOW COLUMNS FROM `wb_bill_delivery_order_rel` [ RunTime:0.000769s ]
[ sql ] [ SQL ] SELECT `d`.* FROM `wb_bill_delivery_order_rel` `dor` INNER JOIN `wb_bill_delivery` `d` ON `d`.`delivery_id`=`dor`.`delivery_id` WHERE  `dor`.`order_id` = 'S04011435366644' [ RunTime:0.001030s ]
[ sql ] [ SQL ] SHOW COLUMNS FROM `wb_area` [ RunTime:0.000734s ]
[ sql ] [ SQL ] SELECT `id`,`name`,`parent_id`,`postal_code` FROM `wb_area` WHERE  `id` = 150525 LIMIT 1 [ RunTime:0.000123s ]
[ sql ] [ SQL ] SELECT `id`,`name`,`parent_id`,`postal_code` FROM `wb_area` WHERE  `parent_id` = 150500 [ RunTime:0.000706s ]
[ sql ] [ SQL ] SELECT `id`,`name`,`parent_id`,`postal_code` FROM `wb_area` WHERE  `id` = 150500 LIMIT 1 [ RunTime:0.000231s ]
[ sql ] [ SQL ] SELECT `id`,`name`,`parent_id`,`postal_code` FROM `wb_area` WHERE  `parent_id` = 150000 [ RunTime:0.000754s ]
[ sql ] [ SQL ] SELECT `id`,`name`,`parent_id`,`postal_code` FROM `wb_area` WHERE  `id` = 150000 LIMIT 1 [ RunTime:0.000234s ]
[ sql ] [ SQL ] SELECT `id`,`name`,`parent_id`,`postal_code` FROM `wb_area` WHERE  `parent_id` = 0 [ RunTime:0.000758s ]
[ sql ] [ SQL ] SHOW COLUMNS FROM `wb_setting` [ RunTime:0.001029s ]
[ sql ] [ SQL ] SELECT * FROM `wb_setting` WHERE  `skey` = 'order_cancel_time' LIMIT 1 [ RunTime:0.000131s ]
[ sql ] [ SQL ] SHOW COLUMNS FROM `wb_bill_payments` [ RunTime:0.000769s ]
[ sql ] [ SQL ] SELECT * FROM `wb_bill_payments` WHERE  `payment_id` = '27750253376967' LIMIT 1 [ RunTime:0.000126s ]
[ sql ] [ SQL ] SELECT SUM(`refund`) AS tp_sum FROM `wb_bill_aftersales` WHERE  `order_id` = 'S04011435366644'  AND `status` IN (2,1) LIMIT 1 [ RunTime:0.000135s ]
[ sql ] [ SQL ] SHOW COLUMNS FROM `wb_bill_aftersales_items` [ RunTime:0.000846s ]
[ sql ] [ SQL ] SELECT `asi`.`order_items_id`,asi.nums as nums,a.status as status,a.type as type FROM `wb_bill_aftersales_items` `asi` INNER JOIN `wb_bill_aftersales` `a` ON `asi`.`aftersales_id`=`a`.`aftersales_id` WHERE  `order_id` = 'S04011435366644'  AND `status` IN ('2','1') [ RunTime:0.000165s ]
[ sql ] [ SQL ] SELECT `aftersales_id`,`status` FROM `wb_bill_aftersales` WHERE  `order_id` = 'S04011435366644'  AND `status` IN (2,1) [ RunTime:0.000101s ]
[ sql ] [ SQL ] SELECT * FROM `wb_setting` WHERE  `skey` = 'language' LIMIT 1 [ RunTime:0.000134s ]
[ sql ] [ SQL ] SELECT * FROM `wb_setting` WHERE  `skey` = 'language' LIMIT 1 [ RunTime:0.000077s ]
[ sql ] [ SQL ] SHOW COLUMNS FROM `wb_invoice` [ RunTime:0.000844s ]
[ sql ] [ SQL ] SELECT * FROM `wb_invoice` WHERE  `class` = 1  AND `source_id` = 'S04011435366644' LIMIT 1 [ RunTime:0.000935s ]
---------------------------------------------------------------
[2026-04-01T14:35:49+08:00] 127.0.0.1 OPTIONS www.jiwankang.com/api.html
[运行时间：0.022538s] [吞吐率：44.37req/s] [内存消耗：3,009.21kb] [文件加载：89]
[ info ] [ LANG ] E:\wwwroot\2026\04\jiwankang\thinkphp\lang\zh-cn.php
[ info ] [ ROUTE ] array (
)
[ info ] [ HEADER ] array (
  'sec-fetch-mode' => 'cors',
  'referer' => 'http://localhost:8080/',
  'origin' => 'http://localhost:8080',
  'access-control-request-method' => 'POST',
  'access-control-request-headers' => 'content-type',
  'accept-language' => 'zh-CN,zh;q=0.9',
  'accept-encoding' => 'gzip, deflate',
  'accept' => '*/*',
  'user-agent' => 'Mozilla/5.0 (iPhone; CPU iPhone OS 18_5 like Mac OS X) AppleWebKit/605.1.15 (KHTML, like Gecko) Version/18.5 Mobile/15E148 Safari/604.1',
  'host' => 'www.jiwankang.com',
  'content-length' => '',
  'content-type' => '',
)
[ info ] [ PARAM ] array (
)
---------------------------------------------------------------
[2026-04-01T14:35:50+08:00] 127.0.0.1 POST www.jiwankang.com/api.html
[运行时间：0.053259s] [吞吐率：18.78req/s] [内存消耗：6,126.37kb] [文件加载：122]
[ info ] [ LANG ] E:\wwwroot\2026\04\jiwankang\thinkphp\lang\zh-cn.php
[ info ] [ ROUTE ] array (
)
[ info ] [ HEADER ] array (
  'referer' => 'http://localhost:8080/',
  'origin' => 'http://localhost:8080',
  'content-type' => 'application/json',
  'accept-language' => 'zh-CN,zh;q=0.9',
  'accept-encoding' => 'gzip, deflate',
  'accept' => 'application/json',
  'content-length' => '98',
  'user-agent' => 'Mozilla/5.0 (iPhone; CPU iPhone OS 18_5 like Mac OS X) AppleWebKit/605.1.15 (KHTML, like Gecko) Version/18.5 Mobile/15E148 Safari/604.1',
  'host' => 'www.jiwankang.com',
)
[ info ] [ PARAM ] array (
  'order_id' => 'S04011435366644',
  'token' => 'c44ff269142cc0000a5aab51e13546e0',
  'method' => 'order.details',
)
[ info ] [ DB ] INIT mysql
[ sql ] [ DB ] CONNECT:[ UseTime:0.001039s ] mysql:host=127.0.0.1;port=3306;dbname=jiwankang;charset=utf8mb4
[ sql ] [ SQL ] SHOW COLUMNS FROM `wb_user` [ RunTime:0.000526s ]
[ sql ] [ SQL ] SELECT * FROM `wb_user` WHERE (  `id` = 1 ) AND `wb_user`.`isdel` IS NULL LIMIT 1 [ RunTime:0.000261s ]
[ sql ] [ SQL ] SHOW COLUMNS FROM `wb_order` [ RunTime:0.001058s ]
[ sql ] [ SQL ] SELECT * FROM `wb_order` WHERE (  `order_id` = 'S04011435366644' ) AND `wb_order`.`isdel` IS NULL LIMIT 1 [ RunTime:0.000206s ]
[ sql ] [ SQL ] SELECT `nickname` FROM `wb_user` WHERE (  `id` = 1 ) AND `wb_user`.`isdel` IS NULL LIMIT 1 [ RunTime:0.000099s ]
[ sql ] [ SQL ] SHOW COLUMNS FROM `wb_order_items` [ RunTime:0.000843s ]
[ sql ] [ SQL ] SELECT * FROM `wb_order_items` WHERE  `order_id` = 'S04011435366644' [ RunTime:0.000162s ]
[ sql ] [ SQL ] SELECT * FROM `wb_user` WHERE (  `id` = 1 ) AND `wb_user`.`isdel` IS NULL LIMIT 1 [ RunTime:0.000181s ]
[ sql ] [ SQL ] SHOW COLUMNS FROM `wb_bill_payments_rel` [ RunTime:0.000724s ]
[ sql ] [ SQL ] SELECT * FROM `wb_bill_payments_rel` WHERE  `source_id` = 'S04011435366644' [ RunTime:0.000141s ]
[ sql ] [ SQL ] SHOW COLUMNS FROM `wb_bill_refund` [ RunTime:0.000730s ]
[ sql ] [ SQL ] SELECT * FROM `wb_bill_refund` WHERE  `source_id` = 'S04011435366644' [ RunTime:0.000122s ]
[ sql ] [ SQL ] SHOW COLUMNS FROM `wb_bill_lading` [ RunTime:0.000708s ]
[ sql ] [ SQL ] SELECT * FROM `wb_bill_lading` WHERE (  `order_id` = 'S04011435366644' ) AND `wb_bill_lading`.`isdel` IS NULL [ RunTime:0.000135s ]
[ sql ] [ SQL ] SHOW COLUMNS FROM `wb_bill_reship` [ RunTime:0.000855s ]
[ sql ] [ SQL ] SELECT * FROM `wb_bill_reship` WHERE  `order_id` = 'S04011435366644' [ RunTime:0.000150s ]
[ sql ] [ SQL ] SHOW COLUMNS FROM `wb_bill_aftersales` [ RunTime:0.000767s ]
[ sql ] [ SQL ] SELECT * FROM `wb_bill_aftersales` WHERE  `order_id` = 'S04011435366644' [ RunTime:0.000130s ]
[ sql ] [ SQL ] SHOW COLUMNS FROM `wb_bill_delivery_order_rel` [ RunTime:0.000765s ]
[ sql ] [ SQL ] SELECT `d`.* FROM `wb_bill_delivery_order_rel` `dor` INNER JOIN `wb_bill_delivery` `d` ON `d`.`delivery_id`=`dor`.`delivery_id` WHERE  `dor`.`order_id` = 'S04011435366644' [ RunTime:0.000621s ]
[ sql ] [ SQL ] SHOW COLUMNS FROM `wb_area` [ RunTime:0.000749s ]
[ sql ] [ SQL ] SELECT `id`,`name`,`parent_id`,`postal_code` FROM `wb_area` WHERE  `id` = 150525 LIMIT 1 [ RunTime:0.000117s ]
[ sql ] [ SQL ] SELECT `id`,`name`,`parent_id`,`postal_code` FROM `wb_area` WHERE  `parent_id` = 150500 [ RunTime:0.000643s ]
[ sql ] [ SQL ] SELECT `id`,`name`,`parent_id`,`postal_code` FROM `wb_area` WHERE  `id` = 150500 LIMIT 1 [ RunTime:0.000081s ]
[ sql ] [ SQL ] SELECT `id`,`name`,`parent_id`,`postal_code` FROM `wb_area` WHERE  `parent_id` = 150000 [ RunTime:0.000625s ]
[ sql ] [ SQL ] SELECT `id`,`name`,`parent_id`,`postal_code` FROM `wb_area` WHERE  `id` = 150000 LIMIT 1 [ RunTime:0.000074s ]
[ sql ] [ SQL ] SELECT `id`,`name`,`parent_id`,`postal_code` FROM `wb_area` WHERE  `parent_id` = 0 [ RunTime:0.000629s ]
[ sql ] [ SQL ] SHOW COLUMNS FROM `wb_setting` [ RunTime:0.000696s ]
[ sql ] [ SQL ] SELECT * FROM `wb_setting` WHERE  `skey` = 'order_cancel_time' LIMIT 1 [ RunTime:0.000108s ]
[ sql ] [ SQL ] SHOW COLUMNS FROM `wb_bill_payments` [ RunTime:0.000706s ]
[ sql ] [ SQL ] SELECT * FROM `wb_bill_payments` WHERE  `payment_id` = '27750253376967' LIMIT 1 [ RunTime:0.000125s ]
[ sql ] [ SQL ] SELECT SUM(`refund`) AS tp_sum FROM `wb_bill_aftersales` WHERE  `order_id` = 'S04011435366644'  AND `status` IN (2,1) LIMIT 1 [ RunTime:0.000126s ]
[ sql ] [ SQL ] SHOW COLUMNS FROM `wb_bill_aftersales_items` [ RunTime:0.000796s ]
[ sql ] [ SQL ] SELECT `asi`.`order_items_id`,asi.nums as nums,a.status as status,a.type as type FROM `wb_bill_aftersales_items` `asi` INNER JOIN `wb_bill_aftersales` `a` ON `asi`.`aftersales_id`=`a`.`aftersales_id` WHERE  `order_id` = 'S04011435366644'  AND `status` IN ('2','1') [ RunTime:0.000158s ]
[ sql ] [ SQL ] SELECT `aftersales_id`,`status` FROM `wb_bill_aftersales` WHERE  `order_id` = 'S04011435366644'  AND `status` IN (2,1) [ RunTime:0.000100s ]
[ sql ] [ SQL ] SELECT * FROM `wb_setting` WHERE  `skey` = 'language' LIMIT 1 [ RunTime:0.000096s ]
[ sql ] [ SQL ] SELECT * FROM `wb_setting` WHERE  `skey` = 'language' LIMIT 1 [ RunTime:0.000070s ]
[ sql ] [ SQL ] SHOW COLUMNS FROM `wb_invoice` [ RunTime:0.000757s ]
[ sql ] [ SQL ] SELECT * FROM `wb_invoice` WHERE  `class` = 1  AND `source_id` = 'S04011435366644' LIMIT 1 [ RunTime:0.000134s ]
---------------------------------------------------------------
[2026-04-01T14:37:03+08:00] 127.0.0.1 OPTIONS www.jiwankang.com/api.html
[运行时间：0.032490s] [吞吐率：30.78req/s] [内存消耗：3,009.21kb] [文件加载：89]
[ info ] [ LANG ] E:\wwwroot\2026\04\jiwankang\thinkphp\lang\zh-cn.php
[ info ] [ ROUTE ] array (
)
[ info ] [ HEADER ] array (
  'sec-fetch-mode' => 'cors',
  'referer' => 'http://localhost:8080/',
  'origin' => 'http://localhost:8080',
  'access-control-request-method' => 'POST',
  'access-control-request-headers' => 'content-type',
  'accept-language' => 'zh-CN,zh;q=0.9',
  'accept-encoding' => 'gzip, deflate',
  'accept' => '*/*',
  'user-agent' => 'Mozilla/5.0 (iPhone; CPU iPhone OS 18_5 like Mac OS X) AppleWebKit/605.1.15 (KHTML, like Gecko) Version/18.5 Mobile/15E148 Safari/604.1',
  'host' => 'www.jiwankang.com',
  'content-length' => '',
  'content-type' => '',
)
[ info ] [ PARAM ] array (
)
---------------------------------------------------------------
[2026-04-01T14:37:03+08:00] 127.0.0.1 POST www.jiwankang.com/api.html
[运行时间：0.060357s] [吞吐率：16.57req/s] [内存消耗：6,126.37kb] [文件加载：122]
[ info ] [ LANG ] E:\wwwroot\2026\04\jiwankang\thinkphp\lang\zh-cn.php
[ info ] [ ROUTE ] array (
)
[ info ] [ HEADER ] array (
  'referer' => 'http://localhost:8080/',
  'origin' => 'http://localhost:8080',
  'content-type' => 'application/json',
  'accept-language' => 'zh-CN,zh;q=0.9',
  'accept-encoding' => 'gzip, deflate',
  'accept' => 'application/json',
  'content-length' => '98',
  'user-agent' => 'Mozilla/5.0 (iPhone; CPU iPhone OS 18_5 like Mac OS X) AppleWebKit/605.1.15 (KHTML, like Gecko) Version/18.5 Mobile/15E148 Safari/604.1',
  'host' => 'www.jiwankang.com',
)
[ info ] [ PARAM ] array (
  'order_id' => 'S04011435366644',
  'token' => 'c44ff269142cc0000a5aab51e13546e0',
  'method' => 'order.details',
)
[ info ] [ DB ] INIT mysql
[ sql ] [ DB ] CONNECT:[ UseTime:0.000753s ] mysql:host=127.0.0.1;port=3306;dbname=jiwankang;charset=utf8mb4
[ sql ] [ SQL ] SHOW COLUMNS FROM `wb_user` [ RunTime:0.000618s ]
[ sql ] [ SQL ] SELECT * FROM `wb_user` WHERE (  `id` = 1 ) AND `wb_user`.`isdel` IS NULL LIMIT 1 [ RunTime:0.000269s ]
[ sql ] [ SQL ] SHOW COLUMNS FROM `wb_order` [ RunTime:0.001133s ]
[ sql ] [ SQL ] SELECT * FROM `wb_order` WHERE (  `order_id` = 'S04011435366644' ) AND `wb_order`.`isdel` IS NULL LIMIT 1 [ RunTime:0.000226s ]
[ sql ] [ SQL ] SELECT `nickname` FROM `wb_user` WHERE (  `id` = 1 ) AND `wb_user`.`isdel` IS NULL LIMIT 1 [ RunTime:0.000101s ]
[ sql ] [ SQL ] SHOW COLUMNS FROM `wb_order_items` [ RunTime:0.000829s ]
[ sql ] [ SQL ] SELECT * FROM `wb_order_items` WHERE  `order_id` = 'S04011435366644' [ RunTime:0.000168s ]
[ sql ] [ SQL ] SELECT * FROM `wb_user` WHERE (  `id` = 1 ) AND `wb_user`.`isdel` IS NULL LIMIT 1 [ RunTime:0.000147s ]
[ sql ] [ SQL ] SHOW COLUMNS FROM `wb_bill_payments_rel` [ RunTime:0.000349s ]
[ sql ] [ SQL ] SELECT * FROM `wb_bill_payments_rel` WHERE  `source_id` = 'S04011435366644' [ RunTime:0.000210s ]
[ sql ] [ SQL ] SHOW COLUMNS FROM `wb_bill_refund` [ RunTime:0.000992s ]
[ sql ] [ SQL ] SELECT * FROM `wb_bill_refund` WHERE  `source_id` = 'S04011435366644' [ RunTime:0.000193s ]
[ sql ] [ SQL ] SHOW COLUMNS FROM `wb_bill_lading` [ RunTime:0.000812s ]
[ sql ] [ SQL ] SELECT * FROM `wb_bill_lading` WHERE (  `order_id` = 'S04011435366644' ) AND `wb_bill_lading`.`isdel` IS NULL [ RunTime:0.000155s ]
[ sql ] [ SQL ] SHOW COLUMNS FROM `wb_bill_reship` [ RunTime:0.000768s ]
[ sql ] [ SQL ] SELECT * FROM `wb_bill_reship` WHERE  `order_id` = 'S04011435366644' [ RunTime:0.000153s ]
[ sql ] [ SQL ] SHOW COLUMNS FROM `wb_bill_aftersales` [ RunTime:0.000714s ]
[ sql ] [ SQL ] SELECT * FROM `wb_bill_aftersales` WHERE  `order_id` = 'S04011435366644' [ RunTime:0.000127s ]
[ sql ] [ SQL ] SHOW COLUMNS FROM `wb_bill_delivery_order_rel` [ RunTime:0.000747s ]
[ sql ] [ SQL ] SELECT `d`.* FROM `wb_bill_delivery_order_rel` `dor` INNER JOIN `wb_bill_delivery` `d` ON `d`.`delivery_id`=`dor`.`delivery_id` WHERE  `dor`.`order_id` = 'S04011435366644' [ RunTime:0.000920s ]
[ sql ] [ SQL ] SHOW COLUMNS FROM `wb_area` [ RunTime:0.000811s ]
[ sql ] [ SQL ] SELECT `id`,`name`,`parent_id`,`postal_code` FROM `wb_area` WHERE  `id` = 150525 LIMIT 1 [ RunTime:0.000125s ]
[ sql ] [ SQL ] SELECT `id`,`name`,`parent_id`,`postal_code` FROM `wb_area` WHERE  `parent_id` = 150500 [ RunTime:0.000646s ]
[ sql ] [ SQL ] SELECT `id`,`name`,`parent_id`,`postal_code` FROM `wb_area` WHERE  `id` = 150500 LIMIT 1 [ RunTime:0.000079s ]
[ sql ] [ SQL ] SELECT `id`,`name`,`parent_id`,`postal_code` FROM `wb_area` WHERE  `parent_id` = 150000 [ RunTime:0.000630s ]
[ sql ] [ SQL ] SELECT `id`,`name`,`parent_id`,`postal_code` FROM `wb_area` WHERE  `id` = 150000 LIMIT 1 [ RunTime:0.000073s ]
[ sql ] [ SQL ] SELECT `id`,`name`,`parent_id`,`postal_code` FROM `wb_area` WHERE  `parent_id` = 0 [ RunTime:0.000631s ]
[ sql ] [ SQL ] SHOW COLUMNS FROM `wb_setting` [ RunTime:0.000943s ]
[ sql ] [ SQL ] SELECT * FROM `wb_setting` WHERE  `skey` = 'order_cancel_time' LIMIT 1 [ RunTime:0.000153s ]
[ sql ] [ SQL ] SHOW COLUMNS FROM `wb_bill_payments` [ RunTime:0.000843s ]
[ sql ] [ SQL ] SELECT * FROM `wb_bill_payments` WHERE  `payment_id` = '27750253376967' LIMIT 1 [ RunTime:0.000143s ]
[ sql ] [ SQL ] SELECT SUM(`refund`) AS tp_sum FROM `wb_bill_aftersales` WHERE  `order_id` = 'S04011435366644'  AND `status` IN (2,1) LIMIT 1 [ RunTime:0.000255s ]
[ sql ] [ SQL ] SHOW COLUMNS FROM `wb_bill_aftersales_items` [ RunTime:0.000811s ]
[ sql ] [ SQL ] SELECT `asi`.`order_items_id`,asi.nums as nums,a.status as status,a.type as type FROM `wb_bill_aftersales_items` `asi` INNER JOIN `wb_bill_aftersales` `a` ON `asi`.`aftersales_id`=`a`.`aftersales_id` WHERE  `order_id` = 'S04011435366644'  AND `status` IN ('2','1') [ RunTime:0.000170s ]
[ sql ] [ SQL ] SELECT `aftersales_id`,`status` FROM `wb_bill_aftersales` WHERE  `order_id` = 'S04011435366644'  AND `status` IN (2,1) [ RunTime:0.000101s ]
[ sql ] [ SQL ] SELECT * FROM `wb_setting` WHERE  `skey` = 'language' LIMIT 1 [ RunTime:0.000096s ]
[ sql ] [ SQL ] SELECT * FROM `wb_setting` WHERE  `skey` = 'language' LIMIT 1 [ RunTime:0.000069s ]
[ sql ] [ SQL ] SHOW COLUMNS FROM `wb_invoice` [ RunTime:0.000755s ]
[ sql ] [ SQL ] SELECT * FROM `wb_invoice` WHERE  `class` = 1  AND `source_id` = 'S04011435366644' LIMIT 1 [ RunTime:0.000140s ]
---------------------------------------------------------------
[2026-04-01T14:39:23+08:00] 127.0.0.1 OPTIONS www.jiwankang.com/api.html
[运行时间：0.026572s] [吞吐率：37.63req/s] [内存消耗：3,009.21kb] [文件加载：89]
[ info ] [ LANG ] E:\wwwroot\2026\04\jiwankang\thinkphp\lang\zh-cn.php
[ info ] [ ROUTE ] array (
)
[ info ] [ HEADER ] array (
  'sec-fetch-mode' => 'cors',
  'referer' => 'http://localhost:8080/',
  'origin' => 'http://localhost:8080',
  'access-control-request-method' => 'POST',
  'access-control-request-headers' => 'content-type',
  'accept-language' => 'zh-CN,zh;q=0.9',
  'accept-encoding' => 'gzip, deflate',
  'accept' => '*/*',
  'user-agent' => 'Mozilla/5.0 (iPhone; CPU iPhone OS 18_5 like Mac OS X) AppleWebKit/605.1.15 (KHTML, like Gecko) Version/18.5 Mobile/15E148 Safari/604.1',
  'host' => 'www.jiwankang.com',
  'content-length' => '',
  'content-type' => '',
)
[ info ] [ PARAM ] array (
)
---------------------------------------------------------------
[2026-04-01T14:39:23+08:00] 127.0.0.1 POST www.jiwankang.com/api.html
[运行时间：0.057861s] [吞吐率：17.28req/s] [内存消耗：6,126.59kb] [文件加载：122]
[ info ] [ LANG ] E:\wwwroot\2026\04\jiwankang\thinkphp\lang\zh-cn.php
[ info ] [ ROUTE ] array (
)
[ info ] [ HEADER ] array (
  'referer' => 'http://localhost:8080/',
  'origin' => 'http://localhost:8080',
  'content-type' => 'application/json',
  'accept-language' => 'zh-CN,zh;q=0.9',
  'accept-encoding' => 'gzip, deflate',
  'accept' => 'application/json',
  'content-length' => '98',
  'user-agent' => 'Mozilla/5.0 (iPhone; CPU iPhone OS 18_5 like Mac OS X) AppleWebKit/605.1.15 (KHTML, like Gecko) Version/18.5 Mobile/15E148 Safari/604.1',
  'host' => 'www.jiwankang.com',
)
[ info ] [ PARAM ] array (
  'order_id' => 'S04011435366644',
  'token' => 'c44ff269142cc0000a5aab51e13546e0',
  'method' => 'order.details',
)
[ info ] [ DB ] INIT mysql
[ sql ] [ DB ] CONNECT:[ UseTime:0.001119s ] mysql:host=127.0.0.1;port=3306;dbname=jiwankang;charset=utf8mb4
[ sql ] [ SQL ] SHOW COLUMNS FROM `wb_user` [ RunTime:0.000587s ]
[ sql ] [ SQL ] SELECT * FROM `wb_user` WHERE (  `id` = 1 ) AND `wb_user`.`isdel` IS NULL LIMIT 1 [ RunTime:0.000193s ]
[ sql ] [ SQL ] SHOW COLUMNS FROM `wb_order` [ RunTime:0.000589s ]
[ sql ] [ SQL ] SELECT * FROM `wb_order` WHERE (  `order_id` = 'S04011435366644' ) AND `wb_order`.`isdel` IS NULL LIMIT 1 [ RunTime:0.000219s ]
[ sql ] [ SQL ] SELECT `nickname` FROM `wb_user` WHERE (  `id` = 1 ) AND `wb_user`.`isdel` IS NULL LIMIT 1 [ RunTime:0.000099s ]
[ sql ] [ SQL ] SHOW COLUMNS FROM `wb_order_items` [ RunTime:0.000884s ]
[ sql ] [ SQL ] SELECT * FROM `wb_order_items` WHERE  `order_id` = 'S04011435366644' [ RunTime:0.000174s ]
[ sql ] [ SQL ] SELECT * FROM `wb_user` WHERE (  `id` = 1 ) AND `wb_user`.`isdel` IS NULL LIMIT 1 [ RunTime:0.000151s ]
[ sql ] [ SQL ] SHOW COLUMNS FROM `wb_bill_payments_rel` [ RunTime:0.000811s ]
[ sql ] [ SQL ] SELECT * FROM `wb_bill_payments_rel` WHERE  `source_id` = 'S04011435366644' [ RunTime:0.000136s ]
[ sql ] [ SQL ] SHOW COLUMNS FROM `wb_bill_refund` [ RunTime:0.000770s ]
[ sql ] [ SQL ] SELECT * FROM `wb_bill_refund` WHERE  `source_id` = 'S04011435366644' [ RunTime:0.000121s ]
[ sql ] [ SQL ] SHOW COLUMNS FROM `wb_bill_lading` [ RunTime:0.000717s ]
[ sql ] [ SQL ] SELECT * FROM `wb_bill_lading` WHERE (  `order_id` = 'S04011435366644' ) AND `wb_bill_lading`.`isdel` IS NULL [ RunTime:0.000134s ]
[ sql ] [ SQL ] SHOW COLUMNS FROM `wb_bill_reship` [ RunTime:0.000723s ]
[ sql ] [ SQL ] SELECT * FROM `wb_bill_reship` WHERE  `order_id` = 'S04011435366644' [ RunTime:0.000129s ]
[ sql ] [ SQL ] SHOW COLUMNS FROM `wb_bill_aftersales` [ RunTime:0.000907s ]
[ sql ] [ SQL ] SELECT * FROM `wb_bill_aftersales` WHERE  `order_id` = 'S04011435366644' [ RunTime:0.000150s ]
[ sql ] [ SQL ] SHOW COLUMNS FROM `wb_bill_delivery_order_rel` [ RunTime:0.000855s ]
[ sql ] [ SQL ] SELECT `d`.* FROM `wb_bill_delivery_order_rel` `dor` INNER JOIN `wb_bill_delivery` `d` ON `d`.`delivery_id`=`dor`.`delivery_id` WHERE  `dor`.`order_id` = 'S04011435366644' [ RunTime:0.000668s ]
[ sql ] [ SQL ] SHOW COLUMNS FROM `wb_area` [ RunTime:0.000508s ]
[ sql ] [ SQL ] SELECT `id`,`name`,`parent_id`,`postal_code` FROM `wb_area` WHERE  `id` = 150525 LIMIT 1 [ RunTime:0.000133s ]
[ sql ] [ SQL ] SELECT `id`,`name`,`parent_id`,`postal_code` FROM `wb_area` WHERE  `parent_id` = 150500 [ RunTime:0.000647s ]
[ sql ] [ SQL ] SELECT `id`,`name`,`parent_id`,`postal_code` FROM `wb_area` WHERE  `id` = 150500 LIMIT 1 [ RunTime:0.000123s ]
[ sql ] [ SQL ] SELECT `id`,`name`,`parent_id`,`postal_code` FROM `wb_area` WHERE  `parent_id` = 150000 [ RunTime:0.000660s ]
[ sql ] [ SQL ] SELECT `id`,`name`,`parent_id`,`postal_code` FROM `wb_area` WHERE  `id` = 150000 LIMIT 1 [ RunTime:0.000084s ]
[ sql ] [ SQL ] SELECT `id`,`name`,`parent_id`,`postal_code` FROM `wb_area` WHERE  `parent_id` = 0 [ RunTime:0.000631s ]
[ sql ] [ SQL ] SHOW COLUMNS FROM `wb_setting` [ RunTime:0.000286s ]
[ sql ] [ SQL ] SELECT * FROM `wb_setting` WHERE  `skey` = 'order_cancel_time' LIMIT 1 [ RunTime:0.000109s ]
[ sql ] [ SQL ] SHOW COLUMNS FROM `wb_bill_payments` [ RunTime:0.000904s ]
[ sql ] [ SQL ] SELECT * FROM `wb_bill_payments` WHERE  `payment_id` = '27750253376967' LIMIT 1 [ RunTime:0.000144s ]
[ sql ] [ SQL ] SELECT SUM(`refund`) AS tp_sum FROM `wb_bill_aftersales` WHERE  `order_id` = 'S04011435366644'  AND `status` IN (2,1) LIMIT 1 [ RunTime:0.000140s ]
[ sql ] [ SQL ] SHOW COLUMNS FROM `wb_bill_aftersales_items` [ RunTime:0.000803s ]
[ sql ] [ SQL ] SELECT `asi`.`order_items_id`,asi.nums as nums,a.status as status,a.type as type FROM `wb_bill_aftersales_items` `asi` INNER JOIN `wb_bill_aftersales` `a` ON `asi`.`aftersales_id`=`a`.`aftersales_id` WHERE  `order_id` = 'S04011435366644'  AND `status` IN ('2','1') [ RunTime:0.000168s ]
[ sql ] [ SQL ] SELECT `aftersales_id`,`status` FROM `wb_bill_aftersales` WHERE  `order_id` = 'S04011435366644'  AND `status` IN (2,1) [ RunTime:0.000099s ]
[ sql ] [ SQL ] SELECT * FROM `wb_setting` WHERE  `skey` = 'language' LIMIT 1 [ RunTime:0.000100s ]
[ sql ] [ SQL ] SELECT * FROM `wb_setting` WHERE  `skey` = 'language' LIMIT 1 [ RunTime:0.000071s ]
[ sql ] [ SQL ] SHOW COLUMNS FROM `wb_invoice` [ RunTime:0.000752s ]
[ sql ] [ SQL ] SELECT * FROM `wb_invoice` WHERE  `class` = 1  AND `source_id` = 'S04011435366644' LIMIT 1 [ RunTime:0.000139s ]
---------------------------------------------------------------
[2026-04-01T14:39:24+08:00] 127.0.0.1 POST www.jiwankang.com/api.html
[运行时间：0.036247s] [吞吐率：27.59req/s] [内存消耗：4,820.80kb] [文件加载：107]
[ info ] [ LANG ] E:\wwwroot\2026\04\jiwankang\thinkphp\lang\zh-cn.php
[ info ] [ ROUTE ] array (
)
[ info ] [ HEADER ] array (
  'referer' => 'http://localhost:8080/',
  'origin' => 'http://localhost:8080',
  'content-type' => 'application/json',
  'accept-language' => 'zh-CN,zh;q=0.9',
  'accept-encoding' => 'gzip, deflate',
  'accept' => 'application/json',
  'content-length' => '65',
  'user-agent' => 'Mozilla/5.0 (iPhone; CPU iPhone OS 18_5 like Mac OS X) AppleWebKit/605.1.15 (KHTML, like Gecko) Version/18.5 Mobile/15E148 Safari/604.1',
  'host' => 'www.jiwankang.com',
)
[ info ] [ PARAM ] array (
  'token' => 'c44ff269142cc0000a5aab51e13546e0',
  'method' => 'user.info',
)
[ info ] [ DB ] INIT mysql
[ sql ] [ DB ] CONNECT:[ UseTime:0.000658s ] mysql:host=127.0.0.1;port=3306;dbname=jiwankang;charset=utf8mb4
[ sql ] [ SQL ] SHOW COLUMNS FROM `wb_user` [ RunTime:0.000493s ]
[ sql ] [ SQL ] SELECT * FROM `wb_user` WHERE (  `id` = 1 ) AND `wb_user`.`isdel` IS NULL LIMIT 1 [ RunTime:0.000184s ]
[ sql ] [ SQL ] SELECT `id`,`username`,`mobile`,`sex`,`birthday`,`avatar`,`nickname`,`balance`,`point`,`grade`,`status`,`pid`,`password`,`ctime`,`remarks`,`area_id`,`tiyan`,`num_point`,`exp` FROM `wb_user` WHERE (  `id` = 1 ) AND `wb_user`.`isdel` IS NULL LIMIT 1 [ RunTime:0.000144s ]
[ sql ] [ SQL ] SHOW COLUMNS FROM `wb_user_grade` [ RunTime:0.000258s ]
[ sql ] [ SQL ] SELECT * FROM `wb_user_grade` WHERE  `id` = 1 [ RunTime:0.000100s ]
[ sql ] [ SQL ] SELECT * FROM `wb_user_grade` WHERE  `id` = 1 LIMIT 1 [ RunTime:0.000104s ]
---------------------------------------------------------------
[2026-04-01T14:39:26+08:00] 127.0.0.1 POST www.jiwankang.com/api.html
[运行时间：0.035702s] [吞吐率：28.01req/s] [内存消耗：3,178.30kb] [文件加载：95]
[ info ] [ LANG ] E:\wwwroot\2026\04\jiwankang\thinkphp\lang\zh-cn.php
[ info ] [ ROUTE ] array (
)
[ info ] [ HEADER ] array (
  'referer' => 'http://localhost:8080/',
  'origin' => 'http://localhost:8080',
  'content-type' => 'application/json',
  'accept-language' => 'zh-CN,zh;q=0.9',
  'accept-encoding' => 'gzip, deflate',
  'accept' => 'application/json',
  'content-length' => '58',
  'user-agent' => 'Mozilla/5.0 (iPhone; CPU iPhone OS 18_5 like Mac OS X) AppleWebKit/605.1.15 (KHTML, like Gecko) Version/18.5 Mobile/15E148 Safari/604.1',
  'host' => 'www.jiwankang.com',
)
[ info ] [ PARAM ] array (
  'codes' => 'grid_slider',
  'method' => 'advert.getcarousellists',
)
---------------------------------------------------------------
[2026-04-01T14:39:26+08:00] 127.0.0.1 POST www.jiwankang.com/api.html
[运行时间：0.035826s] [吞吐率：27.91req/s] [内存消耗：3,177.91kb] [文件加载：95]
[ info ] [ LANG ] E:\wwwroot\2026\04\jiwankang\thinkphp\lang\zh-cn.php
[ info ] [ ROUTE ] array (
)
[ info ] [ HEADER ] array (
  'referer' => 'http://localhost:8080/',
  'origin' => 'http://localhost:8080',
  'content-type' => 'application/json',
  'accept-language' => 'zh-CN,zh;q=0.9',
  'accept-encoding' => 'gzip, deflate',
  'accept' => 'application/json',
  'content-length' => '58',
  'user-agent' => 'Mozilla/5.0 (iPhone; CPU iPhone OS 18_5 like Mac OS X) AppleWebKit/605.1.15 (KHTML, like Gecko) Version/18.5 Mobile/15E148 Safari/604.1',
  'host' => 'www.jiwankang.com',
)
[ info ] [ PARAM ] array (
  'codes' => 'tpl1_slider',
  'method' => 'advert.getcarousellists',
)
---------------------------------------------------------------
[2026-04-01T14:39:26+08:00] 127.0.0.1 POST www.jiwankang.com/api.html
[运行时间：0.042030s] [吞吐率：23.79req/s] [内存消耗：4,594.55kb] [文件加载：104]
[ info ] [ LANG ] E:\wwwroot\2026\04\jiwankang\thinkphp\lang\zh-cn.php
[ info ] [ ROUTE ] array (
)
[ info ] [ HEADER ] array (
  'referer' => 'http://localhost:8080/',
  'origin' => 'http://localhost:8080',
  'content-type' => 'application/json',
  'accept-language' => 'zh-CN,zh;q=0.9',
  'accept-encoding' => 'gzip, deflate',
  'accept' => 'application/json',
  'content-length' => '28',
  'user-agent' => 'Mozilla/5.0 (iPhone; CPU iPhone OS 18_5 like Mac OS X) AppleWebKit/605.1.15 (KHTML, like Gecko) Version/18.5 Mobile/15E148 Safari/604.1',
  'host' => 'www.jiwankang.com',
)
[ info ] [ PARAM ] array (
  'method' => 'shopindex.index',
)
[ info ] [ DB ] INIT mysql
[ sql ] [ DB ] CONNECT:[ UseTime:0.001098s ] mysql:host=127.0.0.1;port=3306;dbname=jiwankang;charset=utf8mb4
[ sql ] [ SQL ] SHOW COLUMNS FROM `wb_notice` [ RunTime:0.001247s ]
[ sql ] [ SQL ] SELECT * FROM `wb_notice` WHERE (  `type` = 1 ) AND `wb_notice`.`isdel` IS NULL LIMIT 1 [ RunTime:0.000251s ]
---------------------------------------------------------------
[2026-04-01T14:39:27+08:00] 127.0.0.1 GET www.jiwankang.com/api/common/jshopConf
[运行时间：0.030883s] [吞吐率：32.38req/s] [内存消耗：3,090.90kb] [文件加载：93]
[ info ] [ LANG ] E:\wwwroot\2026\04\jiwankang\thinkphp\lang\zh-cn.php
[ info ] [ ROUTE ] array (
)
[ info ] [ HEADER ] array (
  'referer' => 'http://localhost:8080/',
  'origin' => 'http://localhost:8080',
  'accept-language' => 'zh-CN,zh;q=0.9',
  'accept-encoding' => 'gzip, deflate',
  'accept' => '*/*',
  'user-agent' => 'Mozilla/5.0 (iPhone; CPU iPhone OS 18_5 like Mac OS X) AppleWebKit/605.1.15 (KHTML, like Gecko) Version/18.5 Mobile/15E148 Safari/604.1',
  'host' => 'www.jiwankang.com',
  'content-length' => '',
  'content-type' => '',
)
[ info ] [ PARAM ] array (
)
---------------------------------------------------------------
[2026-04-01T14:39:27+08:00] 127.0.0.1 GET www.jiwankang.com/api/common/jshopconf
[运行时间：0.027134s] [吞吐率：36.85req/s] [内存消耗：3,091.32kb] [文件加载：93]
[ info ] [ LANG ] E:\wwwroot\2026\04\jiwankang\thinkphp\lang\zh-cn.php
[ info ] [ ROUTE ] array (
)
[ info ] [ HEADER ] array (
  'referer' => 'http://localhost:8080/',
  'origin' => 'http://localhost:8080',
  'content-type' => 'application/x-www-form-urlencoded',
  'accept-language' => 'zh-CN,zh;q=0.9',
  'accept-encoding' => 'gzip, deflate',
  'accept' => 'application/json',
  'user-agent' => 'Mozilla/5.0 (iPhone; CPU iPhone OS 18_5 like Mac OS X) AppleWebKit/605.1.15 (KHTML, like Gecko) Version/18.5 Mobile/15E148 Safari/604.1',
  'host' => 'www.jiwankang.com',
  'content-length' => '',
)
[ info ] [ PARAM ] array (
)
---------------------------------------------------------------
[2026-04-01T14:39:27+08:00] 127.0.0.1 POST www.jiwankang.com/api.html
[运行时间：0.027277s] [吞吐率：36.66req/s] [内存消耗：3,177.91kb] [文件加载：95]
[ info ] [ LANG ] E:\wwwroot\2026\04\jiwankang\thinkphp\lang\zh-cn.php
[ info ] [ ROUTE ] array (
)
[ info ] [ HEADER ] array (
  'referer' => 'http://localhost:8080/',
  'origin' => 'http://localhost:8080',
  'content-type' => 'application/json',
  'accept-language' => 'zh-CN,zh;q=0.9',
  'accept-encoding' => 'gzip, deflate',
  'accept' => 'application/json',
  'content-length' => '58',
  'user-agent' => 'Mozilla/5.0 (iPhone; CPU iPhone OS 18_5 like Mac OS X) AppleWebKit/605.1.15 (KHTML, like Gecko) Version/18.5 Mobile/15E148 Safari/604.1',
  'host' => 'www.jiwankang.com',
)
[ info ] [ PARAM ] array (
  'codes' => 'tpl1_slider',
  'method' => 'advert.getcarousellists',
)
---------------------------------------------------------------
[2026-04-01T14:39:27+08:00] 127.0.0.1 POST www.jiwankang.com/api.html
[运行时间：0.034359s] [吞吐率：29.10req/s] [内存消耗：3,178.30kb] [文件加载：95]
[ info ] [ LANG ] E:\wwwroot\2026\04\jiwankang\thinkphp\lang\zh-cn.php
[ info ] [ ROUTE ] array (
)
[ info ] [ HEADER ] array (
  'referer' => 'http://localhost:8080/',
  'origin' => 'http://localhost:8080',
  'content-type' => 'application/json',
  'accept-language' => 'zh-CN,zh;q=0.9',
  'accept-encoding' => 'gzip, deflate',
  'accept' => 'application/json',
  'content-length' => '58',
  'user-agent' => 'Mozilla/5.0 (iPhone; CPU iPhone OS 18_5 like Mac OS X) AppleWebKit/605.1.15 (KHTML, like Gecko) Version/18.5 Mobile/15E148 Safari/604.1',
  'host' => 'www.jiwankang.com',
)
[ info ] [ PARAM ] array (
  'codes' => 'grid_slider',
  'method' => 'advert.getcarousellists',
)
---------------------------------------------------------------
[2026-04-01T14:39:27+08:00] 127.0.0.1 POST www.jiwankang.com/api.html
[运行时间：0.048830s] [吞吐率：20.48req/s] [内存消耗：4,594.55kb] [文件加载：104]
[ info ] [ LANG ] E:\wwwroot\2026\04\jiwankang\thinkphp\lang\zh-cn.php
[ info ] [ ROUTE ] array (
)
[ info ] [ HEADER ] array (
  'referer' => 'http://localhost:8080/',
  'origin' => 'http://localhost:8080',
  'content-type' => 'application/json',
  'accept-language' => 'zh-CN,zh;q=0.9',
  'accept-encoding' => 'gzip, deflate',
  'accept' => 'application/json',
  'content-length' => '28',
  'user-agent' => 'Mozilla/5.0 (iPhone; CPU iPhone OS 18_5 like Mac OS X) AppleWebKit/605.1.15 (KHTML, like Gecko) Version/18.5 Mobile/15E148 Safari/604.1',
  'host' => 'www.jiwankang.com',
)
[ info ] [ PARAM ] array (
  'method' => 'shopindex.index',
)
[ info ] [ DB ] INIT mysql
[ sql ] [ DB ] CONNECT:[ UseTime:0.002348s ] mysql:host=127.0.0.1;port=3306;dbname=jiwankang;charset=utf8mb4
[ sql ] [ SQL ] SHOW COLUMNS FROM `wb_notice` [ RunTime:0.001954s ]
[ sql ] [ SQL ] SELECT * FROM `wb_notice` WHERE (  `type` = 1 ) AND `wb_notice`.`isdel` IS NULL LIMIT 1 [ RunTime:0.000579s ]
---------------------------------------------------------------
[2026-04-01T14:39:29+08:00] 127.0.0.1 OPTIONS www.jiwankang.com/api.html
[运行时间：0.025525s] [吞吐率：39.18req/s] [内存消耗：3,009.21kb] [文件加载：89]
[ info ] [ LANG ] E:\wwwroot\2026\04\jiwankang\thinkphp\lang\zh-cn.php
[ info ] [ ROUTE ] array (
)
[ info ] [ HEADER ] array (
  'sec-fetch-mode' => 'cors',
  'referer' => 'http://localhost:8080/',
  'origin' => 'http://localhost:8080',
  'access-control-request-method' => 'POST',
  'access-control-request-headers' => 'content-type',
  'accept-language' => 'zh-CN,zh;q=0.9',
  'accept-encoding' => 'gzip, deflate',
  'accept' => '*/*',
  'user-agent' => 'Mozilla/5.0 (iPhone; CPU iPhone OS 18_5 like Mac OS X) AppleWebKit/605.1.15 (KHTML, like Gecko) Version/18.5 Mobile/15E148 Safari/604.1',
  'host' => 'www.jiwankang.com',
  'content-length' => '',
  'content-type' => '',
)
[ info ] [ PARAM ] array (
)
---------------------------------------------------------------
[2026-04-01T14:39:29+08:00] 127.0.0.1 OPTIONS www.jiwankang.com/api.html
[运行时间：0.026565s] [吞吐率：37.64req/s] [内存消耗：3,009.21kb] [文件加载：89]
[ info ] [ LANG ] E:\wwwroot\2026\04\jiwankang\thinkphp\lang\zh-cn.php
[ info ] [ ROUTE ] array (
)
[ info ] [ HEADER ] array (
  'sec-fetch-mode' => 'cors',
  'referer' => 'http://localhost:8080/',
  'origin' => 'http://localhost:8080',
  'access-control-request-method' => 'POST',
  'access-control-request-headers' => 'content-type',
  'accept-language' => 'zh-CN,zh;q=0.9',
  'accept-encoding' => 'gzip, deflate',
  'accept' => '*/*',
  'user-agent' => 'Mozilla/5.0 (iPhone; CPU iPhone OS 18_5 like Mac OS X) AppleWebKit/605.1.15 (KHTML, like Gecko) Version/18.5 Mobile/15E148 Safari/604.1',
  'host' => 'www.jiwankang.com',
  'content-length' => '',
  'content-type' => '',
)
[ info ] [ PARAM ] array (
)
---------------------------------------------------------------
[2026-04-01T14:39:29+08:00] 127.0.0.1 OPTIONS www.jiwankang.com/api.html
[运行时间：0.027099s] [吞吐率：36.90req/s] [内存消耗：3,009.21kb] [文件加载：89]
[ info ] [ LANG ] E:\wwwroot\2026\04\jiwankang\thinkphp\lang\zh-cn.php
[ info ] [ ROUTE ] array (
)
[ info ] [ HEADER ] array (
  'sec-fetch-mode' => 'cors',
  'referer' => 'http://localhost:8080/',
  'origin' => 'http://localhost:8080',
  'access-control-request-method' => 'POST',
  'access-control-request-headers' => 'content-type',
  'accept-language' => 'zh-CN,zh;q=0.9',
  'accept-encoding' => 'gzip, deflate',
  'accept' => '*/*',
  'user-agent' => 'Mozilla/5.0 (iPhone; CPU iPhone OS 18_5 like Mac OS X) AppleWebKit/605.1.15 (KHTML, like Gecko) Version/18.5 Mobile/15E148 Safari/604.1',
  'host' => 'www.jiwankang.com',
  'content-length' => '',
  'content-type' => '',
)
[ info ] [ PARAM ] array (
)
---------------------------------------------------------------
[2026-04-01T14:39:29+08:00] 127.0.0.1 POST www.jiwankang.com/api.html
[运行时间：0.039132s] [吞吐率：25.55req/s] [内存消耗：4,820.80kb] [文件加载：107]
[ info ] [ LANG ] E:\wwwroot\2026\04\jiwankang\thinkphp\lang\zh-cn.php
[ info ] [ ROUTE ] array (
)
[ info ] [ HEADER ] array (
  'referer' => 'http://localhost:8080/',
  'origin' => 'http://localhost:8080',
  'content-type' => 'application/json',
  'accept-language' => 'zh-CN,zh;q=0.9',
  'accept-encoding' => 'gzip, deflate',
  'accept' => 'application/json',
  'content-length' => '65',
  'user-agent' => 'Mozilla/5.0 (iPhone; CPU iPhone OS 18_5 like Mac OS X) AppleWebKit/605.1.15 (KHTML, like Gecko) Version/18.5 Mobile/15E148 Safari/604.1',
  'host' => 'www.jiwankang.com',
)
[ info ] [ PARAM ] array (
  'token' => 'c44ff269142cc0000a5aab51e13546e0',
  'method' => 'user.info',
)
[ info ] [ DB ] INIT mysql
[ sql ] [ DB ] CONNECT:[ UseTime:0.000809s ] mysql:host=127.0.0.1;port=3306;dbname=jiwankang;charset=utf8mb4
[ sql ] [ SQL ] SHOW COLUMNS FROM `wb_user` [ RunTime:0.001088s ]
[ sql ] [ SQL ] SELECT * FROM `wb_user` WHERE (  `id` = 1 ) AND `wb_user`.`isdel` IS NULL LIMIT 1 [ RunTime:0.000417s ]
[ sql ] [ SQL ] SELECT `id`,`username`,`mobile`,`sex`,`birthday`,`avatar`,`nickname`,`balance`,`point`,`grade`,`status`,`pid`,`password`,`ctime`,`remarks`,`area_id`,`tiyan`,`num_point`,`exp` FROM `wb_user` WHERE (  `id` = 1 ) AND `wb_user`.`isdel` IS NULL LIMIT 1 [ RunTime:0.000403s ]
[ sql ] [ SQL ] SHOW COLUMNS FROM `wb_user_grade` [ RunTime:0.000948s ]
[ sql ] [ SQL ] SELECT * FROM `wb_user_grade` WHERE  `id` = 1 [ RunTime:0.000134s ]
[ sql ] [ SQL ] SELECT * FROM `wb_user_grade` WHERE  `id` = 1 LIMIT 1 [ RunTime:0.000132s ]
---------------------------------------------------------------
[2026-04-01T14:39:29+08:00] 127.0.0.1 POST www.jiwankang.com/api.html
[运行时间：0.063237s] [吞吐率：15.81req/s] [内存消耗：4,820.80kb] [文件加载：107]
[ info ] [ LANG ] E:\wwwroot\2026\04\jiwankang\thinkphp\lang\zh-cn.php
[ info ] [ ROUTE ] array (
)
[ info ] [ HEADER ] array (
  'referer' => 'http://localhost:8080/',
  'origin' => 'http://localhost:8080',
  'content-type' => 'application/json',
  'accept-language' => 'zh-CN,zh;q=0.9',
  'accept-encoding' => 'gzip, deflate',
  'accept' => 'application/json',
  'content-length' => '65',
  'user-agent' => 'Mozilla/5.0 (iPhone; CPU iPhone OS 18_5 like Mac OS X) AppleWebKit/605.1.15 (KHTML, like Gecko) Version/18.5 Mobile/15E148 Safari/604.1',
  'host' => 'www.jiwankang.com',
)
[ info ] [ PARAM ] array (
  'token' => 'c44ff269142cc0000a5aab51e13546e0',
  'method' => 'user.info',
)
[ info ] [ DB ] INIT mysql
[ sql ] [ DB ] CONNECT:[ UseTime:0.024214s ] mysql:host=127.0.0.1;port=3306;dbname=jiwankang;charset=utf8mb4
[ sql ] [ SQL ] SHOW COLUMNS FROM `wb_user` [ RunTime:0.000720s ]
[ sql ] [ SQL ] SELECT * FROM `wb_user` WHERE (  `id` = 1 ) AND `wb_user`.`isdel` IS NULL LIMIT 1 [ RunTime:0.000217s ]
[ sql ] [ SQL ] SELECT `id`,`username`,`mobile`,`sex`,`birthday`,`avatar`,`nickname`,`balance`,`point`,`grade`,`status`,`pid`,`password`,`ctime`,`remarks`,`area_id`,`tiyan`,`num_point`,`exp` FROM `wb_user` WHERE (  `id` = 1 ) AND `wb_user`.`isdel` IS NULL LIMIT 1 [ RunTime:0.000223s ]
[ sql ] [ SQL ] SHOW COLUMNS FROM `wb_user_grade` [ RunTime:0.000387s ]
[ sql ] [ SQL ] SELECT * FROM `wb_user_grade` WHERE  `id` = 1 [ RunTime:0.000132s ]
[ sql ] [ SQL ] SELECT * FROM `wb_user_grade` WHERE  `id` = 1 LIMIT 1 [ RunTime:0.000116s ]
---------------------------------------------------------------
[2026-04-01T14:39:29+08:00] 127.0.0.1 POST www.jiwankang.com/api.html
[运行时间：0.067678s] [吞吐率：14.78req/s] [内存消耗：4,830.21kb] [文件加载：107]
[ info ] [ LANG ] E:\wwwroot\2026\04\jiwankang\thinkphp\lang\zh-cn.php
[ info ] [ ROUTE ] array (
)
[ info ] [ HEADER ] array (
  'referer' => 'http://localhost:8080/',
  'origin' => 'http://localhost:8080',
  'content-type' => 'application/json',
  'accept-language' => 'zh-CN,zh;q=0.9',
  'accept-encoding' => 'gzip, deflate',
  'accept' => 'application/json',
  'content-length' => '40',
  'user-agent' => 'Mozilla/5.0 (iPhone; CPU iPhone OS 18_5 like Mac OS X) AppleWebKit/605.1.15 (KHTML, like Gecko) Version/18.5 Mobile/15E148 Safari/604.1',
  'host' => 'www.jiwankang.com',
)
[ info ] [ PARAM ] array (
  'id' => '1',
  'method' => 'goods.getgoodsparams',
)
[ info ] [ DB ] INIT mysql
[ sql ] [ DB ] CONNECT:[ UseTime:0.024892s ] mysql:host=127.0.0.1;port=3306;dbname=jiwankang;charset=utf8mb4
[ sql ] [ SQL ] SHOW COLUMNS FROM `wb_setting` [ RunTime:0.000653s ]
[ sql ] [ SQL ] SELECT * FROM `wb_setting` WHERE  `skey` = 'language' LIMIT 1 [ RunTime:0.000190s ]
[ sql ] [ SQL ] SELECT * FROM `wb_setting` WHERE  `skey` = 'language' LIMIT 1 [ RunTime:0.000097s ]
[ sql ] [ SQL ] SELECT * FROM `wb_setting` WHERE  `skey` = 'language' LIMIT 1 [ RunTime:0.000102s ]
[ sql ] [ SQL ] SELECT * FROM `wb_setting` WHERE  `skey` = 'language' LIMIT 1 [ RunTime:0.000071s ]
[ sql ] [ SQL ] SHOW COLUMNS FROM `wb_goods` [ RunTime:0.000430s ]
[ sql ] [ SQL ] SELECT `id`,`bn`,`name`,`brand_id`,`image_id`,`params`,`spes_desc` FROM `wb_goods` WHERE  `id` = 1 LIMIT 1 [ RunTime:0.000136s ]
[ sql ] [ SQL ] SELECT * FROM `wb_setting` WHERE  `skey` = 'language' LIMIT 1 [ RunTime:0.000122s ]
[ sql ] [ SQL ] SELECT * FROM `wb_setting` WHERE  `skey` = 'language' LIMIT 1 [ RunTime:0.000120s ]
[ sql ] [ SQL ] SHOW COLUMNS FROM `wb_goods_images` [ RunTime:0.000266s ]
[ sql ] [ SQL ] SELECT * FROM `wb_goods_images` WHERE  `goods_id` = 1 ORDER BY `sort` DESC [ RunTime:0.000143s ]
[ sql ] [ SQL ] SHOW COLUMNS FROM `wb_products` [ RunTime:0.000636s ]
[ sql ] [ SQL ] SELECT `id` FROM `wb_products` WHERE  `goods_id` = 1 [ RunTime:0.000260s ]
[ sql ] [ SQL ] SELECT * FROM `wb_products` WHERE  `id` = 1 LIMIT 1 [ RunTime:0.000202s ]
[ sql ] [ SQL ] SELECT `name`,`image_id`,`bn`,`marketable`,`spes_desc`,`is_combo`,`point`,`open_point` FROM `wb_goods` WHERE  `id` = 1 LIMIT 1 [ RunTime:0.000161s ]
---------------------------------------------------------------
[2026-04-01T14:39:29+08:00] 127.0.0.1 POST www.jiwankang.com/api.html
[运行时间：0.092926s] [吞吐率：10.76req/s] [内存消耗：5,316.21kb] [文件加载：116]
[ info ] [ LANG ] E:\wwwroot\2026\04\jiwankang\thinkphp\lang\zh-cn.php
[ info ] [ ROUTE ] array (
)
[ info ] [ HEADER ] array (
  'referer' => 'http://localhost:8080/',
  'origin' => 'http://localhost:8080',
  'content-type' => 'application/json',
  'accept-language' => 'zh-CN,zh;q=0.9',
  'accept-encoding' => 'gzip, deflate',
  'accept' => 'application/json',
  'content-length' => '78',
  'user-agent' => 'Mozilla/5.0 (iPhone; CPU iPhone OS 18_5 like Mac OS X) AppleWebKit/605.1.15 (KHTML, like Gecko) Version/18.5 Mobile/15E148 Safari/604.1',
  'host' => 'www.jiwankang.com',
)
[ info ] [ PARAM ] array (
  'id' => '1',
  'token' => 'c44ff269142cc0000a5aab51e13546e0',
  'method' => 'goods.getdetial',
)
[ info ] [ DB ] INIT mysql
[ sql ] [ DB ] CONNECT:[ UseTime:0.023228s ] mysql:host=127.0.0.1;port=3306;dbname=jiwankang;charset=utf8mb4
[ sql ] [ SQL ] SHOW COLUMNS FROM `wb_goods` [ RunTime:0.000716s ]
[ sql ] [ SQL ] SELECT * FROM `wb_goods` WHERE  `id` = 1 LIMIT 1 [ RunTime:0.000234s ]
[ sql ] [ SQL ] SHOW COLUMNS FROM `wb_goods_cat` [ RunTime:0.000871s ]
[ sql ] [ SQL ] SELECT `id`,`name` FROM `wb_goods_cat` WHERE  `id` = 1 [ RunTime:0.000116s ]
[ sql ] [ SQL ] SHOW COLUMNS FROM `wb_products` [ RunTime:0.000383s ]
[ sql ] [ SQL ] SELECT * FROM `wb_products` WHERE  `goods_id` = 1  AND `is_defalut` = 1 LIMIT 1 [ RunTime:0.000188s ]
[ sql ] [ SQL ] SHOW COLUMNS FROM `wb_user` [ RunTime:0.000521s ]
[ sql ] [ SQL ] SELECT * FROM `wb_user` WHERE (  `id` = 1 ) AND `wb_user`.`isdel` IS NULL LIMIT 1 [ RunTime:0.000492s ]
[ sql ] [ SQL ] SELECT * FROM `wb_products` WHERE  `id` = 1 LIMIT 1 [ RunTime:0.000294s ]
[ sql ] [ SQL ] SELECT `name`,`image_id`,`bn`,`marketable`,`spes_desc`,`is_combo`,`point`,`open_point` FROM `wb_goods` WHERE  `id` = 1 LIMIT 1 [ RunTime:0.000252s ]
[ sql ] [ SQL ] SELECT `grade` FROM `wb_user` WHERE (  `id` = 1 ) AND `wb_user`.`isdel` IS NULL LIMIT 1 [ RunTime:0.000208s ]
[ sql ] [ SQL ] SHOW COLUMNS FROM `wb_setting` [ RunTime:0.001015s ]
[ sql ] [ SQL ] SELECT * FROM `wb_setting` WHERE  `skey` = 'language' LIMIT 1 [ RunTime:0.000379s ]
[ sql ] [ SQL ] SELECT * FROM `wb_setting` WHERE  `skey` = 'language' LIMIT 1 [ RunTime:0.000199s ]
[ sql ] [ SQL ] SHOW COLUMNS FROM `wb_goods_grade` [ RunTime:0.002047s ]
[ sql ] [ SQL ] SELECT * FROM `wb_goods_grade` WHERE  `goods_id` = 1 [ RunTime:0.000787s ]
[ sql ] [ SQL ] SHOW COLUMNS FROM `wb_user_grade` [ RunTime:0.001153s ]
[ sql ] [ SQL ] SELECT `name` FROM `wb_user_grade` WHERE  `id` = 1 LIMIT 1 [ RunTime:0.000414s ]
[ sql ] [ SQL ] SELECT `name` FROM `wb_user_grade` WHERE  `id` = 2 LIMIT 1 [ RunTime:0.000236s ]
[ sql ] [ SQL ] SELECT `name` FROM `wb_user_grade` WHERE  `id` = 3 LIMIT 1 [ RunTime:0.000183s ]
[ sql ] [ SQL ] SELECT `name` FROM `wb_user_grade` WHERE  `id` = 4 LIMIT 1 [ RunTime:0.000162s ]
[ sql ] [ SQL ] SELECT `name` FROM `wb_user_grade` WHERE  `id` = 5 LIMIT 1 [ RunTime:0.000213s ]
[ sql ] [ SQL ] SHOW COLUMNS FROM `wb_promotion` [ RunTime:0.001395s ]
[ sql ] [ SQL ] SELECT * FROM `wb_promotion` WHERE (  `status` = 1  AND `stime` < 1775025569  AND `etime` > 1775025569  AND `type` = 1 ) AND `wb_promotion`.`isdel` IS NULL ORDER BY `sort` ASC [ RunTime:0.001011s ]
[ sql ] [ SQL ] SHOW COLUMNS FROM `wb_goods_images` [ RunTime:0.002845s ]
[ sql ] [ SQL ] SELECT * FROM `wb_goods_images` WHERE  `goods_id` = 1 ORDER BY `sort` ASC [ RunTime:0.000575s ]
[ sql ] [ SQL ] SHOW COLUMNS FROM `wb_goods_collection` [ RunTime:0.001778s ]
[ sql ] [ SQL ] SELECT * FROM `wb_goods_collection` WHERE  `user_id` = 1  AND `goods_id` = 1 LIMIT 1 [ RunTime:0.000363s ]
[ sql ] [ SQL ] UPDATE `wb_goods`  SET `view_count` = `view_count` + 1  WHERE  `id` = 1 [ RunTime:0.001785s ]
---------------------------------------------------------------
[2026-04-01T14:39:29+08:00] 127.0.0.1 GET www.jiwankang.com/api/common/jshopconf
[运行时间：0.024215s] [吞吐率：41.30req/s] [内存消耗：3,091.32kb] [文件加载：93]
[ info ] [ LANG ] E:\wwwroot\2026\04\jiwankang\thinkphp\lang\zh-cn.php
[ info ] [ ROUTE ] array (
)
[ info ] [ HEADER ] array (
  'referer' => 'http://localhost:8080/',
  'origin' => 'http://localhost:8080',
  'content-type' => 'application/x-www-form-urlencoded',
  'accept-language' => 'zh-CN,zh;q=0.9',
  'accept-encoding' => 'gzip, deflate',
  'accept' => 'application/json',
  'user-agent' => 'Mozilla/5.0 (iPhone; CPU iPhone OS 18_5 like Mac OS X) AppleWebKit/605.1.15 (KHTML, like Gecko) Version/18.5 Mobile/15E148 Safari/604.1',
  'host' => 'www.jiwankang.com',
  'content-length' => '',
)
[ info ] [ PARAM ] array (
)
---------------------------------------------------------------
[2026-04-01T14:39:29+08:00] 127.0.0.1 POST www.jiwankang.com/api.html
[运行时间：0.039724s] [吞吐率：25.17req/s] [内存消耗：4,605.82kb] [文件加载：103]
[ info ] [ LANG ] E:\wwwroot\2026\04\jiwankang\thinkphp\lang\zh-cn.php
[ info ] [ ROUTE ] array (
)
[ info ] [ HEADER ] array (
  'referer' => 'http://localhost:8080/',
  'origin' => 'http://localhost:8080',
  'content-type' => 'application/json',
  'accept-language' => 'zh-CN,zh;q=0.9',
  'accept-encoding' => 'gzip, deflate',
  'accept' => 'application/json',
  'content-length' => '70',
  'user-agent' => 'Mozilla/5.0 (iPhone; CPU iPhone OS 18_5 like Mac OS X) AppleWebKit/605.1.15 (KHTML, like Gecko) Version/18.5 Mobile/15E148 Safari/604.1',
  'host' => 'www.jiwankang.com',
)
[ info ] [ PARAM ] array (
  'token' => 'c44ff269142cc0000a5aab51e13546e0',
  'method' => 'cart.getnumber',
)
[ info ] [ DB ] INIT mysql
[ sql ] [ DB ] CONNECT:[ UseTime:0.000844s ] mysql:host=127.0.0.1;port=3306;dbname=jiwankang;charset=utf8mb4
[ sql ] [ SQL ] SHOW COLUMNS FROM `wb_user` [ RunTime:0.000909s ]
[ sql ] [ SQL ] SELECT * FROM `wb_user` WHERE (  `id` = 1 ) AND `wb_user`.`isdel` IS NULL LIMIT 1 [ RunTime:0.000285s ]
[ sql ] [ SQL ] SHOW COLUMNS FROM `wb_setting` [ RunTime:0.001484s ]
[ sql ] [ SQL ] SELECT * FROM `wb_setting` WHERE  `skey` = 'virtual_card_class' LIMIT 1 [ RunTime:0.000509s ]
[ sql ] [ SQL ] SHOW COLUMNS FROM `wb_cart` [ RunTime:0.000718s ]
[ sql ] [ SQL ] SELECT SUM(`nums`) AS tp_sum FROM `wb_cart` `c` INNER JOIN `wb_products` `p` ON `p`.`id`=`c`.`product_id` INNER JOIN `wb_goods` `g` ON `g`.`id`=`p`.`goods_id` WHERE  `user_id` = 1  AND `type` = 1 LIMIT 1 [ RunTime:0.000510s ]
---------------------------------------------------------------
[2026-04-01T14:39:31+08:00] 127.0.0.1 POST www.jiwankang.com/api.html
[运行时间：0.041935s] [吞吐率：23.85req/s] [内存消耗：4,866.30kb] [文件加载：105]
[ info ] [ LANG ] E:\wwwroot\2026\04\jiwankang\thinkphp\lang\zh-cn.php
[ info ] [ ROUTE ] array (
)
[ info ] [ HEADER ] array (
  'referer' => 'http://localhost:8080/',
  'origin' => 'http://localhost:8080',
  'content-type' => 'application/json',
  'accept-language' => 'zh-CN,zh;q=0.9',
  'accept-encoding' => 'gzip, deflate',
  'accept' => 'application/json',
  'content-length' => '97',
  'user-agent' => 'Mozilla/5.0 (iPhone; CPU iPhone OS 18_5 like Mac OS X) AppleWebKit/605.1.15 (KHTML, like Gecko) Version/18.5 Mobile/15E148 Safari/604.1',
  'host' => 'www.jiwankang.com',
)
[ info ] [ PARAM ] array (
  'product_id' => '1',
  'nums' => '1',
  'type' => '2',
  'token' => 'c44ff269142cc0000a5aab51e13546e0',
  'method' => 'cart.add',
)
[ info ] [ DB ] INIT mysql
[ sql ] [ DB ] CONNECT:[ UseTime:0.000653s ] mysql:host=127.0.0.1;port=3306;dbname=jiwankang;charset=utf8mb4
[ sql ] [ SQL ] SHOW COLUMNS FROM `wb_user` [ RunTime:0.000481s ]
[ sql ] [ SQL ] SELECT * FROM `wb_user` WHERE (  `id` = 1 ) AND `wb_user`.`isdel` IS NULL LIMIT 1 [ RunTime:0.000192s ]
[ sql ] [ SQL ] SHOW COLUMNS FROM `wb_products` [ RunTime:0.000304s ]
[ sql ] [ SQL ] SELECT * FROM `wb_products` WHERE  `id` = 1 LIMIT 1 [ RunTime:0.000124s ]
[ sql ] [ SQL ] SHOW COLUMNS FROM `wb_goods` [ RunTime:0.000372s ]
[ sql ] [ SQL ] SELECT `name`,`image_id`,`bn`,`marketable`,`spes_desc`,`is_combo`,`point`,`open_point` FROM `wb_goods` WHERE  `id` = 1 LIMIT 1 [ RunTime:0.000179s ]
[ sql ] [ SQL ] SELECT `p`.`id`,`g`.`marketable` FROM `wb_products` `p` INNER JOIN `wb_goods` `g` ON `g`.`id`=`p`.`goods_id` WHERE  `p`.`id` = '1' LIMIT 1 [ RunTime:0.000175s ]
[ sql ] [ SQL ] SHOW COLUMNS FROM `wb_cart` [ RunTime:0.000800s ]
[ sql ] [ SQL ] SELECT * FROM `wb_cart` WHERE  `product_id` = 1  AND `user_id` = 1  AND `type` = 1 LIMIT 1 [ RunTime:0.000150s ]
[ sql ] [ SQL ] INSERT INTO `wb_cart` (`product_id` , `nums` , `user_id` , `type`) VALUES (1 , 1 , 1 , 1) [ RunTime:0.002095s ]
---------------------------------------------------------------
[2026-04-01T14:39:31+08:00] 127.0.0.1 POST www.jiwankang.com/api.html
[运行时间：0.044430s] [吞吐率：22.51req/s] [内存消耗：4,856.52kb] [文件加载：105]
[ info ] [ LANG ] E:\wwwroot\2026\04\jiwankang\thinkphp\lang\zh-cn.php
[ info ] [ ROUTE ] array (
)
[ info ] [ HEADER ] array (
  'referer' => 'http://localhost:8080/',
  'origin' => 'http://localhost:8080',
  'content-type' => 'application/json',
  'accept-language' => 'zh-CN,zh;q=0.9',
  'accept-encoding' => 'gzip, deflate',
  'accept' => 'application/json',
  'content-length' => '79',
  'user-agent' => 'Mozilla/5.0 (iPhone; CPU iPhone OS 18_5 like Mac OS X) AppleWebKit/605.1.15 (KHTML, like Gecko) Version/18.5 Mobile/15E148 Safari/604.1',
  'host' => 'www.jiwankang.com',
)
[ info ] [ PARAM ] array (
  'token' => 'c44ff269142cc0000a5aab51e13546e0',
  'method' => 'user.getuserdefaultship',
)
[ info ] [ DB ] INIT mysql
[ sql ] [ DB ] CONNECT:[ UseTime:0.000745s ] mysql:host=127.0.0.1;port=3306;dbname=jiwankang;charset=utf8mb4
[ sql ] [ SQL ] SHOW COLUMNS FROM `wb_user` [ RunTime:0.000555s ]
[ sql ] [ SQL ] SELECT * FROM `wb_user` WHERE (  `id` = 1 ) AND `wb_user`.`isdel` IS NULL LIMIT 1 [ RunTime:0.000233s ]
[ sql ] [ SQL ] SHOW COLUMNS FROM `wb_user_ship` [ RunTime:0.001172s ]
[ sql ] [ SQL ] SELECT * FROM `wb_user_ship` WHERE  `user_id` = 1  AND `is_def` = 1 ORDER BY `utime` DESC LIMIT 1 [ RunTime:0.000348s ]
[ sql ] [ SQL ] SHOW COLUMNS FROM `wb_area` [ RunTime:0.000358s ]
[ sql ] [ SQL ] SELECT `id`,`name`,`parent_id`,`postal_code` FROM `wb_area` WHERE  `id` = 150525 LIMIT 1 [ RunTime:0.000135s ]
[ sql ] [ SQL ] SELECT `id`,`name`,`parent_id`,`postal_code` FROM `wb_area` WHERE  `parent_id` = 150500 [ RunTime:0.000655s ]
[ sql ] [ SQL ] SELECT `id`,`name`,`parent_id`,`postal_code` FROM `wb_area` WHERE  `id` = 150500 LIMIT 1 [ RunTime:0.000123s ]
[ sql ] [ SQL ] SELECT `id`,`name`,`parent_id`,`postal_code` FROM `wb_area` WHERE  `parent_id` = 150000 [ RunTime:0.000639s ]
[ sql ] [ SQL ] SELECT `id`,`name`,`parent_id`,`postal_code` FROM `wb_area` WHERE  `id` = 150000 LIMIT 1 [ RunTime:0.000083s ]
[ sql ] [ SQL ] SELECT `id`,`name`,`parent_id`,`postal_code` FROM `wb_area` WHERE  `parent_id` = 0 [ RunTime:0.000653s ]
---------------------------------------------------------------
[2026-04-01T14:39:31+08:00] 127.0.0.1 POST www.jiwankang.com/api.html
[运行时间：0.061529s] [吞吐率：16.25req/s] [内存消耗：4,656.99kb] [文件加载：106]
[ info ] [ LANG ] E:\wwwroot\2026\04\jiwankang\thinkphp\lang\zh-cn.php
[ info ] [ ROUTE ] array (
)
[ info ] [ HEADER ] array (
  'referer' => 'http://localhost:8080/',
  'origin' => 'http://localhost:8080',
  'content-type' => 'application/json',
  'accept-language' => 'zh-CN,zh;q=0.9',
  'accept-encoding' => 'gzip, deflate',
  'accept' => 'application/json',
  'content-length' => '93',
  'user-agent' => 'Mozilla/5.0 (iPhone; CPU iPhone OS 18_5 like Mac OS X) AppleWebKit/605.1.15 (KHTML, like Gecko) Version/18.5 Mobile/15E148 Safari/604.1',
  'host' => 'www.jiwankang.com',
)
[ info ] [ PARAM ] array (
  'display' => 'no_used',
  'token' => 'c44ff269142cc0000a5aab51e13546e0',
  'method' => 'coupon.usercoupon',
)
[ info ] [ DB ] INIT mysql
[ sql ] [ DB ] CONNECT:[ UseTime:0.022875s ] mysql:host=127.0.0.1;port=3306;dbname=jiwankang;charset=utf8mb4
[ sql ] [ SQL ] SHOW COLUMNS FROM `wb_user` [ RunTime:0.001085s ]
[ sql ] [ SQL ] SELECT * FROM `wb_user` WHERE (  `id` = 1 ) AND `wb_user`.`isdel` IS NULL LIMIT 1 [ RunTime:0.000362s ]
[ sql ] [ SQL ] SHOW COLUMNS FROM `wb_coupon` [ RunTime:0.000744s ]
[ sql ] [ SQL ] SELECT * FROM `wb_coupon` `c` INNER JOIN `wb_promotion` `p` ON `p`.`id`=`c`.`promotion_id` WHERE  `c`.`user_id` = '1'  AND `p`.`type` = '2'  AND `c`.`is_used` = '1'  AND `p`.`status` = '1'  AND ( (c.endtime = 0 and p.etime >= 1775025571) or (c.endtime >=1775025571) ) ORDER BY `c`.`ctime` ASC LIMIT 0,10 [ RunTime:0.000370s ]
[ sql ] [ SQL ] SELECT COUNT(*) AS tp_count FROM `wb_coupon` `c` INNER JOIN `wb_promotion` `p` ON `p`.`id`=`c`.`promotion_id` WHERE  `c`.`user_id` = '1'  AND `p`.`type` = '2'  AND `c`.`is_used` = '1'  AND `p`.`status` = '1'  AND ( (c.endtime = 0 and p.etime >= 1775025571) or (c.endtime >=1775025571) ) LIMIT 1 [ RunTime:0.000350s ]
---------------------------------------------------------------
[2026-04-01T14:39:31+08:00] 127.0.0.1 POST www.jiwankang.com/api.html
[运行时间：0.054543s] [吞吐率：18.33req/s] [内存消耗：5,254.66kb] [文件加载：113]
[ info ] [ LANG ] E:\wwwroot\2026\04\jiwankang\thinkphp\lang\zh-cn.php
[ info ] [ ROUTE ] array (
)
[ info ] [ HEADER ] array (
  'referer' => 'http://localhost:8080/',
  'origin' => 'http://localhost:8080',
  'content-type' => 'application/json',
  'accept-language' => 'zh-CN,zh;q=0.9',
  'accept-encoding' => 'gzip, deflate',
  'accept' => 'application/json',
  'content-length' => '155',
  'user-agent' => 'Mozilla/5.0 (iPhone; CPU iPhone OS 18_5 like Mac OS X) AppleWebKit/605.1.15 (KHTML, like Gecko) Version/18.5 Mobile/15E148 Safari/604.1',
  'host' => 'www.jiwankang.com',
)
[ info ] [ PARAM ] array (
  'ids' => '3',
  'area_id' => 0,
  'coupon_code' => '',
  'point' => 0,
  'type' => '1',
  'params' => '',
  'receipt_type' => '1',
  'token' => 'c44ff269142cc0000a5aab51e13546e0',
  'method' => 'cart.getlist',
)
[ info ] [ DB ] INIT mysql
[ sql ] [ DB ] CONNECT:[ UseTime:0.000704s ] mysql:host=127.0.0.1;port=3306;dbname=jiwankang;charset=utf8mb4
[ sql ] [ SQL ] SHOW COLUMNS FROM `wb_user` [ RunTime:0.000454s ]
[ sql ] [ SQL ] SELECT * FROM `wb_user` WHERE (  `id` = 1 ) AND `wb_user`.`isdel` IS NULL LIMIT 1 [ RunTime:0.000251s ]
[ sql ] [ SQL ] SHOW COLUMNS FROM `wb_cart` [ RunTime:0.000996s ]
[ sql ] [ SQL ] SELECT * FROM `wb_cart` WHERE  `user_id` = 1  AND `type` = 1  AND `id` IN (3) [ RunTime:0.000204s ]
[ sql ] [ SQL ] SHOW COLUMNS FROM `wb_products` [ RunTime:0.001794s ]
[ sql ] [ SQL ] SELECT * FROM `wb_products` WHERE  `id` = 1 LIMIT 1 [ RunTime:0.000238s ]
[ sql ] [ SQL ] SHOW COLUMNS FROM `wb_goods` [ RunTime:0.001071s ]
[ sql ] [ SQL ] SELECT `name`,`image_id`,`bn`,`marketable`,`spes_desc`,`is_combo`,`point`,`open_point` FROM `wb_goods` WHERE  `id` = 1 LIMIT 1 [ RunTime:0.000232s ]
[ sql ] [ SQL ] SELECT `grade` FROM `wb_user` WHERE (  `id` = 1 ) AND `wb_user`.`isdel` IS NULL LIMIT 1 [ RunTime:0.000250s ]
[ sql ] [ SQL ] SHOW COLUMNS FROM `wb_setting` [ RunTime:0.000505s ]
[ sql ] [ SQL ] SELECT * FROM `wb_setting` WHERE  `skey` = 'language' LIMIT 1 [ RunTime:0.000230s ]
[ sql ] [ SQL ] SELECT * FROM `wb_setting` WHERE  `skey` = 'language' LIMIT 1 [ RunTime:0.000206s ]
[ sql ] [ SQL ] SHOW COLUMNS FROM `wb_goods_grade` [ RunTime:0.001961s ]
[ sql ] [ SQL ] SELECT * FROM `wb_goods_grade` WHERE  `goods_id` = 1 [ RunTime:0.000390s ]
[ sql ] [ SQL ] SHOW COLUMNS FROM `wb_user_grade` [ RunTime:0.001289s ]
[ sql ] [ SQL ] SELECT `name` FROM `wb_user_grade` WHERE  `id` = 1 LIMIT 1 [ RunTime:0.000246s ]
[ sql ] [ SQL ] SELECT `name` FROM `wb_user_grade` WHERE  `id` = 2 LIMIT 1 [ RunTime:0.000185s ]
[ sql ] [ SQL ] SELECT `name` FROM `wb_user_grade` WHERE  `id` = 3 LIMIT 1 [ RunTime:0.000163s ]
[ sql ] [ SQL ] SELECT `name` FROM `wb_user_grade` WHERE  `id` = 4 LIMIT 1 [ RunTime:0.000286s ]
[ sql ] [ SQL ] SELECT `name` FROM `wb_user_grade` WHERE  `id` = 5 LIMIT 1 [ RunTime:0.000133s ]
[ sql ] [ SQL ] SELECT `p`.`id`,`g`.`marketable` FROM `wb_products` `p` INNER JOIN `wb_goods` `g` ON `g`.`id`=`p`.`goods_id` WHERE  `p`.`id` = '1' LIMIT 1 [ RunTime:0.000294s ]
[ sql ] [ SQL ] SELECT `goods_id` FROM `wb_products` WHERE  `id` = 1 LIMIT 1 [ RunTime:0.000191s ]
[ sql ] [ SQL ] SELECT `weight` FROM `wb_goods` WHERE  `id` = 1 LIMIT 1 [ RunTime:0.000175s ]
[ sql ] [ SQL ] SHOW COLUMNS FROM `wb_goods_collection` [ RunTime:0.001217s ]
[ sql ] [ SQL ] SELECT * FROM `wb_goods_collection` WHERE  `user_id` = 1  AND `goods_id` = 1 LIMIT 1 [ RunTime:0.000468s ]
[ sql ] [ SQL ] SHOW COLUMNS FROM `wb_promotion` [ RunTime:0.001037s ]
[ sql ] [ SQL ] SELECT * FROM `wb_promotion` WHERE (  `status` = 1  AND `stime` < 1775025571  AND `etime` > 1775025571  AND `type` = 1 ) AND `wb_promotion`.`isdel` IS NULL ORDER BY `sort` ASC [ RunTime:0.000259s ]
---------------------------------------------------------------
[2026-04-01T14:39:31+08:00] 127.0.0.1 POST www.jiwankang.com/api.html
[运行时间：0.056296s] [吞吐率：17.76req/s] [内存消耗：5,312.14kb] [文件加载：115]
[ info ] [ LANG ] E:\wwwroot\2026\04\jiwankang\thinkphp\lang\zh-cn.php
[ info ] [ ROUTE ] array (
)
[ info ] [ HEADER ] array (
  'referer' => 'http://localhost:8080/',
  'origin' => 'http://localhost:8080',
  'content-type' => 'application/json',
  'accept-language' => 'zh-CN,zh;q=0.9',
  'accept-encoding' => 'gzip, deflate',
  'accept' => 'application/json',
  'content-length' => '160',
  'user-agent' => 'Mozilla/5.0 (iPhone; CPU iPhone OS 18_5 like Mac OS X) AppleWebKit/605.1.15 (KHTML, like Gecko) Version/18.5 Mobile/15E148 Safari/604.1',
  'host' => 'www.jiwankang.com',
)
[ info ] [ PARAM ] array (
  'ids' => '3',
  'area_id' => '150525',
  'coupon_code' => '',
  'point' => 0,
  'type' => '1',
  'params' => '',
  'receipt_type' => '1',
  'token' => 'c44ff269142cc0000a5aab51e13546e0',
  'method' => 'cart.getlist',
)
[ info ] [ DB ] INIT mysql
[ sql ] [ DB ] CONNECT:[ UseTime:0.001001s ] mysql:host=127.0.0.1;port=3306;dbname=jiwankang;charset=utf8mb4
[ sql ] [ SQL ] SHOW COLUMNS FROM `wb_user` [ RunTime:0.000625s ]
[ sql ] [ SQL ] SELECT * FROM `wb_user` WHERE (  `id` = 1 ) AND `wb_user`.`isdel` IS NULL LIMIT 1 [ RunTime:0.000339s ]
[ sql ] [ SQL ] SHOW COLUMNS FROM `wb_cart` [ RunTime:0.000431s ]
[ sql ] [ SQL ] SELECT * FROM `wb_cart` WHERE  `user_id` = 1  AND `type` = 1  AND `id` IN (3) [ RunTime:0.000216s ]
[ sql ] [ SQL ] SHOW COLUMNS FROM `wb_products` [ RunTime:0.000594s ]
[ sql ] [ SQL ] SELECT * FROM `wb_products` WHERE  `id` = 1 LIMIT 1 [ RunTime:0.000226s ]
[ sql ] [ SQL ] SHOW COLUMNS FROM `wb_goods` [ RunTime:0.000468s ]
[ sql ] [ SQL ] SELECT `name`,`image_id`,`bn`,`marketable`,`spes_desc`,`is_combo`,`point`,`open_point` FROM `wb_goods` WHERE  `id` = 1 LIMIT 1 [ RunTime:0.000141s ]
[ sql ] [ SQL ] SELECT `grade` FROM `wb_user` WHERE (  `id` = 1 ) AND `wb_user`.`isdel` IS NULL LIMIT 1 [ RunTime:0.000302s ]
[ sql ] [ SQL ] SHOW COLUMNS FROM `wb_setting` [ RunTime:0.000440s ]
[ sql ] [ SQL ] SELECT * FROM `wb_setting` WHERE  `skey` = 'language' LIMIT 1 [ RunTime:0.000174s ]
[ sql ] [ SQL ] SELECT * FROM `wb_setting` WHERE  `skey` = 'language' LIMIT 1 [ RunTime:0.000104s ]
[ sql ] [ SQL ] SHOW COLUMNS FROM `wb_goods_grade` [ RunTime:0.001017s ]
[ sql ] [ SQL ] SELECT * FROM `wb_goods_grade` WHERE  `goods_id` = 1 [ RunTime:0.000359s ]
[ sql ] [ SQL ] SHOW COLUMNS FROM `wb_user_grade` [ RunTime:0.000357s ]
[ sql ] [ SQL ] SELECT `name` FROM `wb_user_grade` WHERE  `id` = 1 LIMIT 1 [ RunTime:0.000113s ]
[ sql ] [ SQL ] SELECT `name` FROM `wb_user_grade` WHERE  `id` = 2 LIMIT 1 [ RunTime:0.000083s ]
[ sql ] [ SQL ] SELECT `name` FROM `wb_user_grade` WHERE  `id` = 3 LIMIT 1 [ RunTime:0.000071s ]
[ sql ] [ SQL ] SELECT `name` FROM `wb_user_grade` WHERE  `id` = 4 LIMIT 1 [ RunTime:0.000076s ]
[ sql ] [ SQL ] SELECT `name` FROM `wb_user_grade` WHERE  `id` = 5 LIMIT 1 [ RunTime:0.000068s ]
[ sql ] [ SQL ] SELECT `p`.`id`,`g`.`marketable` FROM `wb_products` `p` INNER JOIN `wb_goods` `g` ON `g`.`id`=`p`.`goods_id` WHERE  `p`.`id` = '1' LIMIT 1 [ RunTime:0.000266s ]
[ sql ] [ SQL ] SELECT `goods_id` FROM `wb_products` WHERE  `id` = 1 LIMIT 1 [ RunTime:0.000113s ]
[ sql ] [ SQL ] SELECT `weight` FROM `wb_goods` WHERE  `id` = 1 LIMIT 1 [ RunTime:0.000135s ]
[ sql ] [ SQL ] SHOW COLUMNS FROM `wb_goods_collection` [ RunTime:0.001729s ]
[ sql ] [ SQL ] SELECT * FROM `wb_goods_collection` WHERE  `user_id` = 1  AND `goods_id` = 1 LIMIT 1 [ RunTime:0.000336s ]
[ sql ] [ SQL ] SHOW COLUMNS FROM `wb_promotion` [ RunTime:0.001854s ]
[ sql ] [ SQL ] SELECT * FROM `wb_promotion` WHERE (  `status` = 1  AND `stime` < 1775025571  AND `etime` > 1775025571  AND `type` = 1 ) AND `wb_promotion`.`isdel` IS NULL ORDER BY `sort` ASC [ RunTime:0.000462s ]
[ sql ] [ SQL ] SHOW COLUMNS FROM `wb_ship` [ RunTime:0.001280s ]
[ sql ] [ SQL ] SELECT * FROM `wb_ship` WHERE  `status` = 1  AND `type` = 2  AND (  FIND_IN_SET('150525',area_fee)  ) LIMIT 1 [ RunTime:0.000262s ]
[ sql ] [ SQL ] SELECT * FROM `wb_ship` WHERE  `is_def` = 1  AND `status` = 1 LIMIT 1 [ RunTime:0.000232s ]
[ sql ] [ SQL ] SELECT * FROM `wb_ship` WHERE  `status` = 1 LIMIT 1 [ RunTime:0.000201s ]
---------------------------------------------------------------
[2026-04-01T14:39:31+08:00] 127.0.0.1 POST www.jiwankang.com/api.html
[运行时间：0.033210s] [吞吐率：30.11req/s] [内存消耗：4,758.41kb] [文件加载：103]
[ info ] [ LANG ] E:\wwwroot\2026\04\jiwankang\thinkphp\lang\zh-cn.php
[ info ] [ ROUTE ] array (
)
[ info ] [ HEADER ] array (
  'referer' => 'http://localhost:8080/',
  'origin' => 'http://localhost:8080',
  'content-type' => 'application/json',
  'accept-language' => 'zh-CN,zh;q=0.9',
  'accept-encoding' => 'gzip, deflate',
  'accept' => 'application/json',
  'content-length' => '96',
  'user-agent' => 'Mozilla/5.0 (iPhone; CPU iPhone OS 18_5 like Mac OS X) AppleWebKit/605.1.15 (KHTML, like Gecko) Version/18.5 Mobile/15E148 Safari/604.1',
  'host' => 'www.jiwankang.com',
)
[ info ] [ PARAM ] array (
  'order_money' => '998.00',
  'token' => 'c44ff269142cc0000a5aab51e13546e0',
  'method' => 'user.getuserpoint',
)
[ info ] [ DB ] INIT mysql
[ sql ] [ DB ] CONNECT:[ UseTime:0.000747s ] mysql:host=127.0.0.1;port=3306;dbname=jiwankang;charset=utf8mb4
[ sql ] [ SQL ] SHOW COLUMNS FROM `wb_user` [ RunTime:0.000452s ]
[ sql ] [ SQL ] SELECT * FROM `wb_user` WHERE (  `id` = 1 ) AND `wb_user`.`isdel` IS NULL LIMIT 1 [ RunTime:0.000320s ]
[ sql ] [ SQL ] SHOW COLUMNS FROM `wb_setting` [ RunTime:0.000369s ]
[ sql ] [ SQL ] SELECT * FROM `wb_setting` WHERE  `skey` = 'language' LIMIT 1 [ RunTime:0.000140s ]
[ sql ] [ SQL ] SELECT * FROM `wb_setting` WHERE  `skey` = 'language' LIMIT 1 [ RunTime:0.000134s ]
[ sql ] [ SQL ] SELECT * FROM `wb_setting` WHERE  `skey` = 'point_switch' LIMIT 1 [ RunTime:0.000120s ]
[ sql ] [ SQL ] SELECT `point` FROM `wb_user` WHERE (  `id` = 1 ) AND `wb_user`.`isdel` IS NULL LIMIT 1 [ RunTime:0.000133s ]
[ sql ] [ SQL ] SELECT * FROM `wb_setting` WHERE  `skey` = 'orders_point_proportion' LIMIT 1 [ RunTime:0.000115s ]
[ sql ] [ SQL ] SELECT * FROM `wb_setting` WHERE  `skey` = 'point_discounted_proportion' LIMIT 1 [ RunTime:0.000152s ]
---------------------------------------------------------------
[2026-04-01T14:39:31+08:00] 127.0.0.1 POST www.jiwankang.com/api.html
[运行时间：0.042584s] [吞吐率：23.48req/s] [内存消耗：4,758.41kb] [文件加载：103]
[ info ] [ LANG ] E:\wwwroot\2026\04\jiwankang\thinkphp\lang\zh-cn.php
[ info ] [ ROUTE ] array (
)
[ info ] [ HEADER ] array (
  'referer' => 'http://localhost:8080/',
  'origin' => 'http://localhost:8080',
  'content-type' => 'application/json',
  'accept-language' => 'zh-CN,zh;q=0.9',
  'accept-encoding' => 'gzip, deflate',
  'accept' => 'application/json',
  'content-length' => '96',
  'user-agent' => 'Mozilla/5.0 (iPhone; CPU iPhone OS 18_5 like Mac OS X) AppleWebKit/605.1.15 (KHTML, like Gecko) Version/18.5 Mobile/15E148 Safari/604.1',
  'host' => 'www.jiwankang.com',
)
[ info ] [ PARAM ] array (
  'order_money' => '998.00',
  'token' => 'c44ff269142cc0000a5aab51e13546e0',
  'method' => 'user.getuserpoint',
)
[ info ] [ DB ] INIT mysql
[ sql ] [ DB ] CONNECT:[ UseTime:0.001204s ] mysql:host=127.0.0.1;port=3306;dbname=jiwankang;charset=utf8mb4
[ sql ] [ SQL ] SHOW COLUMNS FROM `wb_user` [ RunTime:0.000846s ]
[ sql ] [ SQL ] SELECT * FROM `wb_user` WHERE (  `id` = 1 ) AND `wb_user`.`isdel` IS NULL LIMIT 1 [ RunTime:0.000375s ]
[ sql ] [ SQL ] SHOW COLUMNS FROM `wb_setting` [ RunTime:0.000591s ]
[ sql ] [ SQL ] SELECT * FROM `wb_setting` WHERE  `skey` = 'language' LIMIT 1 [ RunTime:0.000137s ]
[ sql ] [ SQL ] SELECT * FROM `wb_setting` WHERE  `skey` = 'language' LIMIT 1 [ RunTime:0.000081s ]
[ sql ] [ SQL ] SELECT * FROM `wb_setting` WHERE  `skey` = 'point_switch' LIMIT 1 [ RunTime:0.000078s ]
[ sql ] [ SQL ] SELECT `point` FROM `wb_user` WHERE (  `id` = 1 ) AND `wb_user`.`isdel` IS NULL LIMIT 1 [ RunTime:0.000094s ]
[ sql ] [ SQL ] SELECT * FROM `wb_setting` WHERE  `skey` = 'orders_point_proportion' LIMIT 1 [ RunTime:0.000075s ]
[ sql ] [ SQL ] SELECT * FROM `wb_setting` WHERE  `skey` = 'point_discounted_proportion' LIMIT 1 [ RunTime:0.000070s ]
---------------------------------------------------------------
[2026-04-01T14:39:32+08:00] 127.0.0.1 POST www.jiwankang.com/api.html
[运行时间：0.088541s] [吞吐率：11.29req/s] [内存消耗：5,999.34kb] [文件加载：121]
[ info ] [ LANG ] E:\wwwroot\2026\04\jiwankang\thinkphp\lang\zh-cn.php
[ info ] [ ROUTE ] array (
)
[ info ] [ HEADER ] array (
  'referer' => 'http://localhost:8080/',
  'origin' => 'http://localhost:8080',
  'content-type' => 'application/json',
  'accept-language' => 'zh-CN,zh;q=0.9',
  'accept-encoding' => 'gzip, deflate',
  'accept' => 'application/json',
  'content-length' => '233',
  'user-agent' => 'Mozilla/5.0 (iPhone; CPU iPhone OS 18_5 like Mac OS X) AppleWebKit/605.1.15 (KHTML, like Gecko) Version/18.5 Mobile/15E148 Safari/604.1',
  'host' => 'www.jiwankang.com',
)
[ info ] [ PARAM ] array (
  'cart_ids' => '3',
  'memo' => '',
  'point' => 0,
  'receipt_type' => '1',
  'coupon_code' => '',
  'tax_type' => '1',
  'tax_name' => '不开发票',
  'tax_code' => '',
  'source' => '2',
  'uship_id' => '1',
  'area_id' => '150525',
  'token' => 'c44ff269142cc0000a5aab51e13546e0',
  'method' => 'order.create',
)
[ info ] [ DB ] INIT mysql
[ sql ] [ DB ] CONNECT:[ UseTime:0.001041s ] mysql:host=127.0.0.1;port=3306;dbname=jiwankang;charset=utf8mb4
[ sql ] [ SQL ] SHOW COLUMNS FROM `wb_user` [ RunTime:0.000585s ]
[ sql ] [ SQL ] SELECT * FROM `wb_user` WHERE (  `id` = 1 ) AND `wb_user`.`isdel` IS NULL LIMIT 1 [ RunTime:0.000423s ]
[ sql ] [ SQL ] SHOW COLUMNS FROM `wb_user_ship` [ RunTime:0.001273s ]
[ sql ] [ SQL ] SELECT * FROM `wb_user_ship` WHERE  `id` = 1  AND `user_id` = 1 LIMIT 1 [ RunTime:0.000221s ]
[ sql ] [ SQL ] SHOW COLUMNS FROM `wb_ship` [ RunTime:0.001338s ]
[ sql ] [ SQL ] SELECT * FROM `wb_ship` WHERE  `status` = 1  AND `area_fee` LIKE '%\\\\\"150525\\\\\"%'  AND `type` = 2 LIMIT 1 [ RunTime:0.000290s ]
[ sql ] [ SQL ] SELECT * FROM `wb_ship` WHERE  `is_def` = 1  AND `status` = 1 LIMIT 1 [ RunTime:0.000125s ]
[ sql ] [ SQL ] SELECT * FROM `wb_ship` WHERE  `status` = 1 LIMIT 1 [ RunTime:0.000096s ]
[ sql ] [ SQL ] SHOW COLUMNS FROM `wb_cart` [ RunTime:0.001149s ]
[ sql ] [ SQL ] SELECT * FROM `wb_cart` WHERE  `user_id` = 1  AND `type` = 1  AND `id` IN (3) [ RunTime:0.000366s ]
[ sql ] [ SQL ] SHOW COLUMNS FROM `wb_products` [ RunTime:0.000870s ]
[ sql ] [ SQL ] SELECT * FROM `wb_products` WHERE  `id` = 1 LIMIT 1 [ RunTime:0.000142s ]
[ sql ] [ SQL ] SHOW COLUMNS FROM `wb_goods` [ RunTime:0.000883s ]
[ sql ] [ SQL ] SELECT `name`,`image_id`,`bn`,`marketable`,`spes_desc`,`is_combo`,`point`,`open_point` FROM `wb_goods` WHERE  `id` = 1 LIMIT 1 [ RunTime:0.000161s ]
[ sql ] [ SQL ] SELECT `grade` FROM `wb_user` WHERE (  `id` = 1 ) AND `wb_user`.`isdel` IS NULL LIMIT 1 [ RunTime:0.000120s ]
[ sql ] [ SQL ] SHOW COLUMNS FROM `wb_setting` [ RunTime:0.000259s ]
[ sql ] [ SQL ] SELECT * FROM `wb_setting` WHERE  `skey` = 'language' LIMIT 1 [ RunTime:0.000109s ]
[ sql ] [ SQL ] SELECT * FROM `wb_setting` WHERE  `skey` = 'language' LIMIT 1 [ RunTime:0.000076s ]
[ sql ] [ SQL ] SHOW COLUMNS FROM `wb_goods_grade` [ RunTime:0.000692s ]
[ sql ] [ SQL ] SELECT * FROM `wb_goods_grade` WHERE  `goods_id` = 1 [ RunTime:0.000128s ]
[ sql ] [ SQL ] SHOW COLUMNS FROM `wb_user_grade` [ RunTime:0.000720s ]
[ sql ] [ SQL ] SELECT `name` FROM `wb_user_grade` WHERE  `id` = 1 LIMIT 1 [ RunTime:0.000102s ]
[ sql ] [ SQL ] SELECT `name` FROM `wb_user_grade` WHERE  `id` = 2 LIMIT 1 [ RunTime:0.000076s ]
[ sql ] [ SQL ] SELECT `name` FROM `wb_user_grade` WHERE  `id` = 3 LIMIT 1 [ RunTime:0.000068s ]
[ sql ] [ SQL ] SELECT `name` FROM `wb_user_grade` WHERE  `id` = 4 LIMIT 1 [ RunTime:0.000066s ]
[ sql ] [ SQL ] SELECT `name` FROM `wb_user_grade` WHERE  `id` = 5 LIMIT 1 [ RunTime:0.000065s ]
[ sql ] [ SQL ] SELECT `p`.`id`,`g`.`marketable` FROM `wb_products` `p` INNER JOIN `wb_goods` `g` ON `g`.`id`=`p`.`goods_id` WHERE  `p`.`id` = '1' LIMIT 1 [ RunTime:0.000111s ]
[ sql ] [ SQL ] SELECT `goods_id` FROM `wb_products` WHERE  `id` = 1 LIMIT 1 [ RunTime:0.000074s ]
[ sql ] [ SQL ] SELECT `weight` FROM `wb_goods` WHERE  `id` = 1 LIMIT 1 [ RunTime:0.000070s ]
[ sql ] [ SQL ] SHOW COLUMNS FROM `wb_goods_collection` [ RunTime:0.000733s ]
[ sql ] [ SQL ] SELECT * FROM `wb_goods_collection` WHERE  `user_id` = 1  AND `goods_id` = 1 LIMIT 1 [ RunTime:0.000126s ]
[ sql ] [ SQL ] SHOW COLUMNS FROM `wb_promotion` [ RunTime:0.000797s ]
[ sql ] [ SQL ] SELECT * FROM `wb_promotion` WHERE (  `status` = 1  AND `stime` < 1775025572  AND `etime` > 1775025572  AND `type` = 1 ) AND `wb_promotion`.`isdel` IS NULL ORDER BY `sort` ASC [ RunTime:0.000224s ]
[ sql ] [ SQL ] SELECT * FROM `wb_ship` WHERE  `status` = 1  AND `type` = 2  AND (  FIND_IN_SET('150525',area_fee)  ) LIMIT 1 [ RunTime:0.000171s ]
[ sql ] [ SQL ] SELECT * FROM `wb_ship` WHERE  `is_def` = 1  AND `status` = 1 LIMIT 1 [ RunTime:0.000099s ]
[ sql ] [ SQL ] SELECT * FROM `wb_ship` WHERE  `status` = 1 LIMIT 1 [ RunTime:0.000085s ]
[ sql ] [ SQL ] SHOW COLUMNS FROM `wb_order` [ RunTime:0.000912s ]
[ sql ] [ SQL ] INSERT INTO `wb_order` (`order_id` , `user_id` , `order_type` , `ship_area_id` , `ship_address` , `ship_name` , `ship_mobile` , `logistics_id` , `logistics_name` , `store_id` , `goods_amount` , `order_amount` , `cost_freight` , `promotion_list` , `point` , `point_money` , `weight` , `order_pmt` , `goods_pmt` , `coupon_pmt` , `coupon` , `ip` , `memo` , `source` , `tax_type` , `tax_title` , `tax_code` , `ctime` , `utime`) VALUES ('S04011439326329' , 1 , 1 , 150525 , '撒防守打法撒旦法' , '夏赟浩' , '18919660526' , NULL , NULL , 0 , 998 , 998 , 0 , '[]' , 0 , 0 , 0 , 0 , 0 , 0 , '[]' , '127.0.0.1' , '' , 2 , 1 , '不开发票' , '' , 1775025572 , 1775025572) [ RunTime:0.000260s ]
[ sql ] [ SQL ] SELECT * FROM `wb_setting` WHERE  `skey` = 'language' LIMIT 1 [ RunTime:0.000136s ]
[ sql ] [ SQL ] SELECT * FROM `wb_setting` WHERE  `skey` = 'language' LIMIT 1 [ RunTime:0.000109s ]
[ sql ] [ SQL ] SELECT `goods_id` FROM `wb_products` WHERE  `id` = 1 LIMIT 1 [ RunTime:0.000088s ]
[ sql ] [ SQL ] UPDATE `wb_goods`  SET `buy_count` = `buy_count` + 1  WHERE  `id` = 1 [ RunTime:0.000123s ]
[ sql ] [ SQL ] UPDATE `wb_products`  SET `freeze_stock` = `freeze_stock` + 1  WHERE  `id` = 1  AND (  IF(stock < freeze_stock, 0, stock - freeze_stock)-1>=0 ) [ RunTime:0.000116s ]
[ sql ] [ SQL ] SHOW COLUMNS FROM `wb_order_items` [ RunTime:0.000810s ]
[ sql ] [ SQL ] INSERT INTO `wb_order_items` (`order_id` , `goods_id` , `product_id` , `sn` , `bn` , `name` , `price` , `costprice` , `mktprice` , `image_url` , `nums` , `amount` , `promotion_amount` , `weight` , `sendnums` , `addon` , `cate_id` , `promotion_list` , `ave_price` , `ave_amount` , `utime`) VALUES ('S04011439326329' , 1 , 1 , 'P7692449305663' , 'G7748541462143' , '济丸康' , 998 , 0 , 0 , 'http://www.jiwankang.com/static/uploads/images/2026/03/30/177485410269ca1fd62ba13.png' , 1 , 998 , 0 , 0 , 0 , NULL , 1 , '[]' , 998 , 998 , 1775025572) [ RunTime:0.000149s ]
[ sql ] [ SQL ] DELETE FROM `wb_cart` WHERE  `user_id` = 1  AND `id` IN (3)  AND `type` = 1 [ RunTime:0.003474s ]
[ sql ] [ SQL ] SHOW COLUMNS FROM `wb_order_log` [ RunTime:0.001269s ]
[ sql ] [ SQL ] INSERT INTO `wb_order_log` (`order_id` , `user_id` , `type` , `msg` , `data` , `ctime`) VALUES ('S04011439326329' , 1 , 1 , '订单创建' , '{\"order_id\":\"S04011439326329\",\"user_id\":1,\"order_type\":\"1\",\"ship_area_id\":150525,\"ship_address\":\"\\u6492\\u9632\\u5b88\\u6253\\u6cd5\\u6492\\u65e6\\u6cd5\",\"ship_name\":\"\\u590f\\u8d5f\\u6d69\",\"ship_mobile\":\"18919660526\",\"logistics_id\":null,\"logistics_name\":null,\"store_id\":0,\"goods_amount\":\"998.00\",\"order_amount\":\"998.00\",\"cost_freight\":\"0.00\",\"promotion_list\":\"[]\",\"point\":0,\"point_money\":0,\"weight\":\"0.00\",\"order_pmt\":0,\"goods_pmt\":\"0.00\",\"coupon_pmt\":0,\"coupon\":\"[]\",\"ip\":\"127.0.0.1\",\"memo\":\"\",\"source\":\"2\",\"tax_type\":\"1\",\"tax_title\":\"\\u4e0d\\u5f00\\u53d1\\u7968\",\"tax_code\":\"\"}' , 1775025572) [ RunTime:0.001272s ]
[ sql ] [ SQL ] SELECT * FROM `wb_ship` WHERE  `id` IS NULL LIMIT 1 [ RunTime:0.000131s ]
[ sql ] [ SQL ] SHOW COLUMNS FROM `wb_area` [ RunTime:0.000802s ]
[ sql ] [ SQL ] SELECT `id`,`name`,`parent_id`,`postal_code` FROM `wb_area` WHERE  `id` = 150525 LIMIT 1 [ RunTime:0.000131s ]
[ sql ] [ SQL ] SELECT `id`,`name`,`parent_id`,`postal_code` FROM `wb_area` WHERE  `parent_id` = 150500 [ RunTime:0.000646s ]
[ sql ] [ SQL ] SELECT `id`,`name`,`parent_id`,`postal_code` FROM `wb_area` WHERE  `id` = 150500 LIMIT 1 [ RunTime:0.000081s ]
[ sql ] [ SQL ] SELECT `id`,`name`,`parent_id`,`postal_code` FROM `wb_area` WHERE  `parent_id` = 150000 [ RunTime:0.001036s ]
[ sql ] [ SQL ] SELECT `id`,`name`,`parent_id`,`postal_code` FROM `wb_area` WHERE  `id` = 150000 LIMIT 1 [ RunTime:0.000235s ]
[ sql ] [ SQL ] SELECT `id`,`name`,`parent_id`,`postal_code` FROM `wb_area` WHERE  `parent_id` = 0 [ RunTime:0.000809s ]
[ sql ] [ SQL ] SHOW COLUMNS FROM `wb_message_center` [ RunTime:0.000793s ]
[ sql ] [ SQL ] SELECT * FROM `wb_message_center` WHERE  `code` = 'create_order' LIMIT 1 [ RunTime:0.000116s ]
[ sql ] [ SQL ] SHOW COLUMNS FROM `wb_message` [ RunTime:0.000711s ]
[ sql ] [ SQL ] INSERT INTO `wb_message` (`user_id` , `code` , `params` , `content` , `ctime` , `utime`) VALUES (1 , 'create_order' , '{\"order_id\":\"S04011439326329\",\"user_id\":1,\"order_type\":\"1\",\"ship_area_id\":150525,\"ship_address\":\"\\u6492\\u9632\\u5b88\\u6253\\u6cd5\\u6492\\u65e6\\u6cd5\",\"ship_name\":\"\\u590f\\u8d5f\\u6d69\",\"ship_mobile\":\"18919660526\",\"logistics_id\":null,\"logistics_name\":null,\"store_id\":0,\"goods_amount\":\"998.00\",\"order_amount\":\"998.00\",\"cost_freight\":\"0.00\",\"promotion_list\":\"[]\",\"point\":0,\"point_money\":0,\"weight\":\"0.00\",\"order_pmt\":0,\"goods_pmt\":\"0.00\",\"coupon_pmt\":0,\"coupon\":\"[]\",\"ip\":\"127.0.0.1\",\"memo\":\"\",\"source\":\"2\",\"tax_type\":\"1\",\"tax_title\":\"\\u4e0d\\u5f00\\u53d1\\u7968\",\"tax_code\":\"\",\"tax_content\":\"\\u5546\\u54c1\\u660e\\u7ec6\",\"ship_id\":null,\"ship_addr\":\"\\u5185\\u8499\\u53e4\\u81ea\\u6cbb\\u533a \\u901a\\u8fbd\\u5e02 \\u5948\\u66fc\\u65d7 \\u6492\\u9632\\u5b88\\u6253\\u6cd5\\u6492\\u65e6\\u6cd5\",\"form_id\":\"\"}' , '订单创建成功。' , 1775025572 , 1775025572) [ RunTime:0.000126s ]
---------------------------------------------------------------
[2026-04-01T14:39:33+08:00] 127.0.0.1 POST www.jiwankang.com/api.html
[运行时间：0.027293s] [吞吐率：36.64req/s] [内存消耗：4,245.58kb] [文件加载：101]
[ info ] [ LANG ] E:\wwwroot\2026\04\jiwankang\thinkphp\lang\zh-cn.php
[ info ] [ ROUTE ] array (
)
[ info ] [ HEADER ] array (
  'referer' => 'http://localhost:8080/',
  'origin' => 'http://localhost:8080',
  'content-type' => 'application/json',
  'accept-language' => 'zh-CN,zh;q=0.9',
  'accept-encoding' => 'gzip, deflate',
  'accept' => 'application/json',
  'content-length' => '41',
  'user-agent' => 'Mozilla/5.0 (iPhone; CPU iPhone OS 18_5 like Mac OS X) AppleWebKit/605.1.15 (KHTML, like Gecko) Version/18.5 Mobile/15E148 Safari/604.1',
  'host' => 'www.jiwankang.com',
)
[ info ] [ PARAM ] array (
  'exp' => false,
  'method' => 'payments.getlist',
)
[ info ] [ DB ] INIT mysql
[ sql ] [ DB ] CONNECT:[ UseTime:0.000923s ] mysql:host=127.0.0.1;port=3306;dbname=jiwankang;charset=utf8mb4
[ sql ] [ SQL ] SHOW COLUMNS FROM `wb_payments` [ RunTime:0.000546s ]
[ sql ] [ SQL ] SELECT `code`,`name`,`sort`,`memo`,`status`,`is_online` FROM `wb_payments` WHERE  `status` = 1 ORDER BY `sort` ASC [ RunTime:0.000268s ]
---------------------------------------------------------------
[2026-04-01T14:39:33+08:00] 127.0.0.1 POST www.jiwankang.com/api.html
[运行时间：0.055256s] [吞吐率：18.10req/s] [内存消耗：4,636.20kb] [文件加载：101]
[ info ] [ LANG ] E:\wwwroot\2026\04\jiwankang\thinkphp\lang\zh-cn.php
[ info ] [ ROUTE ] array (
)
[ info ] [ HEADER ] array (
  'referer' => 'http://localhost:8080/',
  'origin' => 'http://localhost:8080',
  'content-type' => 'application/json',
  'accept-language' => 'zh-CN,zh;q=0.9',
  'accept-encoding' => 'gzip, deflate',
  'accept' => 'application/json',
  'content-length' => '114',
  'user-agent' => 'Mozilla/5.0 (iPhone; CPU iPhone OS 18_5 like Mac OS X) AppleWebKit/605.1.15 (KHTML, like Gecko) Version/18.5 Mobile/15E148 Safari/604.1',
  'host' => 'www.jiwankang.com',
)
[ info ] [ PARAM ] array (
  'ids' => 'S04011439326329',
  'payment_type' => '1',
  'token' => 'c44ff269142cc0000a5aab51e13546e0',
  'method' => 'payments.checkpay',
)
[ info ] [ DB ] INIT mysql
[ sql ] [ DB ] CONNECT:[ UseTime:0.024511s ] mysql:host=127.0.0.1;port=3306;dbname=jiwankang;charset=utf8mb4
[ sql ] [ SQL ] SHOW COLUMNS FROM `wb_order` [ RunTime:0.000581s ]
[ sql ] [ SQL ] SELECT * FROM `wb_order` WHERE (  `order_id` = 'S04011439326329'  AND `pay_status` = 1  AND `status` = 1 ) AND `wb_order`.`isdel` IS NULL LIMIT 1 [ RunTime:0.000298s ]
---------------------------------------------------------------
[2026-04-01T14:39:33+08:00] 127.0.0.1 POST www.jiwankang.com/api.html
[运行时间：0.067633s] [吞吐率：14.79req/s] [内存消耗：5,773.24kb] [文件加载：126]
[ info ] [ LANG ] E:\wwwroot\2026\04\jiwankang\thinkphp\lang\zh-cn.php
[ info ] [ ROUTE ] array (
)
[ info ] [ HEADER ] array (
  'referer' => 'http://localhost:8080/',
  'origin' => 'http://localhost:8080',
  'content-type' => 'application/json',
  'accept-language' => 'zh-CN,zh;q=0.9',
  'accept-encoding' => 'gzip, deflate',
  'accept' => 'application/json',
  'content-length' => '133',
  'user-agent' => 'Mozilla/5.0 (iPhone; CPU iPhone OS 18_5 like Mac OS X) AppleWebKit/605.1.15 (KHTML, like Gecko) Version/18.5 Mobile/15E148 Safari/604.1',
  'host' => 'www.jiwankang.com',
)
[ info ] [ PARAM ] array (
  'payment_code' => 'balancepay',
  'payment_type' => '1',
  'ids' => 'S04011439326329',
  'token' => 'c44ff269142cc0000a5aab51e13546e0',
  'method' => 'user.pay',
)
[ info ] [ DB ] INIT mysql
[ sql ] [ DB ] CONNECT:[ UseTime:0.000685s ] mysql:host=127.0.0.1;port=3306;dbname=jiwankang;charset=utf8mb4
[ sql ] [ SQL ] SHOW COLUMNS FROM `wb_user` [ RunTime:0.000499s ]
[ sql ] [ SQL ] SELECT * FROM `wb_user` WHERE (  `id` = 1 ) AND `wb_user`.`isdel` IS NULL LIMIT 1 [ RunTime:0.000238s ]
[ sql ] [ SQL ] SHOW COLUMNS FROM `wb_order` [ RunTime:0.000986s ]
[ sql ] [ SQL ] SELECT `pay_status` FROM `wb_order` WHERE (  `order_id` = 'S04011439326329' ) AND `wb_order`.`isdel` IS NULL LIMIT 1 [ RunTime:0.000152s ]
[ sql ] [ SQL ] SHOW COLUMNS FROM `wb_payments` [ RunTime:0.000843s ]
[ sql ] [ SQL ] SELECT * FROM `wb_payments` WHERE  `code` = 'balancepay'  AND `status` = 1 LIMIT 1 [ RunTime:0.000189s ]
[ sql ] [ SQL ] SELECT * FROM `wb_payments` WHERE  `code` = 'balancepay'  AND `status` = 1 LIMIT 1 [ RunTime:0.000113s ]
[ sql ] [ SQL ] SELECT * FROM `wb_order` WHERE (  `order_id` = 'S04011439326329'  AND `pay_status` = 1  AND `status` = 1 ) AND `wb_order`.`isdel` IS NULL LIMIT 1 [ RunTime:0.000170s ]
[ sql ] [ SQL ] SHOW COLUMNS FROM `wb_bill_payments` [ RunTime:0.000266s ]
[ sql ] [ SQL ] INSERT INTO `wb_bill_payments` (`payment_id` , `money` , `user_id` , `type` , `payment_code` , `ip` , `params` , `ctime` , `utime`) VALUES ('27750255738041' , 998 , 1 , 1 , 'balancepay' , '127.0.0.1' , '[]' , 1775025573 , 1775025573) [ RunTime:0.000131s ]
[ sql ] [ SQL ] SHOW COLUMNS FROM `wb_bill_payments_rel` [ RunTime:0.000241s ]
[ sql ] [ SQL ] INSERT INTO `wb_bill_payments_rel` (`payment_id` , `source_id` , `money`) VALUES ('27750255738041' , 'S04011439326329' , 998) [ RunTime:0.000097s ]
[ sql ] [ SQL ] SHOW COLUMNS FROM `wb_order_items` [ RunTime:0.000841s ]
[ sql ] [ SQL ] SELECT * FROM `wb_order_items` WHERE  `order_id` = 'S04011439326329' LIMIT 1 [ RunTime:0.000169s ]
[ sql ] [ SQL ] SELECT * FROM `wb_user` WHERE (  `id` = 1 ) AND `wb_user`.`isdel` IS NULL LIMIT 1 [ RunTime:0.000154s ]
[ sql ] [ SQL ] SHOW COLUMNS FROM `wb_balance` [ RunTime:0.000699s ]
[ sql ] [ SQL ] INSERT INTO `wb_balance` (`user_id` , `type` , `money` , `balance` , `source_id` , `memo` , `ctime`) VALUES (1 , 1 , -998 , 7024 , '27750255738041' , '消费了998元' , 1775025573) [ RunTime:0.000113s ]
[ sql ] [ SQL ] UPDATE `wb_user`  SET `balance` = 7024 , `utime` = 1775025573  WHERE (  `id` = 1 ) AND `wb_user`.`isdel` IS NULL [ RunTime:0.000134s ]
[ sql ] [ SQL ] SELECT * FROM `wb_bill_payments` WHERE  `payment_id` = '27750255738041' LIMIT 1 [ RunTime:0.000149s ]
[ sql ] [ SQL ] SELECT * FROM `wb_bill_payments` WHERE  `payment_id` = '27750255738041'  AND `money` = 998  AND `status` <> 2 LIMIT 1 [ RunTime:0.000136s ]
[ sql ] [ SQL ] UPDATE `wb_bill_payments`  SET `status` = 2 , `payment_code` = 'balancepay' , `payed_msg` = NULL , `trade_no` = NULL , `utime` = 1775025573  WHERE  `payment_id` = '27750255738041'  AND `money` = 998  AND `status` <> 2 [ RunTime:0.000163s ]
[ sql ] [ SQL ] SELECT * FROM `wb_bill_payments_rel` WHERE  `payment_id` = '27750255738041' [ RunTime:0.000134s ]
[ sql ] [ SQL ] SHOW COLUMNS FROM `wb_setting` [ RunTime:0.003564s ]
[ sql ] [ SQL ] SELECT * FROM `wb_setting` WHERE  `skey` = 'language' LIMIT 1 [ RunTime:0.000099s ]
[ sql ] [ SQL ] SELECT * FROM `wb_setting` WHERE  `skey` = 'language' LIMIT 1 [ RunTime:0.000072s ]
[ sql ] [ SQL ] SELECT * FROM `wb_order` WHERE (  `order_id` = 'S04011439326329'  AND `status` = 1 ) AND `wb_order`.`isdel` IS NULL LIMIT 1 [ RunTime:0.000151s ]
[ sql ] [ SQL ] UPDATE `wb_order`  SET `payment_code` = 'balancepay' , `payed` = 998 , `pay_status` = 2 , `payment_time` = 1775025573  WHERE (  `order_id` = 'S04011439326329' ) AND `wb_order`.`isdel` IS NULL [ RunTime:0.000158s ]
[ sql ] [ SQL ] SELECT * FROM `wb_setting` WHERE  `skey` = 'order_butie' LIMIT 1 [ RunTime:0.000109s ]
[ sql ] [ SQL ] SELECT * FROM `wb_order_items` WHERE  `order_id` = 'S04011439326329' [ RunTime:0.000126s ]
[ sql ] [ SQL ] UPDATE `wb_user`  SET `butie` = `butie` + 998  WHERE (  `id` = 1 ) AND `wb_user`.`isdel` IS NULL [ RunTime:0.000113s ]
[ sql ] [ SQL ] UPDATE `wb_user`  SET `tiyan` = `tiyan` - 1  WHERE (  `id` = 1 ) AND `wb_user`.`isdel` IS NULL [ RunTime:0.000090s ]
[ sql ] [ SQL ] SELECT * FROM `wb_user` WHERE (  `id` = 1 ) AND `wb_user`.`isdel` IS NULL LIMIT 1 [ RunTime:0.000176s ]
[ sql ] [ SQL ] SHOW COLUMNS FROM `wb_user_grade_log` [ RunTime:0.001871s ]
[ sql ] [ SQL ] INSERT INTO `wb_user_grade_log` (`user_id` , `old_grade` , `current_grade` , `endtime` , `params` , `type` , `ctime`) VALUES (1 , 2 , 2 , 0 , '[]' , 1 , 1775025573) [ RunTime:0.000150s ]
[ sql ] [ SQL ] SELECT * FROM `wb_user` WHERE (  `id` = 1 ) AND `wb_user`.`isdel` IS NULL LIMIT 1 [ RunTime:0.000136s ]
[ sql ] [ SQL ] UPDATE `wb_user`  SET `grade` = 2 , `utime` = 1775025573  WHERE (  `id` = 1 ) AND `wb_user`.`isdel` IS NULL [ RunTime:0.000121s ]
[ sql ] [ SQL ] SHOW COLUMNS FROM `wb_money` [ RunTime:0.000437s ]
[ sql ] [ SQL ] SELECT `money` FROM `wb_money` WHERE  `type` = 1 LIMIT 1 [ RunTime:0.000116s ]
[ sql ] [ SQL ] SELECT * FROM `wb_money` WHERE  `type` = 1 LIMIT 1 [ RunTime:0.000087s ]
[ sql ] [ SQL ] UPDATE `wb_money`  SET `money` = 5718.5 , `utime` = 1775025573  WHERE  `id` = 1 [ RunTime:0.000142s ]
[ sql ] [ SQL ] SHOW COLUMNS FROM `wb_money_log` [ RunTime:0.000382s ]
[ sql ] [ SQL ] INSERT INTO `wb_money_log` (`money` , `flow_type` , `source_id` , `balance` , `ctime` , `utime`) VALUES (249.5 , 1 , 'S04011439326329' , 5718.5 , 1775025573 , 1775025573) [ RunTime:0.000145s ]
[ sql ] [ SQL ] SELECT `mobile` FROM `wb_user` WHERE (  `id` = 1 ) AND `wb_user`.`isdel` IS NULL LIMIT 1 [ RunTime:0.000105s ]
[ sql ] [ SQL ] SHOW COLUMNS FROM `wb_message_center` [ RunTime:0.000741s ]
[ sql ] [ SQL ] SELECT * FROM `wb_message_center` WHERE  `code` = 'order_payed' LIMIT 1 [ RunTime:0.000111s ]
[ sql ] [ SQL ] SHOW COLUMNS FROM `wb_message` [ RunTime:0.000748s ]
[ sql ] [ SQL ] INSERT INTO `wb_message` (`user_id` , `code` , `params` , `content` , `ctime` , `utime`) VALUES (1 , 'order_payed' , '{\"order_id\":\"S04011439326329\",\"goods_amount\":\"998.00\",\"payed\":\"0.00\",\"order_amount\":\"998.00\",\"pay_status\":1,\"ship_status\":1,\"status\":1,\"order_type\":1,\"payment_code\":null,\"payment_time\":null,\"logistics_id\":null,\"logistics_name\":null,\"cost_freight\":\"0.00\",\"user_id\":1,\"seller_id\":null,\"confirm\":1,\"confirm_time\":null,\"store_id\":0,\"ship_area_id\":150525,\"ship_address\":\"\\u6492\\u9632\\u5b88\\u6253\\u6cd5\\u6492\\u65e6\\u6cd5\",\"ship_name\":\"\\u590f\\u8d5f\\u6d69\",\"ship_mobile\":\"18919660526\",\"weight\":0,\"tax_type\":1,\"tax_code\":\"\",\"tax_title\":\"\\u4e0d\\u5f00\\u53d1\\u7968\",\"point\":0,\"point_money\":\"0.00\",\"order_pmt\":\"0.00\",\"goods_pmt\":\"0.00\",\"coupon_pmt\":\"0.00\",\"coupon\":\"[]\",\"promotion_list\":\"[]\",\"memo\":\"\",\"ip\":\"127.0.0.1\",\"mark\":null,\"source\":2,\"is_comment\":1,\"ctime\":1775025572,\"utime\":1775025572,\"isdel\":null,\"pay_time\":\"2026-04-01 14:39:33\",\"money\":\"998.00\",\"user_name\":\"18919660526\"}' , '恭喜您，订单支付成功,祝您购物愉快。' , 1775025573 , 1775025573) [ RunTime:0.000116s ]
[ sql ] [ SQL ] SELECT * FROM `wb_message_center` WHERE  `code` = 'seller_order_notice' LIMIT 1 [ RunTime:0.000110s ]
[ sql ] [ SQL ] SELECT `mobile` FROM `wb_user` WHERE (  `id` = 1 ) AND `wb_user`.`isdel` IS NULL LIMIT 1 [ RunTime:0.000098s ]
[ sql ] [ SQL ] SELECT * FROM `wb_setting` WHERE  `skey` = 'shop_mobile' LIMIT 1 [ RunTime:0.000089s ]
[ sql ] [ SQL ] SELECT * FROM `wb_order` WHERE (  `order_id` = 'S04011439326329' ) AND `wb_order`.`isdel` IS NULL LIMIT 1 [ RunTime:0.000205s ]
[ sql ] [ SQL ] SELECT * FROM `wb_user` WHERE (  `id` = 1 ) AND `wb_user`.`isdel` IS NULL LIMIT 1 [ RunTime:0.000159s ]
[ sql ] [ SQL ] SELECT SUM(`nums`) AS tp_sum FROM `wb_order` `o` INNER JOIN `wb_order_items` `i` ON `i`.`order_id`=`o`.`order_id` WHERE  `o`.`user_id` = '1'  AND `o`.`pay_status` = '2'  AND `i`.`cate_id` = '2'  AND `status` < 3 LIMIT 1 [ RunTime:0.000160s ]
[ sql ] [ SQL ] SELECT * FROM `wb_user` WHERE (  `id` = 1 ) AND `wb_user`.`isdel` IS NULL LIMIT 1 [ RunTime:0.000117s ]
[ sql ] [ SQL ] SHOW COLUMNS FROM `wb_order_log` [ RunTime:0.001495s ]
[ sql ] [ SQL ] INSERT INTO `wb_order_log` (`order_id` , `user_id` , `type` , `msg` , `data` , `ctime`) VALUES ('S04011439326329' , 1 , 2 , '订单支付成功' , '[{\"status\":true,\"data\":1,\"msg\":\"\\u8ba2\\u5355\\u652f\\u4ed8\\u6210\\u529f\"},{\"payment_code\":\"balancepay\",\"payed\":\"998.00\",\"pay_status\":2,\"payment_time\":1775025573}]' , 1775025573) [ RunTime:0.000114s ]
[ error ] [8]未定义数组索引: memo[E:\wwwroot\2026\04\jiwankang\extend\org\payments\balancepay.php:38]
[ error ] [8]未定义数组索引: id[E:\wwwroot\2026\04\jiwankang\extend\org\payments\balancepay.php:38]
[ error ] [8]Object of class app\common\model\User could not be converted to int[E:\wwwroot\2026\04\jiwankang\addons\Userupgrade\Userupgrade.php:96]
---------------------------------------------------------------
[2026-04-01T14:39:34+08:00] 127.0.0.1 OPTIONS www.jiwankang.com/api.html
[运行时间：0.028098s] [吞吐率：35.59req/s] [内存消耗：3,009.21kb] [文件加载：89]
[ info ] [ LANG ] E:\wwwroot\2026\04\jiwankang\thinkphp\lang\zh-cn.php
[ info ] [ ROUTE ] array (
)
[ info ] [ HEADER ] array (
  'sec-fetch-mode' => 'cors',
  'referer' => 'http://localhost:8080/',
  'origin' => 'http://localhost:8080',
  'access-control-request-method' => 'POST',
  'access-control-request-headers' => 'content-type',
  'accept-language' => 'zh-CN,zh;q=0.9',
  'accept-encoding' => 'gzip, deflate',
  'accept' => '*/*',
  'user-agent' => 'Mozilla/5.0 (iPhone; CPU iPhone OS 18_5 like Mac OS X) AppleWebKit/605.1.15 (KHTML, like Gecko) Version/18.5 Mobile/15E148 Safari/604.1',
  'host' => 'www.jiwankang.com',
  'content-length' => '',
  'content-type' => '',
)
[ info ] [ PARAM ] array (
)
---------------------------------------------------------------
[2026-04-01T14:39:34+08:00] 127.0.0.1 POST www.jiwankang.com/api.html
[运行时间：0.029599s] [吞吐率：33.78req/s] [内存消耗：4,721.13kb] [文件加载：107]
[ info ] [ LANG ] E:\wwwroot\2026\04\jiwankang\thinkphp\lang\zh-cn.php
[ info ] [ ROUTE ] array (
)
[ info ] [ HEADER ] array (
  'referer' => 'http://localhost:8080/',
  'origin' => 'http://localhost:8080',
  'content-type' => 'application/json',
  'accept-language' => 'zh-CN,zh;q=0.9',
  'accept-encoding' => 'gzip, deflate',
  'accept' => 'application/json',
  'content-length' => '102',
  'user-agent' => 'Mozilla/5.0 (iPhone; CPU iPhone OS 18_5 like Mac OS X) AppleWebKit/605.1.15 (KHTML, like Gecko) Version/18.5 Mobile/15E148 Safari/604.1',
  'host' => 'www.jiwankang.com',
)
[ info ] [ PARAM ] array (
  'payment_id' => '27750255738041',
  'token' => 'c44ff269142cc0000a5aab51e13546e0',
  'method' => 'payments.getinfo',
)
[ info ] [ DB ] INIT mysql
[ sql ] [ DB ] CONNECT:[ UseTime:0.000821s ] mysql:host=127.0.0.1;port=3306;dbname=jiwankang;charset=utf8mb4
[ sql ] [ SQL ] SHOW COLUMNS FROM `wb_user` [ RunTime:0.000681s ]
[ sql ] [ SQL ] SELECT * FROM `wb_user` WHERE (  `id` = 1 ) AND `wb_user`.`isdel` IS NULL LIMIT 1 [ RunTime:0.000381s ]
[ sql ] [ SQL ] SHOW COLUMNS FROM `wb_bill_payments` [ RunTime:0.000555s ]
[ sql ] [ SQL ] SELECT * FROM `wb_bill_payments` WHERE  `payment_id` = '27750255738041'  AND `user_id` = 1 LIMIT 1 [ RunTime:0.000272s ]
[ sql ] [ SQL ] SHOW COLUMNS FROM `wb_bill_payments_rel` [ RunTime:0.000357s ]
[ sql ] [ SQL ] SELECT * FROM `wb_bill_payments_rel` WHERE  `payment_id` = '27750255738041' [ RunTime:0.000139s ]
---------------------------------------------------------------
[2026-04-01T14:40:30+08:00] 127.0.0.1 OPTIONS www.jiwankang.com/api.html
[运行时间：0.020995s] [吞吐率：47.63req/s] [内存消耗：3,009.21kb] [文件加载：89]
[ info ] [ LANG ] E:\wwwroot\2026\04\jiwankang\thinkphp\lang\zh-cn.php
[ info ] [ ROUTE ] array (
)
[ info ] [ HEADER ] array (
  'sec-fetch-mode' => 'cors',
  'referer' => 'http://localhost:8080/',
  'origin' => 'http://localhost:8080',
  'access-control-request-method' => 'POST',
  'access-control-request-headers' => 'content-type',
  'accept-language' => 'zh-CN,zh;q=0.9',
  'accept-encoding' => 'gzip, deflate',
  'accept' => '*/*',
  'user-agent' => 'Mozilla/5.0 (iPhone; CPU iPhone OS 18_5 like Mac OS X) AppleWebKit/605.1.15 (KHTML, like Gecko) Version/18.5 Mobile/15E148 Safari/604.1',
  'host' => 'www.jiwankang.com',
  'content-length' => '',
  'content-type' => '',
)
[ info ] [ PARAM ] array (
)
---------------------------------------------------------------
[2026-04-01T14:40:30+08:00] 127.0.0.1 POST www.jiwankang.com/api.html
[运行时间：0.031646s] [吞吐率：31.60req/s] [内存消耗：4,820.80kb] [文件加载：107]
[ info ] [ LANG ] E:\wwwroot\2026\04\jiwankang\thinkphp\lang\zh-cn.php
[ info ] [ ROUTE ] array (
)
[ info ] [ HEADER ] array (
  'referer' => 'http://localhost:8080/',
  'origin' => 'http://localhost:8080',
  'content-type' => 'application/json',
  'accept-language' => 'zh-CN,zh;q=0.9',
  'accept-encoding' => 'gzip, deflate',
  'accept' => 'application/json',
  'content-length' => '65',
  'user-agent' => 'Mozilla/5.0 (iPhone; CPU iPhone OS 18_5 like Mac OS X) AppleWebKit/605.1.15 (KHTML, like Gecko) Version/18.5 Mobile/15E148 Safari/604.1',
  'host' => 'www.jiwankang.com',
)
[ info ] [ PARAM ] array (
  'token' => 'c44ff269142cc0000a5aab51e13546e0',
  'method' => 'user.info',
)
[ info ] [ DB ] INIT mysql
[ sql ] [ DB ] CONNECT:[ UseTime:0.000781s ] mysql:host=127.0.0.1;port=3306;dbname=jiwankang;charset=utf8mb4
[ sql ] [ SQL ] SHOW COLUMNS FROM `wb_user` [ RunTime:0.000469s ]
[ sql ] [ SQL ] SELECT * FROM `wb_user` WHERE (  `id` = 1 ) AND `wb_user`.`isdel` IS NULL LIMIT 1 [ RunTime:0.000346s ]
[ sql ] [ SQL ] SELECT `id`,`username`,`mobile`,`sex`,`birthday`,`avatar`,`nickname`,`balance`,`point`,`grade`,`status`,`pid`,`password`,`ctime`,`remarks`,`area_id`,`tiyan`,`num_point`,`exp` FROM `wb_user` WHERE (  `id` = 1 ) AND `wb_user`.`isdel` IS NULL LIMIT 1 [ RunTime:0.000254s ]
[ sql ] [ SQL ] SHOW COLUMNS FROM `wb_user_grade` [ RunTime:0.000403s ]
[ sql ] [ SQL ] SELECT * FROM `wb_user_grade` WHERE  `id` = 2 [ RunTime:0.000210s ]
[ sql ] [ SQL ] SELECT * FROM `wb_user_grade` WHERE  `id` = 2 LIMIT 1 [ RunTime:0.000105s ]
---------------------------------------------------------------
[2026-04-01T14:40:33+08:00] 127.0.0.1 POST www.jiwankang.com/api.html
[运行时间：0.049200s] [吞吐率：20.33req/s] [内存消耗：4,820.80kb] [文件加载：107]
[ info ] [ LANG ] E:\wwwroot\2026\04\jiwankang\thinkphp\lang\zh-cn.php
[ info ] [ ROUTE ] array (
)
[ info ] [ HEADER ] array (
  'referer' => 'http://localhost:8080/',
  'origin' => 'http://localhost:8080',
  'content-type' => 'application/json',
  'accept-language' => 'zh-CN,zh;q=0.9',
  'accept-encoding' => 'gzip, deflate',
  'accept' => 'application/json',
  'content-length' => '65',
  'user-agent' => 'Mozilla/5.0 (iPhone; CPU iPhone OS 18_5 like Mac OS X) AppleWebKit/605.1.15 (KHTML, like Gecko) Version/18.5 Mobile/15E148 Safari/604.1',
  'host' => 'www.jiwankang.com',
)
[ info ] [ PARAM ] array (
  'token' => 'c44ff269142cc0000a5aab51e13546e0',
  'method' => 'user.info',
)
[ info ] [ DB ] INIT mysql
[ sql ] [ DB ] CONNECT:[ UseTime:0.001171s ] mysql:host=127.0.0.1;port=3306;dbname=jiwankang;charset=utf8mb4
[ sql ] [ SQL ] SHOW COLUMNS FROM `wb_user` [ RunTime:0.000678s ]
[ sql ] [ SQL ] SELECT * FROM `wb_user` WHERE (  `id` = 1 ) AND `wb_user`.`isdel` IS NULL LIMIT 1 [ RunTime:0.000352s ]
[ sql ] [ SQL ] SELECT `id`,`username`,`mobile`,`sex`,`birthday`,`avatar`,`nickname`,`balance`,`point`,`grade`,`status`,`pid`,`password`,`ctime`,`remarks`,`area_id`,`tiyan`,`num_point`,`exp` FROM `wb_user` WHERE (  `id` = 1 ) AND `wb_user`.`isdel` IS NULL LIMIT 1 [ RunTime:0.000414s ]
[ sql ] [ SQL ] SHOW COLUMNS FROM `wb_user_grade` [ RunTime:0.001632s ]
[ sql ] [ SQL ] SELECT * FROM `wb_user_grade` WHERE  `id` = 2 [ RunTime:0.000185s ]
[ sql ] [ SQL ] SELECT * FROM `wb_user_grade` WHERE  `id` = 2 LIMIT 1 [ RunTime:0.000356s ]
---------------------------------------------------------------
[2026-04-01T14:40:33+08:00] 127.0.0.1 POST www.jiwankang.com/api.html
[运行时间：0.050376s] [吞吐率：19.85req/s] [内存消耗：4,820.80kb] [文件加载：107]
[ info ] [ LANG ] E:\wwwroot\2026\04\jiwankang\thinkphp\lang\zh-cn.php
[ info ] [ ROUTE ] array (
)
[ info ] [ HEADER ] array (
  'referer' => 'http://localhost:8080/',
  'origin' => 'http://localhost:8080',
  'content-type' => 'application/json',
  'accept-language' => 'zh-CN,zh;q=0.9',
  'accept-encoding' => 'gzip, deflate',
  'accept' => 'application/json',
  'content-length' => '65',
  'user-agent' => 'Mozilla/5.0 (iPhone; CPU iPhone OS 18_5 like Mac OS X) AppleWebKit/605.1.15 (KHTML, like Gecko) Version/18.5 Mobile/15E148 Safari/604.1',
  'host' => 'www.jiwankang.com',
)
[ info ] [ PARAM ] array (
  'token' => 'c44ff269142cc0000a5aab51e13546e0',
  'method' => 'user.info',
)
[ info ] [ DB ] INIT mysql
[ sql ] [ DB ] CONNECT:[ UseTime:0.000960s ] mysql:host=127.0.0.1;port=3306;dbname=jiwankang;charset=utf8mb4
[ sql ] [ SQL ] SHOW COLUMNS FROM `wb_user` [ RunTime:0.000752s ]
[ sql ] [ SQL ] SELECT * FROM `wb_user` WHERE (  `id` = 1 ) AND `wb_user`.`isdel` IS NULL LIMIT 1 [ RunTime:0.000346s ]
[ sql ] [ SQL ] SELECT `id`,`username`,`mobile`,`sex`,`birthday`,`avatar`,`nickname`,`balance`,`point`,`grade`,`status`,`pid`,`password`,`ctime`,`remarks`,`area_id`,`tiyan`,`num_point`,`exp` FROM `wb_user` WHERE (  `id` = 1 ) AND `wb_user`.`isdel` IS NULL LIMIT 1 [ RunTime:0.000312s ]
[ sql ] [ SQL ] SHOW COLUMNS FROM `wb_user_grade` [ RunTime:0.001493s ]
[ sql ] [ SQL ] SELECT * FROM `wb_user_grade` WHERE  `id` = 2 [ RunTime:0.000190s ]
[ sql ] [ SQL ] SELECT * FROM `wb_user_grade` WHERE  `id` = 2 LIMIT 1 [ RunTime:0.000356s ]
---------------------------------------------------------------
[2026-04-01T14:40:33+08:00] 127.0.0.1 POST www.jiwankang.com/api.html
[运行时间：0.053721s] [吞吐率：18.61req/s] [内存消耗：4,830.21kb] [文件加载：107]
[ info ] [ LANG ] E:\wwwroot\2026\04\jiwankang\thinkphp\lang\zh-cn.php
[ info ] [ ROUTE ] array (
)
[ info ] [ HEADER ] array (
  'referer' => 'http://localhost:8080/',
  'origin' => 'http://localhost:8080',
  'content-type' => 'application/json',
  'accept-language' => 'zh-CN,zh;q=0.9',
  'accept-encoding' => 'gzip, deflate',
  'accept' => 'application/json',
  'content-length' => '40',
  'user-agent' => 'Mozilla/5.0 (iPhone; CPU iPhone OS 18_5 like Mac OS X) AppleWebKit/605.1.15 (KHTML, like Gecko) Version/18.5 Mobile/15E148 Safari/604.1',
  'host' => 'www.jiwankang.com',
)
[ info ] [ PARAM ] array (
  'id' => '2',
  'method' => 'goods.getgoodsparams',
)
[ info ] [ DB ] INIT mysql
[ sql ] [ DB ] CONNECT:[ UseTime:0.000767s ] mysql:host=127.0.0.1;port=3306;dbname=jiwankang;charset=utf8mb4
[ sql ] [ SQL ] SHOW COLUMNS FROM `wb_setting` [ RunTime:0.000462s ]
[ sql ] [ SQL ] SELECT * FROM `wb_setting` WHERE  `skey` = 'language' LIMIT 1 [ RunTime:0.000277s ]
[ sql ] [ SQL ] SELECT * FROM `wb_setting` WHERE  `skey` = 'language' LIMIT 1 [ RunTime:0.000187s ]
[ sql ] [ SQL ] SELECT * FROM `wb_setting` WHERE  `skey` = 'language' LIMIT 1 [ RunTime:0.000562s ]
[ sql ] [ SQL ] SELECT * FROM `wb_setting` WHERE  `skey` = 'language' LIMIT 1 [ RunTime:0.000283s ]
[ sql ] [ SQL ] SHOW COLUMNS FROM `wb_goods` [ RunTime:0.000852s ]
[ sql ] [ SQL ] SELECT `id`,`bn`,`name`,`brand_id`,`image_id`,`params`,`spes_desc` FROM `wb_goods` WHERE  `id` = 2 LIMIT 1 [ RunTime:0.000211s ]
[ sql ] [ SQL ] SELECT * FROM `wb_setting` WHERE  `skey` = 'language' LIMIT 1 [ RunTime:0.000203s ]
[ sql ] [ SQL ] SELECT * FROM `wb_setting` WHERE  `skey` = 'language' LIMIT 1 [ RunTime:0.000144s ]
[ sql ] [ SQL ] SHOW COLUMNS FROM `wb_goods_images` [ RunTime:0.001203s ]
[ sql ] [ SQL ] SELECT * FROM `wb_goods_images` WHERE  `goods_id` = 2 ORDER BY `sort` DESC [ RunTime:0.000227s ]
[ sql ] [ SQL ] SHOW COLUMNS FROM `wb_products` [ RunTime:0.001164s ]
[ sql ] [ SQL ] SELECT `id` FROM `wb_products` WHERE  `goods_id` = 2 [ RunTime:0.000348s ]
[ sql ] [ SQL ] SELECT * FROM `wb_products` WHERE  `id` = 3 LIMIT 1 [ RunTime:0.000278s ]
[ sql ] [ SQL ] SELECT `name`,`image_id`,`bn`,`marketable`,`spes_desc`,`is_combo`,`point`,`open_point` FROM `wb_goods` WHERE  `id` = 2 LIMIT 1 [ RunTime:0.000249s ]
---------------------------------------------------------------
[2026-04-01T14:40:33+08:00] 127.0.0.1 POST www.jiwankang.com/api.html
[运行时间：0.079118s] [吞吐率：12.64req/s] [内存消耗：5,315.59kb] [文件加载：116]
[ info ] [ LANG ] E:\wwwroot\2026\04\jiwankang\thinkphp\lang\zh-cn.php
[ info ] [ ROUTE ] array (
)
[ info ] [ HEADER ] array (
  'referer' => 'http://localhost:8080/',
  'origin' => 'http://localhost:8080',
  'content-type' => 'application/json',
  'accept-language' => 'zh-CN,zh;q=0.9',
  'accept-encoding' => 'gzip, deflate',
  'accept' => 'application/json',
  'content-length' => '78',
  'user-agent' => 'Mozilla/5.0 (iPhone; CPU iPhone OS 18_5 like Mac OS X) AppleWebKit/605.1.15 (KHTML, like Gecko) Version/18.5 Mobile/15E148 Safari/604.1',
  'host' => 'www.jiwankang.com',
)
[ info ] [ PARAM ] array (
  'id' => '2',
  'token' => 'c44ff269142cc0000a5aab51e13546e0',
  'method' => 'goods.getdetial',
)
[ info ] [ DB ] INIT mysql
[ sql ] [ DB ] CONNECT:[ UseTime:0.010342s ] mysql:host=127.0.0.1;port=3306;dbname=jiwankang;charset=utf8mb4
[ sql ] [ SQL ] SHOW COLUMNS FROM `wb_goods` [ RunTime:0.001669s ]
[ sql ] [ SQL ] SELECT * FROM `wb_goods` WHERE  `id` = 2 LIMIT 1 [ RunTime:0.000421s ]
[ sql ] [ SQL ] SHOW COLUMNS FROM `wb_goods_cat` [ RunTime:0.001040s ]
[ sql ] [ SQL ] SELECT `id`,`name` FROM `wb_goods_cat` WHERE  `id` = 2 [ RunTime:0.000201s ]
[ sql ] [ SQL ] SHOW COLUMNS FROM `wb_products` [ RunTime:0.002305s ]
[ sql ] [ SQL ] SELECT * FROM `wb_products` WHERE  `goods_id` = 2  AND `is_defalut` = 1 LIMIT 1 [ RunTime:0.000540s ]
[ sql ] [ SQL ] SHOW COLUMNS FROM `wb_user` [ RunTime:0.000748s ]
[ sql ] [ SQL ] SELECT * FROM `wb_user` WHERE (  `id` = 1 ) AND `wb_user`.`isdel` IS NULL LIMIT 1 [ RunTime:0.000399s ]
[ sql ] [ SQL ] SELECT * FROM `wb_products` WHERE  `id` = 3 LIMIT 1 [ RunTime:0.000334s ]
[ sql ] [ SQL ] SELECT `name`,`image_id`,`bn`,`marketable`,`spes_desc`,`is_combo`,`point`,`open_point` FROM `wb_goods` WHERE  `id` = 2 LIMIT 1 [ RunTime:0.000228s ]
[ sql ] [ SQL ] SELECT `grade` FROM `wb_user` WHERE (  `id` = 1 ) AND `wb_user`.`isdel` IS NULL LIMIT 1 [ RunTime:0.000480s ]
[ sql ] [ SQL ] SHOW COLUMNS FROM `wb_setting` [ RunTime:0.000709s ]
[ sql ] [ SQL ] SELECT * FROM `wb_setting` WHERE  `skey` = 'language' LIMIT 1 [ RunTime:0.000189s ]
[ sql ] [ SQL ] SELECT * FROM `wb_setting` WHERE  `skey` = 'language' LIMIT 1 [ RunTime:0.000162s ]
[ sql ] [ SQL ] SHOW COLUMNS FROM `wb_goods_grade` [ RunTime:0.000951s ]
[ sql ] [ SQL ] SELECT * FROM `wb_goods_grade` WHERE  `goods_id` = 2 [ RunTime:0.000141s ]
[ sql ] [ SQL ] SHOW COLUMNS FROM `wb_user_grade` [ RunTime:0.000757s ]
[ sql ] [ SQL ] SELECT `name` FROM `wb_user_grade` WHERE  `id` = 1 LIMIT 1 [ RunTime:0.000111s ]
[ sql ] [ SQL ] SELECT `name` FROM `wb_user_grade` WHERE  `id` = 2 LIMIT 1 [ RunTime:0.000087s ]
[ sql ] [ SQL ] SELECT `name` FROM `wb_user_grade` WHERE  `id` = 3 LIMIT 1 [ RunTime:0.000075s ]
[ sql ] [ SQL ] SELECT `name` FROM `wb_user_grade` WHERE  `id` = 4 LIMIT 1 [ RunTime:0.000076s ]
[ sql ] [ SQL ] SELECT `name` FROM `wb_user_grade` WHERE  `id` = 5 LIMIT 1 [ RunTime:0.000082s ]
[ sql ] [ SQL ] SHOW COLUMNS FROM `wb_promotion` [ RunTime:0.000777s ]
[ sql ] [ SQL ] SELECT * FROM `wb_promotion` WHERE (  `status` = 1  AND `stime` < 1775025633  AND `etime` > 1775025633  AND `type` = 1 ) AND `wb_promotion`.`isdel` IS NULL ORDER BY `sort` ASC [ RunTime:0.000192s ]
[ sql ] [ SQL ] SHOW COLUMNS FROM `wb_goods_images` [ RunTime:0.000751s ]
[ sql ] [ SQL ] SELECT * FROM `wb_goods_images` WHERE  `goods_id` = 2 ORDER BY `sort` ASC [ RunTime:0.000130s ]
[ sql ] [ SQL ] SHOW COLUMNS FROM `wb_goods_collection` [ RunTime:0.000890s ]
[ sql ] [ SQL ] SELECT * FROM `wb_goods_collection` WHERE  `user_id` = 1  AND `goods_id` = 2 LIMIT 1 [ RunTime:0.000153s ]
[ sql ] [ SQL ] UPDATE `wb_goods`  SET `view_count` = `view_count` + 1  WHERE  `id` = 2 [ RunTime:0.001922s ]
---------------------------------------------------------------
[2026-04-01T14:40:33+08:00] 127.0.0.1 GET www.jiwankang.com/api/common/jshopconf
[运行时间：0.021634s] [吞吐率：46.22req/s] [内存消耗：3,091.32kb] [文件加载：93]
[ info ] [ LANG ] E:\wwwroot\2026\04\jiwankang\thinkphp\lang\zh-cn.php
[ info ] [ ROUTE ] array (
)
[ info ] [ HEADER ] array (
  'referer' => 'http://localhost:8080/',
  'origin' => 'http://localhost:8080',
  'content-type' => 'application/x-www-form-urlencoded',
  'accept-language' => 'zh-CN,zh;q=0.9',
  'accept-encoding' => 'gzip, deflate',
  'accept' => 'application/json',
  'user-agent' => 'Mozilla/5.0 (iPhone; CPU iPhone OS 18_5 like Mac OS X) AppleWebKit/605.1.15 (KHTML, like Gecko) Version/18.5 Mobile/15E148 Safari/604.1',
  'host' => 'www.jiwankang.com',
  'content-length' => '',
)
[ info ] [ PARAM ] array (
)
---------------------------------------------------------------
[2026-04-01T14:40:33+08:00] 127.0.0.1 POST www.jiwankang.com/api.html
[运行时间：0.034651s] [吞吐率：28.86req/s] [内存消耗：4,605.82kb] [文件加载：103]
[ info ] [ LANG ] E:\wwwroot\2026\04\jiwankang\thinkphp\lang\zh-cn.php
[ info ] [ ROUTE ] array (
)
[ info ] [ HEADER ] array (
  'referer' => 'http://localhost:8080/',
  'origin' => 'http://localhost:8080',
  'content-type' => 'application/json',
  'accept-language' => 'zh-CN,zh;q=0.9',
  'accept-encoding' => 'gzip, deflate',
  'accept' => 'application/json',
  'content-length' => '70',
  'user-agent' => 'Mozilla/5.0 (iPhone; CPU iPhone OS 18_5 like Mac OS X) AppleWebKit/605.1.15 (KHTML, like Gecko) Version/18.5 Mobile/15E148 Safari/604.1',
  'host' => 'www.jiwankang.com',
)
[ info ] [ PARAM ] array (
  'token' => 'c44ff269142cc0000a5aab51e13546e0',
  'method' => 'cart.getnumber',
)
[ info ] [ DB ] INIT mysql
[ sql ] [ DB ] CONNECT:[ UseTime:0.000922s ] mysql:host=127.0.0.1;port=3306;dbname=jiwankang;charset=utf8mb4
[ sql ] [ SQL ] SHOW COLUMNS FROM `wb_user` [ RunTime:0.000574s ]
[ sql ] [ SQL ] SELECT * FROM `wb_user` WHERE (  `id` = 1 ) AND `wb_user`.`isdel` IS NULL LIMIT 1 [ RunTime:0.000452s ]
[ sql ] [ SQL ] SHOW COLUMNS FROM `wb_setting` [ RunTime:0.000694s ]
[ sql ] [ SQL ] SELECT * FROM `wb_setting` WHERE  `skey` = 'virtual_card_class' LIMIT 1 [ RunTime:0.000276s ]
[ sql ] [ SQL ] SHOW COLUMNS FROM `wb_cart` [ RunTime:0.000971s ]
[ sql ] [ SQL ] SELECT SUM(`nums`) AS tp_sum FROM `wb_cart` `c` INNER JOIN `wb_products` `p` ON `p`.`id`=`c`.`product_id` INNER JOIN `wb_goods` `g` ON `g`.`id`=`p`.`goods_id` WHERE  `user_id` = 1  AND `type` = 1 LIMIT 1 [ RunTime:0.001113s ]
---------------------------------------------------------------
[2026-04-01T14:40:39+08:00] 127.0.0.1 OPTIONS www.jiwankang.com/api.html
[运行时间：0.021611s] [吞吐率：46.27req/s] [内存消耗：3,009.21kb] [文件加载：89]
[ info ] [ LANG ] E:\wwwroot\2026\04\jiwankang\thinkphp\lang\zh-cn.php
[ info ] [ ROUTE ] array (
)
[ info ] [ HEADER ] array (
  'sec-fetch-mode' => 'cors',
  'referer' => 'http://localhost:8080/',
  'origin' => 'http://localhost:8080',
  'access-control-request-method' => 'POST',
  'access-control-request-headers' => 'content-type',
  'accept-language' => 'zh-CN,zh;q=0.9',
  'accept-encoding' => 'gzip, deflate',
  'accept' => '*/*',
  'user-agent' => 'Mozilla/5.0 (iPhone; CPU iPhone OS 18_5 like Mac OS X) AppleWebKit/605.1.15 (KHTML, like Gecko) Version/18.5 Mobile/15E148 Safari/604.1',
  'host' => 'www.jiwankang.com',
  'content-length' => '',
  'content-type' => '',
)
[ info ] [ PARAM ] array (
)
---------------------------------------------------------------
[2026-04-01T14:40:39+08:00] 127.0.0.1 POST www.jiwankang.com/api.html
[运行时间：0.033682s] [吞吐率：29.69req/s] [内存消耗：4,866.30kb] [文件加载：105]
[ info ] [ LANG ] E:\wwwroot\2026\04\jiwankang\thinkphp\lang\zh-cn.php
[ info ] [ ROUTE ] array (
)
[ info ] [ HEADER ] array (
  'referer' => 'http://localhost:8080/',
  'origin' => 'http://localhost:8080',
  'content-type' => 'application/json',
  'accept-language' => 'zh-CN,zh;q=0.9',
  'accept-encoding' => 'gzip, deflate',
  'accept' => 'application/json',
  'content-length' => '97',
  'user-agent' => 'Mozilla/5.0 (iPhone; CPU iPhone OS 18_5 like Mac OS X) AppleWebKit/605.1.15 (KHTML, like Gecko) Version/18.5 Mobile/15E148 Safari/604.1',
  'host' => 'www.jiwankang.com',
)
[ info ] [ PARAM ] array (
  'product_id' => '3',
  'nums' => '1',
  'type' => '2',
  'token' => 'c44ff269142cc0000a5aab51e13546e0',
  'method' => 'cart.add',
)
[ info ] [ DB ] INIT mysql
[ sql ] [ DB ] CONNECT:[ UseTime:0.000712s ] mysql:host=127.0.0.1;port=3306;dbname=jiwankang;charset=utf8mb4
[ sql ] [ SQL ] SHOW COLUMNS FROM `wb_user` [ RunTime:0.000558s ]
[ sql ] [ SQL ] SELECT * FROM `wb_user` WHERE (  `id` = 1 ) AND `wb_user`.`isdel` IS NULL LIMIT 1 [ RunTime:0.000308s ]
[ sql ] [ SQL ] SHOW COLUMNS FROM `wb_products` [ RunTime:0.000444s ]
[ sql ] [ SQL ] SELECT * FROM `wb_products` WHERE  `id` = 3 LIMIT 1 [ RunTime:0.000265s ]
[ sql ] [ SQL ] SHOW COLUMNS FROM `wb_goods` [ RunTime:0.000439s ]
[ sql ] [ SQL ] SELECT `name`,`image_id`,`bn`,`marketable`,`spes_desc`,`is_combo`,`point`,`open_point` FROM `wb_goods` WHERE  `id` = 2 LIMIT 1 [ RunTime:0.000135s ]
[ sql ] [ SQL ] SELECT `p`.`id`,`g`.`marketable` FROM `wb_products` `p` INNER JOIN `wb_goods` `g` ON `g`.`id`=`p`.`goods_id` WHERE  `p`.`id` = '3' LIMIT 1 [ RunTime:0.000142s ]
[ sql ] [ SQL ] SHOW COLUMNS FROM `wb_cart` [ RunTime:0.000815s ]
[ sql ] [ SQL ] SELECT * FROM `wb_cart` WHERE  `product_id` = 3  AND `user_id` = 1  AND `type` = 1 LIMIT 1 [ RunTime:0.000159s ]
[ sql ] [ SQL ] INSERT INTO `wb_cart` (`product_id` , `nums` , `user_id` , `type`) VALUES (3 , 1 , 1 , 1) [ RunTime:0.002024s ]
---------------------------------------------------------------
[2026-04-01T14:40:39+08:00] 127.0.0.1 POST www.jiwankang.com/api.html
[运行时间：0.075166s] [吞吐率：13.30req/s] [内存消耗：4,656.99kb] [文件加载：106]
[ info ] [ LANG ] E:\wwwroot\2026\04\jiwankang\thinkphp\lang\zh-cn.php
[ info ] [ ROUTE ] array (
)
[ info ] [ HEADER ] array (
  'referer' => 'http://localhost:8080/',
  'origin' => 'http://localhost:8080',
  'content-type' => 'application/json',
  'accept-language' => 'zh-CN,zh;q=0.9',
  'accept-encoding' => 'gzip, deflate',
  'accept' => 'application/json',
  'content-length' => '93',
  'user-agent' => 'Mozilla/5.0 (iPhone; CPU iPhone OS 18_5 like Mac OS X) AppleWebKit/605.1.15 (KHTML, like Gecko) Version/18.5 Mobile/15E148 Safari/604.1',
  'host' => 'www.jiwankang.com',
)
[ info ] [ PARAM ] array (
  'display' => 'no_used',
  'token' => 'c44ff269142cc0000a5aab51e13546e0',
  'method' => 'coupon.usercoupon',
)
[ info ] [ DB ] INIT mysql
[ sql ] [ DB ] CONNECT:[ UseTime:0.022573s ] mysql:host=127.0.0.1;port=3306;dbname=jiwankang;charset=utf8mb4
[ sql ] [ SQL ] SHOW COLUMNS FROM `wb_user` [ RunTime:0.000825s ]
[ sql ] [ SQL ] SELECT * FROM `wb_user` WHERE (  `id` = 1 ) AND `wb_user`.`isdel` IS NULL LIMIT 1 [ RunTime:0.000691s ]
[ sql ] [ SQL ] SHOW COLUMNS FROM `wb_coupon` [ RunTime:0.002129s ]
[ sql ] [ SQL ] SELECT * FROM `wb_coupon` `c` INNER JOIN `wb_promotion` `p` ON `p`.`id`=`c`.`promotion_id` WHERE  `c`.`user_id` = '1'  AND `p`.`type` = '2'  AND `c`.`is_used` = '1'  AND `p`.`status` = '1'  AND ( (c.endtime = 0 and p.etime >= 1775025639) or (c.endtime >=1775025639) ) ORDER BY `c`.`ctime` ASC LIMIT 0,10 [ RunTime:0.001684s ]
[ sql ] [ SQL ] SELECT COUNT(*) AS tp_count FROM `wb_coupon` `c` INNER JOIN `wb_promotion` `p` ON `p`.`id`=`c`.`promotion_id` WHERE  `c`.`user_id` = '1'  AND `p`.`type` = '2'  AND `c`.`is_used` = '1'  AND `p`.`status` = '1'  AND ( (c.endtime = 0 and p.etime >= 1775025639) or (c.endtime >=1775025639) ) LIMIT 1 [ RunTime:0.000531s ]
---------------------------------------------------------------
[2026-04-01T14:40:39+08:00] 127.0.0.1 POST www.jiwankang.com/api.html
[运行时间：0.084728s] [吞吐率：11.80req/s] [内存消耗：4,856.52kb] [文件加载：105]
[ info ] [ LANG ] E:\wwwroot\2026\04\jiwankang\thinkphp\lang\zh-cn.php
[ info ] [ ROUTE ] array (
)
[ info ] [ HEADER ] array (
  'referer' => 'http://localhost:8080/',
  'origin' => 'http://localhost:8080',
  'content-type' => 'application/json',
  'accept-language' => 'zh-CN,zh;q=0.9',
  'accept-encoding' => 'gzip, deflate',
  'accept' => 'application/json',
  'content-length' => '79',
  'user-agent' => 'Mozilla/5.0 (iPhone; CPU iPhone OS 18_5 like Mac OS X) AppleWebKit/605.1.15 (KHTML, like Gecko) Version/18.5 Mobile/15E148 Safari/604.1',
  'host' => 'www.jiwankang.com',
)
[ info ] [ PARAM ] array (
  'token' => 'c44ff269142cc0000a5aab51e13546e0',
  'method' => 'user.getuserdefaultship',
)
[ info ] [ DB ] INIT mysql
[ sql ] [ DB ] CONNECT:[ UseTime:0.025601s ] mysql:host=127.0.0.1;port=3306;dbname=jiwankang;charset=utf8mb4
[ sql ] [ SQL ] SHOW COLUMNS FROM `wb_user` [ RunTime:0.001539s ]
[ sql ] [ SQL ] SELECT * FROM `wb_user` WHERE (  `id` = 1 ) AND `wb_user`.`isdel` IS NULL LIMIT 1 [ RunTime:0.000552s ]
[ sql ] [ SQL ] SHOW COLUMNS FROM `wb_user_ship` [ RunTime:0.002301s ]
[ sql ] [ SQL ] SELECT * FROM `wb_user_ship` WHERE  `user_id` = 1  AND `is_def` = 1 ORDER BY `utime` DESC LIMIT 1 [ RunTime:0.000434s ]
[ sql ] [ SQL ] SHOW COLUMNS FROM `wb_area` [ RunTime:0.000482s ]
[ sql ] [ SQL ] SELECT `id`,`name`,`parent_id`,`postal_code` FROM `wb_area` WHERE  `id` = 150525 LIMIT 1 [ RunTime:0.000191s ]
[ sql ] [ SQL ] SELECT `id`,`name`,`parent_id`,`postal_code` FROM `wb_area` WHERE  `parent_id` = 150500 [ RunTime:0.000813s ]
[ sql ] [ SQL ] SELECT `id`,`name`,`parent_id`,`postal_code` FROM `wb_area` WHERE  `id` = 150500 LIMIT 1 [ RunTime:0.000238s ]
[ sql ] [ SQL ] SELECT `id`,`name`,`parent_id`,`postal_code` FROM `wb_area` WHERE  `parent_id` = 150000 [ RunTime:0.000725s ]
[ sql ] [ SQL ] SELECT `id`,`name`,`parent_id`,`postal_code` FROM `wb_area` WHERE  `id` = 150000 LIMIT 1 [ RunTime:0.000217s ]
[ sql ] [ SQL ] SELECT `id`,`name`,`parent_id`,`postal_code` FROM `wb_area` WHERE  `parent_id` = 0 [ RunTime:0.000757s ]
---------------------------------------------------------------
[2026-04-01T14:40:39+08:00] 127.0.0.1 POST www.jiwankang.com/api.html
[运行时间：0.075231s] [吞吐率：13.29req/s] [内存消耗：5,254.66kb] [文件加载：113]
[ info ] [ LANG ] E:\wwwroot\2026\04\jiwankang\thinkphp\lang\zh-cn.php
[ info ] [ ROUTE ] array (
)
[ info ] [ HEADER ] array (
  'referer' => 'http://localhost:8080/',
  'origin' => 'http://localhost:8080',
  'content-type' => 'application/json',
  'accept-language' => 'zh-CN,zh;q=0.9',
  'accept-encoding' => 'gzip, deflate',
  'accept' => 'application/json',
  'content-length' => '155',
  'user-agent' => 'Mozilla/5.0 (iPhone; CPU iPhone OS 18_5 like Mac OS X) AppleWebKit/605.1.15 (KHTML, like Gecko) Version/18.5 Mobile/15E148 Safari/604.1',
  'host' => 'www.jiwankang.com',
)
[ info ] [ PARAM ] array (
  'ids' => '4',
  'area_id' => 0,
  'coupon_code' => '',
  'point' => 0,
  'type' => '1',
  'params' => '',
  'receipt_type' => '1',
  'token' => 'c44ff269142cc0000a5aab51e13546e0',
  'method' => 'cart.getlist',
)
[ info ] [ DB ] INIT mysql
[ sql ] [ DB ] CONNECT:[ UseTime:0.001383s ] mysql:host=127.0.0.1;port=3306;dbname=jiwankang;charset=utf8mb4
[ sql ] [ SQL ] SHOW COLUMNS FROM `wb_user` [ RunTime:0.000968s ]
[ sql ] [ SQL ] SELECT * FROM `wb_user` WHERE (  `id` = 1 ) AND `wb_user`.`isdel` IS NULL LIMIT 1 [ RunTime:0.000645s ]
[ sql ] [ SQL ] SHOW COLUMNS FROM `wb_cart` [ RunTime:0.001524s ]
[ sql ] [ SQL ] SELECT * FROM `wb_cart` WHERE  `user_id` = 1  AND `type` = 1  AND `id` IN (4) [ RunTime:0.000702s ]
[ sql ] [ SQL ] SHOW COLUMNS FROM `wb_products` [ RunTime:0.001068s ]
[ sql ] [ SQL ] SELECT * FROM `wb_products` WHERE  `id` = 3 LIMIT 1 [ RunTime:0.000386s ]
[ sql ] [ SQL ] SHOW COLUMNS FROM `wb_goods` [ RunTime:0.000712s ]
[ sql ] [ SQL ] SELECT `name`,`image_id`,`bn`,`marketable`,`spes_desc`,`is_combo`,`point`,`open_point` FROM `wb_goods` WHERE  `id` = 2 LIMIT 1 [ RunTime:0.000334s ]
[ sql ] [ SQL ] SELECT `grade` FROM `wb_user` WHERE (  `id` = 1 ) AND `wb_user`.`isdel` IS NULL LIMIT 1 [ RunTime:0.000431s ]
[ sql ] [ SQL ] SHOW COLUMNS FROM `wb_setting` [ RunTime:0.000908s ]
[ sql ] [ SQL ] SELECT * FROM `wb_setting` WHERE  `skey` = 'language' LIMIT 1 [ RunTime:0.000326s ]
[ sql ] [ SQL ] SELECT * FROM `wb_setting` WHERE  `skey` = 'language' LIMIT 1 [ RunTime:0.000356s ]
[ sql ] [ SQL ] SHOW COLUMNS FROM `wb_goods_grade` [ RunTime:0.001308s ]
[ sql ] [ SQL ] SELECT * FROM `wb_goods_grade` WHERE  `goods_id` = 2 [ RunTime:0.000249s ]
[ sql ] [ SQL ] SHOW COLUMNS FROM `wb_user_grade` [ RunTime:0.000482s ]
[ sql ] [ SQL ] SELECT `name` FROM `wb_user_grade` WHERE  `id` = 1 LIMIT 1 [ RunTime:0.000177s ]
[ sql ] [ SQL ] SELECT `name` FROM `wb_user_grade` WHERE  `id` = 2 LIMIT 1 [ RunTime:0.000133s ]
[ sql ] [ SQL ] SELECT `name` FROM `wb_user_grade` WHERE  `id` = 3 LIMIT 1 [ RunTime:0.000140s ]
[ sql ] [ SQL ] SELECT `name` FROM `wb_user_grade` WHERE  `id` = 4 LIMIT 1 [ RunTime:0.000136s ]
[ sql ] [ SQL ] SELECT `name` FROM `wb_user_grade` WHERE  `id` = 5 LIMIT 1 [ RunTime:0.000182s ]
[ sql ] [ SQL ] SELECT `p`.`id`,`g`.`marketable` FROM `wb_products` `p` INNER JOIN `wb_goods` `g` ON `g`.`id`=`p`.`goods_id` WHERE  `p`.`id` = '3' LIMIT 1 [ RunTime:0.000245s ]
[ sql ] [ SQL ] SELECT `goods_id` FROM `wb_products` WHERE  `id` = 3 LIMIT 1 [ RunTime:0.000204s ]
[ sql ] [ SQL ] SELECT `weight` FROM `wb_goods` WHERE  `id` = 2 LIMIT 1 [ RunTime:0.000155s ]
[ sql ] [ SQL ] SHOW COLUMNS FROM `wb_goods_collection` [ RunTime:0.001259s ]
[ sql ] [ SQL ] SELECT * FROM `wb_goods_collection` WHERE  `user_id` = 1  AND `goods_id` = 2 LIMIT 1 [ RunTime:0.000172s ]
[ sql ] [ SQL ] SHOW COLUMNS FROM `wb_promotion` [ RunTime:0.002099s ]
[ sql ] [ SQL ] SELECT * FROM `wb_promotion` WHERE (  `status` = 1  AND `stime` < 1775025639  AND `etime` > 1775025639  AND `type` = 1 ) AND `wb_promotion`.`isdel` IS NULL ORDER BY `sort` ASC [ RunTime:0.000499s ]
---------------------------------------------------------------
[2026-04-01T14:40:39+08:00] 127.0.0.1 POST www.jiwankang.com/api.html
[运行时间：0.036410s] [吞吐率：27.47req/s] [内存消耗：4,758.41kb] [文件加载：103]
[ info ] [ LANG ] E:\wwwroot\2026\04\jiwankang\thinkphp\lang\zh-cn.php
[ info ] [ ROUTE ] array (
)
[ info ] [ HEADER ] array (
  'referer' => 'http://localhost:8080/',
  'origin' => 'http://localhost:8080',
  'content-type' => 'application/json',
  'accept-language' => 'zh-CN,zh;q=0.9',
  'accept-encoding' => 'gzip, deflate',
  'accept' => 'application/json',
  'content-length' => '96',
  'user-agent' => 'Mozilla/5.0 (iPhone; CPU iPhone OS 18_5 like Mac OS X) AppleWebKit/605.1.15 (KHTML, like Gecko) Version/18.5 Mobile/15E148 Safari/604.1',
  'host' => 'www.jiwankang.com',
)
[ info ] [ PARAM ] array (
  'order_money' => '998.00',
  'token' => 'c44ff269142cc0000a5aab51e13546e0',
  'method' => 'user.getuserpoint',
)
[ info ] [ DB ] INIT mysql
[ sql ] [ DB ] CONNECT:[ UseTime:0.000668s ] mysql:host=127.0.0.1;port=3306;dbname=jiwankang;charset=utf8mb4
[ sql ] [ SQL ] SHOW COLUMNS FROM `wb_user` [ RunTime:0.000377s ]
[ sql ] [ SQL ] SELECT * FROM `wb_user` WHERE (  `id` = 1 ) AND `wb_user`.`isdel` IS NULL LIMIT 1 [ RunTime:0.000228s ]
[ sql ] [ SQL ] SHOW COLUMNS FROM `wb_setting` [ RunTime:0.000427s ]
[ sql ] [ SQL ] SELECT * FROM `wb_setting` WHERE  `skey` = 'language' LIMIT 1 [ RunTime:0.000159s ]
[ sql ] [ SQL ] SELECT * FROM `wb_setting` WHERE  `skey` = 'language' LIMIT 1 [ RunTime:0.000164s ]
[ sql ] [ SQL ] SELECT * FROM `wb_setting` WHERE  `skey` = 'point_switch' LIMIT 1 [ RunTime:0.000143s ]
[ sql ] [ SQL ] SELECT `point` FROM `wb_user` WHERE (  `id` = 1 ) AND `wb_user`.`isdel` IS NULL LIMIT 1 [ RunTime:0.000167s ]
[ sql ] [ SQL ] SELECT * FROM `wb_setting` WHERE  `skey` = 'orders_point_proportion' LIMIT 1 [ RunTime:0.000171s ]
[ sql ] [ SQL ] SELECT * FROM `wb_setting` WHERE  `skey` = 'point_discounted_proportion' LIMIT 1 [ RunTime:0.000166s ]
---------------------------------------------------------------
[2026-04-01T14:40:39+08:00] 127.0.0.1 POST www.jiwankang.com/api.html
[运行时间：0.054518s] [吞吐率：18.34req/s] [内存消耗：5,312.14kb] [文件加载：115]
[ info ] [ LANG ] E:\wwwroot\2026\04\jiwankang\thinkphp\lang\zh-cn.php
[ info ] [ ROUTE ] array (
)
[ info ] [ HEADER ] array (
  'referer' => 'http://localhost:8080/',
  'origin' => 'http://localhost:8080',
  'content-type' => 'application/json',
  'accept-language' => 'zh-CN,zh;q=0.9',
  'accept-encoding' => 'gzip, deflate',
  'accept' => 'application/json',
  'content-length' => '160',
  'user-agent' => 'Mozilla/5.0 (iPhone; CPU iPhone OS 18_5 like Mac OS X) AppleWebKit/605.1.15 (KHTML, like Gecko) Version/18.5 Mobile/15E148 Safari/604.1',
  'host' => 'www.jiwankang.com',
)
[ info ] [ PARAM ] array (
  'ids' => '4',
  'area_id' => '150525',
  'coupon_code' => '',
  'point' => 0,
  'type' => '1',
  'params' => '',
  'receipt_type' => '1',
  'token' => 'c44ff269142cc0000a5aab51e13546e0',
  'method' => 'cart.getlist',
)
[ info ] [ DB ] INIT mysql
[ sql ] [ DB ] CONNECT:[ UseTime:0.001685s ] mysql:host=127.0.0.1;port=3306;dbname=jiwankang;charset=utf8mb4
[ sql ] [ SQL ] SHOW COLUMNS FROM `wb_user` [ RunTime:0.000918s ]
[ sql ] [ SQL ] SELECT * FROM `wb_user` WHERE (  `id` = 1 ) AND `wb_user`.`isdel` IS NULL LIMIT 1 [ RunTime:0.000294s ]
[ sql ] [ SQL ] SHOW COLUMNS FROM `wb_cart` [ RunTime:0.000452s ]
[ sql ] [ SQL ] SELECT * FROM `wb_cart` WHERE  `user_id` = 1  AND `type` = 1  AND `id` IN (4) [ RunTime:0.000241s ]
[ sql ] [ SQL ] SHOW COLUMNS FROM `wb_products` [ RunTime:0.000434s ]
[ sql ] [ SQL ] SELECT * FROM `wb_products` WHERE  `id` = 3 LIMIT 1 [ RunTime:0.000264s ]
[ sql ] [ SQL ] SHOW COLUMNS FROM `wb_goods` [ RunTime:0.000505s ]
[ sql ] [ SQL ] SELECT `name`,`image_id`,`bn`,`marketable`,`spes_desc`,`is_combo`,`point`,`open_point` FROM `wb_goods` WHERE  `id` = 2 LIMIT 1 [ RunTime:0.000399s ]
[ sql ] [ SQL ] SELECT `grade` FROM `wb_user` WHERE (  `id` = 1 ) AND `wb_user`.`isdel` IS NULL LIMIT 1 [ RunTime:0.000390s ]
[ sql ] [ SQL ] SHOW COLUMNS FROM `wb_setting` [ RunTime:0.000719s ]
[ sql ] [ SQL ] SELECT * FROM `wb_setting` WHERE  `skey` = 'language' LIMIT 1 [ RunTime:0.000250s ]
[ sql ] [ SQL ] SELECT * FROM `wb_setting` WHERE  `skey` = 'language' LIMIT 1 [ RunTime:0.000175s ]
[ sql ] [ SQL ] SHOW COLUMNS FROM `wb_goods_grade` [ RunTime:0.000457s ]
[ sql ] [ SQL ] SELECT * FROM `wb_goods_grade` WHERE  `goods_id` = 2 [ RunTime:0.000188s ]
[ sql ] [ SQL ] SHOW COLUMNS FROM `wb_user_grade` [ RunTime:0.000398s ]
[ sql ] [ SQL ] SELECT `name` FROM `wb_user_grade` WHERE  `id` = 1 LIMIT 1 [ RunTime:0.000175s ]
[ sql ] [ SQL ] SELECT `name` FROM `wb_user_grade` WHERE  `id` = 2 LIMIT 1 [ RunTime:0.000115s ]
[ sql ] [ SQL ] SELECT `name` FROM `wb_user_grade` WHERE  `id` = 3 LIMIT 1 [ RunTime:0.000092s ]
[ sql ] [ SQL ] SELECT `name` FROM `wb_user_grade` WHERE  `id` = 4 LIMIT 1 [ RunTime:0.000070s ]
[ sql ] [ SQL ] SELECT `name` FROM `wb_user_grade` WHERE  `id` = 5 LIMIT 1 [ RunTime:0.000103s ]
[ sql ] [ SQL ] SELECT `p`.`id`,`g`.`marketable` FROM `wb_products` `p` INNER JOIN `wb_goods` `g` ON `g`.`id`=`p`.`goods_id` WHERE  `p`.`id` = '3' LIMIT 1 [ RunTime:0.000178s ]
[ sql ] [ SQL ] SELECT `goods_id` FROM `wb_products` WHERE  `id` = 3 LIMIT 1 [ RunTime:0.000168s ]
[ sql ] [ SQL ] SELECT `weight` FROM `wb_goods` WHERE  `id` = 2 LIMIT 1 [ RunTime:0.000157s ]
[ sql ] [ SQL ] SHOW COLUMNS FROM `wb_goods_collection` [ RunTime:0.000517s ]
[ sql ] [ SQL ] SELECT * FROM `wb_goods_collection` WHERE  `user_id` = 1  AND `goods_id` = 2 LIMIT 1 [ RunTime:0.000271s ]
[ sql ] [ SQL ] SHOW COLUMNS FROM `wb_promotion` [ RunTime:0.000367s ]
[ sql ] [ SQL ] SELECT * FROM `wb_promotion` WHERE (  `status` = 1  AND `stime` < 1775025639  AND `etime` > 1775025639  AND `type` = 1 ) AND `wb_promotion`.`isdel` IS NULL ORDER BY `sort` ASC [ RunTime:0.000193s ]
[ sql ] [ SQL ] SHOW COLUMNS FROM `wb_ship` [ RunTime:0.000934s ]
[ sql ] [ SQL ] SELECT * FROM `wb_ship` WHERE  `status` = 1  AND `type` = 2  AND (  FIND_IN_SET('150525',area_fee)  ) LIMIT 1 [ RunTime:0.000160s ]
[ sql ] [ SQL ] SELECT * FROM `wb_ship` WHERE  `is_def` = 1  AND `status` = 1 LIMIT 1 [ RunTime:0.000095s ]
[ sql ] [ SQL ] SELECT * FROM `wb_ship` WHERE  `status` = 1 LIMIT 1 [ RunTime:0.000082s ]
---------------------------------------------------------------
[2026-04-01T14:40:40+08:00] 127.0.0.1 POST www.jiwankang.com/api.html
[运行时间：0.031254s] [吞吐率：32.00req/s] [内存消耗：4,758.41kb] [文件加载：103]
[ info ] [ LANG ] E:\wwwroot\2026\04\jiwankang\thinkphp\lang\zh-cn.php
[ info ] [ ROUTE ] array (
)
[ info ] [ HEADER ] array (
  'referer' => 'http://localhost:8080/',
  'origin' => 'http://localhost:8080',
  'content-type' => 'application/json',
  'accept-language' => 'zh-CN,zh;q=0.9',
  'accept-encoding' => 'gzip, deflate',
  'accept' => 'application/json',
  'content-length' => '96',
  'user-agent' => 'Mozilla/5.0 (iPhone; CPU iPhone OS 18_5 like Mac OS X) AppleWebKit/605.1.15 (KHTML, like Gecko) Version/18.5 Mobile/15E148 Safari/604.1',
  'host' => 'www.jiwankang.com',
)
[ info ] [ PARAM ] array (
  'order_money' => '998.00',
  'token' => 'c44ff269142cc0000a5aab51e13546e0',
  'method' => 'user.getuserpoint',
)
[ info ] [ DB ] INIT mysql
[ sql ] [ DB ] CONNECT:[ UseTime:0.000928s ] mysql:host=127.0.0.1;port=3306;dbname=jiwankang;charset=utf8mb4
[ sql ] [ SQL ] SHOW COLUMNS FROM `wb_user` [ RunTime:0.001047s ]
[ sql ] [ SQL ] SELECT * FROM `wb_user` WHERE (  `id` = 1 ) AND `wb_user`.`isdel` IS NULL LIMIT 1 [ RunTime:0.000280s ]
[ sql ] [ SQL ] SHOW COLUMNS FROM `wb_setting` [ RunTime:0.000340s ]
[ sql ] [ SQL ] SELECT * FROM `wb_setting` WHERE  `skey` = 'language' LIMIT 1 [ RunTime:0.000114s ]
[ sql ] [ SQL ] SELECT * FROM `wb_setting` WHERE  `skey` = 'language' LIMIT 1 [ RunTime:0.000083s ]
[ sql ] [ SQL ] SELECT * FROM `wb_setting` WHERE  `skey` = 'point_switch' LIMIT 1 [ RunTime:0.000077s ]
[ sql ] [ SQL ] SELECT `point` FROM `wb_user` WHERE (  `id` = 1 ) AND `wb_user`.`isdel` IS NULL LIMIT 1 [ RunTime:0.000095s ]
[ sql ] [ SQL ] SELECT * FROM `wb_setting` WHERE  `skey` = 'orders_point_proportion' LIMIT 1 [ RunTime:0.000075s ]
[ sql ] [ SQL ] SELECT * FROM `wb_setting` WHERE  `skey` = 'point_discounted_proportion' LIMIT 1 [ RunTime:0.000070s ]
---------------------------------------------------------------
[2026-04-01T14:40:43+08:00] 127.0.0.1 POST www.jiwankang.com/api.html
[运行时间：0.070505s] [吞吐率：14.18req/s] [内存消耗：5,999.34kb] [文件加载：121]
[ info ] [ LANG ] E:\wwwroot\2026\04\jiwankang\thinkphp\lang\zh-cn.php
[ info ] [ ROUTE ] array (
)
[ info ] [ HEADER ] array (
  'referer' => 'http://localhost:8080/',
  'origin' => 'http://localhost:8080',
  'content-type' => 'application/json',
  'accept-language' => 'zh-CN,zh;q=0.9',
  'accept-encoding' => 'gzip, deflate',
  'accept' => 'application/json',
  'content-length' => '233',
  'user-agent' => 'Mozilla/5.0 (iPhone; CPU iPhone OS 18_5 like Mac OS X) AppleWebKit/605.1.15 (KHTML, like Gecko) Version/18.5 Mobile/15E148 Safari/604.1',
  'host' => 'www.jiwankang.com',
)
[ info ] [ PARAM ] array (
  'cart_ids' => '4',
  'memo' => '',
  'point' => 0,
  'receipt_type' => '1',
  'coupon_code' => '',
  'tax_type' => '1',
  'tax_name' => '不开发票',
  'tax_code' => '',
  'source' => '2',
  'uship_id' => '1',
  'area_id' => '150525',
  'token' => 'c44ff269142cc0000a5aab51e13546e0',
  'method' => 'order.create',
)
[ info ] [ DB ] INIT mysql
[ sql ] [ DB ] CONNECT:[ UseTime:0.000734s ] mysql:host=127.0.0.1;port=3306;dbname=jiwankang;charset=utf8mb4
[ sql ] [ SQL ] SHOW COLUMNS FROM `wb_user` [ RunTime:0.000594s ]
[ sql ] [ SQL ] SELECT * FROM `wb_user` WHERE (  `id` = 1 ) AND `wb_user`.`isdel` IS NULL LIMIT 1 [ RunTime:0.000303s ]
[ sql ] [ SQL ] SHOW COLUMNS FROM `wb_user_ship` [ RunTime:0.001345s ]
[ sql ] [ SQL ] SELECT * FROM `wb_user_ship` WHERE  `id` = 1  AND `user_id` = 1 LIMIT 1 [ RunTime:0.000310s ]
[ sql ] [ SQL ] SHOW COLUMNS FROM `wb_ship` [ RunTime:0.001005s ]
[ sql ] [ SQL ] SELECT * FROM `wb_ship` WHERE  `status` = 1  AND `area_fee` LIKE '%\\\\\"150525\\\\\"%'  AND `type` = 2 LIMIT 1 [ RunTime:0.000241s ]
[ sql ] [ SQL ] SELECT * FROM `wb_ship` WHERE  `is_def` = 1  AND `status` = 1 LIMIT 1 [ RunTime:0.000136s ]
[ sql ] [ SQL ] SELECT * FROM `wb_ship` WHERE  `status` = 1 LIMIT 1 [ RunTime:0.000095s ]
[ sql ] [ SQL ] SHOW COLUMNS FROM `wb_cart` [ RunTime:0.000305s ]
[ sql ] [ SQL ] SELECT * FROM `wb_cart` WHERE  `user_id` = 1  AND `type` = 1  AND `id` IN (4) [ RunTime:0.000122s ]
[ sql ] [ SQL ] SHOW COLUMNS FROM `wb_products` [ RunTime:0.000323s ]
[ sql ] [ SQL ] SELECT * FROM `wb_products` WHERE  `id` = 3 LIMIT 1 [ RunTime:0.000191s ]
[ sql ] [ SQL ] SHOW COLUMNS FROM `wb_goods` [ RunTime:0.000426s ]
[ sql ] [ SQL ] SELECT `name`,`image_id`,`bn`,`marketable`,`spes_desc`,`is_combo`,`point`,`open_point` FROM `wb_goods` WHERE  `id` = 2 LIMIT 1 [ RunTime:0.000164s ]
[ sql ] [ SQL ] SELECT `grade` FROM `wb_user` WHERE (  `id` = 1 ) AND `wb_user`.`isdel` IS NULL LIMIT 1 [ RunTime:0.000124s ]
[ sql ] [ SQL ] SHOW COLUMNS FROM `wb_setting` [ RunTime:0.000257s ]
[ sql ] [ SQL ] SELECT * FROM `wb_setting` WHERE  `skey` = 'language' LIMIT 1 [ RunTime:0.000097s ]
[ sql ] [ SQL ] SELECT * FROM `wb_setting` WHERE  `skey` = 'language' LIMIT 1 [ RunTime:0.000075s ]
[ sql ] [ SQL ] SHOW COLUMNS FROM `wb_goods_grade` [ RunTime:0.000212s ]
[ sql ] [ SQL ] SELECT * FROM `wb_goods_grade` WHERE  `goods_id` = 2 [ RunTime:0.000114s ]
[ sql ] [ SQL ] SHOW COLUMNS FROM `wb_user_grade` [ RunTime:0.000239s ]
[ sql ] [ SQL ] SELECT `name` FROM `wb_user_grade` WHERE  `id` = 1 LIMIT 1 [ RunTime:0.000096s ]
[ sql ] [ SQL ] SELECT `name` FROM `wb_user_grade` WHERE  `id` = 2 LIMIT 1 [ RunTime:0.000073s ]
[ sql ] [ SQL ] SELECT `name` FROM `wb_user_grade` WHERE  `id` = 3 LIMIT 1 [ RunTime:0.000067s ]
[ sql ] [ SQL ] SELECT `name` FROM `wb_user_grade` WHERE  `id` = 4 LIMIT 1 [ RunTime:0.000066s ]
[ sql ] [ SQL ] SELECT `name` FROM `wb_user_grade` WHERE  `id` = 5 LIMIT 1 [ RunTime:0.000066s ]
[ sql ] [ SQL ] SELECT `p`.`id`,`g`.`marketable` FROM `wb_products` `p` INNER JOIN `wb_goods` `g` ON `g`.`id`=`p`.`goods_id` WHERE  `p`.`id` = '3' LIMIT 1 [ RunTime:0.000105s ]
[ sql ] [ SQL ] SELECT `goods_id` FROM `wb_products` WHERE  `id` = 3 LIMIT 1 [ RunTime:0.000076s ]
[ sql ] [ SQL ] SELECT `weight` FROM `wb_goods` WHERE  `id` = 2 LIMIT 1 [ RunTime:0.000071s ]
[ sql ] [ SQL ] SHOW COLUMNS FROM `wb_goods_collection` [ RunTime:0.000239s ]
[ sql ] [ SQL ] SELECT * FROM `wb_goods_collection` WHERE  `user_id` = 1  AND `goods_id` = 2 LIMIT 1 [ RunTime:0.000114s ]
[ sql ] [ SQL ] SHOW COLUMNS FROM `wb_promotion` [ RunTime:0.000248s ]
[ sql ] [ SQL ] SELECT * FROM `wb_promotion` WHERE (  `status` = 1  AND `stime` < 1775025642  AND `etime` > 1775025642  AND `type` = 1 ) AND `wb_promotion`.`isdel` IS NULL ORDER BY `sort` ASC [ RunTime:0.000161s ]
[ sql ] [ SQL ] SELECT * FROM `wb_ship` WHERE  `status` = 1  AND `type` = 2  AND (  FIND_IN_SET('150525',area_fee)  ) LIMIT 1 [ RunTime:0.000128s ]
[ sql ] [ SQL ] SELECT * FROM `wb_ship` WHERE  `is_def` = 1  AND `status` = 1 LIMIT 1 [ RunTime:0.000092s ]
[ sql ] [ SQL ] SELECT * FROM `wb_ship` WHERE  `status` = 1 LIMIT 1 [ RunTime:0.000085s ]
[ sql ] [ SQL ] SHOW COLUMNS FROM `wb_order` [ RunTime:0.000862s ]
[ sql ] [ SQL ] INSERT INTO `wb_order` (`order_id` , `user_id` , `order_type` , `ship_area_id` , `ship_address` , `ship_name` , `ship_mobile` , `logistics_id` , `logistics_name` , `store_id` , `goods_amount` , `order_amount` , `cost_freight` , `promotion_list` , `point` , `point_money` , `weight` , `order_pmt` , `goods_pmt` , `coupon_pmt` , `coupon` , `ip` , `memo` , `source` , `tax_type` , `tax_title` , `tax_code` , `ctime` , `utime`) VALUES ('S04011440425714' , 1 , 1 , 150525 , '撒防守打法撒旦法' , '夏赟浩' , '18919660526' , NULL , NULL , 0 , 998 , 998 , 0 , '[]' , 0 , 0 , 0 , 0 , 0 , 0 , '[]' , '127.0.0.1' , '' , 2 , 1 , '不开发票' , '' , 1775025642 , 1775025642) [ RunTime:0.000177s ]
[ sql ] [ SQL ] SELECT * FROM `wb_setting` WHERE  `skey` = 'language' LIMIT 1 [ RunTime:0.000096s ]
[ sql ] [ SQL ] SELECT * FROM `wb_setting` WHERE  `skey` = 'language' LIMIT 1 [ RunTime:0.000071s ]
[ sql ] [ SQL ] SELECT `goods_id` FROM `wb_products` WHERE  `id` = 3 LIMIT 1 [ RunTime:0.000076s ]
[ sql ] [ SQL ] UPDATE `wb_goods`  SET `buy_count` = `buy_count` + 1  WHERE  `id` = 2 [ RunTime:0.000273s ]
[ sql ] [ SQL ] UPDATE `wb_products`  SET `freeze_stock` = `freeze_stock` + 1  WHERE  `id` = 3  AND (  IF(stock < freeze_stock, 0, stock - freeze_stock)-1>=0 ) [ RunTime:0.000382s ]
[ sql ] [ SQL ] SHOW COLUMNS FROM `wb_order_items` [ RunTime:0.000875s ]
[ sql ] [ SQL ] INSERT INTO `wb_order_items` (`order_id` , `goods_id` , `product_id` , `sn` , `bn` , `name` , `price` , `costprice` , `mktprice` , `image_url` , `nums` , `amount` , `promotion_amount` , `weight` , `sendnums` , `addon` , `cate_id` , `promotion_list` , `ave_price` , `ave_amount` , `utime`) VALUES ('S04011440425714' , 2 , 3 , 'P7748594377925' , 'G7748594377885' , '济丸康' , 998 , 0 , 0 , 'http://www.jiwankang.com/static/uploads/images/2026/03/30/177485734869ca2c8422846.png' , 1 , 998 , 0 , 0 , 0 , NULL , 2 , '[]' , 998 , 998 , 1775025642) [ RunTime:0.000150s ]
[ sql ] [ SQL ] DELETE FROM `wb_cart` WHERE  `user_id` = 1  AND `id` IN (4)  AND `type` = 1 [ RunTime:0.001823s ]
[ sql ] [ SQL ] SHOW COLUMNS FROM `wb_order_log` [ RunTime:0.003775s ]
[ sql ] [ SQL ] INSERT INTO `wb_order_log` (`order_id` , `user_id` , `type` , `msg` , `data` , `ctime`) VALUES ('S04011440425714' , 1 , 1 , '订单创建' , '{\"order_id\":\"S04011440425714\",\"user_id\":1,\"order_type\":\"1\",\"ship_area_id\":150525,\"ship_address\":\"\\u6492\\u9632\\u5b88\\u6253\\u6cd5\\u6492\\u65e6\\u6cd5\",\"ship_name\":\"\\u590f\\u8d5f\\u6d69\",\"ship_mobile\":\"18919660526\",\"logistics_id\":null,\"logistics_name\":null,\"store_id\":0,\"goods_amount\":\"998.00\",\"order_amount\":\"998.00\",\"cost_freight\":\"0.00\",\"promotion_list\":\"[]\",\"point\":0,\"point_money\":0,\"weight\":\"0.00\",\"order_pmt\":0,\"goods_pmt\":\"0.00\",\"coupon_pmt\":0,\"coupon\":\"[]\",\"ip\":\"127.0.0.1\",\"memo\":\"\",\"source\":\"2\",\"tax_type\":\"1\",\"tax_title\":\"\\u4e0d\\u5f00\\u53d1\\u7968\",\"tax_code\":\"\"}' , 1775025642) [ RunTime:0.001705s ]
[ sql ] [ SQL ] SELECT * FROM `wb_ship` WHERE  `id` IS NULL LIMIT 1 [ RunTime:0.000137s ]
[ sql ] [ SQL ] SHOW COLUMNS FROM `wb_area` [ RunTime:0.000800s ]
[ sql ] [ SQL ] SELECT `id`,`name`,`parent_id`,`postal_code` FROM `wb_area` WHERE  `id` = 150525 LIMIT 1 [ RunTime:0.000121s ]
[ sql ] [ SQL ] SELECT `id`,`name`,`parent_id`,`postal_code` FROM `wb_area` WHERE  `parent_id` = 150500 [ RunTime:0.000646s ]
[ sql ] [ SQL ] SELECT `id`,`name`,`parent_id`,`postal_code` FROM `wb_area` WHERE  `id` = 150500 LIMIT 1 [ RunTime:0.000082s ]
[ sql ] [ SQL ] SELECT `id`,`name`,`parent_id`,`postal_code` FROM `wb_area` WHERE  `parent_id` = 150000 [ RunTime:0.000635s ]
[ sql ] [ SQL ] SELECT `id`,`name`,`parent_id`,`postal_code` FROM `wb_area` WHERE  `id` = 150000 LIMIT 1 [ RunTime:0.000076s ]
[ sql ] [ SQL ] SELECT `id`,`name`,`parent_id`,`postal_code` FROM `wb_area` WHERE  `parent_id` = 0 [ RunTime:0.000647s ]
[ sql ] [ SQL ] SHOW COLUMNS FROM `wb_message_center` [ RunTime:0.000937s ]
[ sql ] [ SQL ] SELECT * FROM `wb_message_center` WHERE  `code` = 'create_order' LIMIT 1 [ RunTime:0.000130s ]
[ sql ] [ SQL ] SHOW COLUMNS FROM `wb_message` [ RunTime:0.000744s ]
[ sql ] [ SQL ] INSERT INTO `wb_message` (`user_id` , `code` , `params` , `content` , `ctime` , `utime`) VALUES (1 , 'create_order' , '{\"order_id\":\"S04011440425714\",\"user_id\":1,\"order_type\":\"1\",\"ship_area_id\":150525,\"ship_address\":\"\\u6492\\u9632\\u5b88\\u6253\\u6cd5\\u6492\\u65e6\\u6cd5\",\"ship_name\":\"\\u590f\\u8d5f\\u6d69\",\"ship_mobile\":\"18919660526\",\"logistics_id\":null,\"logistics_name\":null,\"store_id\":0,\"goods_amount\":\"998.00\",\"order_amount\":\"998.00\",\"cost_freight\":\"0.00\",\"promotion_list\":\"[]\",\"point\":0,\"point_money\":0,\"weight\":\"0.00\",\"order_pmt\":0,\"goods_pmt\":\"0.00\",\"coupon_pmt\":0,\"coupon\":\"[]\",\"ip\":\"127.0.0.1\",\"memo\":\"\",\"source\":\"2\",\"tax_type\":\"1\",\"tax_title\":\"\\u4e0d\\u5f00\\u53d1\\u7968\",\"tax_code\":\"\",\"tax_content\":\"\\u5546\\u54c1\\u660e\\u7ec6\",\"ship_id\":null,\"ship_addr\":\"\\u5185\\u8499\\u53e4\\u81ea\\u6cbb\\u533a \\u901a\\u8fbd\\u5e02 \\u5948\\u66fc\\u65d7 \\u6492\\u9632\\u5b88\\u6253\\u6cd5\\u6492\\u65e6\\u6cd5\",\"form_id\":\"\"}' , '订单创建成功。' , 1775025643 , 1775025643) [ RunTime:0.000575s ]
---------------------------------------------------------------
[2026-04-01T14:40:43+08:00] 127.0.0.1 POST www.jiwankang.com/api.html
[运行时间：0.032860s] [吞吐率：30.43req/s] [内存消耗：4,245.58kb] [文件加载：101]
[ info ] [ LANG ] E:\wwwroot\2026\04\jiwankang\thinkphp\lang\zh-cn.php
[ info ] [ ROUTE ] array (
)
[ info ] [ HEADER ] array (
  'referer' => 'http://localhost:8080/',
  'origin' => 'http://localhost:8080',
  'content-type' => 'application/json',
  'accept-language' => 'zh-CN,zh;q=0.9',
  'accept-encoding' => 'gzip, deflate',
  'accept' => 'application/json',
  'content-length' => '41',
  'user-agent' => 'Mozilla/5.0 (iPhone; CPU iPhone OS 18_5 like Mac OS X) AppleWebKit/605.1.15 (KHTML, like Gecko) Version/18.5 Mobile/15E148 Safari/604.1',
  'host' => 'www.jiwankang.com',
)
[ info ] [ PARAM ] array (
  'exp' => false,
  'method' => 'payments.getlist',
)
[ info ] [ DB ] INIT mysql
[ sql ] [ DB ] CONNECT:[ UseTime:0.000898s ] mysql:host=127.0.0.1;port=3306;dbname=jiwankang;charset=utf8mb4
[ sql ] [ SQL ] SHOW COLUMNS FROM `wb_payments` [ RunTime:0.002092s ]
[ sql ] [ SQL ] SELECT `code`,`name`,`sort`,`memo`,`status`,`is_online` FROM `wb_payments` WHERE  `status` = 1 ORDER BY `sort` ASC [ RunTime:0.000418s ]
---------------------------------------------------------------
[2026-04-01T14:40:43+08:00] 127.0.0.1 POST www.jiwankang.com/api.html
[运行时间：0.034080s] [吞吐率：29.34req/s] [内存消耗：4,636.20kb] [文件加载：101]
[ info ] [ LANG ] E:\wwwroot\2026\04\jiwankang\thinkphp\lang\zh-cn.php
[ info ] [ ROUTE ] array (
)
[ info ] [ HEADER ] array (
  'referer' => 'http://localhost:8080/',
  'origin' => 'http://localhost:8080',
  'content-type' => 'application/json',
  'accept-language' => 'zh-CN,zh;q=0.9',
  'accept-encoding' => 'gzip, deflate',
  'accept' => 'application/json',
  'content-length' => '114',
  'user-agent' => 'Mozilla/5.0 (iPhone; CPU iPhone OS 18_5 like Mac OS X) AppleWebKit/605.1.15 (KHTML, like Gecko) Version/18.5 Mobile/15E148 Safari/604.1',
  'host' => 'www.jiwankang.com',
)
[ info ] [ PARAM ] array (
  'ids' => 'S04011440425714',
  'payment_type' => '1',
  'token' => 'c44ff269142cc0000a5aab51e13546e0',
  'method' => 'payments.checkpay',
)
[ info ] [ DB ] INIT mysql
[ sql ] [ DB ] CONNECT:[ UseTime:0.000928s ] mysql:host=127.0.0.1;port=3306;dbname=jiwankang;charset=utf8mb4
[ sql ] [ SQL ] SHOW COLUMNS FROM `wb_order` [ RunTime:0.001290s ]
[ sql ] [ SQL ] SELECT * FROM `wb_order` WHERE (  `order_id` = 'S04011440425714'  AND `pay_status` = 1  AND `status` = 1 ) AND `wb_order`.`isdel` IS NULL LIMIT 1 [ RunTime:0.000375s ]
---------------------------------------------------------------
[2026-04-01T14:40:44+08:00] 127.0.0.1 POST www.jiwankang.com/api.html
[运行时间：0.064700s] [吞吐率：15.46req/s] [内存消耗：5,749.20kb] [文件加载：125]
[ info ] [ LANG ] E:\wwwroot\2026\04\jiwankang\thinkphp\lang\zh-cn.php
[ info ] [ ROUTE ] array (
)
[ info ] [ HEADER ] array (
  'referer' => 'http://localhost:8080/',
  'origin' => 'http://localhost:8080',
  'content-type' => 'application/json',
  'accept-language' => 'zh-CN,zh;q=0.9',
  'accept-encoding' => 'gzip, deflate',
  'accept' => 'application/json',
  'content-length' => '133',
  'user-agent' => 'Mozilla/5.0 (iPhone; CPU iPhone OS 18_5 like Mac OS X) AppleWebKit/605.1.15 (KHTML, like Gecko) Version/18.5 Mobile/15E148 Safari/604.1',
  'host' => 'www.jiwankang.com',
)
[ info ] [ PARAM ] array (
  'payment_code' => 'balancepay',
  'payment_type' => '1',
  'ids' => 'S04011440425714',
  'token' => 'c44ff269142cc0000a5aab51e13546e0',
  'method' => 'user.pay',
)
[ info ] [ DB ] INIT mysql
[ sql ] [ DB ] CONNECT:[ UseTime:0.000746s ] mysql:host=127.0.0.1;port=3306;dbname=jiwankang;charset=utf8mb4
[ sql ] [ SQL ] SHOW COLUMNS FROM `wb_user` [ RunTime:0.000585s ]
[ sql ] [ SQL ] SELECT * FROM `wb_user` WHERE (  `id` = 1 ) AND `wb_user`.`isdel` IS NULL LIMIT 1 [ RunTime:0.000198s ]
[ sql ] [ SQL ] SHOW COLUMNS FROM `wb_order` [ RunTime:0.000411s ]
[ sql ] [ SQL ] SELECT `pay_status` FROM `wb_order` WHERE (  `order_id` = 'S04011440425714' ) AND `wb_order`.`isdel` IS NULL LIMIT 1 [ RunTime:0.000132s ]
[ sql ] [ SQL ] SHOW COLUMNS FROM `wb_payments` [ RunTime:0.000827s ]
[ sql ] [ SQL ] SELECT * FROM `wb_payments` WHERE  `code` = 'balancepay'  AND `status` = 1 LIMIT 1 [ RunTime:0.000165s ]
[ sql ] [ SQL ] SELECT * FROM `wb_payments` WHERE  `code` = 'balancepay'  AND `status` = 1 LIMIT 1 [ RunTime:0.000111s ]
[ sql ] [ SQL ] SELECT * FROM `wb_order` WHERE (  `order_id` = 'S04011440425714'  AND `pay_status` = 1  AND `status` = 1 ) AND `wb_order`.`isdel` IS NULL LIMIT 1 [ RunTime:0.000167s ]
[ sql ] [ SQL ] SHOW COLUMNS FROM `wb_bill_payments` [ RunTime:0.000754s ]
[ sql ] [ SQL ] INSERT INTO `wb_bill_payments` (`payment_id` , `money` , `user_id` , `type` , `payment_code` , `ip` , `params` , `ctime` , `utime`) VALUES ('27750256445114' , 998 , 1 , 1 , 'balancepay' , '127.0.0.1' , '[]' , 1775025644 , 1775025644) [ RunTime:0.000134s ]
[ sql ] [ SQL ] SHOW COLUMNS FROM `wb_bill_payments_rel` [ RunTime:0.000688s ]
[ sql ] [ SQL ] INSERT INTO `wb_bill_payments_rel` (`payment_id` , `source_id` , `money`) VALUES ('27750256445114' , 'S04011440425714' , 998) [ RunTime:0.000180s ]
[ sql ] [ SQL ] SHOW COLUMNS FROM `wb_order_items` [ RunTime:0.001225s ]
[ sql ] [ SQL ] SELECT * FROM `wb_order_items` WHERE  `order_id` = 'S04011440425714' LIMIT 1 [ RunTime:0.000217s ]
[ sql ] [ SQL ] SELECT * FROM `wb_user` WHERE (  `id` = 1 ) AND `wb_user`.`isdel` IS NULL LIMIT 1 [ RunTime:0.000170s ]
[ sql ] [ SQL ] SHOW COLUMNS FROM `wb_balance` [ RunTime:0.000796s ]
[ sql ] [ SQL ] INSERT INTO `wb_balance` (`user_id` , `type` , `money` , `balance` , `source_id` , `memo` , `ctime`) VALUES (1 , 1 , -998 , 6026 , '27750256445114' , '消费了998元' , 1775025644) [ RunTime:0.000126s ]
[ sql ] [ SQL ] UPDATE `wb_user`  SET `balance` = 6026 , `utime` = 1775025644  WHERE (  `id` = 1 ) AND `wb_user`.`isdel` IS NULL [ RunTime:0.000135s ]
[ sql ] [ SQL ] SELECT * FROM `wb_bill_payments` WHERE  `payment_id` = '27750256445114' LIMIT 1 [ RunTime:0.000207s ]
[ sql ] [ SQL ] SELECT * FROM `wb_bill_payments` WHERE  `payment_id` = '27750256445114'  AND `money` = 998  AND `status` <> 2 LIMIT 1 [ RunTime:0.000180s ]
[ sql ] [ SQL ] UPDATE `wb_bill_payments`  SET `status` = 2 , `payment_code` = 'balancepay' , `payed_msg` = NULL , `trade_no` = NULL , `utime` = 1775025644  WHERE  `payment_id` = '27750256445114'  AND `money` = 998  AND `status` <> 2 [ RunTime:0.000164s ]
[ sql ] [ SQL ] SELECT * FROM `wb_bill_payments_rel` WHERE  `payment_id` = '27750256445114' [ RunTime:0.000113s ]
[ sql ] [ SQL ] SHOW COLUMNS FROM `wb_setting` [ RunTime:0.000266s ]
[ sql ] [ SQL ] SELECT * FROM `wb_setting` WHERE  `skey` = 'language' LIMIT 1 [ RunTime:0.000098s ]
[ sql ] [ SQL ] SELECT * FROM `wb_setting` WHERE  `skey` = 'language' LIMIT 1 [ RunTime:0.000074s ]
[ sql ] [ SQL ] SELECT * FROM `wb_order` WHERE (  `order_id` = 'S04011440425714'  AND `status` = 1 ) AND `wb_order`.`isdel` IS NULL LIMIT 1 [ RunTime:0.000160s ]
[ sql ] [ SQL ] UPDATE `wb_order`  SET `payment_code` = 'balancepay' , `payed` = 998 , `pay_status` = 2 , `payment_time` = 1775025644  WHERE (  `order_id` = 'S04011440425714' ) AND `wb_order`.`isdel` IS NULL [ RunTime:0.000154s ]
[ sql ] [ SQL ] SELECT * FROM `wb_setting` WHERE  `skey` = 'order_butie' LIMIT 1 [ RunTime:0.000113s ]
[ sql ] [ SQL ] SELECT * FROM `wb_order_items` WHERE  `order_id` = 'S04011440425714' [ RunTime:0.000171s ]
[ sql ] [ SQL ] SHOW COLUMNS FROM `wb_money` [ RunTime:0.003300s ]
[ sql ] [ SQL ] SELECT `money` FROM `wb_money` WHERE  `type` = 1 LIMIT 1 [ RunTime:0.000236s ]
[ sql ] [ SQL ] SELECT * FROM `wb_money` WHERE  `type` = 1 LIMIT 1 [ RunTime:0.000238s ]
[ sql ] [ SQL ] UPDATE `wb_money`  SET `money` = 5968 , `utime` = 1775025644  WHERE  `id` = 1 [ RunTime:0.000290s ]
[ sql ] [ SQL ] SHOW COLUMNS FROM `wb_money_log` [ RunTime:0.000455s ]
[ sql ] [ SQL ] INSERT INTO `wb_money_log` (`money` , `flow_type` , `source_id` , `balance` , `ctime` , `utime`) VALUES (249.5 , 1 , 'S04011440425714' , 5968 , 1775025644 , 1775025644) [ RunTime:0.000151s ]
[ sql ] [ SQL ] SELECT `mobile` FROM `wb_user` WHERE (  `id` = 1 ) AND `wb_user`.`isdel` IS NULL LIMIT 1 [ RunTime:0.000115s ]
[ sql ] [ SQL ] SHOW COLUMNS FROM `wb_message_center` [ RunTime:0.000266s ]
[ sql ] [ SQL ] SELECT * FROM `wb_message_center` WHERE  `code` = 'order_payed' LIMIT 1 [ RunTime:0.000106s ]
[ sql ] [ SQL ] SHOW COLUMNS FROM `wb_message` [ RunTime:0.000357s ]
[ sql ] [ SQL ] INSERT INTO `wb_message` (`user_id` , `code` , `params` , `content` , `ctime` , `utime`) VALUES (1 , 'order_payed' , '{\"order_id\":\"S04011440425714\",\"goods_amount\":\"998.00\",\"payed\":\"0.00\",\"order_amount\":\"998.00\",\"pay_status\":1,\"ship_status\":1,\"status\":1,\"order_type\":1,\"payment_code\":null,\"payment_time\":null,\"logistics_id\":null,\"logistics_name\":null,\"cost_freight\":\"0.00\",\"user_id\":1,\"seller_id\":null,\"confirm\":1,\"confirm_time\":null,\"store_id\":0,\"ship_area_id\":150525,\"ship_address\":\"\\u6492\\u9632\\u5b88\\u6253\\u6cd5\\u6492\\u65e6\\u6cd5\",\"ship_name\":\"\\u590f\\u8d5f\\u6d69\",\"ship_mobile\":\"18919660526\",\"weight\":0,\"tax_type\":1,\"tax_code\":\"\",\"tax_title\":\"\\u4e0d\\u5f00\\u53d1\\u7968\",\"point\":0,\"point_money\":\"0.00\",\"order_pmt\":\"0.00\",\"goods_pmt\":\"0.00\",\"coupon_pmt\":\"0.00\",\"coupon\":\"[]\",\"promotion_list\":\"[]\",\"memo\":\"\",\"ip\":\"127.0.0.1\",\"mark\":null,\"source\":2,\"is_comment\":1,\"ctime\":1775025642,\"utime\":1775025642,\"isdel\":null,\"pay_time\":\"2026-04-01 14:40:44\",\"money\":\"998.00\",\"user_name\":\"18919660526\"}' , '恭喜您，订单支付成功,祝您购物愉快。' , 1775025644 , 1775025644) [ RunTime:0.000142s ]
[ sql ] [ SQL ] SELECT * FROM `wb_message_center` WHERE  `code` = 'seller_order_notice' LIMIT 1 [ RunTime:0.000104s ]
[ sql ] [ SQL ] SELECT `mobile` FROM `wb_user` WHERE (  `id` = 1 ) AND `wb_user`.`isdel` IS NULL LIMIT 1 [ RunTime:0.000095s ]
[ sql ] [ SQL ] SELECT * FROM `wb_setting` WHERE  `skey` = 'shop_mobile' LIMIT 1 [ RunTime:0.000086s ]
[ sql ] [ SQL ] SELECT * FROM `wb_order` WHERE (  `order_id` = 'S04011440425714' ) AND `wb_order`.`isdel` IS NULL LIMIT 1 [ RunTime:0.000237s ]
[ sql ] [ SQL ] SELECT * FROM `wb_user` WHERE (  `id` = 1 ) AND `wb_user`.`isdel` IS NULL LIMIT 1 [ RunTime:0.000137s ]
[ sql ] [ SQL ] SELECT SUM(`nums`) AS tp_sum FROM `wb_order` `o` INNER JOIN `wb_order_items` `i` ON `i`.`order_id`=`o`.`order_id` WHERE  `o`.`user_id` = '1'  AND `o`.`pay_status` = '2'  AND `i`.`cate_id` = '2'  AND `status` < 3 LIMIT 1 [ RunTime:0.000155s ]
[ sql ] [ SQL ] SELECT * FROM `wb_user` WHERE (  `id` = 1 ) AND `wb_user`.`isdel` IS NULL LIMIT 1 [ RunTime:0.000114s ]
[ sql ] [ SQL ] SHOW COLUMNS FROM `wb_order_log` [ RunTime:0.000293s ]
[ sql ] [ SQL ] INSERT INTO `wb_order_log` (`order_id` , `user_id` , `type` , `msg` , `data` , `ctime`) VALUES ('S04011440425714' , 1 , 2 , '订单支付成功' , '[{\"status\":true,\"data\":1,\"msg\":\"\\u8ba2\\u5355\\u652f\\u4ed8\\u6210\\u529f\"},{\"payment_code\":\"balancepay\",\"payed\":\"998.00\",\"pay_status\":2,\"payment_time\":1775025644}]' , 1775025644) [ RunTime:0.000112s ]
[ error ] [8]未定义数组索引: memo[E:\wwwroot\2026\04\jiwankang\extend\org\payments\balancepay.php:38]
[ error ] [8]未定义数组索引: id[E:\wwwroot\2026\04\jiwankang\extend\org\payments\balancepay.php:38]
[ error ] [8]Object of class app\common\model\User could not be converted to int[E:\wwwroot\2026\04\jiwankang\addons\Userupgrade\Userupgrade.php:96]
---------------------------------------------------------------
[2026-04-01T14:40:45+08:00] 127.0.0.1 OPTIONS www.jiwankang.com/api.html
[运行时间：0.026613s] [吞吐率：37.58req/s] [内存消耗：3,009.21kb] [文件加载：89]
[ info ] [ LANG ] E:\wwwroot\2026\04\jiwankang\thinkphp\lang\zh-cn.php
[ info ] [ ROUTE ] array (
)
[ info ] [ HEADER ] array (
  'sec-fetch-mode' => 'cors',
  'referer' => 'http://localhost:8080/',
  'origin' => 'http://localhost:8080',
  'access-control-request-method' => 'POST',
  'access-control-request-headers' => 'content-type',
  'accept-language' => 'zh-CN,zh;q=0.9',
  'accept-encoding' => 'gzip, deflate',
  'accept' => '*/*',
  'user-agent' => 'Mozilla/5.0 (iPhone; CPU iPhone OS 18_5 like Mac OS X) AppleWebKit/605.1.15 (KHTML, like Gecko) Version/18.5 Mobile/15E148 Safari/604.1',
  'host' => 'www.jiwankang.com',
  'content-length' => '',
  'content-type' => '',
)
[ info ] [ PARAM ] array (
)
---------------------------------------------------------------
[2026-04-01T14:40:45+08:00] 127.0.0.1 POST www.jiwankang.com/api.html
[运行时间：0.030028s] [吞吐率：33.30req/s] [内存消耗：4,721.13kb] [文件加载：107]
[ info ] [ LANG ] E:\wwwroot\2026\04\jiwankang\thinkphp\lang\zh-cn.php
[ info ] [ ROUTE ] array (
)
[ info ] [ HEADER ] array (
  'referer' => 'http://localhost:8080/',
  'origin' => 'http://localhost:8080',
  'content-type' => 'application/json',
  'accept-language' => 'zh-CN,zh;q=0.9',
  'accept-encoding' => 'gzip, deflate',
  'accept' => 'application/json',
  'content-length' => '102',
  'user-agent' => 'Mozilla/5.0 (iPhone; CPU iPhone OS 18_5 like Mac OS X) AppleWebKit/605.1.15 (KHTML, like Gecko) Version/18.5 Mobile/15E148 Safari/604.1',
  'host' => 'www.jiwankang.com',
)
[ info ] [ PARAM ] array (
  'payment_id' => '27750256445114',
  'token' => 'c44ff269142cc0000a5aab51e13546e0',
  'method' => 'payments.getinfo',
)
[ info ] [ DB ] INIT mysql
[ sql ] [ DB ] CONNECT:[ UseTime:0.000737s ] mysql:host=127.0.0.1;port=3306;dbname=jiwankang;charset=utf8mb4
[ sql ] [ SQL ] SHOW COLUMNS FROM `wb_user` [ RunTime:0.000503s ]
[ sql ] [ SQL ] SELECT * FROM `wb_user` WHERE (  `id` = 1 ) AND `wb_user`.`isdel` IS NULL LIMIT 1 [ RunTime:0.000249s ]
[ sql ] [ SQL ] SHOW COLUMNS FROM `wb_bill_payments` [ RunTime:0.001060s ]
[ sql ] [ SQL ] SELECT * FROM `wb_bill_payments` WHERE  `payment_id` = '27750256445114'  AND `user_id` = 1 LIMIT 1 [ RunTime:0.000237s ]
[ sql ] [ SQL ] SHOW COLUMNS FROM `wb_bill_payments_rel` [ RunTime:0.000742s ]
[ sql ] [ SQL ] SELECT * FROM `wb_bill_payments_rel` WHERE  `payment_id` = '27750256445114' [ RunTime:0.000134s ]
---------------------------------------------------------------
[2026-04-01T14:40:46+08:00] 127.0.0.1 POST www.jiwankang.com/api.html
[运行时间：0.048699s] [吞吐率：20.53req/s] [内存消耗：4,820.80kb] [文件加载：107]
[ info ] [ LANG ] E:\wwwroot\2026\04\jiwankang\thinkphp\lang\zh-cn.php
[ info ] [ ROUTE ] array (
)
[ info ] [ HEADER ] array (
  'referer' => 'http://localhost:8080/',
  'origin' => 'http://localhost:8080',
  'content-type' => 'application/json',
  'accept-language' => 'zh-CN,zh;q=0.9',
  'accept-encoding' => 'gzip, deflate',
  'accept' => 'application/json',
  'content-length' => '65',
  'user-agent' => 'Mozilla/5.0 (iPhone; CPU iPhone OS 18_5 like Mac OS X) AppleWebKit/605.1.15 (KHTML, like Gecko) Version/18.5 Mobile/15E148 Safari/604.1',
  'host' => 'www.jiwankang.com',
)
[ info ] [ PARAM ] array (
  'token' => 'c44ff269142cc0000a5aab51e13546e0',
  'method' => 'user.info',
)
[ info ] [ DB ] INIT mysql
[ sql ] [ DB ] CONNECT:[ UseTime:0.009281s ] mysql:host=127.0.0.1;port=3306;dbname=jiwankang;charset=utf8mb4
[ sql ] [ SQL ] SHOW COLUMNS FROM `wb_user` [ RunTime:0.001376s ]
[ sql ] [ SQL ] SELECT * FROM `wb_user` WHERE (  `id` = 1 ) AND `wb_user`.`isdel` IS NULL LIMIT 1 [ RunTime:0.000646s ]
[ sql ] [ SQL ] SELECT `id`,`username`,`mobile`,`sex`,`birthday`,`avatar`,`nickname`,`balance`,`point`,`grade`,`status`,`pid`,`password`,`ctime`,`remarks`,`area_id`,`tiyan`,`num_point`,`exp` FROM `wb_user` WHERE (  `id` = 1 ) AND `wb_user`.`isdel` IS NULL LIMIT 1 [ RunTime:0.001078s ]
[ sql ] [ SQL ] SHOW COLUMNS FROM `wb_user_grade` [ RunTime:0.000933s ]
[ sql ] [ SQL ] SELECT * FROM `wb_user_grade` WHERE  `id` = 2 [ RunTime:0.000374s ]
[ sql ] [ SQL ] SELECT * FROM `wb_user_grade` WHERE  `id` = 2 LIMIT 1 [ RunTime:0.000444s ]
---------------------------------------------------------------
[2026-04-01T14:46:13+08:00] 127.0.0.1 OPTIONS www.jiwankang.com/api.html
[运行时间：0.035487s] [吞吐率：28.18req/s] [内存消耗：3,009.21kb] [文件加载：89]
[ info ] [ LANG ] E:\wwwroot\2026\04\jiwankang\thinkphp\lang\zh-cn.php
[ info ] [ ROUTE ] array (
)
[ info ] [ HEADER ] array (
  'sec-fetch-mode' => 'cors',
  'referer' => 'http://localhost:8080/',
  'origin' => 'http://localhost:8080',
  'access-control-request-method' => 'POST',
  'access-control-request-headers' => 'content-type',
  'accept-language' => 'zh-CN,zh;q=0.9',
  'accept-encoding' => 'gzip, deflate',
  'accept' => '*/*',
  'user-agent' => 'Mozilla/5.0 (iPhone; CPU iPhone OS 18_5 like Mac OS X) AppleWebKit/605.1.15 (KHTML, like Gecko) Version/18.5 Mobile/15E148 Safari/604.1',
  'host' => 'www.jiwankang.com',
  'content-length' => '',
  'content-type' => '',
)
[ info ] [ PARAM ] array (
)
---------------------------------------------------------------
[2026-04-01T14:46:13+08:00] 127.0.0.1 OPTIONS www.jiwankang.com/api.html
[运行时间：0.038089s] [吞吐率：26.25req/s] [内存消耗：3,009.21kb] [文件加载：89]
[ info ] [ LANG ] E:\wwwroot\2026\04\jiwankang\thinkphp\lang\zh-cn.php
[ info ] [ ROUTE ] array (
)
[ info ] [ HEADER ] array (
  'sec-fetch-mode' => 'cors',
  'referer' => 'http://localhost:8080/',
  'origin' => 'http://localhost:8080',
  'access-control-request-method' => 'POST',
  'access-control-request-headers' => 'content-type',
  'accept-language' => 'zh-CN,zh;q=0.9',
  'accept-encoding' => 'gzip, deflate',
  'accept' => '*/*',
  'user-agent' => 'Mozilla/5.0 (iPhone; CPU iPhone OS 18_5 like Mac OS X) AppleWebKit/605.1.15 (KHTML, like Gecko) Version/18.5 Mobile/15E148 Safari/604.1',
  'host' => 'www.jiwankang.com',
  'content-length' => '',
  'content-type' => '',
)
[ info ] [ PARAM ] array (
)
---------------------------------------------------------------
[2026-04-01T14:46:13+08:00] 127.0.0.1 OPTIONS www.jiwankang.com/api.html
[运行时间：0.039531s] [吞吐率：25.30req/s] [内存消耗：3,009.21kb] [文件加载：89]
[ info ] [ LANG ] E:\wwwroot\2026\04\jiwankang\thinkphp\lang\zh-cn.php
[ info ] [ ROUTE ] array (
)
[ info ] [ HEADER ] array (
  'sec-fetch-mode' => 'cors',
  'referer' => 'http://localhost:8080/',
  'origin' => 'http://localhost:8080',
  'access-control-request-method' => 'POST',
  'access-control-request-headers' => 'content-type',
  'accept-language' => 'zh-CN,zh;q=0.9',
  'accept-encoding' => 'gzip, deflate',
  'accept' => '*/*',
  'user-agent' => 'Mozilla/5.0 (iPhone; CPU iPhone OS 18_5 like Mac OS X) AppleWebKit/605.1.15 (KHTML, like Gecko) Version/18.5 Mobile/15E148 Safari/604.1',
  'host' => 'www.jiwankang.com',
  'content-length' => '',
  'content-type' => '',
)
[ info ] [ PARAM ] array (
)
---------------------------------------------------------------
[2026-04-01T14:46:13+08:00] 127.0.0.1 OPTIONS www.jiwankang.com/api.html
[运行时间：0.038783s] [吞吐率：25.78req/s] [内存消耗：3,009.21kb] [文件加载：89]
[ info ] [ LANG ] E:\wwwroot\2026\04\jiwankang\thinkphp\lang\zh-cn.php
[ info ] [ ROUTE ] array (
)
[ info ] [ HEADER ] array (
  'sec-fetch-mode' => 'cors',
  'referer' => 'http://localhost:8080/',
  'origin' => 'http://localhost:8080',
  'access-control-request-method' => 'POST',
  'access-control-request-headers' => 'content-type',
  'accept-language' => 'zh-CN,zh;q=0.9',
  'accept-encoding' => 'gzip, deflate',
  'accept' => '*/*',
  'user-agent' => 'Mozilla/5.0 (iPhone; CPU iPhone OS 18_5 like Mac OS X) AppleWebKit/605.1.15 (KHTML, like Gecko) Version/18.5 Mobile/15E148 Safari/604.1',
  'host' => 'www.jiwankang.com',
  'content-length' => '',
  'content-type' => '',
)
[ info ] [ PARAM ] array (
)
---------------------------------------------------------------
[2026-04-01T14:46:13+08:00] 127.0.0.1 POST www.jiwankang.com/api.html
[运行时间：0.040722s] [吞吐率：24.56req/s] [内存消耗：4,820.80kb] [文件加载：107]
[ info ] [ LANG ] E:\wwwroot\2026\04\jiwankang\thinkphp\lang\zh-cn.php
[ info ] [ ROUTE ] array (
)
[ info ] [ HEADER ] array (
  'referer' => 'http://localhost:8080/',
  'origin' => 'http://localhost:8080',
  'content-type' => 'application/json',
  'accept-language' => 'zh-CN,zh;q=0.9',
  'accept-encoding' => 'gzip, deflate',
  'accept' => 'application/json',
  'content-length' => '65',
  'user-agent' => 'Mozilla/5.0 (iPhone; CPU iPhone OS 18_5 like Mac OS X) AppleWebKit/605.1.15 (KHTML, like Gecko) Version/18.5 Mobile/15E148 Safari/604.1',
  'host' => 'www.jiwankang.com',
)
[ info ] [ PARAM ] array (
  'token' => 'c44ff269142cc0000a5aab51e13546e0',
  'method' => 'user.info',
)
[ info ] [ DB ] INIT mysql
[ sql ] [ DB ] CONNECT:[ UseTime:0.002397s ] mysql:host=127.0.0.1;port=3306;dbname=jiwankang;charset=utf8mb4
[ sql ] [ SQL ] SHOW COLUMNS FROM `wb_user` [ RunTime:0.000960s ]
[ sql ] [ SQL ] SELECT * FROM `wb_user` WHERE (  `id` = 1 ) AND `wb_user`.`isdel` IS NULL LIMIT 1 [ RunTime:0.000333s ]
[ sql ] [ SQL ] SELECT `id`,`username`,`mobile`,`sex`,`birthday`,`avatar`,`nickname`,`balance`,`point`,`grade`,`status`,`pid`,`password`,`ctime`,`remarks`,`area_id`,`tiyan`,`num_point`,`exp` FROM `wb_user` WHERE (  `id` = 1 ) AND `wb_user`.`isdel` IS NULL LIMIT 1 [ RunTime:0.000254s ]
[ sql ] [ SQL ] SHOW COLUMNS FROM `wb_user_grade` [ RunTime:0.000420s ]
[ sql ] [ SQL ] SELECT * FROM `wb_user_grade` WHERE  `id` = 2 [ RunTime:0.000207s ]
[ sql ] [ SQL ] SELECT * FROM `wb_user_grade` WHERE  `id` = 2 LIMIT 1 [ RunTime:0.000198s ]
---------------------------------------------------------------
[2026-04-01T14:46:13+08:00] 127.0.0.1 POST www.jiwankang.com/api.html
[运行时间：0.040863s] [吞吐率：24.47req/s] [内存消耗：4,820.80kb] [文件加载：107]
[ info ] [ LANG ] E:\wwwroot\2026\04\jiwankang\thinkphp\lang\zh-cn.php
[ info ] [ ROUTE ] array (
)
[ info ] [ HEADER ] array (
  'referer' => 'http://localhost:8080/',
  'origin' => 'http://localhost:8080',
  'content-type' => 'application/json',
  'accept-language' => 'zh-CN,zh;q=0.9',
  'accept-encoding' => 'gzip, deflate',
  'accept' => 'application/json',
  'content-length' => '65',
  'user-agent' => 'Mozilla/5.0 (iPhone; CPU iPhone OS 18_5 like Mac OS X) AppleWebKit/605.1.15 (KHTML, like Gecko) Version/18.5 Mobile/15E148 Safari/604.1',
  'host' => 'www.jiwankang.com',
)
[ info ] [ PARAM ] array (
  'token' => 'c44ff269142cc0000a5aab51e13546e0',
  'method' => 'user.info',
)
[ info ] [ DB ] INIT mysql
[ sql ] [ DB ] CONNECT:[ UseTime:0.001983s ] mysql:host=127.0.0.1;port=3306;dbname=jiwankang;charset=utf8mb4
[ sql ] [ SQL ] SHOW COLUMNS FROM `wb_user` [ RunTime:0.000930s ]
[ sql ] [ SQL ] SELECT * FROM `wb_user` WHERE (  `id` = 1 ) AND `wb_user`.`isdel` IS NULL LIMIT 1 [ RunTime:0.000318s ]
[ sql ] [ SQL ] SELECT `id`,`username`,`mobile`,`sex`,`birthday`,`avatar`,`nickname`,`balance`,`point`,`grade`,`status`,`pid`,`password`,`ctime`,`remarks`,`area_id`,`tiyan`,`num_point`,`exp` FROM `wb_user` WHERE (  `id` = 1 ) AND `wb_user`.`isdel` IS NULL LIMIT 1 [ RunTime:0.000286s ]
[ sql ] [ SQL ] SHOW COLUMNS FROM `wb_user_grade` [ RunTime:0.000463s ]
[ sql ] [ SQL ] SELECT * FROM `wb_user_grade` WHERE  `id` = 2 [ RunTime:0.000296s ]
[ sql ] [ SQL ] SELECT * FROM `wb_user_grade` WHERE  `id` = 2 LIMIT 1 [ RunTime:0.000112s ]
---------------------------------------------------------------
[2026-04-01T14:46:13+08:00] 127.0.0.1 POST www.jiwankang.com/api.html
[运行时间：0.049549s] [吞吐率：20.18req/s] [内存消耗：4,830.21kb] [文件加载：107]
[ info ] [ LANG ] E:\wwwroot\2026\04\jiwankang\thinkphp\lang\zh-cn.php
[ info ] [ ROUTE ] array (
)
[ info ] [ HEADER ] array (
  'referer' => 'http://localhost:8080/',
  'origin' => 'http://localhost:8080',
  'content-type' => 'application/json',
  'accept-language' => 'zh-CN,zh;q=0.9',
  'accept-encoding' => 'gzip, deflate',
  'accept' => 'application/json',
  'content-length' => '40',
  'user-agent' => 'Mozilla/5.0 (iPhone; CPU iPhone OS 18_5 like Mac OS X) AppleWebKit/605.1.15 (KHTML, like Gecko) Version/18.5 Mobile/15E148 Safari/604.1',
  'host' => 'www.jiwankang.com',
)
[ info ] [ PARAM ] array (
  'id' => '2',
  'method' => 'goods.getgoodsparams',
)
[ info ] [ DB ] INIT mysql
[ sql ] [ DB ] CONNECT:[ UseTime:0.000870s ] mysql:host=127.0.0.1;port=3306;dbname=jiwankang;charset=utf8mb4
[ sql ] [ SQL ] SHOW COLUMNS FROM `wb_setting` [ RunTime:0.000316s ]
[ sql ] [ SQL ] SELECT * FROM `wb_setting` WHERE  `skey` = 'language' LIMIT 1 [ RunTime:0.000232s ]
[ sql ] [ SQL ] SELECT * FROM `wb_setting` WHERE  `skey` = 'language' LIMIT 1 [ RunTime:0.000156s ]
[ sql ] [ SQL ] SELECT * FROM `wb_setting` WHERE  `skey` = 'language' LIMIT 1 [ RunTime:0.000312s ]
[ sql ] [ SQL ] SELECT * FROM `wb_setting` WHERE  `skey` = 'language' LIMIT 1 [ RunTime:0.000254s ]
[ sql ] [ SQL ] SHOW COLUMNS FROM `wb_goods` [ RunTime:0.000693s ]
[ sql ] [ SQL ] SELECT `id`,`bn`,`name`,`brand_id`,`image_id`,`params`,`spes_desc` FROM `wb_goods` WHERE  `id` = 2 LIMIT 1 [ RunTime:0.000180s ]
[ sql ] [ SQL ] SELECT * FROM `wb_setting` WHERE  `skey` = 'language' LIMIT 1 [ RunTime:0.000146s ]
[ sql ] [ SQL ] SELECT * FROM `wb_setting` WHERE  `skey` = 'language' LIMIT 1 [ RunTime:0.000184s ]
[ sql ] [ SQL ] SHOW COLUMNS FROM `wb_goods_images` [ RunTime:0.000406s ]
[ sql ] [ SQL ] SELECT * FROM `wb_goods_images` WHERE  `goods_id` = 2 ORDER BY `sort` DESC [ RunTime:0.000165s ]
[ sql ] [ SQL ] SHOW COLUMNS FROM `wb_products` [ RunTime:0.000681s ]
[ sql ] [ SQL ] SELECT `id` FROM `wb_products` WHERE  `goods_id` = 2 [ RunTime:0.000246s ]
[ sql ] [ SQL ] SELECT * FROM `wb_products` WHERE  `id` = 3 LIMIT 1 [ RunTime:0.000204s ]
[ sql ] [ SQL ] SELECT `name`,`image_id`,`bn`,`marketable`,`spes_desc`,`is_combo`,`point`,`open_point` FROM `wb_goods` WHERE  `id` = 2 LIMIT 1 [ RunTime:0.000226s ]
---------------------------------------------------------------
[2026-04-01T14:46:13+08:00] 127.0.0.1 POST www.jiwankang.com/api.html
[运行时间：0.056643s] [吞吐率：17.65req/s] [内存消耗：5,315.59kb] [文件加载：116]
[ info ] [ LANG ] E:\wwwroot\2026\04\jiwankang\thinkphp\lang\zh-cn.php
[ info ] [ ROUTE ] array (
)
[ info ] [ HEADER ] array (
  'referer' => 'http://localhost:8080/',
  'origin' => 'http://localhost:8080',
  'content-type' => 'application/json',
  'accept-language' => 'zh-CN,zh;q=0.9',
  'accept-encoding' => 'gzip, deflate',
  'accept' => 'application/json',
  'content-length' => '78',
  'user-agent' => 'Mozilla/5.0 (iPhone; CPU iPhone OS 18_5 like Mac OS X) AppleWebKit/605.1.15 (KHTML, like Gecko) Version/18.5 Mobile/15E148 Safari/604.1',
  'host' => 'www.jiwankang.com',
)
[ info ] [ PARAM ] array (
  'id' => '2',
  'token' => 'c44ff269142cc0000a5aab51e13546e0',
  'method' => 'goods.getdetial',
)
[ info ] [ DB ] INIT mysql
[ sql ] [ DB ] CONNECT:[ UseTime:0.001253s ] mysql:host=127.0.0.1;port=3306;dbname=jiwankang;charset=utf8mb4
[ sql ] [ SQL ] SHOW COLUMNS FROM `wb_goods` [ RunTime:0.000673s ]
[ sql ] [ SQL ] SELECT * FROM `wb_goods` WHERE  `id` = 2 LIMIT 1 [ RunTime:0.000417s ]
[ sql ] [ SQL ] SHOW COLUMNS FROM `wb_goods_cat` [ RunTime:0.001070s ]
[ sql ] [ SQL ] SELECT `id`,`name` FROM `wb_goods_cat` WHERE  `id` = 2 [ RunTime:0.000209s ]
[ sql ] [ SQL ] SHOW COLUMNS FROM `wb_products` [ RunTime:0.000458s ]
[ sql ] [ SQL ] SELECT * FROM `wb_products` WHERE  `goods_id` = 2  AND `is_defalut` = 1 LIMIT 1 [ RunTime:0.000215s ]
[ sql ] [ SQL ] SHOW COLUMNS FROM `wb_user` [ RunTime:0.000760s ]
[ sql ] [ SQL ] SELECT * FROM `wb_user` WHERE (  `id` = 1 ) AND `wb_user`.`isdel` IS NULL LIMIT 1 [ RunTime:0.000217s ]
[ sql ] [ SQL ] SELECT * FROM `wb_products` WHERE  `id` = 3 LIMIT 1 [ RunTime:0.000147s ]
[ sql ] [ SQL ] SELECT `name`,`image_id`,`bn`,`marketable`,`spes_desc`,`is_combo`,`point`,`open_point` FROM `wb_goods` WHERE  `id` = 2 LIMIT 1 [ RunTime:0.000160s ]
[ sql ] [ SQL ] SELECT `grade` FROM `wb_user` WHERE (  `id` = 1 ) AND `wb_user`.`isdel` IS NULL LIMIT 1 [ RunTime:0.000197s ]
[ sql ] [ SQL ] SHOW COLUMNS FROM `wb_setting` [ RunTime:0.000329s ]
[ sql ] [ SQL ] SELECT * FROM `wb_setting` WHERE  `skey` = 'language' LIMIT 1 [ RunTime:0.000114s ]
[ sql ] [ SQL ] SELECT * FROM `wb_setting` WHERE  `skey` = 'language' LIMIT 1 [ RunTime:0.000103s ]
[ sql ] [ SQL ] SHOW COLUMNS FROM `wb_goods_grade` [ RunTime:0.000251s ]
[ sql ] [ SQL ] SELECT * FROM `wb_goods_grade` WHERE  `goods_id` = 2 [ RunTime:0.000128s ]
[ sql ] [ SQL ] SHOW COLUMNS FROM `wb_user_grade` [ RunTime:0.000603s ]
[ sql ] [ SQL ] SELECT `name` FROM `wb_user_grade` WHERE  `id` = 1 LIMIT 1 [ RunTime:0.000235s ]
[ sql ] [ SQL ] SELECT `name` FROM `wb_user_grade` WHERE  `id` = 2 LIMIT 1 [ RunTime:0.000179s ]
[ sql ] [ SQL ] SELECT `name` FROM `wb_user_grade` WHERE  `id` = 3 LIMIT 1 [ RunTime:0.000136s ]
[ sql ] [ SQL ] SELECT `name` FROM `wb_user_grade` WHERE  `id` = 4 LIMIT 1 [ RunTime:0.000089s ]
[ sql ] [ SQL ] SELECT `name` FROM `wb_user_grade` WHERE  `id` = 5 LIMIT 1 [ RunTime:0.000138s ]
[ sql ] [ SQL ] SHOW COLUMNS FROM `wb_promotion` [ RunTime:0.000429s ]
[ sql ] [ SQL ] SELECT * FROM `wb_promotion` WHERE (  `status` = 1  AND `stime` < 1775025973  AND `etime` > 1775025973  AND `type` = 1 ) AND `wb_promotion`.`isdel` IS NULL ORDER BY `sort` ASC [ RunTime:0.000275s ]
[ sql ] [ SQL ] SHOW COLUMNS FROM `wb_goods_images` [ RunTime:0.001376s ]
[ sql ] [ SQL ] SELECT * FROM `wb_goods_images` WHERE  `goods_id` = 2 ORDER BY `sort` ASC [ RunTime:0.000324s ]
[ sql ] [ SQL ] SHOW COLUMNS FROM `wb_goods_collection` [ RunTime:0.000496s ]
[ sql ] [ SQL ] SELECT * FROM `wb_goods_collection` WHERE  `user_id` = 1  AND `goods_id` = 2 LIMIT 1 [ RunTime:0.000206s ]
[ sql ] [ SQL ] UPDATE `wb_goods`  SET `view_count` = `view_count` + 1  WHERE  `id` = 2 [ RunTime:0.002187s ]
---------------------------------------------------------------
[2026-04-01T14:46:13+08:00] 127.0.0.1 GET www.jiwankang.com/api/common/jshopconf
[运行时间：0.026973s] [吞吐率：37.07req/s] [内存消耗：3,091.32kb] [文件加载：93]
[ info ] [ LANG ] E:\wwwroot\2026\04\jiwankang\thinkphp\lang\zh-cn.php
[ info ] [ ROUTE ] array (
)
[ info ] [ HEADER ] array (
  'referer' => 'http://localhost:8080/',
  'origin' => 'http://localhost:8080',
  'content-type' => 'application/x-www-form-urlencoded',
  'accept-language' => 'zh-CN,zh;q=0.9',
  'accept-encoding' => 'gzip, deflate',
  'accept' => 'application/json',
  'user-agent' => 'Mozilla/5.0 (iPhone; CPU iPhone OS 18_5 like Mac OS X) AppleWebKit/605.1.15 (KHTML, like Gecko) Version/18.5 Mobile/15E148 Safari/604.1',
  'host' => 'www.jiwankang.com',
  'content-length' => '',
)
[ info ] [ PARAM ] array (
)
---------------------------------------------------------------
[2026-04-01T14:46:13+08:00] 127.0.0.1 POST www.jiwankang.com/api.html
[运行时间：0.043443s] [吞吐率：23.02req/s] [内存消耗：4,605.82kb] [文件加载：103]
[ info ] [ LANG ] E:\wwwroot\2026\04\jiwankang\thinkphp\lang\zh-cn.php
[ info ] [ ROUTE ] array (
)
[ info ] [ HEADER ] array (
  'referer' => 'http://localhost:8080/',
  'origin' => 'http://localhost:8080',
  'content-type' => 'application/json',
  'accept-language' => 'zh-CN,zh;q=0.9',
  'accept-encoding' => 'gzip, deflate',
  'accept' => 'application/json',
  'content-length' => '70',
  'user-agent' => 'Mozilla/5.0 (iPhone; CPU iPhone OS 18_5 like Mac OS X) AppleWebKit/605.1.15 (KHTML, like Gecko) Version/18.5 Mobile/15E148 Safari/604.1',
  'host' => 'www.jiwankang.com',
)
[ info ] [ PARAM ] array (
  'token' => 'c44ff269142cc0000a5aab51e13546e0',
  'method' => 'cart.getnumber',
)
[ info ] [ DB ] INIT mysql
[ sql ] [ DB ] CONNECT:[ UseTime:0.001064s ] mysql:host=127.0.0.1;port=3306;dbname=jiwankang;charset=utf8mb4
[ sql ] [ SQL ] SHOW COLUMNS FROM `wb_user` [ RunTime:0.000810s ]
[ sql ] [ SQL ] SELECT * FROM `wb_user` WHERE (  `id` = 1 ) AND `wb_user`.`isdel` IS NULL LIMIT 1 [ RunTime:0.000358s ]
[ sql ] [ SQL ] SHOW COLUMNS FROM `wb_setting` [ RunTime:0.000374s ]
[ sql ] [ SQL ] SELECT * FROM `wb_setting` WHERE  `skey` = 'virtual_card_class' LIMIT 1 [ RunTime:0.000118s ]
[ sql ] [ SQL ] SHOW COLUMNS FROM `wb_cart` [ RunTime:0.000849s ]
[ sql ] [ SQL ] SELECT SUM(`nums`) AS tp_sum FROM `wb_cart` `c` INNER JOIN `wb_products` `p` ON `p`.`id`=`c`.`product_id` INNER JOIN `wb_goods` `g` ON `g`.`id`=`p`.`goods_id` WHERE  `user_id` = 1  AND `type` = 1 LIMIT 1 [ RunTime:0.001606s ]
---------------------------------------------------------------
[2026-04-01T14:46:18+08:00] 127.0.0.1 OPTIONS www.jiwankang.com/api.html
[运行时间：0.018508s] [吞吐率：54.03req/s] [内存消耗：3,009.21kb] [文件加载：89]
[ info ] [ LANG ] E:\wwwroot\2026\04\jiwankang\thinkphp\lang\zh-cn.php
[ info ] [ ROUTE ] array (
)
[ info ] [ HEADER ] array (
  'sec-fetch-mode' => 'cors',
  'referer' => 'http://localhost:8080/',
  'origin' => 'http://localhost:8080',
  'access-control-request-method' => 'POST',
  'access-control-request-headers' => 'content-type',
  'accept-language' => 'zh-CN,zh;q=0.9',
  'accept-encoding' => 'gzip, deflate',
  'accept' => '*/*',
  'user-agent' => 'Mozilla/5.0 (iPhone; CPU iPhone OS 18_5 like Mac OS X) AppleWebKit/605.1.15 (KHTML, like Gecko) Version/18.5 Mobile/15E148 Safari/604.1',
  'host' => 'www.jiwankang.com',
  'content-length' => '',
  'content-type' => '',
)
[ info ] [ PARAM ] array (
)
---------------------------------------------------------------
[2026-04-01T14:46:18+08:00] 127.0.0.1 POST www.jiwankang.com/api.html
[运行时间：0.032743s] [吞吐率：30.54req/s] [内存消耗：4,866.30kb] [文件加载：105]
[ info ] [ LANG ] E:\wwwroot\2026\04\jiwankang\thinkphp\lang\zh-cn.php
[ info ] [ ROUTE ] array (
)
[ info ] [ HEADER ] array (
  'referer' => 'http://localhost:8080/',
  'origin' => 'http://localhost:8080',
  'content-type' => 'application/json',
  'accept-language' => 'zh-CN,zh;q=0.9',
  'accept-encoding' => 'gzip, deflate',
  'accept' => 'application/json',
  'content-length' => '97',
  'user-agent' => 'Mozilla/5.0 (iPhone; CPU iPhone OS 18_5 like Mac OS X) AppleWebKit/605.1.15 (KHTML, like Gecko) Version/18.5 Mobile/15E148 Safari/604.1',
  'host' => 'www.jiwankang.com',
)
[ info ] [ PARAM ] array (
  'product_id' => '3',
  'nums' => '3',
  'type' => '2',
  'token' => 'c44ff269142cc0000a5aab51e13546e0',
  'method' => 'cart.add',
)
[ info ] [ DB ] INIT mysql
[ sql ] [ DB ] CONNECT:[ UseTime:0.000740s ] mysql:host=127.0.0.1;port=3306;dbname=jiwankang;charset=utf8mb4
[ sql ] [ SQL ] SHOW COLUMNS FROM `wb_user` [ RunTime:0.000518s ]
[ sql ] [ SQL ] SELECT * FROM `wb_user` WHERE (  `id` = 1 ) AND `wb_user`.`isdel` IS NULL LIMIT 1 [ RunTime:0.000246s ]
[ sql ] [ SQL ] SHOW COLUMNS FROM `wb_products` [ RunTime:0.000372s ]
[ sql ] [ SQL ] SELECT * FROM `wb_products` WHERE  `id` = 3 LIMIT 1 [ RunTime:0.000197s ]
[ sql ] [ SQL ] SHOW COLUMNS FROM `wb_goods` [ RunTime:0.000415s ]
[ sql ] [ SQL ] SELECT `name`,`image_id`,`bn`,`marketable`,`spes_desc`,`is_combo`,`point`,`open_point` FROM `wb_goods` WHERE  `id` = 2 LIMIT 1 [ RunTime:0.000127s ]
[ sql ] [ SQL ] SELECT `p`.`id`,`g`.`marketable` FROM `wb_products` `p` INNER JOIN `wb_goods` `g` ON `g`.`id`=`p`.`goods_id` WHERE  `p`.`id` = '3' LIMIT 1 [ RunTime:0.000127s ]
[ sql ] [ SQL ] SHOW COLUMNS FROM `wb_cart` [ RunTime:0.000229s ]
[ sql ] [ SQL ] SELECT * FROM `wb_cart` WHERE  `product_id` = 3  AND `user_id` = 1  AND `type` = 1 LIMIT 1 [ RunTime:0.000129s ]
[ sql ] [ SQL ] INSERT INTO `wb_cart` (`product_id` , `nums` , `user_id` , `type`) VALUES (3 , 3 , 1 , 1) [ RunTime:0.001998s ]
---------------------------------------------------------------
[2026-04-01T14:46:18+08:00] 127.0.0.1 POST www.jiwankang.com/api.html
[运行时间：0.056620s] [吞吐率：17.66req/s] [内存消耗：4,656.99kb] [文件加载：106]
[ info ] [ LANG ] E:\wwwroot\2026\04\jiwankang\thinkphp\lang\zh-cn.php
[ info ] [ ROUTE ] array (
)
[ info ] [ HEADER ] array (
  'referer' => 'http://localhost:8080/',
  'origin' => 'http://localhost:8080',
  'content-type' => 'application/json',
  'accept-language' => 'zh-CN,zh;q=0.9',
  'accept-encoding' => 'gzip, deflate',
  'accept' => 'application/json',
  'content-length' => '93',
  'user-agent' => 'Mozilla/5.0 (iPhone; CPU iPhone OS 18_5 like Mac OS X) AppleWebKit/605.1.15 (KHTML, like Gecko) Version/18.5 Mobile/15E148 Safari/604.1',
  'host' => 'www.jiwankang.com',
)
[ info ] [ PARAM ] array (
  'display' => 'no_used',
  'token' => 'c44ff269142cc0000a5aab51e13546e0',
  'method' => 'coupon.usercoupon',
)
[ info ] [ DB ] INIT mysql
[ sql ] [ DB ] CONNECT:[ UseTime:0.000936s ] mysql:host=127.0.0.1;port=3306;dbname=jiwankang;charset=utf8mb4
[ sql ] [ SQL ] SHOW COLUMNS FROM `wb_user` [ RunTime:0.000614s ]
[ sql ] [ SQL ] SELECT * FROM `wb_user` WHERE (  `id` = 1 ) AND `wb_user`.`isdel` IS NULL LIMIT 1 [ RunTime:0.000329s ]
[ sql ] [ SQL ] SHOW COLUMNS FROM `wb_coupon` [ RunTime:0.000562s ]
[ sql ] [ SQL ] SELECT * FROM `wb_coupon` `c` INNER JOIN `wb_promotion` `p` ON `p`.`id`=`c`.`promotion_id` WHERE  `c`.`user_id` = '1'  AND `p`.`type` = '2'  AND `c`.`is_used` = '1'  AND `p`.`status` = '1'  AND ( (c.endtime = 0 and p.etime >= 1775025978) or (c.endtime >=1775025978) ) ORDER BY `c`.`ctime` ASC LIMIT 0,10 [ RunTime:0.000477s ]
[ sql ] [ SQL ] SELECT COUNT(*) AS tp_count FROM `wb_coupon` `c` INNER JOIN `wb_promotion` `p` ON `p`.`id`=`c`.`promotion_id` WHERE  `c`.`user_id` = '1'  AND `p`.`type` = '2'  AND `c`.`is_used` = '1'  AND `p`.`status` = '1'  AND ( (c.endtime = 0 and p.etime >= 1775025978) or (c.endtime >=1775025978) ) LIMIT 1 [ RunTime:0.000349s ]
---------------------------------------------------------------
[2026-04-01T14:46:18+08:00] 127.0.0.1 POST www.jiwankang.com/api.html
[运行时间：0.062625s] [吞吐率：15.97req/s] [内存消耗：4,856.52kb] [文件加载：105]
[ info ] [ LANG ] E:\wwwroot\2026\04\jiwankang\thinkphp\lang\zh-cn.php
[ info ] [ ROUTE ] array (
)
[ info ] [ HEADER ] array (
  'referer' => 'http://localhost:8080/',
  'origin' => 'http://localhost:8080',
  'content-type' => 'application/json',
  'accept-language' => 'zh-CN,zh;q=0.9',
  'accept-encoding' => 'gzip, deflate',
  'accept' => 'application/json',
  'content-length' => '79',
  'user-agent' => 'Mozilla/5.0 (iPhone; CPU iPhone OS 18_5 like Mac OS X) AppleWebKit/605.1.15 (KHTML, like Gecko) Version/18.5 Mobile/15E148 Safari/604.1',
  'host' => 'www.jiwankang.com',
)
[ info ] [ PARAM ] array (
  'token' => 'c44ff269142cc0000a5aab51e13546e0',
  'method' => 'user.getuserdefaultship',
)
[ info ] [ DB ] INIT mysql
[ sql ] [ DB ] CONNECT:[ UseTime:0.001510s ] mysql:host=127.0.0.1;port=3306;dbname=jiwankang;charset=utf8mb4
[ sql ] [ SQL ] SHOW COLUMNS FROM `wb_user` [ RunTime:0.001314s ]
[ sql ] [ SQL ] SELECT * FROM `wb_user` WHERE (  `id` = 1 ) AND `wb_user`.`isdel` IS NULL LIMIT 1 [ RunTime:0.000448s ]
[ sql ] [ SQL ] SHOW COLUMNS FROM `wb_user_ship` [ RunTime:0.001533s ]
[ sql ] [ SQL ] SELECT * FROM `wb_user_ship` WHERE  `user_id` = 1  AND `is_def` = 1 ORDER BY `utime` DESC LIMIT 1 [ RunTime:0.000537s ]
[ sql ] [ SQL ] SHOW COLUMNS FROM `wb_area` [ RunTime:0.001121s ]
[ sql ] [ SQL ] SELECT `id`,`name`,`parent_id`,`postal_code` FROM `wb_area` WHERE  `id` = 150525 LIMIT 1 [ RunTime:0.000186s ]
[ sql ] [ SQL ] SELECT `id`,`name`,`parent_id`,`postal_code` FROM `wb_area` WHERE  `parent_id` = 150500 [ RunTime:0.000746s ]
[ sql ] [ SQL ] SELECT `id`,`name`,`parent_id`,`postal_code` FROM `wb_area` WHERE  `id` = 150500 LIMIT 1 [ RunTime:0.000301s ]
[ sql ] [ SQL ] SELECT `id`,`name`,`parent_id`,`postal_code` FROM `wb_area` WHERE  `parent_id` = 150000 [ RunTime:0.001084s ]
[ sql ] [ SQL ] SELECT `id`,`name`,`parent_id`,`postal_code` FROM `wb_area` WHERE  `id` = 150000 LIMIT 1 [ RunTime:0.000268s ]
[ sql ] [ SQL ] SELECT `id`,`name`,`parent_id`,`postal_code` FROM `wb_area` WHERE  `parent_id` = 0 [ RunTime:0.000737s ]
---------------------------------------------------------------
[2026-04-01T14:46:18+08:00] 127.0.0.1 POST www.jiwankang.com/api.html
[运行时间：0.071820s] [吞吐率：13.92req/s] [内存消耗：5,254.66kb] [文件加载：113]
[ info ] [ LANG ] E:\wwwroot\2026\04\jiwankang\thinkphp\lang\zh-cn.php
[ info ] [ ROUTE ] array (
)
[ info ] [ HEADER ] array (
  'referer' => 'http://localhost:8080/',
  'origin' => 'http://localhost:8080',
  'content-type' => 'application/json',
  'accept-language' => 'zh-CN,zh;q=0.9',
  'accept-encoding' => 'gzip, deflate',
  'accept' => 'application/json',
  'content-length' => '155',
  'user-agent' => 'Mozilla/5.0 (iPhone; CPU iPhone OS 18_5 like Mac OS X) AppleWebKit/605.1.15 (KHTML, like Gecko) Version/18.5 Mobile/15E148 Safari/604.1',
  'host' => 'www.jiwankang.com',
)
[ info ] [ PARAM ] array (
  'ids' => '5',
  'area_id' => 0,
  'coupon_code' => '',
  'point' => 0,
  'type' => '1',
  'params' => '',
  'receipt_type' => '1',
  'token' => 'c44ff269142cc0000a5aab51e13546e0',
  'method' => 'cart.getlist',
)
[ info ] [ DB ] INIT mysql
[ sql ] [ DB ] CONNECT:[ UseTime:0.000991s ] mysql:host=127.0.0.1;port=3306;dbname=jiwankang;charset=utf8mb4
[ sql ] [ SQL ] SHOW COLUMNS FROM `wb_user` [ RunTime:0.000393s ]
[ sql ] [ SQL ] SELECT * FROM `wb_user` WHERE (  `id` = 1 ) AND `wb_user`.`isdel` IS NULL LIMIT 1 [ RunTime:0.000390s ]
[ sql ] [ SQL ] SHOW COLUMNS FROM `wb_cart` [ RunTime:0.002132s ]
[ sql ] [ SQL ] SELECT * FROM `wb_cart` WHERE  `user_id` = 1  AND `type` = 1  AND `id` IN (5) [ RunTime:0.000426s ]
[ sql ] [ SQL ] SHOW COLUMNS FROM `wb_products` [ RunTime:0.001809s ]
[ sql ] [ SQL ] SELECT * FROM `wb_products` WHERE  `id` = 3 LIMIT 1 [ RunTime:0.000379s ]
[ sql ] [ SQL ] SHOW COLUMNS FROM `wb_goods` [ RunTime:0.001109s ]
[ sql ] [ SQL ] SELECT `name`,`image_id`,`bn`,`marketable`,`spes_desc`,`is_combo`,`point`,`open_point` FROM `wb_goods` WHERE  `id` = 2 LIMIT 1 [ RunTime:0.000303s ]
[ sql ] [ SQL ] SELECT `grade` FROM `wb_user` WHERE (  `id` = 1 ) AND `wb_user`.`isdel` IS NULL LIMIT 1 [ RunTime:0.000252s ]
[ sql ] [ SQL ] SHOW COLUMNS FROM `wb_setting` [ RunTime:0.000471s ]
[ sql ] [ SQL ] SELECT * FROM `wb_setting` WHERE  `skey` = 'language' LIMIT 1 [ RunTime:0.000207s ]
[ sql ] [ SQL ] SELECT * FROM `wb_setting` WHERE  `skey` = 'language' LIMIT 1 [ RunTime:0.000174s ]
[ sql ] [ SQL ] SHOW COLUMNS FROM `wb_goods_grade` [ RunTime:0.001472s ]
[ sql ] [ SQL ] SELECT * FROM `wb_goods_grade` WHERE  `goods_id` = 2 [ RunTime:0.000408s ]
[ sql ] [ SQL ] SHOW COLUMNS FROM `wb_user_grade` [ RunTime:0.001794s ]
[ sql ] [ SQL ] SELECT `name` FROM `wb_user_grade` WHERE  `id` = 1 LIMIT 1 [ RunTime:0.000320s ]
[ sql ] [ SQL ] SELECT `name` FROM `wb_user_grade` WHERE  `id` = 2 LIMIT 1 [ RunTime:0.000188s ]
[ sql ] [ SQL ] SELECT `name` FROM `wb_user_grade` WHERE  `id` = 3 LIMIT 1 [ RunTime:0.000165s ]
[ sql ] [ SQL ] SELECT `name` FROM `wb_user_grade` WHERE  `id` = 4 LIMIT 1 [ RunTime:0.000154s ]
[ sql ] [ SQL ] SELECT `name` FROM `wb_user_grade` WHERE  `id` = 5 LIMIT 1 [ RunTime:0.000092s ]
[ sql ] [ SQL ] SELECT `p`.`id`,`g`.`marketable` FROM `wb_products` `p` INNER JOIN `wb_goods` `g` ON `g`.`id`=`p`.`goods_id` WHERE  `p`.`id` = '3' LIMIT 1 [ RunTime:0.000162s ]
[ sql ] [ SQL ] SELECT `goods_id` FROM `wb_products` WHERE  `id` = 3 LIMIT 1 [ RunTime:0.000086s ]
[ sql ] [ SQL ] SELECT `weight` FROM `wb_goods` WHERE  `id` = 2 LIMIT 1 [ RunTime:0.000083s ]
[ sql ] [ SQL ] SHOW COLUMNS FROM `wb_goods_collection` [ RunTime:0.001770s ]
[ sql ] [ SQL ] SELECT * FROM `wb_goods_collection` WHERE  `user_id` = 1  AND `goods_id` = 2 LIMIT 1 [ RunTime:0.000340s ]
[ sql ] [ SQL ] SHOW COLUMNS FROM `wb_promotion` [ RunTime:0.001637s ]
[ sql ] [ SQL ] SELECT * FROM `wb_promotion` WHERE (  `status` = 1  AND `stime` < 1775025978  AND `etime` > 1775025978  AND `type` = 1 ) AND `wb_promotion`.`isdel` IS NULL ORDER BY `sort` ASC [ RunTime:0.000604s ]
---------------------------------------------------------------
[2026-04-01T14:46:19+08:00] 127.0.0.1 POST www.jiwankang.com/api.html
[运行时间：0.053417s] [吞吐率：18.72req/s] [内存消耗：5,312.14kb] [文件加载：115]
[ info ] [ LANG ] E:\wwwroot\2026\04\jiwankang\thinkphp\lang\zh-cn.php
[ info ] [ ROUTE ] array (
)
[ info ] [ HEADER ] array (
  'referer' => 'http://localhost:8080/',
  'origin' => 'http://localhost:8080',
  'content-type' => 'application/json',
  'accept-language' => 'zh-CN,zh;q=0.9',
  'accept-encoding' => 'gzip, deflate',
  'accept' => 'application/json',
  'content-length' => '160',
  'user-agent' => 'Mozilla/5.0 (iPhone; CPU iPhone OS 18_5 like Mac OS X) AppleWebKit/605.1.15 (KHTML, like Gecko) Version/18.5 Mobile/15E148 Safari/604.1',
  'host' => 'www.jiwankang.com',
)
[ info ] [ PARAM ] array (
  'ids' => '5',
  'area_id' => '150525',
  'coupon_code' => '',
  'point' => 0,
  'type' => '1',
  'params' => '',
  'receipt_type' => '1',
  'token' => 'c44ff269142cc0000a5aab51e13546e0',
  'method' => 'cart.getlist',
)
[ info ] [ DB ] INIT mysql
[ sql ] [ DB ] CONNECT:[ UseTime:0.000708s ] mysql:host=127.0.0.1;port=3306;dbname=jiwankang;charset=utf8mb4
[ sql ] [ SQL ] SHOW COLUMNS FROM `wb_user` [ RunTime:0.000482s ]
[ sql ] [ SQL ] SELECT * FROM `wb_user` WHERE (  `id` = 1 ) AND `wb_user`.`isdel` IS NULL LIMIT 1 [ RunTime:0.000188s ]
[ sql ] [ SQL ] SHOW COLUMNS FROM `wb_cart` [ RunTime:0.000286s ]
[ sql ] [ SQL ] SELECT * FROM `wb_cart` WHERE  `user_id` = 1  AND `type` = 1  AND `id` IN (5) [ RunTime:0.000125s ]
[ sql ] [ SQL ] SHOW COLUMNS FROM `wb_products` [ RunTime:0.000288s ]
[ sql ] [ SQL ] SELECT * FROM `wb_products` WHERE  `id` = 3 LIMIT 1 [ RunTime:0.000121s ]
[ sql ] [ SQL ] SHOW COLUMNS FROM `wb_goods` [ RunTime:0.000521s ]
[ sql ] [ SQL ] SELECT `name`,`image_id`,`bn`,`marketable`,`spes_desc`,`is_combo`,`point`,`open_point` FROM `wb_goods` WHERE  `id` = 2 LIMIT 1 [ RunTime:0.000264s ]
[ sql ] [ SQL ] SELECT `grade` FROM `wb_user` WHERE (  `id` = 1 ) AND `wb_user`.`isdel` IS NULL LIMIT 1 [ RunTime:0.000552s ]
[ sql ] [ SQL ] SHOW COLUMNS FROM `wb_setting` [ RunTime:0.000564s ]
[ sql ] [ SQL ] SELECT * FROM `wb_setting` WHERE  `skey` = 'language' LIMIT 1 [ RunTime:0.000194s ]
[ sql ] [ SQL ] SELECT * FROM `wb_setting` WHERE  `skey` = 'language' LIMIT 1 [ RunTime:0.000088s ]
[ sql ] [ SQL ] SHOW COLUMNS FROM `wb_goods_grade` [ RunTime:0.000953s ]
[ sql ] [ SQL ] SELECT * FROM `wb_goods_grade` WHERE  `goods_id` = 2 [ RunTime:0.000163s ]
[ sql ] [ SQL ] SHOW COLUMNS FROM `wb_user_grade` [ RunTime:0.000346s ]
[ sql ] [ SQL ] SELECT `name` FROM `wb_user_grade` WHERE  `id` = 1 LIMIT 1 [ RunTime:0.000107s ]
[ sql ] [ SQL ] SELECT `name` FROM `wb_user_grade` WHERE  `id` = 2 LIMIT 1 [ RunTime:0.000075s ]
[ sql ] [ SQL ] SELECT `name` FROM `wb_user_grade` WHERE  `id` = 3 LIMIT 1 [ RunTime:0.000064s ]
[ sql ] [ SQL ] SELECT `name` FROM `wb_user_grade` WHERE  `id` = 4 LIMIT 1 [ RunTime:0.000072s ]
[ sql ] [ SQL ] SELECT `name` FROM `wb_user_grade` WHERE  `id` = 5 LIMIT 1 [ RunTime:0.000141s ]
[ sql ] [ SQL ] SELECT `p`.`id`,`g`.`marketable` FROM `wb_products` `p` INNER JOIN `wb_goods` `g` ON `g`.`id`=`p`.`goods_id` WHERE  `p`.`id` = '3' LIMIT 1 [ RunTime:0.000132s ]
[ sql ] [ SQL ] SELECT `goods_id` FROM `wb_products` WHERE  `id` = 3 LIMIT 1 [ RunTime:0.000082s ]
[ sql ] [ SQL ] SELECT `weight` FROM `wb_goods` WHERE  `id` = 2 LIMIT 1 [ RunTime:0.000073s ]
[ sql ] [ SQL ] SHOW COLUMNS FROM `wb_goods_collection` [ RunTime:0.000853s ]
[ sql ] [ SQL ] SELECT * FROM `wb_goods_collection` WHERE  `user_id` = 1  AND `goods_id` = 2 LIMIT 1 [ RunTime:0.000137s ]
[ sql ] [ SQL ] SHOW COLUMNS FROM `wb_promotion` [ RunTime:0.000932s ]
[ sql ] [ SQL ] SELECT * FROM `wb_promotion` WHERE (  `status` = 1  AND `stime` < 1775025979  AND `etime` > 1775025979  AND `type` = 1 ) AND `wb_promotion`.`isdel` IS NULL ORDER BY `sort` ASC [ RunTime:0.000323s ]
[ sql ] [ SQL ] SHOW COLUMNS FROM `wb_ship` [ RunTime:0.001341s ]
[ sql ] [ SQL ] SELECT * FROM `wb_ship` WHERE  `status` = 1  AND `type` = 2  AND (  FIND_IN_SET('150525',area_fee)  ) LIMIT 1 [ RunTime:0.000385s ]
[ sql ] [ SQL ] SELECT * FROM `wb_ship` WHERE  `is_def` = 1  AND `status` = 1 LIMIT 1 [ RunTime:0.000259s ]
[ sql ] [ SQL ] SELECT * FROM `wb_ship` WHERE  `status` = 1 LIMIT 1 [ RunTime:0.000170s ]
---------------------------------------------------------------
[2026-04-01T14:46:19+08:00] 127.0.0.1 POST www.jiwankang.com/api.html
[运行时间：0.045534s] [吞吐率：21.96req/s] [内存消耗：4,758.41kb] [文件加载：103]
[ info ] [ LANG ] E:\wwwroot\2026\04\jiwankang\thinkphp\lang\zh-cn.php
[ info ] [ ROUTE ] array (
)
[ info ] [ HEADER ] array (
  'referer' => 'http://localhost:8080/',
  'origin' => 'http://localhost:8080',
  'content-type' => 'application/json',
  'accept-language' => 'zh-CN,zh;q=0.9',
  'accept-encoding' => 'gzip, deflate',
  'accept' => 'application/json',
  'content-length' => '97',
  'user-agent' => 'Mozilla/5.0 (iPhone; CPU iPhone OS 18_5 like Mac OS X) AppleWebKit/605.1.15 (KHTML, like Gecko) Version/18.5 Mobile/15E148 Safari/604.1',
  'host' => 'www.jiwankang.com',
)
[ info ] [ PARAM ] array (
  'order_money' => '2994.00',
  'token' => 'c44ff269142cc0000a5aab51e13546e0',
  'method' => 'user.getuserpoint',
)
[ info ] [ DB ] INIT mysql
[ sql ] [ DB ] CONNECT:[ UseTime:0.000759s ] mysql:host=127.0.0.1;port=3306;dbname=jiwankang;charset=utf8mb4
[ sql ] [ SQL ] SHOW COLUMNS FROM `wb_user` [ RunTime:0.000842s ]
[ sql ] [ SQL ] SELECT * FROM `wb_user` WHERE (  `id` = 1 ) AND `wb_user`.`isdel` IS NULL LIMIT 1 [ RunTime:0.000356s ]
[ sql ] [ SQL ] SHOW COLUMNS FROM `wb_setting` [ RunTime:0.000666s ]
[ sql ] [ SQL ] SELECT * FROM `wb_setting` WHERE  `skey` = 'language' LIMIT 1 [ RunTime:0.000207s ]
[ sql ] [ SQL ] SELECT * FROM `wb_setting` WHERE  `skey` = 'language' LIMIT 1 [ RunTime:0.000166s ]
[ sql ] [ SQL ] SELECT * FROM `wb_setting` WHERE  `skey` = 'point_switch' LIMIT 1 [ RunTime:0.000164s ]
[ sql ] [ SQL ] SELECT `point` FROM `wb_user` WHERE (  `id` = 1 ) AND `wb_user`.`isdel` IS NULL LIMIT 1 [ RunTime:0.000169s ]
[ sql ] [ SQL ] SELECT * FROM `wb_setting` WHERE  `skey` = 'orders_point_proportion' LIMIT 1 [ RunTime:0.000146s ]
[ sql ] [ SQL ] SELECT * FROM `wb_setting` WHERE  `skey` = 'point_discounted_proportion' LIMIT 1 [ RunTime:0.000157s ]
---------------------------------------------------------------
[2026-04-01T14:46:19+08:00] 127.0.0.1 POST www.jiwankang.com/api.html
[运行时间：0.035574s] [吞吐率：28.11req/s] [内存消耗：4,758.41kb] [文件加载：103]
[ info ] [ LANG ] E:\wwwroot\2026\04\jiwankang\thinkphp\lang\zh-cn.php
[ info ] [ ROUTE ] array (
)
[ info ] [ HEADER ] array (
  'referer' => 'http://localhost:8080/',
  'origin' => 'http://localhost:8080',
  'content-type' => 'application/json',
  'accept-language' => 'zh-CN,zh;q=0.9',
  'accept-encoding' => 'gzip, deflate',
  'accept' => 'application/json',
  'content-length' => '97',
  'user-agent' => 'Mozilla/5.0 (iPhone; CPU iPhone OS 18_5 like Mac OS X) AppleWebKit/605.1.15 (KHTML, like Gecko) Version/18.5 Mobile/15E148 Safari/604.1',
  'host' => 'www.jiwankang.com',
)
[ info ] [ PARAM ] array (
  'order_money' => '2994.00',
  'token' => 'c44ff269142cc0000a5aab51e13546e0',
  'method' => 'user.getuserpoint',
)
[ info ] [ DB ] INIT mysql
[ sql ] [ DB ] CONNECT:[ UseTime:0.000999s ] mysql:host=127.0.0.1;port=3306;dbname=jiwankang;charset=utf8mb4
[ sql ] [ SQL ] SHOW COLUMNS FROM `wb_user` [ RunTime:0.000553s ]
[ sql ] [ SQL ] SELECT * FROM `wb_user` WHERE (  `id` = 1 ) AND `wb_user`.`isdel` IS NULL LIMIT 1 [ RunTime:0.000196s ]
[ sql ] [ SQL ] SHOW COLUMNS FROM `wb_setting` [ RunTime:0.000533s ]
[ sql ] [ SQL ] SELECT * FROM `wb_setting` WHERE  `skey` = 'language' LIMIT 1 [ RunTime:0.000134s ]
[ sql ] [ SQL ] SELECT * FROM `wb_setting` WHERE  `skey` = 'language' LIMIT 1 [ RunTime:0.000119s ]
[ sql ] [ SQL ] SELECT * FROM `wb_setting` WHERE  `skey` = 'point_switch' LIMIT 1 [ RunTime:0.000088s ]
[ sql ] [ SQL ] SELECT `point` FROM `wb_user` WHERE (  `id` = 1 ) AND `wb_user`.`isdel` IS NULL LIMIT 1 [ RunTime:0.000189s ]
[ sql ] [ SQL ] SELECT * FROM `wb_setting` WHERE  `skey` = 'orders_point_proportion' LIMIT 1 [ RunTime:0.000157s ]
[ sql ] [ SQL ] SELECT * FROM `wb_setting` WHERE  `skey` = 'point_discounted_proportion' LIMIT 1 [ RunTime:0.000235s ]
---------------------------------------------------------------
[2026-04-01T14:46:19+08:00] 127.0.0.1 POST www.jiwankang.com/api.html
[运行时间：0.073050s] [吞吐率：13.69req/s] [内存消耗：5,999.34kb] [文件加载：121]
[ info ] [ LANG ] E:\wwwroot\2026\04\jiwankang\thinkphp\lang\zh-cn.php
[ info ] [ ROUTE ] array (
)
[ info ] [ HEADER ] array (
  'referer' => 'http://localhost:8080/',
  'origin' => 'http://localhost:8080',
  'content-type' => 'application/json',
  'accept-language' => 'zh-CN,zh;q=0.9',
  'accept-encoding' => 'gzip, deflate',
  'accept' => 'application/json',
  'content-length' => '233',
  'user-agent' => 'Mozilla/5.0 (iPhone; CPU iPhone OS 18_5 like Mac OS X) AppleWebKit/605.1.15 (KHTML, like Gecko) Version/18.5 Mobile/15E148 Safari/604.1',
  'host' => 'www.jiwankang.com',
)
[ info ] [ PARAM ] array (
  'cart_ids' => '5',
  'memo' => '',
  'point' => 0,
  'receipt_type' => '1',
  'coupon_code' => '',
  'tax_type' => '1',
  'tax_name' => '不开发票',
  'tax_code' => '',
  'source' => '2',
  'uship_id' => '1',
  'area_id' => '150525',
  'token' => 'c44ff269142cc0000a5aab51e13546e0',
  'method' => 'order.create',
)
[ info ] [ DB ] INIT mysql
[ sql ] [ DB ] CONNECT:[ UseTime:0.000638s ] mysql:host=127.0.0.1;port=3306;dbname=jiwankang;charset=utf8mb4
[ sql ] [ SQL ] SHOW COLUMNS FROM `wb_user` [ RunTime:0.000495s ]
[ sql ] [ SQL ] SELECT * FROM `wb_user` WHERE (  `id` = 1 ) AND `wb_user`.`isdel` IS NULL LIMIT 1 [ RunTime:0.000190s ]
[ sql ] [ SQL ] SHOW COLUMNS FROM `wb_user_ship` [ RunTime:0.000952s ]
[ sql ] [ SQL ] SELECT * FROM `wb_user_ship` WHERE  `id` = 1  AND `user_id` = 1 LIMIT 1 [ RunTime:0.000147s ]
[ sql ] [ SQL ] SHOW COLUMNS FROM `wb_ship` [ RunTime:0.001544s ]
[ sql ] [ SQL ] SELECT * FROM `wb_ship` WHERE  `status` = 1  AND `area_fee` LIKE '%\\\\\"150525\\\\\"%'  AND `type` = 2 LIMIT 1 [ RunTime:0.000330s ]
[ sql ] [ SQL ] SELECT * FROM `wb_ship` WHERE  `is_def` = 1  AND `status` = 1 LIMIT 1 [ RunTime:0.000207s ]
[ sql ] [ SQL ] SELECT * FROM `wb_ship` WHERE  `status` = 1 LIMIT 1 [ RunTime:0.000132s ]
[ sql ] [ SQL ] SHOW COLUMNS FROM `wb_cart` [ RunTime:0.000815s ]
[ sql ] [ SQL ] SELECT * FROM `wb_cart` WHERE  `user_id` = 1  AND `type` = 1  AND `id` IN (5) [ RunTime:0.000135s ]
[ sql ] [ SQL ] SHOW COLUMNS FROM `wb_products` [ RunTime:0.000287s ]
[ sql ] [ SQL ] SELECT * FROM `wb_products` WHERE  `id` = 3 LIMIT 1 [ RunTime:0.000118s ]
[ sql ] [ SQL ] SHOW COLUMNS FROM `wb_goods` [ RunTime:0.000303s ]
[ sql ] [ SQL ] SELECT `name`,`image_id`,`bn`,`marketable`,`spes_desc`,`is_combo`,`point`,`open_point` FROM `wb_goods` WHERE  `id` = 2 LIMIT 1 [ RunTime:0.000116s ]
[ sql ] [ SQL ] SELECT `grade` FROM `wb_user` WHERE (  `id` = 1 ) AND `wb_user`.`isdel` IS NULL LIMIT 1 [ RunTime:0.000110s ]
[ sql ] [ SQL ] SHOW COLUMNS FROM `wb_setting` [ RunTime:0.000245s ]
[ sql ] [ SQL ] SELECT * FROM `wb_setting` WHERE  `skey` = 'language' LIMIT 1 [ RunTime:0.000094s ]
[ sql ] [ SQL ] SELECT * FROM `wb_setting` WHERE  `skey` = 'language' LIMIT 1 [ RunTime:0.000073s ]
[ sql ] [ SQL ] SHOW COLUMNS FROM `wb_goods_grade` [ RunTime:0.000211s ]
[ sql ] [ SQL ] SELECT * FROM `wb_goods_grade` WHERE  `goods_id` = 2 [ RunTime:0.000113s ]
[ sql ] [ SQL ] SHOW COLUMNS FROM `wb_user_grade` [ RunTime:0.000228s ]
[ sql ] [ SQL ] SELECT `name` FROM `wb_user_grade` WHERE  `id` = 1 LIMIT 1 [ RunTime:0.000091s ]
[ sql ] [ SQL ] SELECT `name` FROM `wb_user_grade` WHERE  `id` = 2 LIMIT 1 [ RunTime:0.000073s ]
[ sql ] [ SQL ] SELECT `name` FROM `wb_user_grade` WHERE  `id` = 3 LIMIT 1 [ RunTime:0.000068s ]
[ sql ] [ SQL ] SELECT `name` FROM `wb_user_grade` WHERE  `id` = 4 LIMIT 1 [ RunTime:0.000066s ]
[ sql ] [ SQL ] SELECT `name` FROM `wb_user_grade` WHERE  `id` = 5 LIMIT 1 [ RunTime:0.000066s ]
[ sql ] [ SQL ] SELECT `p`.`id`,`g`.`marketable` FROM `wb_products` `p` INNER JOIN `wb_goods` `g` ON `g`.`id`=`p`.`goods_id` WHERE  `p`.`id` = '3' LIMIT 1 [ RunTime:0.000107s ]
[ sql ] [ SQL ] SELECT `goods_id` FROM `wb_products` WHERE  `id` = 3 LIMIT 1 [ RunTime:0.000077s ]
[ sql ] [ SQL ] SELECT `weight` FROM `wb_goods` WHERE  `id` = 2 LIMIT 1 [ RunTime:0.000071s ]
[ sql ] [ SQL ] SHOW COLUMNS FROM `wb_goods_collection` [ RunTime:0.000247s ]
[ sql ] [ SQL ] SELECT * FROM `wb_goods_collection` WHERE  `user_id` = 1  AND `goods_id` = 2 LIMIT 1 [ RunTime:0.000115s ]
[ sql ] [ SQL ] SHOW COLUMNS FROM `wb_promotion` [ RunTime:0.000253s ]
[ sql ] [ SQL ] SELECT * FROM `wb_promotion` WHERE (  `status` = 1  AND `stime` < 1775025979  AND `etime` > 1775025979  AND `type` = 1 ) AND `wb_promotion`.`isdel` IS NULL ORDER BY `sort` ASC [ RunTime:0.000162s ]
[ sql ] [ SQL ] SELECT * FROM `wb_ship` WHERE  `status` = 1  AND `type` = 2  AND (  FIND_IN_SET('150525',area_fee)  ) LIMIT 1 [ RunTime:0.000131s ]
[ sql ] [ SQL ] SELECT * FROM `wb_ship` WHERE  `is_def` = 1  AND `status` = 1 LIMIT 1 [ RunTime:0.000093s ]
[ sql ] [ SQL ] SELECT * FROM `wb_ship` WHERE  `status` = 1 LIMIT 1 [ RunTime:0.000082s ]
[ sql ] [ SQL ] SHOW COLUMNS FROM `wb_order` [ RunTime:0.000326s ]
[ sql ] [ SQL ] INSERT INTO `wb_order` (`order_id` , `user_id` , `order_type` , `ship_area_id` , `ship_address` , `ship_name` , `ship_mobile` , `logistics_id` , `logistics_name` , `store_id` , `goods_amount` , `order_amount` , `cost_freight` , `promotion_list` , `point` , `point_money` , `weight` , `order_pmt` , `goods_pmt` , `coupon_pmt` , `coupon` , `ip` , `memo` , `source` , `tax_type` , `tax_title` , `tax_code` , `ctime` , `utime`) VALUES ('S04011446193341' , 1 , 1 , 150525 , '撒防守打法撒旦法' , '夏赟浩' , '18919660526' , NULL , NULL , 0 , 2994 , 2994 , 0 , '[]' , 0 , 0 , 0 , 0 , 0 , 0 , '[]' , '127.0.0.1' , '' , 2 , 1 , '不开发票' , '' , 1775025979 , 1775025979) [ RunTime:0.000177s ]
[ sql ] [ SQL ] SELECT * FROM `wb_setting` WHERE  `skey` = 'language' LIMIT 1 [ RunTime:0.000096s ]
[ sql ] [ SQL ] SELECT * FROM `wb_setting` WHERE  `skey` = 'language' LIMIT 1 [ RunTime:0.000071s ]
[ sql ] [ SQL ] SELECT `goods_id` FROM `wb_products` WHERE  `id` = 3 LIMIT 1 [ RunTime:0.000076s ]
[ sql ] [ SQL ] UPDATE `wb_goods`  SET `buy_count` = `buy_count` + 3  WHERE  `id` = 2 [ RunTime:0.000113s ]
[ sql ] [ SQL ] UPDATE `wb_products`  SET `freeze_stock` = `freeze_stock` + 3  WHERE  `id` = 3  AND (  IF(stock < freeze_stock, 0, stock - freeze_stock)-3>=0 ) [ RunTime:0.000109s ]
[ sql ] [ SQL ] SHOW COLUMNS FROM `wb_order_items` [ RunTime:0.000932s ]
[ sql ] [ SQL ] INSERT INTO `wb_order_items` (`order_id` , `goods_id` , `product_id` , `sn` , `bn` , `name` , `price` , `costprice` , `mktprice` , `image_url` , `nums` , `amount` , `promotion_amount` , `weight` , `sendnums` , `addon` , `cate_id` , `promotion_list` , `ave_price` , `ave_amount` , `utime`) VALUES ('S04011446193341' , 2 , 3 , 'P7748594377925' , 'G7748594377885' , '济丸康' , 998 , 0 , 0 , 'http://www.jiwankang.com/static/uploads/images/2026/03/30/177485734869ca2c8422846.png' , 3 , 2994 , 0 , 0 , 0 , NULL , 2 , '[]' , 998 , 2994 , 1775025979) [ RunTime:0.000272s ]
[ sql ] [ SQL ] DELETE FROM `wb_cart` WHERE  `user_id` = 1  AND `id` IN (5)  AND `type` = 1 [ RunTime:0.002653s ]
[ sql ] [ SQL ] SHOW COLUMNS FROM `wb_order_log` [ RunTime:0.000913s ]
[ sql ] [ SQL ] INSERT INTO `wb_order_log` (`order_id` , `user_id` , `type` , `msg` , `data` , `ctime`) VALUES ('S04011446193341' , 1 , 1 , '订单创建' , '{\"order_id\":\"S04011446193341\",\"user_id\":1,\"order_type\":\"1\",\"ship_area_id\":150525,\"ship_address\":\"\\u6492\\u9632\\u5b88\\u6253\\u6cd5\\u6492\\u65e6\\u6cd5\",\"ship_name\":\"\\u590f\\u8d5f\\u6d69\",\"ship_mobile\":\"18919660526\",\"logistics_id\":null,\"logistics_name\":null,\"store_id\":0,\"goods_amount\":\"2994.00\",\"order_amount\":\"2994.00\",\"cost_freight\":\"0.00\",\"promotion_list\":\"[]\",\"point\":0,\"point_money\":0,\"weight\":\"0.00\",\"order_pmt\":0,\"goods_pmt\":\"0.00\",\"coupon_pmt\":0,\"coupon\":\"[]\",\"ip\":\"127.0.0.1\",\"memo\":\"\",\"source\":\"2\",\"tax_type\":\"1\",\"tax_title\":\"\\u4e0d\\u5f00\\u53d1\\u7968\",\"tax_code\":\"\"}' , 1775025979) [ RunTime:0.001745s ]
[ sql ] [ SQL ] SELECT * FROM `wb_ship` WHERE  `id` IS NULL LIMIT 1 [ RunTime:0.000123s ]
[ sql ] [ SQL ] SHOW COLUMNS FROM `wb_area` [ RunTime:0.000752s ]
[ sql ] [ SQL ] SELECT `id`,`name`,`parent_id`,`postal_code` FROM `wb_area` WHERE  `id` = 150525 LIMIT 1 [ RunTime:0.000118s ]
[ sql ] [ SQL ] SELECT `id`,`name`,`parent_id`,`postal_code` FROM `wb_area` WHERE  `parent_id` = 150500 [ RunTime:0.000647s ]
[ sql ] [ SQL ] SELECT `id`,`name`,`parent_id`,`postal_code` FROM `wb_area` WHERE  `id` = 150500 LIMIT 1 [ RunTime:0.000133s ]
[ sql ] [ SQL ] SELECT `id`,`name`,`parent_id`,`postal_code` FROM `wb_area` WHERE  `parent_id` = 150000 [ RunTime:0.000657s ]
[ sql ] [ SQL ] SELECT `id`,`name`,`parent_id`,`postal_code` FROM `wb_area` WHERE  `id` = 150000 LIMIT 1 [ RunTime:0.000082s ]
[ sql ] [ SQL ] SELECT `id`,`name`,`parent_id`,`postal_code` FROM `wb_area` WHERE  `parent_id` = 0 [ RunTime:0.000641s ]
[ sql ] [ SQL ] SHOW COLUMNS FROM `wb_message_center` [ RunTime:0.000841s ]
[ sql ] [ SQL ] SELECT * FROM `wb_message_center` WHERE  `code` = 'create_order' LIMIT 1 [ RunTime:0.000187s ]
[ sql ] [ SQL ] SHOW COLUMNS FROM `wb_message` [ RunTime:0.001844s ]
[ sql ] [ SQL ] INSERT INTO `wb_message` (`user_id` , `code` , `params` , `content` , `ctime` , `utime`) VALUES (1 , 'create_order' , '{\"order_id\":\"S04011446193341\",\"user_id\":1,\"order_type\":\"1\",\"ship_area_id\":150525,\"ship_address\":\"\\u6492\\u9632\\u5b88\\u6253\\u6cd5\\u6492\\u65e6\\u6cd5\",\"ship_name\":\"\\u590f\\u8d5f\\u6d69\",\"ship_mobile\":\"18919660526\",\"logistics_id\":null,\"logistics_name\":null,\"store_id\":0,\"goods_amount\":\"2994.00\",\"order_amount\":\"2994.00\",\"cost_freight\":\"0.00\",\"promotion_list\":\"[]\",\"point\":0,\"point_money\":0,\"weight\":\"0.00\",\"order_pmt\":0,\"goods_pmt\":\"0.00\",\"coupon_pmt\":0,\"coupon\":\"[]\",\"ip\":\"127.0.0.1\",\"memo\":\"\",\"source\":\"2\",\"tax_type\":\"1\",\"tax_title\":\"\\u4e0d\\u5f00\\u53d1\\u7968\",\"tax_code\":\"\",\"tax_content\":\"\\u5546\\u54c1\\u660e\\u7ec6\",\"ship_id\":null,\"ship_addr\":\"\\u5185\\u8499\\u53e4\\u81ea\\u6cbb\\u533a \\u901a\\u8fbd\\u5e02 \\u5948\\u66fc\\u65d7 \\u6492\\u9632\\u5b88\\u6253\\u6cd5\\u6492\\u65e6\\u6cd5\",\"form_id\":\"\"}' , '订单创建成功。' , 1775025979 , 1775025979) [ RunTime:0.000292s ]
---------------------------------------------------------------
[2026-04-01T14:46:20+08:00] 127.0.0.1 POST www.jiwankang.com/api.html
[运行时间：0.029436s] [吞吐率：33.97req/s] [内存消耗：4,245.58kb] [文件加载：101]
[ info ] [ LANG ] E:\wwwroot\2026\04\jiwankang\thinkphp\lang\zh-cn.php
[ info ] [ ROUTE ] array (
)
[ info ] [ HEADER ] array (
  'referer' => 'http://localhost:8080/',
  'origin' => 'http://localhost:8080',
  'content-type' => 'application/json',
  'accept-language' => 'zh-CN,zh;q=0.9',
  'accept-encoding' => 'gzip, deflate',
  'accept' => 'application/json',
  'content-length' => '41',
  'user-agent' => 'Mozilla/5.0 (iPhone; CPU iPhone OS 18_5 like Mac OS X) AppleWebKit/605.1.15 (KHTML, like Gecko) Version/18.5 Mobile/15E148 Safari/604.1',
  'host' => 'www.jiwankang.com',
)
[ info ] [ PARAM ] array (
  'exp' => false,
  'method' => 'payments.getlist',
)
[ info ] [ DB ] INIT mysql
[ sql ] [ DB ] CONNECT:[ UseTime:0.000882s ] mysql:host=127.0.0.1;port=3306;dbname=jiwankang;charset=utf8mb4
[ sql ] [ SQL ] SHOW COLUMNS FROM `wb_payments` [ RunTime:0.001008s ]
[ sql ] [ SQL ] SELECT `code`,`name`,`sort`,`memo`,`status`,`is_online` FROM `wb_payments` WHERE  `status` = 1 ORDER BY `sort` ASC [ RunTime:0.000395s ]
---------------------------------------------------------------
[2026-04-01T14:46:20+08:00] 127.0.0.1 POST www.jiwankang.com/api.html
[运行时间：0.030661s] [吞吐率：32.61req/s] [内存消耗：4,636.20kb] [文件加载：101]
[ info ] [ LANG ] E:\wwwroot\2026\04\jiwankang\thinkphp\lang\zh-cn.php
[ info ] [ ROUTE ] array (
)
[ info ] [ HEADER ] array (
  'referer' => 'http://localhost:8080/',
  'origin' => 'http://localhost:8080',
  'content-type' => 'application/json',
  'accept-language' => 'zh-CN,zh;q=0.9',
  'accept-encoding' => 'gzip, deflate',
  'accept' => 'application/json',
  'content-length' => '114',
  'user-agent' => 'Mozilla/5.0 (iPhone; CPU iPhone OS 18_5 like Mac OS X) AppleWebKit/605.1.15 (KHTML, like Gecko) Version/18.5 Mobile/15E148 Safari/604.1',
  'host' => 'www.jiwankang.com',
)
[ info ] [ PARAM ] array (
  'ids' => 'S04011446193341',
  'payment_type' => '1',
  'token' => 'c44ff269142cc0000a5aab51e13546e0',
  'method' => 'payments.checkpay',
)
[ info ] [ DB ] INIT mysql
[ sql ] [ DB ] CONNECT:[ UseTime:0.000753s ] mysql:host=127.0.0.1;port=3306;dbname=jiwankang;charset=utf8mb4
[ sql ] [ SQL ] SHOW COLUMNS FROM `wb_order` [ RunTime:0.000729s ]
[ sql ] [ SQL ] SELECT * FROM `wb_order` WHERE (  `order_id` = 'S04011446193341'  AND `pay_status` = 1  AND `status` = 1 ) AND `wb_order`.`isdel` IS NULL LIMIT 1 [ RunTime:0.000354s ]
---------------------------------------------------------------
[2026-04-01T14:46:21+08:00] 127.0.0.1 POST www.jiwankang.com/api.html
[运行时间：0.070587s] [吞吐率：14.17req/s] [内存消耗：5,749.23kb] [文件加载：125]
[ info ] [ LANG ] E:\wwwroot\2026\04\jiwankang\thinkphp\lang\zh-cn.php
[ info ] [ ROUTE ] array (
)
[ info ] [ HEADER ] array (
  'referer' => 'http://localhost:8080/',
  'origin' => 'http://localhost:8080',
  'content-type' => 'application/json',
  'accept-language' => 'zh-CN,zh;q=0.9',
  'accept-encoding' => 'gzip, deflate',
  'accept' => 'application/json',
  'content-length' => '133',
  'user-agent' => 'Mozilla/5.0 (iPhone; CPU iPhone OS 18_5 like Mac OS X) AppleWebKit/605.1.15 (KHTML, like Gecko) Version/18.5 Mobile/15E148 Safari/604.1',
  'host' => 'www.jiwankang.com',
)
[ info ] [ PARAM ] array (
  'payment_code' => 'balancepay',
  'payment_type' => '1',
  'ids' => 'S04011446193341',
  'token' => 'c44ff269142cc0000a5aab51e13546e0',
  'method' => 'user.pay',
)
[ info ] [ DB ] INIT mysql
[ sql ] [ DB ] CONNECT:[ UseTime:0.000771s ] mysql:host=127.0.0.1;port=3306;dbname=jiwankang;charset=utf8mb4
[ sql ] [ SQL ] SHOW COLUMNS FROM `wb_user` [ RunTime:0.000483s ]
[ sql ] [ SQL ] SELECT * FROM `wb_user` WHERE (  `id` = 1 ) AND `wb_user`.`isdel` IS NULL LIMIT 1 [ RunTime:0.000190s ]
[ sql ] [ SQL ] SHOW COLUMNS FROM `wb_order` [ RunTime:0.001356s ]
[ sql ] [ SQL ] SELECT `pay_status` FROM `wb_order` WHERE (  `order_id` = 'S04011446193341' ) AND `wb_order`.`isdel` IS NULL LIMIT 1 [ RunTime:0.000336s ]
[ sql ] [ SQL ] SHOW COLUMNS FROM `wb_payments` [ RunTime:0.000933s ]
[ sql ] [ SQL ] SELECT * FROM `wb_payments` WHERE  `code` = 'balancepay'  AND `status` = 1 LIMIT 1 [ RunTime:0.000185s ]
[ sql ] [ SQL ] SELECT * FROM `wb_payments` WHERE  `code` = 'balancepay'  AND `status` = 1 LIMIT 1 [ RunTime:0.000118s ]
[ sql ] [ SQL ] SELECT * FROM `wb_order` WHERE (  `order_id` = 'S04011446193341'  AND `pay_status` = 1  AND `status` = 1 ) AND `wb_order`.`isdel` IS NULL LIMIT 1 [ RunTime:0.000212s ]
[ sql ] [ SQL ] SHOW COLUMNS FROM `wb_bill_payments` [ RunTime:0.000797s ]
[ sql ] [ SQL ] INSERT INTO `wb_bill_payments` (`payment_id` , `money` , `user_id` , `type` , `payment_code` , `ip` , `params` , `ctime` , `utime`) VALUES ('27750259812867' , 2994 , 1 , 1 , 'balancepay' , '127.0.0.1' , '[]' , 1775025981 , 1775025981) [ RunTime:0.000141s ]
[ sql ] [ SQL ] SHOW COLUMNS FROM `wb_bill_payments_rel` [ RunTime:0.003953s ]
[ sql ] [ SQL ] INSERT INTO `wb_bill_payments_rel` (`payment_id` , `source_id` , `money`) VALUES ('27750259812867' , 'S04011446193341' , 2994) [ RunTime:0.000110s ]
[ sql ] [ SQL ] SHOW COLUMNS FROM `wb_order_items` [ RunTime:0.000336s ]
[ sql ] [ SQL ] SELECT * FROM `wb_order_items` WHERE  `order_id` = 'S04011446193341' LIMIT 1 [ RunTime:0.000160s ]
[ sql ] [ SQL ] SELECT * FROM `wb_user` WHERE (  `id` = 1 ) AND `wb_user`.`isdel` IS NULL LIMIT 1 [ RunTime:0.000156s ]
[ sql ] [ SQL ] SHOW COLUMNS FROM `wb_balance` [ RunTime:0.000804s ]
[ sql ] [ SQL ] INSERT INTO `wb_balance` (`user_id` , `type` , `money` , `balance` , `source_id` , `memo` , `ctime`) VALUES (1 , 1 , -2994 , 3032 , '27750259812867' , '消费了2994元' , 1775025981) [ RunTime:0.000168s ]
[ sql ] [ SQL ] UPDATE `wb_user`  SET `balance` = 3032 , `utime` = 1775025981  WHERE (  `id` = 1 ) AND `wb_user`.`isdel` IS NULL [ RunTime:0.000208s ]
[ sql ] [ SQL ] SELECT * FROM `wb_bill_payments` WHERE  `payment_id` = '27750259812867' LIMIT 1 [ RunTime:0.000204s ]
[ sql ] [ SQL ] SELECT * FROM `wb_bill_payments` WHERE  `payment_id` = '27750259812867'  AND `money` = 2994  AND `status` <> 2 LIMIT 1 [ RunTime:0.000162s ]
[ sql ] [ SQL ] UPDATE `wb_bill_payments`  SET `status` = 2 , `payment_code` = 'balancepay' , `payed_msg` = NULL , `trade_no` = NULL , `utime` = 1775025981  WHERE  `payment_id` = '27750259812867'  AND `money` = 2994  AND `status` <> 2 [ RunTime:0.000167s ]
[ sql ] [ SQL ] SELECT * FROM `wb_bill_payments_rel` WHERE  `payment_id` = '27750259812867' [ RunTime:0.000109s ]
[ sql ] [ SQL ] SHOW COLUMNS FROM `wb_setting` [ RunTime:0.000292s ]
[ sql ] [ SQL ] SELECT * FROM `wb_setting` WHERE  `skey` = 'language' LIMIT 1 [ RunTime:0.000099s ]
[ sql ] [ SQL ] SELECT * FROM `wb_setting` WHERE  `skey` = 'language' LIMIT 1 [ RunTime:0.000072s ]
[ sql ] [ SQL ] SELECT * FROM `wb_order` WHERE (  `order_id` = 'S04011446193341'  AND `status` = 1 ) AND `wb_order`.`isdel` IS NULL LIMIT 1 [ RunTime:0.000161s ]
[ sql ] [ SQL ] UPDATE `wb_order`  SET `payment_code` = 'balancepay' , `payed` = 2994 , `pay_status` = 2 , `payment_time` = 1775025981  WHERE (  `order_id` = 'S04011446193341' ) AND `wb_order`.`isdel` IS NULL [ RunTime:0.000163s ]
[ sql ] [ SQL ] SELECT * FROM `wb_setting` WHERE  `skey` = 'order_butie' LIMIT 1 [ RunTime:0.000111s ]
[ sql ] [ SQL ] SELECT * FROM `wb_order_items` WHERE  `order_id` = 'S04011446193341' [ RunTime:0.000133s ]
[ sql ] [ SQL ] SHOW COLUMNS FROM `wb_money` [ RunTime:0.002524s ]
[ sql ] [ SQL ] SELECT `money` FROM `wb_money` WHERE  `type` = 1 LIMIT 1 [ RunTime:0.000109s ]
[ sql ] [ SQL ] SELECT * FROM `wb_money` WHERE  `type` = 1 LIMIT 1 [ RunTime:0.000083s ]
[ sql ] [ SQL ] UPDATE `wb_money`  SET `money` = 6716.5 , `utime` = 1775025981  WHERE  `id` = 1 [ RunTime:0.000142s ]
[ sql ] [ SQL ] SHOW COLUMNS FROM `wb_money_log` [ RunTime:0.000422s ]
[ sql ] [ SQL ] INSERT INTO `wb_money_log` (`money` , `flow_type` , `source_id` , `balance` , `ctime` , `utime`) VALUES (748.5 , 1 , 'S04011446193341' , 6716.5 , 1775025981 , 1775025981) [ RunTime:0.000321s ]
[ sql ] [ SQL ] SELECT `mobile` FROM `wb_user` WHERE (  `id` = 1 ) AND `wb_user`.`isdel` IS NULL LIMIT 1 [ RunTime:0.000130s ]
[ sql ] [ SQL ] SHOW COLUMNS FROM `wb_message_center` [ RunTime:0.000789s ]
[ sql ] [ SQL ] SELECT * FROM `wb_message_center` WHERE  `code` = 'order_payed' LIMIT 1 [ RunTime:0.000110s ]
[ sql ] [ SQL ] SHOW COLUMNS FROM `wb_message` [ RunTime:0.000992s ]
[ sql ] [ SQL ] INSERT INTO `wb_message` (`user_id` , `code` , `params` , `content` , `ctime` , `utime`) VALUES (1 , 'order_payed' , '{\"order_id\":\"S04011446193341\",\"goods_amount\":\"2994.00\",\"payed\":\"0.00\",\"order_amount\":\"2994.00\",\"pay_status\":1,\"ship_status\":1,\"status\":1,\"order_type\":1,\"payment_code\":null,\"payment_time\":null,\"logistics_id\":null,\"logistics_name\":null,\"cost_freight\":\"0.00\",\"user_id\":1,\"seller_id\":null,\"confirm\":1,\"confirm_time\":null,\"store_id\":0,\"ship_area_id\":150525,\"ship_address\":\"\\u6492\\u9632\\u5b88\\u6253\\u6cd5\\u6492\\u65e6\\u6cd5\",\"ship_name\":\"\\u590f\\u8d5f\\u6d69\",\"ship_mobile\":\"18919660526\",\"weight\":0,\"tax_type\":1,\"tax_code\":\"\",\"tax_title\":\"\\u4e0d\\u5f00\\u53d1\\u7968\",\"point\":0,\"point_money\":\"0.00\",\"order_pmt\":\"0.00\",\"goods_pmt\":\"0.00\",\"coupon_pmt\":\"0.00\",\"coupon\":\"[]\",\"promotion_list\":\"[]\",\"memo\":\"\",\"ip\":\"127.0.0.1\",\"mark\":null,\"source\":2,\"is_comment\":1,\"ctime\":1775025979,\"utime\":1775025979,\"isdel\":null,\"pay_time\":\"2026-04-01 14:46:21\",\"money\":\"2994.00\",\"user_name\":\"18919660526\"}' , '恭喜您，订单支付成功,祝您购物愉快。' , 1775025981 , 1775025981) [ RunTime:0.000491s ]
[ sql ] [ SQL ] SELECT * FROM `wb_message_center` WHERE  `code` = 'seller_order_notice' LIMIT 1 [ RunTime:0.000380s ]
[ sql ] [ SQL ] SELECT `mobile` FROM `wb_user` WHERE (  `id` = 1 ) AND `wb_user`.`isdel` IS NULL LIMIT 1 [ RunTime:0.000343s ]
[ sql ] [ SQL ] SELECT * FROM `wb_setting` WHERE  `skey` = 'shop_mobile' LIMIT 1 [ RunTime:0.000203s ]
[ sql ] [ SQL ] SELECT * FROM `wb_order` WHERE (  `order_id` = 'S04011446193341' ) AND `wb_order`.`isdel` IS NULL LIMIT 1 [ RunTime:0.000193s ]
[ sql ] [ SQL ] SELECT * FROM `wb_user` WHERE (  `id` = 1 ) AND `wb_user`.`isdel` IS NULL LIMIT 1 [ RunTime:0.000125s ]
[ sql ] [ SQL ] SELECT SUM(`nums`) AS tp_sum FROM `wb_order` `o` INNER JOIN `wb_order_items` `i` ON `i`.`order_id`=`o`.`order_id` WHERE  `o`.`user_id` = '1'  AND `o`.`pay_status` = '2'  AND `i`.`cate_id` = '2'  AND `status` < 3 LIMIT 1 [ RunTime:0.000156s ]
[ sql ] [ SQL ] SELECT * FROM `wb_user` WHERE (  `id` = 1 ) AND `wb_user`.`isdel` IS NULL LIMIT 1 [ RunTime:0.000115s ]
[ sql ] [ SQL ] SHOW COLUMNS FROM `wb_order_log` [ RunTime:0.001037s ]
[ sql ] [ SQL ] INSERT INTO `wb_order_log` (`order_id` , `user_id` , `type` , `msg` , `data` , `ctime`) VALUES ('S04011446193341' , 1 , 2 , '订单支付成功' , '[{\"status\":true,\"data\":1,\"msg\":\"\\u8ba2\\u5355\\u652f\\u4ed8\\u6210\\u529f\"},{\"payment_code\":\"balancepay\",\"payed\":\"2994.00\",\"pay_status\":2,\"payment_time\":1775025981}]' , 1775025981) [ RunTime:0.000140s ]
[ error ] [8]未定义数组索引: memo[E:\wwwroot\2026\04\jiwankang\extend\org\payments\balancepay.php:38]
[ error ] [8]未定义数组索引: id[E:\wwwroot\2026\04\jiwankang\extend\org\payments\balancepay.php:38]
[ error ] [8]Object of class app\common\model\User could not be converted to int[E:\wwwroot\2026\04\jiwankang\addons\Userupgrade\Userupgrade.php:96]
---------------------------------------------------------------
[2026-04-01T14:46:21+08:00] 127.0.0.1 POST www.jiwankang.com/api.html
[运行时间：0.043837s] [吞吐率：22.81req/s] [内存消耗：4,721.13kb] [文件加载：107]
[ info ] [ LANG ] E:\wwwroot\2026\04\jiwankang\thinkphp\lang\zh-cn.php
[ info ] [ ROUTE ] array (
)
[ info ] [ HEADER ] array (
  'referer' => 'http://localhost:8080/',
  'origin' => 'http://localhost:8080',
  'content-type' => 'application/json',
  'accept-language' => 'zh-CN,zh;q=0.9',
  'accept-encoding' => 'gzip, deflate',
  'accept' => 'application/json',
  'content-length' => '102',
  'user-agent' => 'Mozilla/5.0 (iPhone; CPU iPhone OS 18_5 like Mac OS X) AppleWebKit/605.1.15 (KHTML, like Gecko) Version/18.5 Mobile/15E148 Safari/604.1',
  'host' => 'www.jiwankang.com',
)
[ info ] [ PARAM ] array (
  'payment_id' => '27750259812867',
  'token' => 'c44ff269142cc0000a5aab51e13546e0',
  'method' => 'payments.getinfo',
)
[ info ] [ DB ] INIT mysql
[ sql ] [ DB ] CONNECT:[ UseTime:0.000758s ] mysql:host=127.0.0.1;port=3306;dbname=jiwankang;charset=utf8mb4
[ sql ] [ SQL ] SHOW COLUMNS FROM `wb_user` [ RunTime:0.000554s ]
[ sql ] [ SQL ] SELECT * FROM `wb_user` WHERE (  `id` = 1 ) AND `wb_user`.`isdel` IS NULL LIMIT 1 [ RunTime:0.000198s ]
[ sql ] [ SQL ] SHOW COLUMNS FROM `wb_bill_payments` [ RunTime:0.000577s ]
[ sql ] [ SQL ] SELECT * FROM `wb_bill_payments` WHERE  `payment_id` = '27750259812867'  AND `user_id` = 1 LIMIT 1 [ RunTime:0.000286s ]
[ sql ] [ SQL ] SHOW COLUMNS FROM `wb_bill_payments_rel` [ RunTime:0.000365s ]
[ sql ] [ SQL ] SELECT * FROM `wb_bill_payments_rel` WHERE  `payment_id` = '27750259812867' [ RunTime:0.000148s ]
---------------------------------------------------------------
[2026-04-01T14:46:23+08:00] 127.0.0.1 POST www.jiwankang.com/api.html
[运行时间：0.033683s] [吞吐率：29.69req/s] [内存消耗：4,820.80kb] [文件加载：107]
[ info ] [ LANG ] E:\wwwroot\2026\04\jiwankang\thinkphp\lang\zh-cn.php
[ info ] [ ROUTE ] array (
)
[ info ] [ HEADER ] array (
  'referer' => 'http://localhost:8080/',
  'origin' => 'http://localhost:8080',
  'content-type' => 'application/json',
  'accept-language' => 'zh-CN,zh;q=0.9',
  'accept-encoding' => 'gzip, deflate',
  'accept' => 'application/json',
  'content-length' => '65',
  'user-agent' => 'Mozilla/5.0 (iPhone; CPU iPhone OS 18_5 like Mac OS X) AppleWebKit/605.1.15 (KHTML, like Gecko) Version/18.5 Mobile/15E148 Safari/604.1',
  'host' => 'www.jiwankang.com',
)
[ info ] [ PARAM ] array (
  'token' => 'c44ff269142cc0000a5aab51e13546e0',
  'method' => 'user.info',
)
[ info ] [ DB ] INIT mysql
[ sql ] [ DB ] CONNECT:[ UseTime:0.000808s ] mysql:host=127.0.0.1;port=3306;dbname=jiwankang;charset=utf8mb4
[ sql ] [ SQL ] SHOW COLUMNS FROM `wb_user` [ RunTime:0.000614s ]
[ sql ] [ SQL ] SELECT * FROM `wb_user` WHERE (  `id` = 1 ) AND `wb_user`.`isdel` IS NULL LIMIT 1 [ RunTime:0.000320s ]
[ sql ] [ SQL ] SELECT `id`,`username`,`mobile`,`sex`,`birthday`,`avatar`,`nickname`,`balance`,`point`,`grade`,`status`,`pid`,`password`,`ctime`,`remarks`,`area_id`,`tiyan`,`num_point`,`exp` FROM `wb_user` WHERE (  `id` = 1 ) AND `wb_user`.`isdel` IS NULL LIMIT 1 [ RunTime:0.000249s ]
[ sql ] [ SQL ] SHOW COLUMNS FROM `wb_user_grade` [ RunTime:0.000387s ]
[ sql ] [ SQL ] SELECT * FROM `wb_user_grade` WHERE  `id` = 2 [ RunTime:0.000120s ]
[ sql ] [ SQL ] SELECT * FROM `wb_user_grade` WHERE  `id` = 2 LIMIT 1 [ RunTime:0.000103s ]
---------------------------------------------------------------
[2026-04-01T14:46:25+08:00] 127.0.0.1 OPTIONS www.jiwankang.com/api.html
[运行时间：0.026082s] [吞吐率：38.34req/s] [内存消耗：3,009.21kb] [文件加载：89]
[ info ] [ LANG ] E:\wwwroot\2026\04\jiwankang\thinkphp\lang\zh-cn.php
[ info ] [ ROUTE ] array (
)
[ info ] [ HEADER ] array (
  'sec-fetch-mode' => 'cors',
  'referer' => 'http://localhost:8080/',
  'origin' => 'http://localhost:8080',
  'access-control-request-method' => 'POST',
  'access-control-request-headers' => 'content-type',
  'accept-language' => 'zh-CN,zh;q=0.9',
  'accept-encoding' => 'gzip, deflate',
  'accept' => '*/*',
  'user-agent' => 'Mozilla/5.0 (iPhone; CPU iPhone OS 18_5 like Mac OS X) AppleWebKit/605.1.15 (KHTML, like Gecko) Version/18.5 Mobile/15E148 Safari/604.1',
  'host' => 'www.jiwankang.com',
  'content-length' => '',
  'content-type' => '',
)
[ info ] [ PARAM ] array (
)
---------------------------------------------------------------
[2026-04-01T14:46:25+08:00] 127.0.0.1 OPTIONS www.jiwankang.com/api.html
[运行时间：0.032382s] [吞吐率：30.88req/s] [内存消耗：3,009.21kb] [文件加载：89]
[ info ] [ LANG ] E:\wwwroot\2026\04\jiwankang\thinkphp\lang\zh-cn.php
[ info ] [ ROUTE ] array (
)
[ info ] [ HEADER ] array (
  'sec-fetch-mode' => 'cors',
  'referer' => 'http://localhost:8080/',
  'origin' => 'http://localhost:8080',
  'access-control-request-method' => 'POST',
  'access-control-request-headers' => 'content-type',
  'accept-language' => 'zh-CN,zh;q=0.9',
  'accept-encoding' => 'gzip, deflate',
  'accept' => '*/*',
  'user-agent' => 'Mozilla/5.0 (iPhone; CPU iPhone OS 18_5 like Mac OS X) AppleWebKit/605.1.15 (KHTML, like Gecko) Version/18.5 Mobile/15E148 Safari/604.1',
  'host' => 'www.jiwankang.com',
  'content-length' => '',
  'content-type' => '',
)
[ info ] [ PARAM ] array (
)
---------------------------------------------------------------
[2026-04-01T14:46:25+08:00] 127.0.0.1 POST www.jiwankang.com/api.html
[运行时间：0.023657s] [吞吐率：42.27req/s] [内存消耗：3,161.80kb] [文件加载：95]
[ info ] [ LANG ] E:\wwwroot\2026\04\jiwankang\thinkphp\lang\zh-cn.php
[ info ] [ ROUTE ] array (
)
[ info ] [ HEADER ] array (
  'referer' => 'http://localhost:8080/',
  'origin' => 'http://localhost:8080',
  'content-type' => 'application/json',
  'accept-language' => 'zh-CN,zh;q=0.9',
  'accept-encoding' => 'gzip, deflate',
  'accept' => 'application/json',
  'content-length' => '58',
  'user-agent' => 'Mozilla/5.0 (iPhone; CPU iPhone OS 18_5 like Mac OS X) AppleWebKit/605.1.15 (KHTML, like Gecko) Version/18.5 Mobile/15E148 Safari/604.1',
  'host' => 'www.jiwankang.com',
)
[ info ] [ PARAM ] array (
  'codes' => 'user_banner',
  'method' => 'advert.getcarousellists',
)
---------------------------------------------------------------
[2026-04-01T14:46:25+08:00] 127.0.0.1 POST www.jiwankang.com/api.html
[运行时间：0.035990s] [吞吐率：27.79req/s] [内存消耗：4,820.80kb] [文件加载：107]
[ info ] [ LANG ] E:\wwwroot\2026\04\jiwankang\thinkphp\lang\zh-cn.php
[ info ] [ ROUTE ] array (
)
[ info ] [ HEADER ] array (
  'referer' => 'http://localhost:8080/',
  'origin' => 'http://localhost:8080',
  'content-type' => 'application/json',
  'accept-language' => 'zh-CN,zh;q=0.9',
  'accept-encoding' => 'gzip, deflate',
  'accept' => 'application/json',
  'content-length' => '65',
  'user-agent' => 'Mozilla/5.0 (iPhone; CPU iPhone OS 18_5 like Mac OS X) AppleWebKit/605.1.15 (KHTML, like Gecko) Version/18.5 Mobile/15E148 Safari/604.1',
  'host' => 'www.jiwankang.com',
)
[ info ] [ PARAM ] array (
  'token' => 'c44ff269142cc0000a5aab51e13546e0',
  'method' => 'user.info',
)
[ info ] [ DB ] INIT mysql
[ sql ] [ DB ] CONNECT:[ UseTime:0.001614s ] mysql:host=127.0.0.1;port=3306;dbname=jiwankang;charset=utf8mb4
[ sql ] [ SQL ] SHOW COLUMNS FROM `wb_user` [ RunTime:0.000836s ]
[ sql ] [ SQL ] SELECT * FROM `wb_user` WHERE (  `id` = 1 ) AND `wb_user`.`isdel` IS NULL LIMIT 1 [ RunTime:0.000496s ]
[ sql ] [ SQL ] SELECT `id`,`username`,`mobile`,`sex`,`birthday`,`avatar`,`nickname`,`balance`,`point`,`grade`,`status`,`pid`,`password`,`ctime`,`remarks`,`area_id`,`tiyan`,`num_point`,`exp` FROM `wb_user` WHERE (  `id` = 1 ) AND `wb_user`.`isdel` IS NULL LIMIT 1 [ RunTime:0.000505s ]
[ sql ] [ SQL ] SHOW COLUMNS FROM `wb_user_grade` [ RunTime:0.000882s ]
[ sql ] [ SQL ] SELECT * FROM `wb_user_grade` WHERE  `id` = 2 [ RunTime:0.000377s ]
[ sql ] [ SQL ] SELECT * FROM `wb_user_grade` WHERE  `id` = 2 LIMIT 1 [ RunTime:0.000255s ]
---------------------------------------------------------------
[2026-04-01T14:46:25+08:00] 127.0.0.1 POST www.jiwankang.com/api.html
[运行时间：0.039438s] [吞吐率：25.36req/s] [内存消耗：5,233.71kb] [文件加载：107]
[ info ] [ LANG ] E:\wwwroot\2026\04\jiwankang\thinkphp\lang\zh-cn.php
[ info ] [ ROUTE ] array (
)
[ info ] [ HEADER ] array (
  'referer' => 'http://localhost:8080/',
  'origin' => 'http://localhost:8080',
  'content-type' => 'application/json',
  'accept-language' => 'zh-CN,zh;q=0.9',
  'accept-encoding' => 'gzip, deflate',
  'accept' => 'application/json',
  'content-length' => '114',
  'user-agent' => 'Mozilla/5.0 (iPhone; CPU iPhone OS 18_5 like Mac OS X) AppleWebKit/605.1.15 (KHTML, like Gecko) Version/18.5 Mobile/15E148 Safari/604.1',
  'host' => 'www.jiwankang.com',
)
[ info ] [ PARAM ] array (
  'ids' => '1,2,3,4',
  'isAfterSale' => '1',
  'token' => 'c44ff269142cc0000a5aab51e13546e0',
  'method' => 'order.getorderstatusnum',
)
[ info ] [ DB ] INIT mysql
[ sql ] [ DB ] CONNECT:[ UseTime:0.000663s ] mysql:host=127.0.0.1;port=3306;dbname=jiwankang;charset=utf8mb4
[ sql ] [ SQL ] SHOW COLUMNS FROM `wb_user` [ RunTime:0.000476s ]
[ sql ] [ SQL ] SELECT * FROM `wb_user` WHERE (  `id` = 1 ) AND `wb_user`.`isdel` IS NULL LIMIT 1 [ RunTime:0.000186s ]
[ sql ] [ SQL ] SHOW COLUMNS FROM `wb_order` [ RunTime:0.002416s ]
[ sql ] [ SQL ] SELECT COUNT(*) AS tp_count FROM `wb_order` WHERE (  `user_id` = 1  AND `status` = 1  AND `pay_status` = 1 ) AND `wb_order`.`isdel` IS NULL LIMIT 1 [ RunTime:0.000428s ]
[ sql ] [ SQL ] SELECT COUNT(*) AS tp_count FROM `wb_order` WHERE (  `user_id` = 1  AND `status` = 1  AND `pay_status` <> 1  AND `ship_status` IN (1,2) ) AND `wb_order`.`isdel` IS NULL LIMIT 1 [ RunTime:0.000224s ]
[ sql ] [ SQL ] SELECT COUNT(*) AS tp_count FROM `wb_order` WHERE (  `user_id` = 1  AND `status` = 1  AND `ship_status` IN (3,2)  AND `confirm` = 1 ) AND `wb_order`.`isdel` IS NULL LIMIT 1 [ RunTime:0.000298s ]
[ sql ] [ SQL ] SELECT COUNT(*) AS tp_count FROM `wb_order` WHERE (  `user_id` = 1  AND `status` = 1  AND `pay_status` <> 1  AND `ship_status` <> 1  AND `confirm` = 2  AND `is_comment` = 1 ) AND `wb_order`.`isdel` IS NULL LIMIT 1 [ RunTime:0.000208s ]
[ sql ] [ SQL ] SHOW COLUMNS FROM `wb_bill_aftersales` [ RunTime:0.000950s ]
[ sql ] [ SQL ] SELECT COUNT(*) AS tp_count FROM `wb_bill_aftersales` WHERE  `user_id` = 1  AND `status` IN (1) LIMIT 1 [ RunTime:0.000129s ]
[ sql ] [ SQL ] SHOW COLUMNS FROM `wb_coupon` [ RunTime:0.000498s ]
[ sql ] [ SQL ] SELECT COUNT(*) AS tp_count FROM `wb_coupon` `c` INNER JOIN `wb_promotion` `p` ON `p`.`id`=`c`.`promotion_id` WHERE  `p`.`type` = '2'  AND `p`.`status` = '1'  AND `c`.`user_id` = '1'  AND `c`.`is_used` = '1'  AND ( (c.endtime = 0 and p.etime >= 1775025985) or (c.endtime >=1775025985) ) LIMIT 1 [ RunTime:0.000208s ]
---------------------------------------------------------------
[2026-04-01T14:46:28+08:00] 127.0.0.1 GET www.jiwankang.com/api/common/jshopConf
[运行时间：0.034189s] [吞吐率：29.25req/s] [内存消耗：3,090.90kb] [文件加载：93]
[ info ] [ LANG ] E:\wwwroot\2026\04\jiwankang\thinkphp\lang\zh-cn.php
[ info ] [ ROUTE ] array (
)
[ info ] [ HEADER ] array (
  'referer' => 'http://localhost:8080/',
  'origin' => 'http://localhost:8080',
  'accept-language' => 'zh-CN,zh;q=0.9',
  'accept-encoding' => 'gzip, deflate',
  'accept' => '*/*',
  'user-agent' => 'Mozilla/5.0 (iPhone; CPU iPhone OS 18_5 like Mac OS X) AppleWebKit/605.1.15 (KHTML, like Gecko) Version/18.5 Mobile/15E148 Safari/604.1',
  'host' => 'www.jiwankang.com',
  'content-length' => '',
  'content-type' => '',
)
[ info ] [ PARAM ] array (
)
---------------------------------------------------------------
[2026-04-01T14:46:28+08:00] 127.0.0.1 GET www.jiwankang.com/api/common/jshopconf
[运行时间：0.024495s] [吞吐率：40.82req/s] [内存消耗：3,091.32kb] [文件加载：93]
[ info ] [ LANG ] E:\wwwroot\2026\04\jiwankang\thinkphp\lang\zh-cn.php
[ info ] [ ROUTE ] array (
)
[ info ] [ HEADER ] array (
  'referer' => 'http://localhost:8080/',
  'origin' => 'http://localhost:8080',
  'content-type' => 'application/x-www-form-urlencoded',
  'accept-language' => 'zh-CN,zh;q=0.9',
  'accept-encoding' => 'gzip, deflate',
  'accept' => 'application/json',
  'user-agent' => 'Mozilla/5.0 (iPhone; CPU iPhone OS 18_5 like Mac OS X) AppleWebKit/605.1.15 (KHTML, like Gecko) Version/18.5 Mobile/15E148 Safari/604.1',
  'host' => 'www.jiwankang.com',
  'content-length' => '',
)
[ info ] [ PARAM ] array (
)
---------------------------------------------------------------
[2026-04-01T14:46:28+08:00] 127.0.0.1 POST www.jiwankang.com/api.html
[运行时间：0.026778s] [吞吐率：37.34req/s] [内存消耗：3,161.80kb] [文件加载：95]
[ info ] [ LANG ] E:\wwwroot\2026\04\jiwankang\thinkphp\lang\zh-cn.php
[ info ] [ ROUTE ] array (
)
[ info ] [ HEADER ] array (
  'referer' => 'http://localhost:8080/',
  'origin' => 'http://localhost:8080',
  'content-type' => 'application/json',
  'accept-language' => 'zh-CN,zh;q=0.9',
  'accept-encoding' => 'gzip, deflate',
  'accept' => 'application/json',
  'content-length' => '58',
  'user-agent' => 'Mozilla/5.0 (iPhone; CPU iPhone OS 18_5 like Mac OS X) AppleWebKit/605.1.15 (KHTML, like Gecko) Version/18.5 Mobile/15E148 Safari/604.1',
  'host' => 'www.jiwankang.com',
)
[ info ] [ PARAM ] array (
  'codes' => 'user_banner',
  'method' => 'advert.getcarousellists',
)
---------------------------------------------------------------
[2026-04-01T14:46:28+08:00] 127.0.0.1 POST www.jiwankang.com/api.html
[运行时间：0.045105s] [吞吐率：22.17req/s] [内存消耗：4,820.80kb] [文件加载：107]
[ info ] [ LANG ] E:\wwwroot\2026\04\jiwankang\thinkphp\lang\zh-cn.php
[ info ] [ ROUTE ] array (
)
[ info ] [ HEADER ] array (
  'referer' => 'http://localhost:8080/',
  'origin' => 'http://localhost:8080',
  'content-type' => 'application/json',
  'accept-language' => 'zh-CN,zh;q=0.9',
  'accept-encoding' => 'gzip, deflate',
  'accept' => 'application/json',
  'content-length' => '65',
  'user-agent' => 'Mozilla/5.0 (iPhone; CPU iPhone OS 18_5 like Mac OS X) AppleWebKit/605.1.15 (KHTML, like Gecko) Version/18.5 Mobile/15E148 Safari/604.1',
  'host' => 'www.jiwankang.com',
)
[ info ] [ PARAM ] array (
  'token' => 'c44ff269142cc0000a5aab51e13546e0',
  'method' => 'user.info',
)
[ info ] [ DB ] INIT mysql
[ sql ] [ DB ] CONNECT:[ UseTime:0.001000s ] mysql:host=127.0.0.1;port=3306;dbname=jiwankang;charset=utf8mb4
[ sql ] [ SQL ] SHOW COLUMNS FROM `wb_user` [ RunTime:0.000584s ]
[ sql ] [ SQL ] SELECT * FROM `wb_user` WHERE (  `id` = 1 ) AND `wb_user`.`isdel` IS NULL LIMIT 1 [ RunTime:0.000301s ]
[ sql ] [ SQL ] SELECT `id`,`username`,`mobile`,`sex`,`birthday`,`avatar`,`nickname`,`balance`,`point`,`grade`,`status`,`pid`,`password`,`ctime`,`remarks`,`area_id`,`tiyan`,`num_point`,`exp` FROM `wb_user` WHERE (  `id` = 1 ) AND `wb_user`.`isdel` IS NULL LIMIT 1 [ RunTime:0.000702s ]
[ sql ] [ SQL ] SHOW COLUMNS FROM `wb_user_grade` [ RunTime:0.002465s ]
[ sql ] [ SQL ] SELECT * FROM `wb_user_grade` WHERE  `id` = 2 [ RunTime:0.000612s ]
[ sql ] [ SQL ] SELECT * FROM `wb_user_grade` WHERE  `id` = 2 LIMIT 1 [ RunTime:0.000379s ]
---------------------------------------------------------------
[2026-04-01T14:46:28+08:00] 127.0.0.1 POST www.jiwankang.com/api.html
[运行时间：0.042821s] [吞吐率：23.35req/s] [内存消耗：5,233.71kb] [文件加载：107]
[ info ] [ LANG ] E:\wwwroot\2026\04\jiwankang\thinkphp\lang\zh-cn.php
[ info ] [ ROUTE ] array (
)
[ info ] [ HEADER ] array (
  'referer' => 'http://localhost:8080/',
  'origin' => 'http://localhost:8080',
  'content-type' => 'application/json',
  'accept-language' => 'zh-CN,zh;q=0.9',
  'accept-encoding' => 'gzip, deflate',
  'accept' => 'application/json',
  'content-length' => '114',
  'user-agent' => 'Mozilla/5.0 (iPhone; CPU iPhone OS 18_5 like Mac OS X) AppleWebKit/605.1.15 (KHTML, like Gecko) Version/18.5 Mobile/15E148 Safari/604.1',
  'host' => 'www.jiwankang.com',
)
[ info ] [ PARAM ] array (
  'ids' => '1,2,3,4',
  'isAfterSale' => '1',
  'token' => 'c44ff269142cc0000a5aab51e13546e0',
  'method' => 'order.getorderstatusnum',
)
[ info ] [ DB ] INIT mysql
[ sql ] [ DB ] CONNECT:[ UseTime:0.001147s ] mysql:host=127.0.0.1;port=3306;dbname=jiwankang;charset=utf8mb4
[ sql ] [ SQL ] SHOW COLUMNS FROM `wb_user` [ RunTime:0.000724s ]
[ sql ] [ SQL ] SELECT * FROM `wb_user` WHERE (  `id` = 1 ) AND `wb_user`.`isdel` IS NULL LIMIT 1 [ RunTime:0.000216s ]
[ sql ] [ SQL ] SHOW COLUMNS FROM `wb_order` [ RunTime:0.000587s ]
[ sql ] [ SQL ] SELECT COUNT(*) AS tp_count FROM `wb_order` WHERE (  `user_id` = 1  AND `status` = 1  AND `pay_status` = 1 ) AND `wb_order`.`isdel` IS NULL LIMIT 1 [ RunTime:0.000303s ]
[ sql ] [ SQL ] SELECT COUNT(*) AS tp_count FROM `wb_order` WHERE (  `user_id` = 1  AND `status` = 1  AND `pay_status` <> 1  AND `ship_status` IN (1,2) ) AND `wb_order`.`isdel` IS NULL LIMIT 1 [ RunTime:0.000203s ]
[ sql ] [ SQL ] SELECT COUNT(*) AS tp_count FROM `wb_order` WHERE (  `user_id` = 1  AND `status` = 1  AND `ship_status` IN (3,2)  AND `confirm` = 1 ) AND `wb_order`.`isdel` IS NULL LIMIT 1 [ RunTime:0.000134s ]
[ sql ] [ SQL ] SELECT COUNT(*) AS tp_count FROM `wb_order` WHERE (  `user_id` = 1  AND `status` = 1  AND `pay_status` <> 1  AND `ship_status` <> 1  AND `confirm` = 2  AND `is_comment` = 1 ) AND `wb_order`.`isdel` IS NULL LIMIT 1 [ RunTime:0.000305s ]
[ sql ] [ SQL ] SHOW COLUMNS FROM `wb_bill_aftersales` [ RunTime:0.000939s ]
[ sql ] [ SQL ] SELECT COUNT(*) AS tp_count FROM `wb_bill_aftersales` WHERE  `user_id` = 1  AND `status` IN (1) LIMIT 1 [ RunTime:0.000125s ]
[ sql ] [ SQL ] SHOW COLUMNS FROM `wb_coupon` [ RunTime:0.000905s ]
[ sql ] [ SQL ] SELECT COUNT(*) AS tp_count FROM `wb_coupon` `c` INNER JOIN `wb_promotion` `p` ON `p`.`id`=`c`.`promotion_id` WHERE  `p`.`type` = '2'  AND `p`.`status` = '1'  AND `c`.`user_id` = '1'  AND `c`.`is_used` = '1'  AND ( (c.endtime = 0 and p.etime >= 1775025988) or (c.endtime >=1775025988) ) LIMIT 1 [ RunTime:0.000289s ]
---------------------------------------------------------------
[2026-04-01T14:46:40+08:00] 127.0.0.1 OPTIONS www.jiwankang.com/api.html
[运行时间：0.023799s] [吞吐率：42.02req/s] [内存消耗：3,009.21kb] [文件加载：89]
[ info ] [ LANG ] E:\wwwroot\2026\04\jiwankang\thinkphp\lang\zh-cn.php
[ info ] [ ROUTE ] array (
)
[ info ] [ HEADER ] array (
  'sec-fetch-mode' => 'cors',
  'referer' => 'http://localhost:8080/',
  'origin' => 'http://localhost:8080',
  'access-control-request-method' => 'POST',
  'access-control-request-headers' => 'content-type',
  'accept-language' => 'zh-CN,zh;q=0.9',
  'accept-encoding' => 'gzip, deflate',
  'accept' => '*/*',
  'user-agent' => 'Mozilla/5.0 (iPhone; CPU iPhone OS 18_5 like Mac OS X) AppleWebKit/605.1.15 (KHTML, like Gecko) Version/18.5 Mobile/15E148 Safari/604.1',
  'host' => 'www.jiwankang.com',
  'content-length' => '',
  'content-type' => '',
)
[ info ] [ PARAM ] array (
)
---------------------------------------------------------------
[2026-04-01T14:46:40+08:00] 127.0.0.1 POST www.jiwankang.com/api.html
[运行时间：0.039847s] [吞吐率：25.10req/s] [内存消耗：4,820.80kb] [文件加载：107]
[ info ] [ LANG ] E:\wwwroot\2026\04\jiwankang\thinkphp\lang\zh-cn.php
[ info ] [ ROUTE ] array (
)
[ info ] [ HEADER ] array (
  'referer' => 'http://localhost:8080/',
  'origin' => 'http://localhost:8080',
  'content-type' => 'application/json',
  'accept-language' => 'zh-CN,zh;q=0.9',
  'accept-encoding' => 'gzip, deflate',
  'accept' => 'application/json',
  'content-length' => '65',
  'user-agent' => 'Mozilla/5.0 (iPhone; CPU iPhone OS 18_5 like Mac OS X) AppleWebKit/605.1.15 (KHTML, like Gecko) Version/18.5 Mobile/15E148 Safari/604.1',
  'host' => 'www.jiwankang.com',
)
[ info ] [ PARAM ] array (
  'token' => 'c44ff269142cc0000a5aab51e13546e0',
  'method' => 'user.info',
)
[ info ] [ DB ] INIT mysql
[ sql ] [ DB ] CONNECT:[ UseTime:0.000619s ] mysql:host=127.0.0.1;port=3306;dbname=jiwankang;charset=utf8mb4
[ sql ] [ SQL ] SHOW COLUMNS FROM `wb_user` [ RunTime:0.000485s ]
[ sql ] [ SQL ] SELECT * FROM `wb_user` WHERE (  `id` = 1 ) AND `wb_user`.`isdel` IS NULL LIMIT 1 [ RunTime:0.000203s ]
[ sql ] [ SQL ] SELECT `id`,`username`,`mobile`,`sex`,`birthday`,`avatar`,`nickname`,`balance`,`point`,`grade`,`status`,`pid`,`password`,`ctime`,`remarks`,`area_id`,`tiyan`,`num_point`,`exp` FROM `wb_user` WHERE (  `id` = 1 ) AND `wb_user`.`isdel` IS NULL LIMIT 1 [ RunTime:0.000266s ]
[ sql ] [ SQL ] SHOW COLUMNS FROM `wb_user_grade` [ RunTime:0.000374s ]
[ sql ] [ SQL ] SELECT * FROM `wb_user_grade` WHERE  `id` = 2 [ RunTime:0.000111s ]
[ sql ] [ SQL ] SELECT * FROM `wb_user_grade` WHERE  `id` = 2 LIMIT 1 [ RunTime:0.000100s ]
---------------------------------------------------------------
[2026-04-01T14:46:40+08:00] 127.0.0.1 POST www.jiwankang.com/api.html
[运行时间：0.033692s] [吞吐率：29.68req/s] [内存消耗：5,233.71kb] [文件加载：107]
[ info ] [ LANG ] E:\wwwroot\2026\04\jiwankang\thinkphp\lang\zh-cn.php
[ info ] [ ROUTE ] array (
)
[ info ] [ HEADER ] array (
  'referer' => 'http://localhost:8080/',
  'origin' => 'http://localhost:8080',
  'content-type' => 'application/json',
  'accept-language' => 'zh-CN,zh;q=0.9',
  'accept-encoding' => 'gzip, deflate',
  'accept' => 'application/json',
  'content-length' => '114',
  'user-agent' => 'Mozilla/5.0 (iPhone; CPU iPhone OS 18_5 like Mac OS X) AppleWebKit/605.1.15 (KHTML, like Gecko) Version/18.5 Mobile/15E148 Safari/604.1',
  'host' => 'www.jiwankang.com',
)
[ info ] [ PARAM ] array (
  'ids' => '1,2,3,4',
  'isAfterSale' => '1',
  'token' => 'c44ff269142cc0000a5aab51e13546e0',
  'method' => 'order.getorderstatusnum',
)
[ info ] [ DB ] INIT mysql
[ sql ] [ DB ] CONNECT:[ UseTime:0.000630s ] mysql:host=127.0.0.1;port=3306;dbname=jiwankang;charset=utf8mb4
[ sql ] [ SQL ] SHOW COLUMNS FROM `wb_user` [ RunTime:0.000458s ]
[ sql ] [ SQL ] SELECT * FROM `wb_user` WHERE (  `id` = 1 ) AND `wb_user`.`isdel` IS NULL LIMIT 1 [ RunTime:0.000200s ]
[ sql ] [ SQL ] SHOW COLUMNS FROM `wb_order` [ RunTime:0.000383s ]
[ sql ] [ SQL ] SELECT COUNT(*) AS tp_count FROM `wb_order` WHERE (  `user_id` = 1  AND `status` = 1  AND `pay_status` = 1 ) AND `wb_order`.`isdel` IS NULL LIMIT 1 [ RunTime:0.000195s ]
[ sql ] [ SQL ] SELECT COUNT(*) AS tp_count FROM `wb_order` WHERE (  `user_id` = 1  AND `status` = 1  AND `pay_status` <> 1  AND `ship_status` IN (1,2) ) AND `wb_order`.`isdel` IS NULL LIMIT 1 [ RunTime:0.000257s ]
[ sql ] [ SQL ] SELECT COUNT(*) AS tp_count FROM `wb_order` WHERE (  `user_id` = 1  AND `status` = 1  AND `ship_status` IN (3,2)  AND `confirm` = 1 ) AND `wb_order`.`isdel` IS NULL LIMIT 1 [ RunTime:0.000195s ]
[ sql ] [ SQL ] SELECT COUNT(*) AS tp_count FROM `wb_order` WHERE (  `user_id` = 1  AND `status` = 1  AND `pay_status` <> 1  AND `ship_status` <> 1  AND `confirm` = 2  AND `is_comment` = 1 ) AND `wb_order`.`isdel` IS NULL LIMIT 1 [ RunTime:0.000140s ]
[ sql ] [ SQL ] SHOW COLUMNS FROM `wb_bill_aftersales` [ RunTime:0.000320s ]
[ sql ] [ SQL ] SELECT COUNT(*) AS tp_count FROM `wb_bill_aftersales` WHERE  `user_id` = 1  AND `status` IN (1) LIMIT 1 [ RunTime:0.000107s ]
[ sql ] [ SQL ] SHOW COLUMNS FROM `wb_coupon` [ RunTime:0.000270s ]
[ sql ] [ SQL ] SELECT COUNT(*) AS tp_count FROM `wb_coupon` `c` INNER JOIN `wb_promotion` `p` ON `p`.`id`=`c`.`promotion_id` WHERE  `p`.`type` = '2'  AND `p`.`status` = '1'  AND `c`.`user_id` = '1'  AND `c`.`is_used` = '1'  AND ( (c.endtime = 0 and p.etime >= 1775026000) or (c.endtime >=1775026000) ) LIMIT 1 [ RunTime:0.000171s ]
---------------------------------------------------------------
[2026-04-01T14:46:42+08:00] 127.0.0.1 POST www.jiwankang.com/api.html
[运行时间：0.027811s] [吞吐率：35.96req/s] [内存消耗：3,177.91kb] [文件加载：95]
[ info ] [ LANG ] E:\wwwroot\2026\04\jiwankang\thinkphp\lang\zh-cn.php
[ info ] [ ROUTE ] array (
)
[ info ] [ HEADER ] array (
  'referer' => 'http://localhost:8080/',
  'origin' => 'http://localhost:8080',
  'content-type' => 'application/json',
  'accept-language' => 'zh-CN,zh;q=0.9',
  'accept-encoding' => 'gzip, deflate',
  'accept' => 'application/json',
  'content-length' => '58',
  'user-agent' => 'Mozilla/5.0 (iPhone; CPU iPhone OS 18_5 like Mac OS X) AppleWebKit/605.1.15 (KHTML, like Gecko) Version/18.5 Mobile/15E148 Safari/604.1',
  'host' => 'www.jiwankang.com',
)
[ info ] [ PARAM ] array (
  'codes' => 'tpl1_slider',
  'method' => 'advert.getcarousellists',
)
---------------------------------------------------------------
[2026-04-01T14:46:42+08:00] 127.0.0.1 POST www.jiwankang.com/api.html
[运行时间：0.027877s] [吞吐率：35.87req/s] [内存消耗：3,178.30kb] [文件加载：95]
[ info ] [ LANG ] E:\wwwroot\2026\04\jiwankang\thinkphp\lang\zh-cn.php
[ info ] [ ROUTE ] array (
)
[ info ] [ HEADER ] array (
  'referer' => 'http://localhost:8080/',
  'origin' => 'http://localhost:8080',
  'content-type' => 'application/json',
  'accept-language' => 'zh-CN,zh;q=0.9',
  'accept-encoding' => 'gzip, deflate',
  'accept' => 'application/json',
  'content-length' => '58',
  'user-agent' => 'Mozilla/5.0 (iPhone; CPU iPhone OS 18_5 like Mac OS X) AppleWebKit/605.1.15 (KHTML, like Gecko) Version/18.5 Mobile/15E148 Safari/604.1',
  'host' => 'www.jiwankang.com',
)
[ info ] [ PARAM ] array (
  'codes' => 'grid_slider',
  'method' => 'advert.getcarousellists',
)
---------------------------------------------------------------
[2026-04-01T14:46:42+08:00] 127.0.0.1 POST www.jiwankang.com/api.html
[运行时间：0.045850s] [吞吐率：21.81req/s] [内存消耗：4,594.55kb] [文件加载：104]
[ info ] [ LANG ] E:\wwwroot\2026\04\jiwankang\thinkphp\lang\zh-cn.php
[ info ] [ ROUTE ] array (
)
[ info ] [ HEADER ] array (
  'referer' => 'http://localhost:8080/',
  'origin' => 'http://localhost:8080',
  'content-type' => 'application/json',
  'accept-language' => 'zh-CN,zh;q=0.9',
  'accept-encoding' => 'gzip, deflate',
  'accept' => 'application/json',
  'content-length' => '28',
  'user-agent' => 'Mozilla/5.0 (iPhone; CPU iPhone OS 18_5 like Mac OS X) AppleWebKit/605.1.15 (KHTML, like Gecko) Version/18.5 Mobile/15E148 Safari/604.1',
  'host' => 'www.jiwankang.com',
)
[ info ] [ PARAM ] array (
  'method' => 'shopindex.index',
)
[ info ] [ DB ] INIT mysql
[ sql ] [ DB ] CONNECT:[ UseTime:0.000858s ] mysql:host=127.0.0.1;port=3306;dbname=jiwankang;charset=utf8mb4
[ sql ] [ SQL ] SHOW COLUMNS FROM `wb_notice` [ RunTime:0.001725s ]
[ sql ] [ SQL ] SELECT * FROM `wb_notice` WHERE (  `type` = 1 ) AND `wb_notice`.`isdel` IS NULL LIMIT 1 [ RunTime:0.000401s ]
---------------------------------------------------------------
[2026-04-01T14:46:43+08:00] 127.0.0.1 POST www.jiwankang.com/api.html
[运行时间：0.039299s] [吞吐率：25.45req/s] [内存消耗：4,820.80kb] [文件加载：107]
[ info ] [ LANG ] E:\wwwroot\2026\04\jiwankang\thinkphp\lang\zh-cn.php
[ info ] [ ROUTE ] array (
)
[ info ] [ HEADER ] array (
  'referer' => 'http://localhost:8080/',
  'origin' => 'http://localhost:8080',
  'content-type' => 'application/json',
  'accept-language' => 'zh-CN,zh;q=0.9',
  'accept-encoding' => 'gzip, deflate',
  'accept' => 'application/json',
  'content-length' => '65',
  'user-agent' => 'Mozilla/5.0 (iPhone; CPU iPhone OS 18_5 like Mac OS X) AppleWebKit/605.1.15 (KHTML, like Gecko) Version/18.5 Mobile/15E148 Safari/604.1',
  'host' => 'www.jiwankang.com',
)
[ info ] [ PARAM ] array (
  'token' => 'c44ff269142cc0000a5aab51e13546e0',
  'method' => 'user.info',
)
[ info ] [ DB ] INIT mysql
[ sql ] [ DB ] CONNECT:[ UseTime:0.000660s ] mysql:host=127.0.0.1;port=3306;dbname=jiwankang;charset=utf8mb4
[ sql ] [ SQL ] SHOW COLUMNS FROM `wb_user` [ RunTime:0.000456s ]
[ sql ] [ SQL ] SELECT * FROM `wb_user` WHERE (  `id` = 1 ) AND `wb_user`.`isdel` IS NULL LIMIT 1 [ RunTime:0.000262s ]
[ sql ] [ SQL ] SELECT `id`,`username`,`mobile`,`sex`,`birthday`,`avatar`,`nickname`,`balance`,`point`,`grade`,`status`,`pid`,`password`,`ctime`,`remarks`,`area_id`,`tiyan`,`num_point`,`exp` FROM `wb_user` WHERE (  `id` = 1 ) AND `wb_user`.`isdel` IS NULL LIMIT 1 [ RunTime:0.000234s ]
[ sql ] [ SQL ] SHOW COLUMNS FROM `wb_user_grade` [ RunTime:0.000540s ]
[ sql ] [ SQL ] SELECT * FROM `wb_user_grade` WHERE  `id` = 2 [ RunTime:0.000176s ]
[ sql ] [ SQL ] SELECT * FROM `wb_user_grade` WHERE  `id` = 2 LIMIT 1 [ RunTime:0.000202s ]
---------------------------------------------------------------
[2026-04-01T14:46:43+08:00] 127.0.0.1 POST www.jiwankang.com/api.html
[运行时间：0.038971s] [吞吐率：25.66req/s] [内存消耗：4,820.80kb] [文件加载：107]
[ info ] [ LANG ] E:\wwwroot\2026\04\jiwankang\thinkphp\lang\zh-cn.php
[ info ] [ ROUTE ] array (
)
[ info ] [ HEADER ] array (
  'referer' => 'http://localhost:8080/',
  'origin' => 'http://localhost:8080',
  'content-type' => 'application/json',
  'accept-language' => 'zh-CN,zh;q=0.9',
  'accept-encoding' => 'gzip, deflate',
  'accept' => 'application/json',
  'content-length' => '65',
  'user-agent' => 'Mozilla/5.0 (iPhone; CPU iPhone OS 18_5 like Mac OS X) AppleWebKit/605.1.15 (KHTML, like Gecko) Version/18.5 Mobile/15E148 Safari/604.1',
  'host' => 'www.jiwankang.com',
)
[ info ] [ PARAM ] array (
  'token' => 'c44ff269142cc0000a5aab51e13546e0',
  'method' => 'user.info',
)
[ info ] [ DB ] INIT mysql
[ sql ] [ DB ] CONNECT:[ UseTime:0.001209s ] mysql:host=127.0.0.1;port=3306;dbname=jiwankang;charset=utf8mb4
[ sql ] [ SQL ] SHOW COLUMNS FROM `wb_user` [ RunTime:0.000568s ]
[ sql ] [ SQL ] SELECT * FROM `wb_user` WHERE (  `id` = 1 ) AND `wb_user`.`isdel` IS NULL LIMIT 1 [ RunTime:0.000331s ]
[ sql ] [ SQL ] SELECT `id`,`username`,`mobile`,`sex`,`birthday`,`avatar`,`nickname`,`balance`,`point`,`grade`,`status`,`pid`,`password`,`ctime`,`remarks`,`area_id`,`tiyan`,`num_point`,`exp` FROM `wb_user` WHERE (  `id` = 1 ) AND `wb_user`.`isdel` IS NULL LIMIT 1 [ RunTime:0.000383s ]
[ sql ] [ SQL ] SHOW COLUMNS FROM `wb_user_grade` [ RunTime:0.000348s ]
[ sql ] [ SQL ] SELECT * FROM `wb_user_grade` WHERE  `id` = 2 [ RunTime:0.000111s ]
[ sql ] [ SQL ] SELECT * FROM `wb_user_grade` WHERE  `id` = 2 LIMIT 1 [ RunTime:0.000107s ]
---------------------------------------------------------------
[2026-04-01T14:46:43+08:00] 127.0.0.1 POST www.jiwankang.com/api.html
[运行时间：0.058587s] [吞吐率：17.07req/s] [内存消耗：5,315.59kb] [文件加载：116]
[ info ] [ LANG ] E:\wwwroot\2026\04\jiwankang\thinkphp\lang\zh-cn.php
[ info ] [ ROUTE ] array (
)
[ info ] [ HEADER ] array (
  'referer' => 'http://localhost:8080/',
  'origin' => 'http://localhost:8080',
  'content-type' => 'application/json',
  'accept-language' => 'zh-CN,zh;q=0.9',
  'accept-encoding' => 'gzip, deflate',
  'accept' => 'application/json',
  'content-length' => '78',
  'user-agent' => 'Mozilla/5.0 (iPhone; CPU iPhone OS 18_5 like Mac OS X) AppleWebKit/605.1.15 (KHTML, like Gecko) Version/18.5 Mobile/15E148 Safari/604.1',
  'host' => 'www.jiwankang.com',
)
[ info ] [ PARAM ] array (
  'id' => '2',
  'token' => 'c44ff269142cc0000a5aab51e13546e0',
  'method' => 'goods.getdetial',
)
[ info ] [ DB ] INIT mysql
[ sql ] [ DB ] CONNECT:[ UseTime:0.000647s ] mysql:host=127.0.0.1;port=3306;dbname=jiwankang;charset=utf8mb4
[ sql ] [ SQL ] SHOW COLUMNS FROM `wb_goods` [ RunTime:0.000522s ]
[ sql ] [ SQL ] SELECT * FROM `wb_goods` WHERE  `id` = 2 LIMIT 1 [ RunTime:0.000310s ]
[ sql ] [ SQL ] SHOW COLUMNS FROM `wb_goods_cat` [ RunTime:0.000905s ]
[ sql ] [ SQL ] SELECT `id`,`name` FROM `wb_goods_cat` WHERE  `id` = 2 [ RunTime:0.000117s ]
[ sql ] [ SQL ] SHOW COLUMNS FROM `wb_products` [ RunTime:0.000451s ]
[ sql ] [ SQL ] SELECT * FROM `wb_products` WHERE  `goods_id` = 2  AND `is_defalut` = 1 LIMIT 1 [ RunTime:0.000271s ]
[ sql ] [ SQL ] SHOW COLUMNS FROM `wb_user` [ RunTime:0.001228s ]
[ sql ] [ SQL ] SELECT * FROM `wb_user` WHERE (  `id` = 1 ) AND `wb_user`.`isdel` IS NULL LIMIT 1 [ RunTime:0.000325s ]
[ sql ] [ SQL ] SELECT * FROM `wb_products` WHERE  `id` = 3 LIMIT 1 [ RunTime:0.000153s ]
[ sql ] [ SQL ] SELECT `name`,`image_id`,`bn`,`marketable`,`spes_desc`,`is_combo`,`point`,`open_point` FROM `wb_goods` WHERE  `id` = 2 LIMIT 1 [ RunTime:0.000107s ]
[ sql ] [ SQL ] SELECT `grade` FROM `wb_user` WHERE (  `id` = 1 ) AND `wb_user`.`isdel` IS NULL LIMIT 1 [ RunTime:0.000152s ]
[ sql ] [ SQL ] SHOW COLUMNS FROM `wb_setting` [ RunTime:0.000444s ]
[ sql ] [ SQL ] SELECT * FROM `wb_setting` WHERE  `skey` = 'language' LIMIT 1 [ RunTime:0.000123s ]
[ sql ] [ SQL ] SELECT * FROM `wb_setting` WHERE  `skey` = 'language' LIMIT 1 [ RunTime:0.000138s ]
[ sql ] [ SQL ] SHOW COLUMNS FROM `wb_goods_grade` [ RunTime:0.000935s ]
[ sql ] [ SQL ] SELECT * FROM `wb_goods_grade` WHERE  `goods_id` = 2 [ RunTime:0.000194s ]
[ sql ] [ SQL ] SHOW COLUMNS FROM `wb_user_grade` [ RunTime:0.000969s ]
[ sql ] [ SQL ] SELECT `name` FROM `wb_user_grade` WHERE  `id` = 1 LIMIT 1 [ RunTime:0.000168s ]
[ sql ] [ SQL ] SELECT `name` FROM `wb_user_grade` WHERE  `id` = 2 LIMIT 1 [ RunTime:0.000108s ]
[ sql ] [ SQL ] SELECT `name` FROM `wb_user_grade` WHERE  `id` = 3 LIMIT 1 [ RunTime:0.000074s ]
[ sql ] [ SQL ] SELECT `name` FROM `wb_user_grade` WHERE  `id` = 4 LIMIT 1 [ RunTime:0.000068s ]
[ sql ] [ SQL ] SELECT `name` FROM `wb_user_grade` WHERE  `id` = 5 LIMIT 1 [ RunTime:0.000069s ]
[ sql ] [ SQL ] SHOW COLUMNS FROM `wb_promotion` [ RunTime:0.000384s ]
[ sql ] [ SQL ] SELECT * FROM `wb_promotion` WHERE (  `status` = 1  AND `stime` < 1775026003  AND `etime` > 1775026003  AND `type` = 1 ) AND `wb_promotion`.`isdel` IS NULL ORDER BY `sort` ASC [ RunTime:0.000222s ]
[ sql ] [ SQL ] SHOW COLUMNS FROM `wb_goods_images` [ RunTime:0.000826s ]
[ sql ] [ SQL ] SELECT * FROM `wb_goods_images` WHERE  `goods_id` = 2 ORDER BY `sort` ASC [ RunTime:0.000141s ]
[ sql ] [ SQL ] SHOW COLUMNS FROM `wb_goods_collection` [ RunTime:0.001225s ]
[ sql ] [ SQL ] SELECT * FROM `wb_goods_collection` WHERE  `user_id` = 1  AND `goods_id` = 2 LIMIT 1 [ RunTime:0.000175s ]
[ sql ] [ SQL ] UPDATE `wb_goods`  SET `view_count` = `view_count` + 1  WHERE  `id` = 2 [ RunTime:0.002071s ]
---------------------------------------------------------------
[2026-04-01T14:46:43+08:00] 127.0.0.1 POST www.jiwankang.com/api.html
[运行时间：0.066667s] [吞吐率：15.00req/s] [内存消耗：4,830.21kb] [文件加载：107]
[ info ] [ LANG ] E:\wwwroot\2026\04\jiwankang\thinkphp\lang\zh-cn.php
[ info ] [ ROUTE ] array (
)
[ info ] [ HEADER ] array (
  'referer' => 'http://localhost:8080/',
  'origin' => 'http://localhost:8080',
  'content-type' => 'application/json',
  'accept-language' => 'zh-CN,zh;q=0.9',
  'accept-encoding' => 'gzip, deflate',
  'accept' => 'application/json',
  'content-length' => '40',
  'user-agent' => 'Mozilla/5.0 (iPhone; CPU iPhone OS 18_5 like Mac OS X) AppleWebKit/605.1.15 (KHTML, like Gecko) Version/18.5 Mobile/15E148 Safari/604.1',
  'host' => 'www.jiwankang.com',
)
[ info ] [ PARAM ] array (
  'id' => '2',
  'method' => 'goods.getgoodsparams',
)
[ info ] [ DB ] INIT mysql
[ sql ] [ DB ] CONNECT:[ UseTime:0.021452s ] mysql:host=127.0.0.1;port=3306;dbname=jiwankang;charset=utf8mb4
[ sql ] [ SQL ] SHOW COLUMNS FROM `wb_setting` [ RunTime:0.000378s ]
[ sql ] [ SQL ] SELECT * FROM `wb_setting` WHERE  `skey` = 'language' LIMIT 1 [ RunTime:0.000262s ]
[ sql ] [ SQL ] SELECT * FROM `wb_setting` WHERE  `skey` = 'language' LIMIT 1 [ RunTime:0.000235s ]
[ sql ] [ SQL ] SELECT * FROM `wb_setting` WHERE  `skey` = 'language' LIMIT 1 [ RunTime:0.000303s ]
[ sql ] [ SQL ] SELECT * FROM `wb_setting` WHERE  `skey` = 'language' LIMIT 1 [ RunTime:0.000165s ]
[ sql ] [ SQL ] SHOW COLUMNS FROM `wb_goods` [ RunTime:0.001275s ]
[ sql ] [ SQL ] SELECT `id`,`bn`,`name`,`brand_id`,`image_id`,`params`,`spes_desc` FROM `wb_goods` WHERE  `id` = 2 LIMIT 1 [ RunTime:0.000192s ]
[ sql ] [ SQL ] SELECT * FROM `wb_setting` WHERE  `skey` = 'language' LIMIT 1 [ RunTime:0.000136s ]
[ sql ] [ SQL ] SELECT * FROM `wb_setting` WHERE  `skey` = 'language' LIMIT 1 [ RunTime:0.000143s ]
[ sql ] [ SQL ] SHOW COLUMNS FROM `wb_goods_images` [ RunTime:0.001172s ]
[ sql ] [ SQL ] SELECT * FROM `wb_goods_images` WHERE  `goods_id` = 2 ORDER BY `sort` DESC [ RunTime:0.000404s ]
[ sql ] [ SQL ] SHOW COLUMNS FROM `wb_products` [ RunTime:0.001292s ]
[ sql ] [ SQL ] SELECT `id` FROM `wb_products` WHERE  `goods_id` = 2 [ RunTime:0.000317s ]
[ sql ] [ SQL ] SELECT * FROM `wb_products` WHERE  `id` = 3 LIMIT 1 [ RunTime:0.000145s ]
[ sql ] [ SQL ] SELECT `name`,`image_id`,`bn`,`marketable`,`spes_desc`,`is_combo`,`point`,`open_point` FROM `wb_goods` WHERE  `id` = 2 LIMIT 1 [ RunTime:0.000107s ]
---------------------------------------------------------------
[2026-04-01T14:46:43+08:00] 127.0.0.1 GET www.jiwankang.com/api/common/jshopconf
[运行时间：0.020560s] [吞吐率：48.64req/s] [内存消耗：3,091.32kb] [文件加载：93]
[ info ] [ LANG ] E:\wwwroot\2026\04\jiwankang\thinkphp\lang\zh-cn.php
[ info ] [ ROUTE ] array (
)
[ info ] [ HEADER ] array (
  'referer' => 'http://localhost:8080/',
  'origin' => 'http://localhost:8080',
  'content-type' => 'application/x-www-form-urlencoded',
  'accept-language' => 'zh-CN,zh;q=0.9',
  'accept-encoding' => 'gzip, deflate',
  'accept' => 'application/json',
  'user-agent' => 'Mozilla/5.0 (iPhone; CPU iPhone OS 18_5 like Mac OS X) AppleWebKit/605.1.15 (KHTML, like Gecko) Version/18.5 Mobile/15E148 Safari/604.1',
  'host' => 'www.jiwankang.com',
  'content-length' => '',
)
[ info ] [ PARAM ] array (
)
---------------------------------------------------------------
[2026-04-01T14:46:43+08:00] 127.0.0.1 POST www.jiwankang.com/api.html
[运行时间：0.030480s] [吞吐率：32.81req/s] [内存消耗：4,605.82kb] [文件加载：103]
[ info ] [ LANG ] E:\wwwroot\2026\04\jiwankang\thinkphp\lang\zh-cn.php
[ info ] [ ROUTE ] array (
)
[ info ] [ HEADER ] array (
  'referer' => 'http://localhost:8080/',
  'origin' => 'http://localhost:8080',
  'content-type' => 'application/json',
  'accept-language' => 'zh-CN,zh;q=0.9',
  'accept-encoding' => 'gzip, deflate',
  'accept' => 'application/json',
  'content-length' => '70',
  'user-agent' => 'Mozilla/5.0 (iPhone; CPU iPhone OS 18_5 like Mac OS X) AppleWebKit/605.1.15 (KHTML, like Gecko) Version/18.5 Mobile/15E148 Safari/604.1',
  'host' => 'www.jiwankang.com',
)
[ info ] [ PARAM ] array (
  'token' => 'c44ff269142cc0000a5aab51e13546e0',
  'method' => 'cart.getnumber',
)
[ info ] [ DB ] INIT mysql
[ sql ] [ DB ] CONNECT:[ UseTime:0.000981s ] mysql:host=127.0.0.1;port=3306;dbname=jiwankang;charset=utf8mb4
[ sql ] [ SQL ] SHOW COLUMNS FROM `wb_user` [ RunTime:0.000591s ]
[ sql ] [ SQL ] SELECT * FROM `wb_user` WHERE (  `id` = 1 ) AND `wb_user`.`isdel` IS NULL LIMIT 1 [ RunTime:0.000286s ]
[ sql ] [ SQL ] SHOW COLUMNS FROM `wb_setting` [ RunTime:0.000470s ]
[ sql ] [ SQL ] SELECT * FROM `wb_setting` WHERE  `skey` = 'virtual_card_class' LIMIT 1 [ RunTime:0.000166s ]
[ sql ] [ SQL ] SHOW COLUMNS FROM `wb_cart` [ RunTime:0.000297s ]
[ sql ] [ SQL ] SELECT SUM(`nums`) AS tp_sum FROM `wb_cart` `c` INNER JOIN `wb_products` `p` ON `p`.`id`=`c`.`product_id` INNER JOIN `wb_goods` `g` ON `g`.`id`=`p`.`goods_id` WHERE  `user_id` = 1  AND `type` = 1 LIMIT 1 [ RunTime:0.000179s ]
---------------------------------------------------------------
[2026-04-01T14:46:45+08:00] 127.0.0.1 POST www.jiwankang.com/api.html
[运行时间：0.034743s] [吞吐率：28.78req/s] [内存消耗：4,866.30kb] [文件加载：105]
[ info ] [ LANG ] E:\wwwroot\2026\04\jiwankang\thinkphp\lang\zh-cn.php
[ info ] [ ROUTE ] array (
)
[ info ] [ HEADER ] array (
  'referer' => 'http://localhost:8080/',
  'origin' => 'http://localhost:8080',
  'content-type' => 'application/json',
  'accept-language' => 'zh-CN,zh;q=0.9',
  'accept-encoding' => 'gzip, deflate',
  'accept' => 'application/json',
  'content-length' => '97',
  'user-agent' => 'Mozilla/5.0 (iPhone; CPU iPhone OS 18_5 like Mac OS X) AppleWebKit/605.1.15 (KHTML, like Gecko) Version/18.5 Mobile/15E148 Safari/604.1',
  'host' => 'www.jiwankang.com',
)
[ info ] [ PARAM ] array (
  'product_id' => '3',
  'nums' => '1',
  'type' => '2',
  'token' => 'c44ff269142cc0000a5aab51e13546e0',
  'method' => 'cart.add',
)
[ info ] [ DB ] INIT mysql
[ sql ] [ DB ] CONNECT:[ UseTime:0.000703s ] mysql:host=127.0.0.1;port=3306;dbname=jiwankang;charset=utf8mb4
[ sql ] [ SQL ] SHOW COLUMNS FROM `wb_user` [ RunTime:0.000561s ]
[ sql ] [ SQL ] SELECT * FROM `wb_user` WHERE (  `id` = 1 ) AND `wb_user`.`isdel` IS NULL LIMIT 1 [ RunTime:0.000309s ]
[ sql ] [ SQL ] SHOW COLUMNS FROM `wb_products` [ RunTime:0.000435s ]
[ sql ] [ SQL ] SELECT * FROM `wb_products` WHERE  `id` = 3 LIMIT 1 [ RunTime:0.000188s ]
[ sql ] [ SQL ] SHOW COLUMNS FROM `wb_goods` [ RunTime:0.000381s ]
[ sql ] [ SQL ] SELECT `name`,`image_id`,`bn`,`marketable`,`spes_desc`,`is_combo`,`point`,`open_point` FROM `wb_goods` WHERE  `id` = 2 LIMIT 1 [ RunTime:0.000130s ]
[ sql ] [ SQL ] SELECT `p`.`id`,`g`.`marketable` FROM `wb_products` `p` INNER JOIN `wb_goods` `g` ON `g`.`id`=`p`.`goods_id` WHERE  `p`.`id` = '3' LIMIT 1 [ RunTime:0.000133s ]
[ sql ] [ SQL ] SHOW COLUMNS FROM `wb_cart` [ RunTime:0.000235s ]
[ sql ] [ SQL ] SELECT * FROM `wb_cart` WHERE  `product_id` = 3  AND `user_id` = 1  AND `type` = 1 LIMIT 1 [ RunTime:0.000132s ]
[ sql ] [ SQL ] INSERT INTO `wb_cart` (`product_id` , `nums` , `user_id` , `type`) VALUES (3 , 1 , 1 , 1) [ RunTime:0.002165s ]
---------------------------------------------------------------
[2026-04-01T14:46:45+08:00] 127.0.0.1 POST www.jiwankang.com/api.html
[运行时间：0.057210s] [吞吐率：17.48req/s] [内存消耗：4,656.99kb] [文件加载：106]
[ info ] [ LANG ] E:\wwwroot\2026\04\jiwankang\thinkphp\lang\zh-cn.php
[ info ] [ ROUTE ] array (
)
[ info ] [ HEADER ] array (
  'referer' => 'http://localhost:8080/',
  'origin' => 'http://localhost:8080',
  'content-type' => 'application/json',
  'accept-language' => 'zh-CN,zh;q=0.9',
  'accept-encoding' => 'gzip, deflate',
  'accept' => 'application/json',
  'content-length' => '93',
  'user-agent' => 'Mozilla/5.0 (iPhone; CPU iPhone OS 18_5 like Mac OS X) AppleWebKit/605.1.15 (KHTML, like Gecko) Version/18.5 Mobile/15E148 Safari/604.1',
  'host' => 'www.jiwankang.com',
)
[ info ] [ PARAM ] array (
  'display' => 'no_used',
  'token' => 'c44ff269142cc0000a5aab51e13546e0',
  'method' => 'coupon.usercoupon',
)
[ info ] [ DB ] INIT mysql
[ sql ] [ DB ] CONNECT:[ UseTime:0.016366s ] mysql:host=127.0.0.1;port=3306;dbname=jiwankang;charset=utf8mb4
[ sql ] [ SQL ] SHOW COLUMNS FROM `wb_user` [ RunTime:0.000998s ]
[ sql ] [ SQL ] SELECT * FROM `wb_user` WHERE (  `id` = 1 ) AND `wb_user`.`isdel` IS NULL LIMIT 1 [ RunTime:0.000453s ]
[ sql ] [ SQL ] SHOW COLUMNS FROM `wb_coupon` [ RunTime:0.001112s ]
[ sql ] [ SQL ] SELECT * FROM `wb_coupon` `c` INNER JOIN `wb_promotion` `p` ON `p`.`id`=`c`.`promotion_id` WHERE  `c`.`user_id` = '1'  AND `p`.`type` = '2'  AND `c`.`is_used` = '1'  AND `p`.`status` = '1'  AND ( (c.endtime = 0 and p.etime >= 1775026005) or (c.endtime >=1775026005) ) ORDER BY `c`.`ctime` ASC LIMIT 0,10 [ RunTime:0.000287s ]
[ sql ] [ SQL ] SELECT COUNT(*) AS tp_count FROM `wb_coupon` `c` INNER JOIN `wb_promotion` `p` ON `p`.`id`=`c`.`promotion_id` WHERE  `c`.`user_id` = '1'  AND `p`.`type` = '2'  AND `c`.`is_used` = '1'  AND `p`.`status` = '1'  AND ( (c.endtime = 0 and p.etime >= 1775026005) or (c.endtime >=1775026005) ) LIMIT 1 [ RunTime:0.000246s ]
---------------------------------------------------------------
[2026-04-01T14:46:45+08:00] 127.0.0.1 POST www.jiwankang.com/api.html
[运行时间：0.062003s] [吞吐率：16.13req/s] [内存消耗：4,856.52kb] [文件加载：105]
[ info ] [ LANG ] E:\wwwroot\2026\04\jiwankang\thinkphp\lang\zh-cn.php
[ info ] [ ROUTE ] array (
)
[ info ] [ HEADER ] array (
  'referer' => 'http://localhost:8080/',
  'origin' => 'http://localhost:8080',
  'content-type' => 'application/json',
  'accept-language' => 'zh-CN,zh;q=0.9',
  'accept-encoding' => 'gzip, deflate',
  'accept' => 'application/json',
  'content-length' => '79',
  'user-agent' => 'Mozilla/5.0 (iPhone; CPU iPhone OS 18_5 like Mac OS X) AppleWebKit/605.1.15 (KHTML, like Gecko) Version/18.5 Mobile/15E148 Safari/604.1',
  'host' => 'www.jiwankang.com',
)
[ info ] [ PARAM ] array (
  'token' => 'c44ff269142cc0000a5aab51e13546e0',
  'method' => 'user.getuserdefaultship',
)
[ info ] [ DB ] INIT mysql
[ sql ] [ DB ] CONNECT:[ UseTime:0.016580s ] mysql:host=127.0.0.1;port=3306;dbname=jiwankang;charset=utf8mb4
[ sql ] [ SQL ] SHOW COLUMNS FROM `wb_user` [ RunTime:0.000934s ]
[ sql ] [ SQL ] SELECT * FROM `wb_user` WHERE (  `id` = 1 ) AND `wb_user`.`isdel` IS NULL LIMIT 1 [ RunTime:0.000481s ]
[ sql ] [ SQL ] SHOW COLUMNS FROM `wb_user_ship` [ RunTime:0.001533s ]
[ sql ] [ SQL ] SELECT * FROM `wb_user_ship` WHERE  `user_id` = 1  AND `is_def` = 1 ORDER BY `utime` DESC LIMIT 1 [ RunTime:0.000269s ]
[ sql ] [ SQL ] SHOW COLUMNS FROM `wb_area` [ RunTime:0.001093s ]
[ sql ] [ SQL ] SELECT `id`,`name`,`parent_id`,`postal_code` FROM `wb_area` WHERE  `id` = 150525 LIMIT 1 [ RunTime:0.000132s ]
[ sql ] [ SQL ] SELECT `id`,`name`,`parent_id`,`postal_code` FROM `wb_area` WHERE  `parent_id` = 150500 [ RunTime:0.000755s ]
[ sql ] [ SQL ] SELECT `id`,`name`,`parent_id`,`postal_code` FROM `wb_area` WHERE  `id` = 150500 LIMIT 1 [ RunTime:0.000179s ]
[ sql ] [ SQL ] SELECT `id`,`name`,`parent_id`,`postal_code` FROM `wb_area` WHERE  `parent_id` = 150000 [ RunTime:0.000701s ]
[ sql ] [ SQL ] SELECT `id`,`name`,`parent_id`,`postal_code` FROM `wb_area` WHERE  `id` = 150000 LIMIT 1 [ RunTime:0.000141s ]
[ sql ] [ SQL ] SELECT `id`,`name`,`parent_id`,`postal_code` FROM `wb_area` WHERE  `parent_id` = 0 [ RunTime:0.000651s ]
---------------------------------------------------------------
[2026-04-01T14:46:45+08:00] 127.0.0.1 POST www.jiwankang.com/api.html
[运行时间：0.053265s] [吞吐率：18.77req/s] [内存消耗：5,254.66kb] [文件加载：113]
[ info ] [ LANG ] E:\wwwroot\2026\04\jiwankang\thinkphp\lang\zh-cn.php
[ info ] [ ROUTE ] array (
)
[ info ] [ HEADER ] array (
  'referer' => 'http://localhost:8080/',
  'origin' => 'http://localhost:8080',
  'content-type' => 'application/json',
  'accept-language' => 'zh-CN,zh;q=0.9',
  'accept-encoding' => 'gzip, deflate',
  'accept' => 'application/json',
  'content-length' => '155',
  'user-agent' => 'Mozilla/5.0 (iPhone; CPU iPhone OS 18_5 like Mac OS X) AppleWebKit/605.1.15 (KHTML, like Gecko) Version/18.5 Mobile/15E148 Safari/604.1',
  'host' => 'www.jiwankang.com',
)
[ info ] [ PARAM ] array (
  'ids' => '6',
  'area_id' => 0,
  'coupon_code' => '',
  'point' => 0,
  'type' => '1',
  'params' => '',
  'receipt_type' => '1',
  'token' => 'c44ff269142cc0000a5aab51e13546e0',
  'method' => 'cart.getlist',
)
[ info ] [ DB ] INIT mysql
[ sql ] [ DB ] CONNECT:[ UseTime:0.001522s ] mysql:host=127.0.0.1;port=3306;dbname=jiwankang;charset=utf8mb4
[ sql ] [ SQL ] SHOW COLUMNS FROM `wb_user` [ RunTime:0.000748s ]
[ sql ] [ SQL ] SELECT * FROM `wb_user` WHERE (  `id` = 1 ) AND `wb_user`.`isdel` IS NULL LIMIT 1 [ RunTime:0.000420s ]
[ sql ] [ SQL ] SHOW COLUMNS FROM `wb_cart` [ RunTime:0.000878s ]
[ sql ] [ SQL ] SELECT * FROM `wb_cart` WHERE  `user_id` = 1  AND `type` = 1  AND `id` IN (6) [ RunTime:0.000369s ]
[ sql ] [ SQL ] SHOW COLUMNS FROM `wb_products` [ RunTime:0.000737s ]
[ sql ] [ SQL ] SELECT * FROM `wb_products` WHERE  `id` = 3 LIMIT 1 [ RunTime:0.000304s ]
[ sql ] [ SQL ] SHOW COLUMNS FROM `wb_goods` [ RunTime:0.000435s ]
[ sql ] [ SQL ] SELECT `name`,`image_id`,`bn`,`marketable`,`spes_desc`,`is_combo`,`point`,`open_point` FROM `wb_goods` WHERE  `id` = 2 LIMIT 1 [ RunTime:0.000231s ]
[ sql ] [ SQL ] SELECT `grade` FROM `wb_user` WHERE (  `id` = 1 ) AND `wb_user`.`isdel` IS NULL LIMIT 1 [ RunTime:0.000169s ]
[ sql ] [ SQL ] SHOW COLUMNS FROM `wb_setting` [ RunTime:0.000307s ]
[ sql ] [ SQL ] SELECT * FROM `wb_setting` WHERE  `skey` = 'language' LIMIT 1 [ RunTime:0.000135s ]
[ sql ] [ SQL ] SELECT * FROM `wb_setting` WHERE  `skey` = 'language' LIMIT 1 [ RunTime:0.000107s ]
[ sql ] [ SQL ] SHOW COLUMNS FROM `wb_goods_grade` [ RunTime:0.000374s ]
[ sql ] [ SQL ] SELECT * FROM `wb_goods_grade` WHERE  `goods_id` = 2 [ RunTime:0.000157s ]
[ sql ] [ SQL ] SHOW COLUMNS FROM `wb_user_grade` [ RunTime:0.000290s ]
[ sql ] [ SQL ] SELECT `name` FROM `wb_user_grade` WHERE  `id` = 1 LIMIT 1 [ RunTime:0.000101s ]
[ sql ] [ SQL ] SELECT `name` FROM `wb_user_grade` WHERE  `id` = 2 LIMIT 1 [ RunTime:0.000078s ]
[ sql ] [ SQL ] SELECT `name` FROM `wb_user_grade` WHERE  `id` = 3 LIMIT 1 [ RunTime:0.000070s ]
[ sql ] [ SQL ] SELECT `name` FROM `wb_user_grade` WHERE  `id` = 4 LIMIT 1 [ RunTime:0.000096s ]
[ sql ] [ SQL ] SELECT `name` FROM `wb_user_grade` WHERE  `id` = 5 LIMIT 1 [ RunTime:0.000085s ]
[ sql ] [ SQL ] SELECT `p`.`id`,`g`.`marketable` FROM `wb_products` `p` INNER JOIN `wb_goods` `g` ON `g`.`id`=`p`.`goods_id` WHERE  `p`.`id` = '3' LIMIT 1 [ RunTime:0.000114s ]
[ sql ] [ SQL ] SELECT `goods_id` FROM `wb_products` WHERE  `id` = 3 LIMIT 1 [ RunTime:0.000074s ]
[ sql ] [ SQL ] SELECT `weight` FROM `wb_goods` WHERE  `id` = 2 LIMIT 1 [ RunTime:0.000072s ]
[ sql ] [ SQL ] SHOW COLUMNS FROM `wb_goods_collection` [ RunTime:0.000260s ]
[ sql ] [ SQL ] SELECT * FROM `wb_goods_collection` WHERE  `user_id` = 1  AND `goods_id` = 2 LIMIT 1 [ RunTime:0.000223s ]
[ sql ] [ SQL ] SHOW COLUMNS FROM `wb_promotion` [ RunTime:0.000440s ]
[ sql ] [ SQL ] SELECT * FROM `wb_promotion` WHERE (  `status` = 1  AND `stime` < 1775026005  AND `etime` > 1775026005  AND `type` = 1 ) AND `wb_promotion`.`isdel` IS NULL ORDER BY `sort` ASC [ RunTime:0.000254s ]
---------------------------------------------------------------
[2026-04-01T14:46:45+08:00] 127.0.0.1 POST www.jiwankang.com/api.html
[运行时间：0.028586s] [吞吐率：34.98req/s] [内存消耗：4,758.41kb] [文件加载：103]
[ info ] [ LANG ] E:\wwwroot\2026\04\jiwankang\thinkphp\lang\zh-cn.php
[ info ] [ ROUTE ] array (
)
[ info ] [ HEADER ] array (
  'referer' => 'http://localhost:8080/',
  'origin' => 'http://localhost:8080',
  'content-type' => 'application/json',
  'accept-language' => 'zh-CN,zh;q=0.9',
  'accept-encoding' => 'gzip, deflate',
  'accept' => 'application/json',
  'content-length' => '96',
  'user-agent' => 'Mozilla/5.0 (iPhone; CPU iPhone OS 18_5 like Mac OS X) AppleWebKit/605.1.15 (KHTML, like Gecko) Version/18.5 Mobile/15E148 Safari/604.1',
  'host' => 'www.jiwankang.com',
)
[ info ] [ PARAM ] array (
  'order_money' => '998.00',
  'token' => 'c44ff269142cc0000a5aab51e13546e0',
  'method' => 'user.getuserpoint',
)
[ info ] [ DB ] INIT mysql
[ sql ] [ DB ] CONNECT:[ UseTime:0.000610s ] mysql:host=127.0.0.1;port=3306;dbname=jiwankang;charset=utf8mb4
[ sql ] [ SQL ] SHOW COLUMNS FROM `wb_user` [ RunTime:0.000460s ]
[ sql ] [ SQL ] SELECT * FROM `wb_user` WHERE (  `id` = 1 ) AND `wb_user`.`isdel` IS NULL LIMIT 1 [ RunTime:0.000185s ]
[ sql ] [ SQL ] SHOW COLUMNS FROM `wb_setting` [ RunTime:0.000270s ]
[ sql ] [ SQL ] SELECT * FROM `wb_setting` WHERE  `skey` = 'language' LIMIT 1 [ RunTime:0.000105s ]
[ sql ] [ SQL ] SELECT * FROM `wb_setting` WHERE  `skey` = 'language' LIMIT 1 [ RunTime:0.000074s ]
[ sql ] [ SQL ] SELECT * FROM `wb_setting` WHERE  `skey` = 'point_switch' LIMIT 1 [ RunTime:0.000075s ]
[ sql ] [ SQL ] SELECT `point` FROM `wb_user` WHERE (  `id` = 1 ) AND `wb_user`.`isdel` IS NULL LIMIT 1 [ RunTime:0.000090s ]
[ sql ] [ SQL ] SELECT * FROM `wb_setting` WHERE  `skey` = 'orders_point_proportion' LIMIT 1 [ RunTime:0.000076s ]
[ sql ] [ SQL ] SELECT * FROM `wb_setting` WHERE  `skey` = 'point_discounted_proportion' LIMIT 1 [ RunTime:0.000071s ]
---------------------------------------------------------------
[2026-04-01T14:46:45+08:00] 127.0.0.1 POST www.jiwankang.com/api.html
[运行时间：0.062442s] [吞吐率：16.01req/s] [内存消耗：5,312.14kb] [文件加载：115]
[ info ] [ LANG ] E:\wwwroot\2026\04\jiwankang\thinkphp\lang\zh-cn.php
[ info ] [ ROUTE ] array (
)
[ info ] [ HEADER ] array (
  'referer' => 'http://localhost:8080/',
  'origin' => 'http://localhost:8080',
  'content-type' => 'application/json',
  'accept-language' => 'zh-CN,zh;q=0.9',
  'accept-encoding' => 'gzip, deflate',
  'accept' => 'application/json',
  'content-length' => '160',
  'user-agent' => 'Mozilla/5.0 (iPhone; CPU iPhone OS 18_5 like Mac OS X) AppleWebKit/605.1.15 (KHTML, like Gecko) Version/18.5 Mobile/15E148 Safari/604.1',
  'host' => 'www.jiwankang.com',
)
[ info ] [ PARAM ] array (
  'ids' => '6',
  'area_id' => '150525',
  'coupon_code' => '',
  'point' => 0,
  'type' => '1',
  'params' => '',
  'receipt_type' => '1',
  'token' => 'c44ff269142cc0000a5aab51e13546e0',
  'method' => 'cart.getlist',
)
[ info ] [ DB ] INIT mysql
[ sql ] [ DB ] CONNECT:[ UseTime:0.017979s ] mysql:host=127.0.0.1;port=3306;dbname=jiwankang;charset=utf8mb4
[ sql ] [ SQL ] SHOW COLUMNS FROM `wb_user` [ RunTime:0.001038s ]
[ sql ] [ SQL ] SELECT * FROM `wb_user` WHERE (  `id` = 1 ) AND `wb_user`.`isdel` IS NULL LIMIT 1 [ RunTime:0.000370s ]
[ sql ] [ SQL ] SHOW COLUMNS FROM `wb_cart` [ RunTime:0.000394s ]
[ sql ] [ SQL ] SELECT * FROM `wb_cart` WHERE  `user_id` = 1  AND `type` = 1  AND `id` IN (6) [ RunTime:0.000152s ]
[ sql ] [ SQL ] SHOW COLUMNS FROM `wb_products` [ RunTime:0.000742s ]
[ sql ] [ SQL ] SELECT * FROM `wb_products` WHERE  `id` = 3 LIMIT 1 [ RunTime:0.000161s ]
[ sql ] [ SQL ] SHOW COLUMNS FROM `wb_goods` [ RunTime:0.000401s ]
[ sql ] [ SQL ] SELECT `name`,`image_id`,`bn`,`marketable`,`spes_desc`,`is_combo`,`point`,`open_point` FROM `wb_goods` WHERE  `id` = 2 LIMIT 1 [ RunTime:0.000140s ]
[ sql ] [ SQL ] SELECT `grade` FROM `wb_user` WHERE (  `id` = 1 ) AND `wb_user`.`isdel` IS NULL LIMIT 1 [ RunTime:0.000421s ]
[ sql ] [ SQL ] SHOW COLUMNS FROM `wb_setting` [ RunTime:0.000371s ]
[ sql ] [ SQL ] SELECT * FROM `wb_setting` WHERE  `skey` = 'language' LIMIT 1 [ RunTime:0.000133s ]
[ sql ] [ SQL ] SELECT * FROM `wb_setting` WHERE  `skey` = 'language' LIMIT 1 [ RunTime:0.000080s ]
[ sql ] [ SQL ] SHOW COLUMNS FROM `wb_goods_grade` [ RunTime:0.000277s ]
[ sql ] [ SQL ] SELECT * FROM `wb_goods_grade` WHERE  `goods_id` = 2 [ RunTime:0.000204s ]
[ sql ] [ SQL ] SHOW COLUMNS FROM `wb_user_grade` [ RunTime:0.000342s ]
[ sql ] [ SQL ] SELECT `name` FROM `wb_user_grade` WHERE  `id` = 1 LIMIT 1 [ RunTime:0.000212s ]
[ sql ] [ SQL ] SELECT `name` FROM `wb_user_grade` WHERE  `id` = 2 LIMIT 1 [ RunTime:0.000139s ]
[ sql ] [ SQL ] SELECT `name` FROM `wb_user_grade` WHERE  `id` = 3 LIMIT 1 [ RunTime:0.000221s ]
[ sql ] [ SQL ] SELECT `name` FROM `wb_user_grade` WHERE  `id` = 4 LIMIT 1 [ RunTime:0.000195s ]
[ sql ] [ SQL ] SELECT `name` FROM `wb_user_grade` WHERE  `id` = 5 LIMIT 1 [ RunTime:0.000215s ]
[ sql ] [ SQL ] SELECT `p`.`id`,`g`.`marketable` FROM `wb_products` `p` INNER JOIN `wb_goods` `g` ON `g`.`id`=`p`.`goods_id` WHERE  `p`.`id` = '3' LIMIT 1 [ RunTime:0.000217s ]
[ sql ] [ SQL ] SELECT `goods_id` FROM `wb_products` WHERE  `id` = 3 LIMIT 1 [ RunTime:0.000108s ]
[ sql ] [ SQL ] SELECT `weight` FROM `wb_goods` WHERE  `id` = 2 LIMIT 1 [ RunTime:0.000084s ]
[ sql ] [ SQL ] SHOW COLUMNS FROM `wb_goods_collection` [ RunTime:0.000317s ]
[ sql ] [ SQL ] SELECT * FROM `wb_goods_collection` WHERE  `user_id` = 1  AND `goods_id` = 2 LIMIT 1 [ RunTime:0.000131s ]
[ sql ] [ SQL ] SHOW COLUMNS FROM `wb_promotion` [ RunTime:0.000629s ]
[ sql ] [ SQL ] SELECT * FROM `wb_promotion` WHERE (  `status` = 1  AND `stime` < 1775026005  AND `etime` > 1775026005  AND `type` = 1 ) AND `wb_promotion`.`isdel` IS NULL ORDER BY `sort` ASC [ RunTime:0.000344s ]
[ sql ] [ SQL ] SHOW COLUMNS FROM `wb_ship` [ RunTime:0.000344s ]
[ sql ] [ SQL ] SELECT * FROM `wb_ship` WHERE  `status` = 1  AND `type` = 2  AND (  FIND_IN_SET('150525',area_fee)  ) LIMIT 1 [ RunTime:0.000149s ]
[ sql ] [ SQL ] SELECT * FROM `wb_ship` WHERE  `is_def` = 1  AND `status` = 1 LIMIT 1 [ RunTime:0.000093s ]
[ sql ] [ SQL ] SELECT * FROM `wb_ship` WHERE  `status` = 1 LIMIT 1 [ RunTime:0.000081s ]
---------------------------------------------------------------
[2026-04-01T14:46:45+08:00] 127.0.0.1 POST www.jiwankang.com/api.html
[运行时间：0.028022s] [吞吐率：35.69req/s] [内存消耗：4,758.41kb] [文件加载：103]
[ info ] [ LANG ] E:\wwwroot\2026\04\jiwankang\thinkphp\lang\zh-cn.php
[ info ] [ ROUTE ] array (
)
[ info ] [ HEADER ] array (
  'referer' => 'http://localhost:8080/',
  'origin' => 'http://localhost:8080',
  'content-type' => 'application/json',
  'accept-language' => 'zh-CN,zh;q=0.9',
  'accept-encoding' => 'gzip, deflate',
  'accept' => 'application/json',
  'content-length' => '96',
  'user-agent' => 'Mozilla/5.0 (iPhone; CPU iPhone OS 18_5 like Mac OS X) AppleWebKit/605.1.15 (KHTML, like Gecko) Version/18.5 Mobile/15E148 Safari/604.1',
  'host' => 'www.jiwankang.com',
)
[ info ] [ PARAM ] array (
  'order_money' => '998.00',
  'token' => 'c44ff269142cc0000a5aab51e13546e0',
  'method' => 'user.getuserpoint',
)
[ info ] [ DB ] INIT mysql
[ sql ] [ DB ] CONNECT:[ UseTime:0.000875s ] mysql:host=127.0.0.1;port=3306;dbname=jiwankang;charset=utf8mb4
[ sql ] [ SQL ] SHOW COLUMNS FROM `wb_user` [ RunTime:0.000561s ]
[ sql ] [ SQL ] SELECT * FROM `wb_user` WHERE (  `id` = 1 ) AND `wb_user`.`isdel` IS NULL LIMIT 1 [ RunTime:0.000192s ]
[ sql ] [ SQL ] SHOW COLUMNS FROM `wb_setting` [ RunTime:0.000275s ]
[ sql ] [ SQL ] SELECT * FROM `wb_setting` WHERE  `skey` = 'language' LIMIT 1 [ RunTime:0.000100s ]
[ sql ] [ SQL ] SELECT * FROM `wb_setting` WHERE  `skey` = 'language' LIMIT 1 [ RunTime:0.000073s ]
[ sql ] [ SQL ] SELECT * FROM `wb_setting` WHERE  `skey` = 'point_switch' LIMIT 1 [ RunTime:0.000073s ]
[ sql ] [ SQL ] SELECT `point` FROM `wb_user` WHERE (  `id` = 1 ) AND `wb_user`.`isdel` IS NULL LIMIT 1 [ RunTime:0.000084s ]
[ sql ] [ SQL ] SELECT * FROM `wb_setting` WHERE  `skey` = 'orders_point_proportion' LIMIT 1 [ RunTime:0.000073s ]
[ sql ] [ SQL ] SELECT * FROM `wb_setting` WHERE  `skey` = 'point_discounted_proportion' LIMIT 1 [ RunTime:0.000068s ]
---------------------------------------------------------------
[2026-04-01T14:46:46+08:00] 127.0.0.1 OPTIONS www.jiwankang.com/api.html
[运行时间：0.016853s] [吞吐率：59.34req/s] [内存消耗：3,009.21kb] [文件加载：89]
[ info ] [ LANG ] E:\wwwroot\2026\04\jiwankang\thinkphp\lang\zh-cn.php
[ info ] [ ROUTE ] array (
)
[ info ] [ HEADER ] array (
  'sec-fetch-mode' => 'cors',
  'referer' => 'http://localhost:8080/',
  'origin' => 'http://localhost:8080',
  'access-control-request-method' => 'POST',
  'access-control-request-headers' => 'content-type',
  'accept-language' => 'zh-CN,zh;q=0.9',
  'accept-encoding' => 'gzip, deflate',
  'accept' => '*/*',
  'user-agent' => 'Mozilla/5.0 (iPhone; CPU iPhone OS 18_5 like Mac OS X) AppleWebKit/605.1.15 (KHTML, like Gecko) Version/18.5 Mobile/15E148 Safari/604.1',
  'host' => 'www.jiwankang.com',
  'content-length' => '',
  'content-type' => '',
)
[ info ] [ PARAM ] array (
)
---------------------------------------------------------------
[2026-04-01T14:46:46+08:00] 127.0.0.1 POST www.jiwankang.com/api.html
[运行时间：0.067478s] [吞吐率：14.82req/s] [内存消耗：5,999.34kb] [文件加载：121]
[ info ] [ LANG ] E:\wwwroot\2026\04\jiwankang\thinkphp\lang\zh-cn.php
[ info ] [ ROUTE ] array (
)
[ info ] [ HEADER ] array (
  'referer' => 'http://localhost:8080/',
  'origin' => 'http://localhost:8080',
  'content-type' => 'application/json',
  'accept-language' => 'zh-CN,zh;q=0.9',
  'accept-encoding' => 'gzip, deflate',
  'accept' => 'application/json',
  'content-length' => '233',
  'user-agent' => 'Mozilla/5.0 (iPhone; CPU iPhone OS 18_5 like Mac OS X) AppleWebKit/605.1.15 (KHTML, like Gecko) Version/18.5 Mobile/15E148 Safari/604.1',
  'host' => 'www.jiwankang.com',
)
[ info ] [ PARAM ] array (
  'cart_ids' => '6',
  'memo' => '',
  'point' => 0,
  'receipt_type' => '1',
  'coupon_code' => '',
  'tax_type' => '1',
  'tax_name' => '不开发票',
  'tax_code' => '',
  'source' => '2',
  'uship_id' => '1',
  'area_id' => '150525',
  'token' => 'c44ff269142cc0000a5aab51e13546e0',
  'method' => 'order.create',
)
[ info ] [ DB ] INIT mysql
[ sql ] [ DB ] CONNECT:[ UseTime:0.000623s ] mysql:host=127.0.0.1;port=3306;dbname=jiwankang;charset=utf8mb4
[ sql ] [ SQL ] SHOW COLUMNS FROM `wb_user` [ RunTime:0.000468s ]
[ sql ] [ SQL ] SELECT * FROM `wb_user` WHERE (  `id` = 1 ) AND `wb_user`.`isdel` IS NULL LIMIT 1 [ RunTime:0.000185s ]
[ sql ] [ SQL ] SHOW COLUMNS FROM `wb_user_ship` [ RunTime:0.000915s ]
[ sql ] [ SQL ] SELECT * FROM `wb_user_ship` WHERE  `id` = 1  AND `user_id` = 1 LIMIT 1 [ RunTime:0.000152s ]
[ sql ] [ SQL ] SHOW COLUMNS FROM `wb_ship` [ RunTime:0.000321s ]
[ sql ] [ SQL ] SELECT * FROM `wb_ship` WHERE  `status` = 1  AND `area_fee` LIKE '%\\\\\"150525\\\\\"%'  AND `type` = 2 LIMIT 1 [ RunTime:0.000151s ]
[ sql ] [ SQL ] SELECT * FROM `wb_ship` WHERE  `is_def` = 1  AND `status` = 1 LIMIT 1 [ RunTime:0.000101s ]
[ sql ] [ SQL ] SELECT * FROM `wb_ship` WHERE  `status` = 1 LIMIT 1 [ RunTime:0.000085s ]
[ sql ] [ SQL ] SHOW COLUMNS FROM `wb_cart` [ RunTime:0.000273s ]
[ sql ] [ SQL ] SELECT * FROM `wb_cart` WHERE  `user_id` = 1  AND `type` = 1  AND `id` IN (6) [ RunTime:0.000196s ]
[ sql ] [ SQL ] SHOW COLUMNS FROM `wb_products` [ RunTime:0.000430s ]
[ sql ] [ SQL ] SELECT * FROM `wb_products` WHERE  `id` = 3 LIMIT 1 [ RunTime:0.000136s ]
[ sql ] [ SQL ] SHOW COLUMNS FROM `wb_goods` [ RunTime:0.000324s ]
[ sql ] [ SQL ] SELECT `name`,`image_id`,`bn`,`marketable`,`spes_desc`,`is_combo`,`point`,`open_point` FROM `wb_goods` WHERE  `id` = 2 LIMIT 1 [ RunTime:0.000116s ]
[ sql ] [ SQL ] SELECT `grade` FROM `wb_user` WHERE (  `id` = 1 ) AND `wb_user`.`isdel` IS NULL LIMIT 1 [ RunTime:0.000117s ]
[ sql ] [ SQL ] SHOW COLUMNS FROM `wb_setting` [ RunTime:0.000245s ]
[ sql ] [ SQL ] SELECT * FROM `wb_setting` WHERE  `skey` = 'language' LIMIT 1 [ RunTime:0.000095s ]
[ sql ] [ SQL ] SELECT * FROM `wb_setting` WHERE  `skey` = 'language' LIMIT 1 [ RunTime:0.000076s ]
[ sql ] [ SQL ] SHOW COLUMNS FROM `wb_goods_grade` [ RunTime:0.000763s ]
[ sql ] [ SQL ] SELECT * FROM `wb_goods_grade` WHERE  `goods_id` = 2 [ RunTime:0.000130s ]
[ sql ] [ SQL ] SHOW COLUMNS FROM `wb_user_grade` [ RunTime:0.000749s ]
[ sql ] [ SQL ] SELECT `name` FROM `wb_user_grade` WHERE  `id` = 1 LIMIT 1 [ RunTime:0.000103s ]
[ sql ] [ SQL ] SELECT `name` FROM `wb_user_grade` WHERE  `id` = 2 LIMIT 1 [ RunTime:0.000076s ]
[ sql ] [ SQL ] SELECT `name` FROM `wb_user_grade` WHERE  `id` = 3 LIMIT 1 [ RunTime:0.000067s ]
[ sql ] [ SQL ] SELECT `name` FROM `wb_user_grade` WHERE  `id` = 4 LIMIT 1 [ RunTime:0.000066s ]
[ sql ] [ SQL ] SELECT `name` FROM `wb_user_grade` WHERE  `id` = 5 LIMIT 1 [ RunTime:0.000066s ]
[ sql ] [ SQL ] SELECT `p`.`id`,`g`.`marketable` FROM `wb_products` `p` INNER JOIN `wb_goods` `g` ON `g`.`id`=`p`.`goods_id` WHERE  `p`.`id` = '3' LIMIT 1 [ RunTime:0.000107s ]
[ sql ] [ SQL ] SELECT `goods_id` FROM `wb_products` WHERE  `id` = 3 LIMIT 1 [ RunTime:0.000073s ]
[ sql ] [ SQL ] SELECT `weight` FROM `wb_goods` WHERE  `id` = 2 LIMIT 1 [ RunTime:0.000071s ]
[ sql ] [ SQL ] SHOW COLUMNS FROM `wb_goods_collection` [ RunTime:0.000742s ]
[ sql ] [ SQL ] SELECT * FROM `wb_goods_collection` WHERE  `user_id` = 1  AND `goods_id` = 2 LIMIT 1 [ RunTime:0.000130s ]
[ sql ] [ SQL ] SHOW COLUMNS FROM `wb_promotion` [ RunTime:0.000340s ]
[ sql ] [ SQL ] SELECT * FROM `wb_promotion` WHERE (  `status` = 1  AND `stime` < 1775026006  AND `etime` > 1775026006  AND `type` = 1 ) AND `wb_promotion`.`isdel` IS NULL ORDER BY `sort` ASC [ RunTime:0.000247s ]
[ sql ] [ SQL ] SELECT * FROM `wb_ship` WHERE  `status` = 1  AND `type` = 2  AND (  FIND_IN_SET('150525',area_fee)  ) LIMIT 1 [ RunTime:0.000365s ]
[ sql ] [ SQL ] SELECT * FROM `wb_ship` WHERE  `is_def` = 1  AND `status` = 1 LIMIT 1 [ RunTime:0.000315s ]
[ sql ] [ SQL ] SELECT * FROM `wb_ship` WHERE  `status` = 1 LIMIT 1 [ RunTime:0.000160s ]
[ sql ] [ SQL ] SHOW COLUMNS FROM `wb_order` [ RunTime:0.000371s ]
[ sql ] [ SQL ] INSERT INTO `wb_order` (`order_id` , `user_id` , `order_type` , `ship_area_id` , `ship_address` , `ship_name` , `ship_mobile` , `logistics_id` , `logistics_name` , `store_id` , `goods_amount` , `order_amount` , `cost_freight` , `promotion_list` , `point` , `point_money` , `weight` , `order_pmt` , `goods_pmt` , `coupon_pmt` , `coupon` , `ip` , `memo` , `source` , `tax_type` , `tax_title` , `tax_code` , `ctime` , `utime`) VALUES ('S04011446465005' , 1 , 1 , 150525 , '撒防守打法撒旦法' , '夏赟浩' , '18919660526' , NULL , NULL , 0 , 998 , 998 , 0 , '[]' , 0 , 0 , 0 , 0 , 0 , 0 , '[]' , '127.0.0.1' , '' , 2 , 1 , '不开发票' , '' , 1775026006 , 1775026006) [ RunTime:0.000171s ]
[ sql ] [ SQL ] SELECT * FROM `wb_setting` WHERE  `skey` = 'language' LIMIT 1 [ RunTime:0.000094s ]
[ sql ] [ SQL ] SELECT * FROM `wb_setting` WHERE  `skey` = 'language' LIMIT 1 [ RunTime:0.000071s ]
[ sql ] [ SQL ] SELECT `goods_id` FROM `wb_products` WHERE  `id` = 3 LIMIT 1 [ RunTime:0.000078s ]
[ sql ] [ SQL ] UPDATE `wb_goods`  SET `buy_count` = `buy_count` + 1  WHERE  `id` = 2 [ RunTime:0.000122s ]
[ sql ] [ SQL ] UPDATE `wb_products`  SET `freeze_stock` = `freeze_stock` + 1  WHERE  `id` = 3  AND (  IF(stock < freeze_stock, 0, stock - freeze_stock)-1>=0 ) [ RunTime:0.000106s ]
[ sql ] [ SQL ] SHOW COLUMNS FROM `wb_order_items` [ RunTime:0.000812s ]
[ sql ] [ SQL ] INSERT INTO `wb_order_items` (`order_id` , `goods_id` , `product_id` , `sn` , `bn` , `name` , `price` , `costprice` , `mktprice` , `image_url` , `nums` , `amount` , `promotion_amount` , `weight` , `sendnums` , `addon` , `cate_id` , `promotion_list` , `ave_price` , `ave_amount` , `utime`) VALUES ('S04011446465005' , 2 , 3 , 'P7748594377925' , 'G7748594377885' , '济丸康' , 998 , 0 , 0 , 'http://www.jiwankang.com/static/uploads/images/2026/03/30/177485734869ca2c8422846.png' , 1 , 998 , 0 , 0 , 0 , NULL , 2 , '[]' , 998 , 998 , 1775026006) [ RunTime:0.000141s ]
[ sql ] [ SQL ] DELETE FROM `wb_cart` WHERE  `user_id` = 1  AND `id` IN (6)  AND `type` = 1 [ RunTime:0.001838s ]
[ sql ] [ SQL ] SHOW COLUMNS FROM `wb_order_log` [ RunTime:0.003629s ]
[ sql ] [ SQL ] INSERT INTO `wb_order_log` (`order_id` , `user_id` , `type` , `msg` , `data` , `ctime`) VALUES ('S04011446465005' , 1 , 1 , '订单创建' , '{\"order_id\":\"S04011446465005\",\"user_id\":1,\"order_type\":\"1\",\"ship_area_id\":150525,\"ship_address\":\"\\u6492\\u9632\\u5b88\\u6253\\u6cd5\\u6492\\u65e6\\u6cd5\",\"ship_name\":\"\\u590f\\u8d5f\\u6d69\",\"ship_mobile\":\"18919660526\",\"logistics_id\":null,\"logistics_name\":null,\"store_id\":0,\"goods_amount\":\"998.00\",\"order_amount\":\"998.00\",\"cost_freight\":\"0.00\",\"promotion_list\":\"[]\",\"point\":0,\"point_money\":0,\"weight\":\"0.00\",\"order_pmt\":0,\"goods_pmt\":\"0.00\",\"coupon_pmt\":0,\"coupon\":\"[]\",\"ip\":\"127.0.0.1\",\"memo\":\"\",\"source\":\"2\",\"tax_type\":\"1\",\"tax_title\":\"\\u4e0d\\u5f00\\u53d1\\u7968\",\"tax_code\":\"\"}' , 1775026006) [ RunTime:0.001756s ]
[ sql ] [ SQL ] SELECT * FROM `wb_ship` WHERE  `id` IS NULL LIMIT 1 [ RunTime:0.000283s ]
[ sql ] [ SQL ] SHOW COLUMNS FROM `wb_area` [ RunTime:0.000876s ]
[ sql ] [ SQL ] SELECT `id`,`name`,`parent_id`,`postal_code` FROM `wb_area` WHERE  `id` = 150525 LIMIT 1 [ RunTime:0.000138s ]
[ sql ] [ SQL ] SELECT `id`,`name`,`parent_id`,`postal_code` FROM `wb_area` WHERE  `parent_id` = 150500 [ RunTime:0.000649s ]
[ sql ] [ SQL ] SELECT `id`,`name`,`parent_id`,`postal_code` FROM `wb_area` WHERE  `id` = 150500 LIMIT 1 [ RunTime:0.000081s ]
[ sql ] [ SQL ] SELECT `id`,`name`,`parent_id`,`postal_code` FROM `wb_area` WHERE  `parent_id` = 150000 [ RunTime:0.000626s ]
[ sql ] [ SQL ] SELECT `id`,`name`,`parent_id`,`postal_code` FROM `wb_area` WHERE  `id` = 150000 LIMIT 1 [ RunTime:0.000073s ]
[ sql ] [ SQL ] SELECT `id`,`name`,`parent_id`,`postal_code` FROM `wb_area` WHERE  `parent_id` = 0 [ RunTime:0.000627s ]
[ sql ] [ SQL ] SHOW COLUMNS FROM `wb_message_center` [ RunTime:0.000728s ]
[ sql ] [ SQL ] SELECT * FROM `wb_message_center` WHERE  `code` = 'create_order' LIMIT 1 [ RunTime:0.000109s ]
[ sql ] [ SQL ] SHOW COLUMNS FROM `wb_message` [ RunTime:0.000774s ]
[ sql ] [ SQL ] INSERT INTO `wb_message` (`user_id` , `code` , `params` , `content` , `ctime` , `utime`) VALUES (1 , 'create_order' , '{\"order_id\":\"S04011446465005\",\"user_id\":1,\"order_type\":\"1\",\"ship_area_id\":150525,\"ship_address\":\"\\u6492\\u9632\\u5b88\\u6253\\u6cd5\\u6492\\u65e6\\u6cd5\",\"ship_name\":\"\\u590f\\u8d5f\\u6d69\",\"ship_mobile\":\"18919660526\",\"logistics_id\":null,\"logistics_name\":null,\"store_id\":0,\"goods_amount\":\"998.00\",\"order_amount\":\"998.00\",\"cost_freight\":\"0.00\",\"promotion_list\":\"[]\",\"point\":0,\"point_money\":0,\"weight\":\"0.00\",\"order_pmt\":0,\"goods_pmt\":\"0.00\",\"coupon_pmt\":0,\"coupon\":\"[]\",\"ip\":\"127.0.0.1\",\"memo\":\"\",\"source\":\"2\",\"tax_type\":\"1\",\"tax_title\":\"\\u4e0d\\u5f00\\u53d1\\u7968\",\"tax_code\":\"\",\"tax_content\":\"\\u5546\\u54c1\\u660e\\u7ec6\",\"ship_id\":null,\"ship_addr\":\"\\u5185\\u8499\\u53e4\\u81ea\\u6cbb\\u533a \\u901a\\u8fbd\\u5e02 \\u5948\\u66fc\\u65d7 \\u6492\\u9632\\u5b88\\u6253\\u6cd5\\u6492\\u65e6\\u6cd5\",\"form_id\":\"\"}' , '订单创建成功。' , 1775026006 , 1775026006) [ RunTime:0.000181s ]
---------------------------------------------------------------
[2026-04-01T14:46:46+08:00] 127.0.0.1 POST www.jiwankang.com/api.html
[运行时间：0.040208s] [吞吐率：24.87req/s] [内存消耗：4,245.58kb] [文件加载：101]
[ info ] [ LANG ] E:\wwwroot\2026\04\jiwankang\thinkphp\lang\zh-cn.php
[ info ] [ ROUTE ] array (
)
[ info ] [ HEADER ] array (
  'referer' => 'http://localhost:8080/',
  'origin' => 'http://localhost:8080',
  'content-type' => 'application/json',
  'accept-language' => 'zh-CN,zh;q=0.9',
  'accept-encoding' => 'gzip, deflate',
  'accept' => 'application/json',
  'content-length' => '41',
  'user-agent' => 'Mozilla/5.0 (iPhone; CPU iPhone OS 18_5 like Mac OS X) AppleWebKit/605.1.15 (KHTML, like Gecko) Version/18.5 Mobile/15E148 Safari/604.1',
  'host' => 'www.jiwankang.com',
)
[ info ] [ PARAM ] array (
  'exp' => false,
  'method' => 'payments.getlist',
)
[ info ] [ DB ] INIT mysql
[ sql ] [ DB ] CONNECT:[ UseTime:0.001042s ] mysql:host=127.0.0.1;port=3306;dbname=jiwankang;charset=utf8mb4
[ sql ] [ SQL ] SHOW COLUMNS FROM `wb_payments` [ RunTime:0.000810s ]
[ sql ] [ SQL ] SELECT `code`,`name`,`sort`,`memo`,`status`,`is_online` FROM `wb_payments` WHERE  `status` = 1 ORDER BY `sort` ASC [ RunTime:0.000269s ]
---------------------------------------------------------------
[2026-04-01T14:46:46+08:00] 127.0.0.1 POST www.jiwankang.com/api.html
[运行时间：0.042881s] [吞吐率：23.32req/s] [内存消耗：4,636.20kb] [文件加载：101]
[ info ] [ LANG ] E:\wwwroot\2026\04\jiwankang\thinkphp\lang\zh-cn.php
[ info ] [ ROUTE ] array (
)
[ info ] [ HEADER ] array (
  'referer' => 'http://localhost:8080/',
  'origin' => 'http://localhost:8080',
  'content-type' => 'application/json',
  'accept-language' => 'zh-CN,zh;q=0.9',
  'accept-encoding' => 'gzip, deflate',
  'accept' => 'application/json',
  'content-length' => '114',
  'user-agent' => 'Mozilla/5.0 (iPhone; CPU iPhone OS 18_5 like Mac OS X) AppleWebKit/605.1.15 (KHTML, like Gecko) Version/18.5 Mobile/15E148 Safari/604.1',
  'host' => 'www.jiwankang.com',
)
[ info ] [ PARAM ] array (
  'ids' => 'S04011446465005',
  'payment_type' => '1',
  'token' => 'c44ff269142cc0000a5aab51e13546e0',
  'method' => 'payments.checkpay',
)
[ info ] [ DB ] INIT mysql
[ sql ] [ DB ] CONNECT:[ UseTime:0.000757s ] mysql:host=127.0.0.1;port=3306;dbname=jiwankang;charset=utf8mb4
[ sql ] [ SQL ] SHOW COLUMNS FROM `wb_order` [ RunTime:0.000544s ]
[ sql ] [ SQL ] SELECT * FROM `wb_order` WHERE (  `order_id` = 'S04011446465005'  AND `pay_status` = 1  AND `status` = 1 ) AND `wb_order`.`isdel` IS NULL LIMIT 1 [ RunTime:0.000434s ]
---------------------------------------------------------------
[2026-04-01T14:46:47+08:00] 127.0.0.1 POST www.jiwankang.com/api.html
[运行时间：0.068846s] [吞吐率：14.53req/s] [内存消耗：5,772.27kb] [文件加载：126]
[ info ] [ LANG ] E:\wwwroot\2026\04\jiwankang\thinkphp\lang\zh-cn.php
[ info ] [ ROUTE ] array (
)
[ info ] [ HEADER ] array (
  'referer' => 'http://localhost:8080/',
  'origin' => 'http://localhost:8080',
  'content-type' => 'application/json',
  'accept-language' => 'zh-CN,zh;q=0.9',
  'accept-encoding' => 'gzip, deflate',
  'accept' => 'application/json',
  'content-length' => '133',
  'user-agent' => 'Mozilla/5.0 (iPhone; CPU iPhone OS 18_5 like Mac OS X) AppleWebKit/605.1.15 (KHTML, like Gecko) Version/18.5 Mobile/15E148 Safari/604.1',
  'host' => 'www.jiwankang.com',
)
[ info ] [ PARAM ] array (
  'payment_code' => 'balancepay',
  'payment_type' => '1',
  'ids' => 'S04011446465005',
  'token' => 'c44ff269142cc0000a5aab51e13546e0',
  'method' => 'user.pay',
)
[ info ] [ DB ] INIT mysql
[ sql ] [ DB ] CONNECT:[ UseTime:0.000700s ] mysql:host=127.0.0.1;port=3306;dbname=jiwankang;charset=utf8mb4
[ sql ] [ SQL ] SHOW COLUMNS FROM `wb_user` [ RunTime:0.000572s ]
[ sql ] [ SQL ] SELECT * FROM `wb_user` WHERE (  `id` = 1 ) AND `wb_user`.`isdel` IS NULL LIMIT 1 [ RunTime:0.000248s ]
[ sql ] [ SQL ] SHOW COLUMNS FROM `wb_order` [ RunTime:0.000490s ]
[ sql ] [ SQL ] SELECT `pay_status` FROM `wb_order` WHERE (  `order_id` = 'S04011446465005' ) AND `wb_order`.`isdel` IS NULL LIMIT 1 [ RunTime:0.000254s ]
[ sql ] [ SQL ] SHOW COLUMNS FROM `wb_payments` [ RunTime:0.000980s ]
[ sql ] [ SQL ] SELECT * FROM `wb_payments` WHERE  `code` = 'balancepay'  AND `status` = 1 LIMIT 1 [ RunTime:0.000211s ]
[ sql ] [ SQL ] SELECT * FROM `wb_payments` WHERE  `code` = 'balancepay'  AND `status` = 1 LIMIT 1 [ RunTime:0.000123s ]
[ sql ] [ SQL ] SELECT * FROM `wb_order` WHERE (  `order_id` = 'S04011446465005'  AND `pay_status` = 1  AND `status` = 1 ) AND `wb_order`.`isdel` IS NULL LIMIT 1 [ RunTime:0.000184s ]
[ sql ] [ SQL ] SHOW COLUMNS FROM `wb_bill_payments` [ RunTime:0.000759s ]
[ sql ] [ SQL ] INSERT INTO `wb_bill_payments` (`payment_id` , `money` , `user_id` , `type` , `payment_code` , `ip` , `params` , `ctime` , `utime`) VALUES ('27750260078210' , 998 , 1 , 1 , 'balancepay' , '127.0.0.1' , '[]' , 1775026007 , 1775026007) [ RunTime:0.000136s ]
[ sql ] [ SQL ] SHOW COLUMNS FROM `wb_bill_payments_rel` [ RunTime:0.000677s ]
[ sql ] [ SQL ] INSERT INTO `wb_bill_payments_rel` (`payment_id` , `source_id` , `money`) VALUES ('27750260078210' , 'S04011446465005' , 998) [ RunTime:0.000103s ]
[ sql ] [ SQL ] SHOW COLUMNS FROM `wb_order_items` [ RunTime:0.000339s ]
[ sql ] [ SQL ] SELECT * FROM `wb_order_items` WHERE  `order_id` = 'S04011446465005' LIMIT 1 [ RunTime:0.000157s ]
[ sql ] [ SQL ] SELECT * FROM `wb_user` WHERE (  `id` = 1 ) AND `wb_user`.`isdel` IS NULL LIMIT 1 [ RunTime:0.000154s ]
[ sql ] [ SQL ] SHOW COLUMNS FROM `wb_balance` [ RunTime:0.000694s ]
[ sql ] [ SQL ] INSERT INTO `wb_balance` (`user_id` , `type` , `money` , `balance` , `source_id` , `memo` , `ctime`) VALUES (1 , 1 , -998 , 2034 , '27750260078210' , '消费了998元' , 1775026007) [ RunTime:0.000114s ]
[ sql ] [ SQL ] UPDATE `wb_user`  SET `balance` = 2034 , `utime` = 1775026007  WHERE (  `id` = 1 ) AND `wb_user`.`isdel` IS NULL [ RunTime:0.000160s ]
[ sql ] [ SQL ] SELECT * FROM `wb_bill_payments` WHERE  `payment_id` = '27750260078210' LIMIT 1 [ RunTime:0.000212s ]
[ sql ] [ SQL ] SELECT * FROM `wb_bill_payments` WHERE  `payment_id` = '27750260078210'  AND `money` = 998  AND `status` <> 2 LIMIT 1 [ RunTime:0.000212s ]
[ sql ] [ SQL ] UPDATE `wb_bill_payments`  SET `status` = 2 , `payment_code` = 'balancepay' , `payed_msg` = NULL , `trade_no` = NULL , `utime` = 1775026007  WHERE  `payment_id` = '27750260078210'  AND `money` = 998  AND `status` <> 2 [ RunTime:0.000182s ]
[ sql ] [ SQL ] SELECT * FROM `wb_bill_payments_rel` WHERE  `payment_id` = '27750260078210' [ RunTime:0.000117s ]
[ sql ] [ SQL ] SHOW COLUMNS FROM `wb_setting` [ RunTime:0.000385s ]
[ sql ] [ SQL ] SELECT * FROM `wb_setting` WHERE  `skey` = 'language' LIMIT 1 [ RunTime:0.000132s ]
[ sql ] [ SQL ] SELECT * FROM `wb_setting` WHERE  `skey` = 'language' LIMIT 1 [ RunTime:0.000079s ]
[ sql ] [ SQL ] SELECT * FROM `wb_order` WHERE (  `order_id` = 'S04011446465005'  AND `status` = 1 ) AND `wb_order`.`isdel` IS NULL LIMIT 1 [ RunTime:0.000166s ]
[ sql ] [ SQL ] UPDATE `wb_order`  SET `payment_code` = 'balancepay' , `payed` = 998 , `pay_status` = 2 , `payment_time` = 1775026007  WHERE (  `order_id` = 'S04011446465005' ) AND `wb_order`.`isdel` IS NULL [ RunTime:0.000164s ]
[ sql ] [ SQL ] SELECT * FROM `wb_setting` WHERE  `skey` = 'order_butie' LIMIT 1 [ RunTime:0.000104s ]
[ sql ] [ SQL ] SELECT * FROM `wb_order_items` WHERE  `order_id` = 'S04011446465005' [ RunTime:0.000157s ]
[ sql ] [ SQL ] SHOW COLUMNS FROM `wb_money` [ RunTime:0.002770s ]
[ sql ] [ SQL ] SELECT `money` FROM `wb_money` WHERE  `type` = 1 LIMIT 1 [ RunTime:0.000117s ]
[ sql ] [ SQL ] SELECT * FROM `wb_money` WHERE  `type` = 1 LIMIT 1 [ RunTime:0.000087s ]
[ sql ] [ SQL ] UPDATE `wb_money`  SET `money` = 6966 , `utime` = 1775026007  WHERE  `id` = 1 [ RunTime:0.000140s ]
[ sql ] [ SQL ] SHOW COLUMNS FROM `wb_money_log` [ RunTime:0.000396s ]
[ sql ] [ SQL ] INSERT INTO `wb_money_log` (`money` , `flow_type` , `source_id` , `balance` , `ctime` , `utime`) VALUES (249.5 , 1 , 'S04011446465005' , 6966 , 1775026007 , 1775026007) [ RunTime:0.000141s ]
[ sql ] [ SQL ] SELECT `mobile` FROM `wb_user` WHERE (  `id` = 1 ) AND `wb_user`.`isdel` IS NULL LIMIT 1 [ RunTime:0.000106s ]
[ sql ] [ SQL ] SHOW COLUMNS FROM `wb_message_center` [ RunTime:0.000762s ]
[ sql ] [ SQL ] SELECT * FROM `wb_message_center` WHERE  `code` = 'order_payed' LIMIT 1 [ RunTime:0.000113s ]
[ sql ] [ SQL ] SHOW COLUMNS FROM `wb_message` [ RunTime:0.000728s ]
[ sql ] [ SQL ] INSERT INTO `wb_message` (`user_id` , `code` , `params` , `content` , `ctime` , `utime`) VALUES (1 , 'order_payed' , '{\"order_id\":\"S04011446465005\",\"goods_amount\":\"998.00\",\"payed\":\"0.00\",\"order_amount\":\"998.00\",\"pay_status\":1,\"ship_status\":1,\"status\":1,\"order_type\":1,\"payment_code\":null,\"payment_time\":null,\"logistics_id\":null,\"logistics_name\":null,\"cost_freight\":\"0.00\",\"user_id\":1,\"seller_id\":null,\"confirm\":1,\"confirm_time\":null,\"store_id\":0,\"ship_area_id\":150525,\"ship_address\":\"\\u6492\\u9632\\u5b88\\u6253\\u6cd5\\u6492\\u65e6\\u6cd5\",\"ship_name\":\"\\u590f\\u8d5f\\u6d69\",\"ship_mobile\":\"18919660526\",\"weight\":0,\"tax_type\":1,\"tax_code\":\"\",\"tax_title\":\"\\u4e0d\\u5f00\\u53d1\\u7968\",\"point\":0,\"point_money\":\"0.00\",\"order_pmt\":\"0.00\",\"goods_pmt\":\"0.00\",\"coupon_pmt\":\"0.00\",\"coupon\":\"[]\",\"promotion_list\":\"[]\",\"memo\":\"\",\"ip\":\"127.0.0.1\",\"mark\":null,\"source\":2,\"is_comment\":1,\"ctime\":1775026006,\"utime\":1775026006,\"isdel\":null,\"pay_time\":\"2026-04-01 14:46:47\",\"money\":\"998.00\",\"user_name\":\"18919660526\"}' , '恭喜您，订单支付成功,祝您购物愉快。' , 1775026007 , 1775026007) [ RunTime:0.000117s ]
[ sql ] [ SQL ] SELECT * FROM `wb_message_center` WHERE  `code` = 'seller_order_notice' LIMIT 1 [ RunTime:0.000097s ]
[ sql ] [ SQL ] SELECT `mobile` FROM `wb_user` WHERE (  `id` = 1 ) AND `wb_user`.`isdel` IS NULL LIMIT 1 [ RunTime:0.000092s ]
[ sql ] [ SQL ] SELECT * FROM `wb_setting` WHERE  `skey` = 'shop_mobile' LIMIT 1 [ RunTime:0.000085s ]
[ sql ] [ SQL ] SELECT * FROM `wb_order` WHERE (  `order_id` = 'S04011446465005' ) AND `wb_order`.`isdel` IS NULL LIMIT 1 [ RunTime:0.000164s ]
[ sql ] [ SQL ] SELECT * FROM `wb_user` WHERE (  `id` = 1 ) AND `wb_user`.`isdel` IS NULL LIMIT 1 [ RunTime:0.000119s ]
[ sql ] [ SQL ] SELECT SUM(`nums`) AS tp_sum FROM `wb_order` `o` INNER JOIN `wb_order_items` `i` ON `i`.`order_id`=`o`.`order_id` WHERE  `o`.`user_id` = '1'  AND `o`.`pay_status` = '2'  AND `i`.`cate_id` = '2'  AND `status` < 3 LIMIT 1 [ RunTime:0.000150s ]
[ sql ] [ SQL ] UPDATE `wb_user`  SET `grade` = 3 , `tiyan` = 30 , `utime` = 1775026007  WHERE (  `id` = 1 ) AND `wb_user`.`isdel` IS NULL [ RunTime:0.000111s ]
[ sql ] [ SQL ] SHOW COLUMNS FROM `wb_user_grade_log` [ RunTime:0.000832s ]
[ sql ] [ SQL ] INSERT INTO `wb_user_grade_log` (`user_id` , `old_grade` , `current_grade` , `endtime` , `params` , `type` , `ctime`) VALUES (1 , 1 , 3 , 0 , '[]' , 2 , 1775026007) [ RunTime:0.000109s ]
[ sql ] [ SQL ] SELECT * FROM `wb_user` WHERE (  `id` = 1 ) AND `wb_user`.`isdel` IS NULL LIMIT 1 [ RunTime:0.000131s ]
[ sql ] [ SQL ] SELECT * FROM `wb_user` WHERE (  `id` = 1 ) AND `wb_user`.`isdel` IS NULL LIMIT 1 [ RunTime:0.000108s ]
[ sql ] [ SQL ] SHOW COLUMNS FROM `wb_order_log` [ RunTime:0.000762s ]
[ sql ] [ SQL ] INSERT INTO `wb_order_log` (`order_id` , `user_id` , `type` , `msg` , `data` , `ctime`) VALUES ('S04011446465005' , 1 , 2 , '订单支付成功' , '[{\"status\":true,\"data\":1,\"msg\":\"\\u8ba2\\u5355\\u652f\\u4ed8\\u6210\\u529f\"},{\"payment_code\":\"balancepay\",\"payed\":\"998.00\",\"pay_status\":2,\"payment_time\":1775026007}]' , 1775026007) [ RunTime:0.000153s ]
[ error ] [8]未定义数组索引: memo[E:\wwwroot\2026\04\jiwankang\extend\org\payments\balancepay.php:38]
[ error ] [8]未定义数组索引: id[E:\wwwroot\2026\04\jiwankang\extend\org\payments\balancepay.php:38]
[ error ] [8]Object of class app\common\model\User could not be converted to int[E:\wwwroot\2026\04\jiwankang\addons\Userupgrade\Userupgrade.php:96]
---------------------------------------------------------------
[2026-04-01T14:46:48+08:00] 127.0.0.1 POST www.jiwankang.com/api.html
[运行时间：0.032728s] [吞吐率：30.55req/s] [内存消耗：4,721.13kb] [文件加载：107]
[ info ] [ LANG ] E:\wwwroot\2026\04\jiwankang\thinkphp\lang\zh-cn.php
[ info ] [ ROUTE ] array (
)
[ info ] [ HEADER ] array (
  'referer' => 'http://localhost:8080/',
  'origin' => 'http://localhost:8080',
  'content-type' => 'application/json',
  'accept-language' => 'zh-CN,zh;q=0.9',
  'accept-encoding' => 'gzip, deflate',
  'accept' => 'application/json',
  'content-length' => '102',
  'user-agent' => 'Mozilla/5.0 (iPhone; CPU iPhone OS 18_5 like Mac OS X) AppleWebKit/605.1.15 (KHTML, like Gecko) Version/18.5 Mobile/15E148 Safari/604.1',
  'host' => 'www.jiwankang.com',
)
[ info ] [ PARAM ] array (
  'payment_id' => '27750260078210',
  'token' => 'c44ff269142cc0000a5aab51e13546e0',
  'method' => 'payments.getinfo',
)
[ info ] [ DB ] INIT mysql
[ sql ] [ DB ] CONNECT:[ UseTime:0.000825s ] mysql:host=127.0.0.1;port=3306;dbname=jiwankang;charset=utf8mb4
[ sql ] [ SQL ] SHOW COLUMNS FROM `wb_user` [ RunTime:0.000544s ]
[ sql ] [ SQL ] SELECT * FROM `wb_user` WHERE (  `id` = 1 ) AND `wb_user`.`isdel` IS NULL LIMIT 1 [ RunTime:0.000321s ]
[ sql ] [ SQL ] SHOW COLUMNS FROM `wb_bill_payments` [ RunTime:0.000368s ]
[ sql ] [ SQL ] SELECT * FROM `wb_bill_payments` WHERE  `payment_id` = '27750260078210'  AND `user_id` = 1 LIMIT 1 [ RunTime:0.000261s ]
[ sql ] [ SQL ] SHOW COLUMNS FROM `wb_bill_payments_rel` [ RunTime:0.000263s ]
[ sql ] [ SQL ] SELECT * FROM `wb_bill_payments_rel` WHERE  `payment_id` = '27750260078210' [ RunTime:0.000123s ]
---------------------------------------------------------------
[2026-04-01T14:47:02+08:00] 127.0.0.1 OPTIONS www.jiwankang.com/api.html
[运行时间：0.026688s] [吞吐率：37.47req/s] [内存消耗：3,009.21kb] [文件加载：89]
[ info ] [ LANG ] E:\wwwroot\2026\04\jiwankang\thinkphp\lang\zh-cn.php
[ info ] [ ROUTE ] array (
)
[ info ] [ HEADER ] array (
  'sec-fetch-mode' => 'cors',
  'referer' => 'http://localhost:8080/',
  'origin' => 'http://localhost:8080',
  'access-control-request-method' => 'POST',
  'access-control-request-headers' => 'content-type',
  'accept-language' => 'zh-CN,zh;q=0.9',
  'accept-encoding' => 'gzip, deflate',
  'accept' => '*/*',
  'user-agent' => 'Mozilla/5.0 (iPhone; CPU iPhone OS 18_5 like Mac OS X) AppleWebKit/605.1.15 (KHTML, like Gecko) Version/18.5 Mobile/15E148 Safari/604.1',
  'host' => 'www.jiwankang.com',
  'content-length' => '',
  'content-type' => '',
)
[ info ] [ PARAM ] array (
)
---------------------------------------------------------------
[2026-04-01T14:47:02+08:00] 127.0.0.1 POST www.jiwankang.com/api.html
[运行时间：0.030402s] [吞吐率：32.89req/s] [内存消耗：4,820.80kb] [文件加载：107]
[ info ] [ LANG ] E:\wwwroot\2026\04\jiwankang\thinkphp\lang\zh-cn.php
[ info ] [ ROUTE ] array (
)
[ info ] [ HEADER ] array (
  'referer' => 'http://localhost:8080/',
  'origin' => 'http://localhost:8080',
  'content-type' => 'application/json',
  'accept-language' => 'zh-CN,zh;q=0.9',
  'accept-encoding' => 'gzip, deflate',
  'accept' => 'application/json',
  'content-length' => '65',
  'user-agent' => 'Mozilla/5.0 (iPhone; CPU iPhone OS 18_5 like Mac OS X) AppleWebKit/605.1.15 (KHTML, like Gecko) Version/18.5 Mobile/15E148 Safari/604.1',
  'host' => 'www.jiwankang.com',
)
[ info ] [ PARAM ] array (
  'token' => 'c44ff269142cc0000a5aab51e13546e0',
  'method' => 'user.info',
)
[ info ] [ DB ] INIT mysql
[ sql ] [ DB ] CONNECT:[ UseTime:0.001419s ] mysql:host=127.0.0.1;port=3306;dbname=jiwankang;charset=utf8mb4
[ sql ] [ SQL ] SHOW COLUMNS FROM `wb_user` [ RunTime:0.000600s ]
[ sql ] [ SQL ] SELECT * FROM `wb_user` WHERE (  `id` = 1 ) AND `wb_user`.`isdel` IS NULL LIMIT 1 [ RunTime:0.000220s ]
[ sql ] [ SQL ] SELECT `id`,`username`,`mobile`,`sex`,`birthday`,`avatar`,`nickname`,`balance`,`point`,`grade`,`status`,`pid`,`password`,`ctime`,`remarks`,`area_id`,`tiyan`,`num_point`,`exp` FROM `wb_user` WHERE (  `id` = 1 ) AND `wb_user`.`isdel` IS NULL LIMIT 1 [ RunTime:0.000209s ]
[ sql ] [ SQL ] SHOW COLUMNS FROM `wb_user_grade` [ RunTime:0.000294s ]
[ sql ] [ SQL ] SELECT * FROM `wb_user_grade` WHERE  `id` = 3 [ RunTime:0.000125s ]
[ sql ] [ SQL ] SELECT * FROM `wb_user_grade` WHERE  `id` = 3 LIMIT 1 [ RunTime:0.000140s ]
---------------------------------------------------------------
[2026-04-01T14:47:04+08:00] 127.0.0.1 POST www.jiwankang.com/api.html
[运行时间：0.047649s] [吞吐率：20.99req/s] [内存消耗：4,820.80kb] [文件加载：107]
[ info ] [ LANG ] E:\wwwroot\2026\04\jiwankang\thinkphp\lang\zh-cn.php
[ info ] [ ROUTE ] array (
)
[ info ] [ HEADER ] array (
  'referer' => 'http://localhost:8080/',
  'origin' => 'http://localhost:8080',
  'content-type' => 'application/json',
  'accept-language' => 'zh-CN,zh;q=0.9',
  'accept-encoding' => 'gzip, deflate',
  'accept' => 'application/json',
  'content-length' => '65',
  'user-agent' => 'Mozilla/5.0 (iPhone; CPU iPhone OS 18_5 like Mac OS X) AppleWebKit/605.1.15 (KHTML, like Gecko) Version/18.5 Mobile/15E148 Safari/604.1',
  'host' => 'www.jiwankang.com',
)
[ info ] [ PARAM ] array (
  'token' => 'c44ff269142cc0000a5aab51e13546e0',
  'method' => 'user.info',
)
[ info ] [ DB ] INIT mysql
[ sql ] [ DB ] CONNECT:[ UseTime:0.002414s ] mysql:host=127.0.0.1;port=3306;dbname=jiwankang;charset=utf8mb4
[ sql ] [ SQL ] SHOW COLUMNS FROM `wb_user` [ RunTime:0.001099s ]
[ sql ] [ SQL ] SELECT * FROM `wb_user` WHERE (  `id` = 1 ) AND `wb_user`.`isdel` IS NULL LIMIT 1 [ RunTime:0.000364s ]
[ sql ] [ SQL ] SELECT `id`,`username`,`mobile`,`sex`,`birthday`,`avatar`,`nickname`,`balance`,`point`,`grade`,`status`,`pid`,`password`,`ctime`,`remarks`,`area_id`,`tiyan`,`num_point`,`exp` FROM `wb_user` WHERE (  `id` = 1 ) AND `wb_user`.`isdel` IS NULL LIMIT 1 [ RunTime:0.000360s ]
[ sql ] [ SQL ] SHOW COLUMNS FROM `wb_user_grade` [ RunTime:0.000383s ]
[ sql ] [ SQL ] SELECT * FROM `wb_user_grade` WHERE  `id` = 3 [ RunTime:0.000119s ]
[ sql ] [ SQL ] SELECT * FROM `wb_user_grade` WHERE  `id` = 3 LIMIT 1 [ RunTime:0.000113s ]
---------------------------------------------------------------
[2026-04-01T14:47:04+08:00] 127.0.0.1 POST www.jiwankang.com/api.html
[运行时间：0.042684s] [吞吐率：23.43req/s] [内存消耗：5,233.71kb] [文件加载：107]
[ info ] [ LANG ] E:\wwwroot\2026\04\jiwankang\thinkphp\lang\zh-cn.php
[ info ] [ ROUTE ] array (
)
[ info ] [ HEADER ] array (
  'referer' => 'http://localhost:8080/',
  'origin' => 'http://localhost:8080',
  'content-type' => 'application/json',
  'accept-language' => 'zh-CN,zh;q=0.9',
  'accept-encoding' => 'gzip, deflate',
  'accept' => 'application/json',
  'content-length' => '114',
  'user-agent' => 'Mozilla/5.0 (iPhone; CPU iPhone OS 18_5 like Mac OS X) AppleWebKit/605.1.15 (KHTML, like Gecko) Version/18.5 Mobile/15E148 Safari/604.1',
  'host' => 'www.jiwankang.com',
)
[ info ] [ PARAM ] array (
  'ids' => '1,2,3,4',
  'isAfterSale' => '1',
  'token' => 'c44ff269142cc0000a5aab51e13546e0',
  'method' => 'order.getorderstatusnum',
)
[ info ] [ DB ] INIT mysql
[ sql ] [ DB ] CONNECT:[ UseTime:0.000770s ] mysql:host=127.0.0.1;port=3306;dbname=jiwankang;charset=utf8mb4
[ sql ] [ SQL ] SHOW COLUMNS FROM `wb_user` [ RunTime:0.000531s ]
[ sql ] [ SQL ] SELECT * FROM `wb_user` WHERE (  `id` = 1 ) AND `wb_user`.`isdel` IS NULL LIMIT 1 [ RunTime:0.000240s ]
[ sql ] [ SQL ] SHOW COLUMNS FROM `wb_order` [ RunTime:0.000438s ]
[ sql ] [ SQL ] SELECT COUNT(*) AS tp_count FROM `wb_order` WHERE (  `user_id` = 1  AND `status` = 1  AND `pay_status` = 1 ) AND `wb_order`.`isdel` IS NULL LIMIT 1 [ RunTime:0.000153s ]
[ sql ] [ SQL ] SELECT COUNT(*) AS tp_count FROM `wb_order` WHERE (  `user_id` = 1  AND `status` = 1  AND `pay_status` <> 1  AND `ship_status` IN (1,2) ) AND `wb_order`.`isdel` IS NULL LIMIT 1 [ RunTime:0.000114s ]
[ sql ] [ SQL ] SELECT COUNT(*) AS tp_count FROM `wb_order` WHERE (  `user_id` = 1  AND `status` = 1  AND `ship_status` IN (3,2)  AND `confirm` = 1 ) AND `wb_order`.`isdel` IS NULL LIMIT 1 [ RunTime:0.000093s ]
[ sql ] [ SQL ] SELECT COUNT(*) AS tp_count FROM `wb_order` WHERE (  `user_id` = 1  AND `status` = 1  AND `pay_status` <> 1  AND `ship_status` <> 1  AND `confirm` = 2  AND `is_comment` = 1 ) AND `wb_order`.`isdel` IS NULL LIMIT 1 [ RunTime:0.000091s ]
[ sql ] [ SQL ] SHOW COLUMNS FROM `wb_bill_aftersales` [ RunTime:0.000838s ]
[ sql ] [ SQL ] SELECT COUNT(*) AS tp_count FROM `wb_bill_aftersales` WHERE  `user_id` = 1  AND `status` IN (1) LIMIT 1 [ RunTime:0.000121s ]
[ sql ] [ SQL ] SHOW COLUMNS FROM `wb_coupon` [ RunTime:0.000777s ]
[ sql ] [ SQL ] SELECT COUNT(*) AS tp_count FROM `wb_coupon` `c` INNER JOIN `wb_promotion` `p` ON `p`.`id`=`c`.`promotion_id` WHERE  `p`.`type` = '2'  AND `p`.`status` = '1'  AND `c`.`user_id` = '1'  AND `c`.`is_used` = '1'  AND ( (c.endtime = 0 and p.etime >= 1775026024) or (c.endtime >=1775026024) ) LIMIT 1 [ RunTime:0.000181s ]
---------------------------------------------------------------
[2026-04-01T15:18:06+08:00] 127.0.0.1 OPTIONS www.jiwankang.com/api.html
[运行时间：0.026633s] [吞吐率：37.55req/s] [内存消耗：3,009.21kb] [文件加载：89]
[ info ] [ LANG ] E:\wwwroot\2026\04\jiwankang\thinkphp\lang\zh-cn.php
[ info ] [ ROUTE ] array (
)
[ info ] [ HEADER ] array (
  'sec-fetch-mode' => 'cors',
  'referer' => 'http://localhost:8080/',
  'origin' => 'http://localhost:8080',
  'access-control-request-method' => 'POST',
  'access-control-request-headers' => 'content-type',
  'accept-language' => 'zh-CN,zh;q=0.9',
  'accept-encoding' => 'gzip, deflate',
  'accept' => '*/*',
  'user-agent' => 'Mozilla/5.0 (iPhone; CPU iPhone OS 18_5 like Mac OS X) AppleWebKit/605.1.15 (KHTML, like Gecko) Version/18.5 Mobile/15E148 Safari/604.1',
  'host' => 'www.jiwankang.com',
  'content-length' => '',
  'content-type' => '',
)
[ info ] [ PARAM ] array (
)
---------------------------------------------------------------
[2026-04-01T15:18:06+08:00] 127.0.0.1 POST www.jiwankang.com/api.html
[运行时间：0.035004s] [吞吐率：28.57req/s] [内存消耗：4,824.12kb] [文件加载：107]
[ info ] [ LANG ] E:\wwwroot\2026\04\jiwankang\thinkphp\lang\zh-cn.php
[ info ] [ ROUTE ] array (
)
[ info ] [ HEADER ] array (
  'referer' => 'http://localhost:8080/',
  'origin' => 'http://localhost:8080',
  'content-type' => 'application/json',
  'accept-language' => 'zh-CN,zh;q=0.9',
  'accept-encoding' => 'gzip, deflate',
  'accept' => 'application/json',
  'content-length' => '65',
  'user-agent' => 'Mozilla/5.0 (iPhone; CPU iPhone OS 18_5 like Mac OS X) AppleWebKit/605.1.15 (KHTML, like Gecko) Version/18.5 Mobile/15E148 Safari/604.1',
  'host' => 'www.jiwankang.com',
)
[ info ] [ PARAM ] array (
  'token' => 'c44ff269142cc0000a5aab51e13546e0',
  'method' => 'user.info',
)
[ info ] [ DB ] INIT mysql
[ sql ] [ DB ] CONNECT:[ UseTime:0.000838s ] mysql:host=127.0.0.1;port=3306;dbname=jiwankang;charset=utf8mb4
[ sql ] [ SQL ] SHOW COLUMNS FROM `wb_user_token` [ RunTime:0.001283s ]
[ sql ] [ SQL ] SELECT * FROM `wb_user_token` WHERE  `token` = 'c44ff269142cc0000a5aab51e13546e0' LIMIT 1 [ RunTime:0.000186s ]
[ sql ] [ SQL ] SHOW COLUMNS FROM `wb_user` [ RunTime:0.000603s ]
[ sql ] [ SQL ] SELECT * FROM `wb_user` WHERE (  `id` = 1 ) AND `wb_user`.`isdel` IS NULL LIMIT 1 [ RunTime:0.000242s ]
[ sql ] [ SQL ] SELECT `id`,`username`,`mobile`,`sex`,`birthday`,`avatar`,`nickname`,`balance`,`point`,`grade`,`status`,`pid`,`password`,`ctime`,`remarks`,`area_id`,`tiyan`,`num_point`,`exp` FROM `wb_user` WHERE (  `id` = 1 ) AND `wb_user`.`isdel` IS NULL LIMIT 1 [ RunTime:0.000779s ]
[ sql ] [ SQL ] SHOW COLUMNS FROM `wb_user_grade` [ RunTime:0.000795s ]
[ sql ] [ SQL ] SELECT * FROM `wb_user_grade` WHERE  `id` = 3 [ RunTime:0.000197s ]
[ sql ] [ SQL ] SELECT * FROM `wb_user_grade` WHERE  `id` = 3 LIMIT 1 [ RunTime:0.000256s ]
---------------------------------------------------------------
[2026-04-01T15:18:06+08:00] 127.0.0.1 POST www.jiwankang.com/api.html
[运行时间：0.043901s] [吞吐率：22.78req/s] [内存消耗：5,233.71kb] [文件加载：107]
[ info ] [ LANG ] E:\wwwroot\2026\04\jiwankang\thinkphp\lang\zh-cn.php
[ info ] [ ROUTE ] array (
)
[ info ] [ HEADER ] array (
  'referer' => 'http://localhost:8080/',
  'origin' => 'http://localhost:8080',
  'content-type' => 'application/json',
  'accept-language' => 'zh-CN,zh;q=0.9',
  'accept-encoding' => 'gzip, deflate',
  'accept' => 'application/json',
  'content-length' => '114',
  'user-agent' => 'Mozilla/5.0 (iPhone; CPU iPhone OS 18_5 like Mac OS X) AppleWebKit/605.1.15 (KHTML, like Gecko) Version/18.5 Mobile/15E148 Safari/604.1',
  'host' => 'www.jiwankang.com',
)
[ info ] [ PARAM ] array (
  'ids' => '1,2,3,4',
  'isAfterSale' => '1',
  'token' => 'c44ff269142cc0000a5aab51e13546e0',
  'method' => 'order.getorderstatusnum',
)
[ info ] [ DB ] INIT mysql
[ sql ] [ DB ] CONNECT:[ UseTime:0.001028s ] mysql:host=127.0.0.1;port=3306;dbname=jiwankang;charset=utf8mb4
[ sql ] [ SQL ] SHOW COLUMNS FROM `wb_user` [ RunTime:0.001141s ]
[ sql ] [ SQL ] SELECT * FROM `wb_user` WHERE (  `id` = 1 ) AND `wb_user`.`isdel` IS NULL LIMIT 1 [ RunTime:0.000486s ]
[ sql ] [ SQL ] SHOW COLUMNS FROM `wb_order` [ RunTime:0.001045s ]
[ sql ] [ SQL ] SELECT COUNT(*) AS tp_count FROM `wb_order` WHERE (  `user_id` = 1  AND `status` = 1  AND `pay_status` = 1 ) AND `wb_order`.`isdel` IS NULL LIMIT 1 [ RunTime:0.000221s ]
[ sql ] [ SQL ] SELECT COUNT(*) AS tp_count FROM `wb_order` WHERE (  `user_id` = 1  AND `status` = 1  AND `pay_status` <> 1  AND `ship_status` IN (1,2) ) AND `wb_order`.`isdel` IS NULL LIMIT 1 [ RunTime:0.000126s ]
[ sql ] [ SQL ] SELECT COUNT(*) AS tp_count FROM `wb_order` WHERE (  `user_id` = 1  AND `status` = 1  AND `ship_status` IN (3,2)  AND `confirm` = 1 ) AND `wb_order`.`isdel` IS NULL LIMIT 1 [ RunTime:0.000097s ]
[ sql ] [ SQL ] SELECT COUNT(*) AS tp_count FROM `wb_order` WHERE (  `user_id` = 1  AND `status` = 1  AND `pay_status` <> 1  AND `ship_status` <> 1  AND `confirm` = 2  AND `is_comment` = 1 ) AND `wb_order`.`isdel` IS NULL LIMIT 1 [ RunTime:0.000093s ]
[ sql ] [ SQL ] SHOW COLUMNS FROM `wb_bill_aftersales` [ RunTime:0.000408s ]
[ sql ] [ SQL ] SELECT COUNT(*) AS tp_count FROM `wb_bill_aftersales` WHERE  `user_id` = 1  AND `status` IN (1) LIMIT 1 [ RunTime:0.000238s ]
[ sql ] [ SQL ] SHOW COLUMNS FROM `wb_coupon` [ RunTime:0.001083s ]
[ sql ] [ SQL ] SELECT COUNT(*) AS tp_count FROM `wb_coupon` `c` INNER JOIN `wb_promotion` `p` ON `p`.`id`=`c`.`promotion_id` WHERE  `p`.`type` = '2'  AND `p`.`status` = '1'  AND `c`.`user_id` = '1'  AND `c`.`is_used` = '1'  AND ( (c.endtime = 0 and p.etime >= 1775027886) or (c.endtime >=1775027886) ) LIMIT 1 [ RunTime:0.001039s ]
---------------------------------------------------------------
[2026-04-01T15:26:51+08:00] 127.0.0.1 OPTIONS www.jiwankang.com/api.html
[运行时间：0.024724s] [吞吐率：40.45req/s] [内存消耗：3,009.21kb] [文件加载：89]
[ info ] [ LANG ] E:\wwwroot\2026\04\jiwankang\thinkphp\lang\zh-cn.php
[ info ] [ ROUTE ] array (
)
[ info ] [ HEADER ] array (
  'sec-fetch-mode' => 'cors',
  'referer' => 'http://localhost:8080/',
  'origin' => 'http://localhost:8080',
  'access-control-request-method' => 'POST',
  'access-control-request-headers' => 'content-type',
  'accept-language' => 'zh-CN,zh;q=0.9',
  'accept-encoding' => 'gzip, deflate',
  'accept' => '*/*',
  'user-agent' => 'Mozilla/5.0 (iPhone; CPU iPhone OS 18_5 like Mac OS X) AppleWebKit/605.1.15 (KHTML, like Gecko) Version/18.5 Mobile/15E148 Safari/604.1',
  'host' => 'www.jiwankang.com',
  'content-length' => '',
  'content-type' => '',
)
[ info ] [ PARAM ] array (
)
---------------------------------------------------------------
[2026-04-01T15:26:51+08:00] 127.0.0.1 POST www.jiwankang.com/api.html
[运行时间：0.035313s] [吞吐率：28.32req/s] [内存消耗：4,820.80kb] [文件加载：107]
[ info ] [ LANG ] E:\wwwroot\2026\04\jiwankang\thinkphp\lang\zh-cn.php
[ info ] [ ROUTE ] array (
)
[ info ] [ HEADER ] array (
  'referer' => 'http://localhost:8080/',
  'origin' => 'http://localhost:8080',
  'content-type' => 'application/json',
  'accept-language' => 'zh-CN,zh;q=0.9',
  'accept-encoding' => 'gzip, deflate',
  'accept' => 'application/json',
  'content-length' => '65',
  'user-agent' => 'Mozilla/5.0 (iPhone; CPU iPhone OS 18_5 like Mac OS X) AppleWebKit/605.1.15 (KHTML, like Gecko) Version/18.5 Mobile/15E148 Safari/604.1',
  'host' => 'www.jiwankang.com',
)
[ info ] [ PARAM ] array (
  'token' => 'c44ff269142cc0000a5aab51e13546e0',
  'method' => 'user.info',
)
[ info ] [ DB ] INIT mysql
[ sql ] [ DB ] CONNECT:[ UseTime:0.000721s ] mysql:host=127.0.0.1;port=3306;dbname=jiwankang;charset=utf8mb4
[ sql ] [ SQL ] SHOW COLUMNS FROM `wb_user` [ RunTime:0.001609s ]
[ sql ] [ SQL ] SELECT * FROM `wb_user` WHERE (  `id` = 1 ) AND `wb_user`.`isdel` IS NULL LIMIT 1 [ RunTime:0.000358s ]
[ sql ] [ SQL ] SELECT `id`,`username`,`mobile`,`sex`,`birthday`,`avatar`,`nickname`,`balance`,`point`,`grade`,`status`,`pid`,`password`,`ctime`,`remarks`,`area_id`,`tiyan`,`num_point`,`exp` FROM `wb_user` WHERE (  `id` = 1 ) AND `wb_user`.`isdel` IS NULL LIMIT 1 [ RunTime:0.000277s ]
[ sql ] [ SQL ] SHOW COLUMNS FROM `wb_user_grade` [ RunTime:0.001022s ]
[ sql ] [ SQL ] SELECT * FROM `wb_user_grade` WHERE  `id` = 3 [ RunTime:0.000135s ]
[ sql ] [ SQL ] SELECT * FROM `wb_user_grade` WHERE  `id` = 3 LIMIT 1 [ RunTime:0.000105s ]
---------------------------------------------------------------
[2026-04-01T15:26:51+08:00] 127.0.0.1 POST www.jiwankang.com/api.html
[运行时间：0.036731s] [吞吐率：27.22req/s] [内存消耗：5,233.71kb] [文件加载：107]
[ info ] [ LANG ] E:\wwwroot\2026\04\jiwankang\thinkphp\lang\zh-cn.php
[ info ] [ ROUTE ] array (
)
[ info ] [ HEADER ] array (
  'referer' => 'http://localhost:8080/',
  'origin' => 'http://localhost:8080',
  'content-type' => 'application/json',
  'accept-language' => 'zh-CN,zh;q=0.9',
  'accept-encoding' => 'gzip, deflate',
  'accept' => 'application/json',
  'content-length' => '114',
  'user-agent' => 'Mozilla/5.0 (iPhone; CPU iPhone OS 18_5 like Mac OS X) AppleWebKit/605.1.15 (KHTML, like Gecko) Version/18.5 Mobile/15E148 Safari/604.1',
  'host' => 'www.jiwankang.com',
)
[ info ] [ PARAM ] array (
  'ids' => '1,2,3,4',
  'isAfterSale' => '1',
  'token' => 'c44ff269142cc0000a5aab51e13546e0',
  'method' => 'order.getorderstatusnum',
)
[ info ] [ DB ] INIT mysql
[ sql ] [ DB ] CONNECT:[ UseTime:0.000633s ] mysql:host=127.0.0.1;port=3306;dbname=jiwankang;charset=utf8mb4
[ sql ] [ SQL ] SHOW COLUMNS FROM `wb_user` [ RunTime:0.000475s ]
[ sql ] [ SQL ] SELECT * FROM `wb_user` WHERE (  `id` = 1 ) AND `wb_user`.`isdel` IS NULL LIMIT 1 [ RunTime:0.000181s ]
[ sql ] [ SQL ] SHOW COLUMNS FROM `wb_order` [ RunTime:0.000587s ]
[ sql ] [ SQL ] SELECT COUNT(*) AS tp_count FROM `wb_order` WHERE (  `user_id` = 1  AND `status` = 1  AND `pay_status` = 1 ) AND `wb_order`.`isdel` IS NULL LIMIT 1 [ RunTime:0.000309s ]
[ sql ] [ SQL ] SELECT COUNT(*) AS tp_count FROM `wb_order` WHERE (  `user_id` = 1  AND `status` = 1  AND `pay_status` <> 1  AND `ship_status` IN (1,2) ) AND `wb_order`.`isdel` IS NULL LIMIT 1 [ RunTime:0.000133s ]
[ sql ] [ SQL ] SELECT COUNT(*) AS tp_count FROM `wb_order` WHERE (  `user_id` = 1  AND `status` = 1  AND `ship_status` IN (3,2)  AND `confirm` = 1 ) AND `wb_order`.`isdel` IS NULL LIMIT 1 [ RunTime:0.000106s ]
[ sql ] [ SQL ] SELECT COUNT(*) AS tp_count FROM `wb_order` WHERE (  `user_id` = 1  AND `status` = 1  AND `pay_status` <> 1  AND `ship_status` <> 1  AND `confirm` = 2  AND `is_comment` = 1 ) AND `wb_order`.`isdel` IS NULL LIMIT 1 [ RunTime:0.000095s ]
[ sql ] [ SQL ] SHOW COLUMNS FROM `wb_bill_aftersales` [ RunTime:0.000346s ]
[ sql ] [ SQL ] SELECT COUNT(*) AS tp_count FROM `wb_bill_aftersales` WHERE  `user_id` = 1  AND `status` IN (1) LIMIT 1 [ RunTime:0.000110s ]
[ sql ] [ SQL ] SHOW COLUMNS FROM `wb_coupon` [ RunTime:0.000850s ]
[ sql ] [ SQL ] SELECT COUNT(*) AS tp_count FROM `wb_coupon` `c` INNER JOIN `wb_promotion` `p` ON `p`.`id`=`c`.`promotion_id` WHERE  `p`.`type` = '2'  AND `p`.`status` = '1'  AND `c`.`user_id` = '1'  AND `c`.`is_used` = '1'  AND ( (c.endtime = 0 and p.etime >= 1775028411) or (c.endtime >=1775028411) ) LIMIT 1 [ RunTime:0.000716s ]
---------------------------------------------------------------
[2026-04-01T15:28:57+08:00] 127.0.0.1 OPTIONS www.jiwankang.com/api.html
[运行时间：0.025531s] [吞吐率：39.17req/s] [内存消耗：3,009.21kb] [文件加载：89]
[ info ] [ LANG ] E:\wwwroot\2026\04\jiwankang\thinkphp\lang\zh-cn.php
[ info ] [ ROUTE ] array (
)
[ info ] [ HEADER ] array (
  'sec-fetch-mode' => 'cors',
  'referer' => 'http://localhost:8080/',
  'origin' => 'http://localhost:8080',
  'access-control-request-method' => 'POST',
  'access-control-request-headers' => 'content-type',
  'accept-language' => 'zh-CN,zh;q=0.9',
  'accept-encoding' => 'gzip, deflate',
  'accept' => '*/*',
  'user-agent' => 'Mozilla/5.0 (iPhone; CPU iPhone OS 18_5 like Mac OS X) AppleWebKit/605.1.15 (KHTML, like Gecko) Version/18.5 Mobile/15E148 Safari/604.1',
  'host' => 'www.jiwankang.com',
  'content-length' => '',
  'content-type' => '',
)
[ info ] [ PARAM ] array (
)
---------------------------------------------------------------
[2026-04-01T15:28:57+08:00] 127.0.0.1 POST www.jiwankang.com/api.html
[运行时间：0.035333s] [吞吐率：28.30req/s] [内存消耗：4,820.80kb] [文件加载：107]
[ info ] [ LANG ] E:\wwwroot\2026\04\jiwankang\thinkphp\lang\zh-cn.php
[ info ] [ ROUTE ] array (
)
[ info ] [ HEADER ] array (
  'referer' => 'http://localhost:8080/',
  'origin' => 'http://localhost:8080',
  'content-type' => 'application/json',
  'accept-language' => 'zh-CN,zh;q=0.9',
  'accept-encoding' => 'gzip, deflate',
  'accept' => 'application/json',
  'content-length' => '65',
  'user-agent' => 'Mozilla/5.0 (iPhone; CPU iPhone OS 18_5 like Mac OS X) AppleWebKit/605.1.15 (KHTML, like Gecko) Version/18.5 Mobile/15E148 Safari/604.1',
  'host' => 'www.jiwankang.com',
)
[ info ] [ PARAM ] array (
  'token' => 'c44ff269142cc0000a5aab51e13546e0',
  'method' => 'user.info',
)
[ info ] [ DB ] INIT mysql
[ sql ] [ DB ] CONNECT:[ UseTime:0.000837s ] mysql:host=127.0.0.1;port=3306;dbname=jiwankang;charset=utf8mb4
[ sql ] [ SQL ] SHOW COLUMNS FROM `wb_user` [ RunTime:0.000658s ]
[ sql ] [ SQL ] SELECT * FROM `wb_user` WHERE (  `id` = 1 ) AND `wb_user`.`isdel` IS NULL LIMIT 1 [ RunTime:0.000367s ]
[ sql ] [ SQL ] SELECT `id`,`username`,`mobile`,`sex`,`birthday`,`avatar`,`nickname`,`balance`,`point`,`grade`,`status`,`pid`,`password`,`ctime`,`remarks`,`area_id`,`tiyan`,`num_point`,`exp` FROM `wb_user` WHERE (  `id` = 1 ) AND `wb_user`.`isdel` IS NULL LIMIT 1 [ RunTime:0.000222s ]
[ sql ] [ SQL ] SHOW COLUMNS FROM `wb_user_grade` [ RunTime:0.000314s ]
[ sql ] [ SQL ] SELECT * FROM `wb_user_grade` WHERE  `id` = 3 [ RunTime:0.000112s ]
[ sql ] [ SQL ] SELECT * FROM `wb_user_grade` WHERE  `id` = 3 LIMIT 1 [ RunTime:0.000108s ]
---------------------------------------------------------------
[2026-04-01T15:28:57+08:00] 127.0.0.1 POST www.jiwankang.com/api.html
[运行时间：0.036299s] [吞吐率：27.55req/s] [内存消耗：5,233.71kb] [文件加载：107]
[ info ] [ LANG ] E:\wwwroot\2026\04\jiwankang\thinkphp\lang\zh-cn.php
[ info ] [ ROUTE ] array (
)
[ info ] [ HEADER ] array (
  'referer' => 'http://localhost:8080/',
  'origin' => 'http://localhost:8080',
  'content-type' => 'application/json',
  'accept-language' => 'zh-CN,zh;q=0.9',
  'accept-encoding' => 'gzip, deflate',
  'accept' => 'application/json',
  'content-length' => '114',
  'user-agent' => 'Mozilla/5.0 (iPhone; CPU iPhone OS 18_5 like Mac OS X) AppleWebKit/605.1.15 (KHTML, like Gecko) Version/18.5 Mobile/15E148 Safari/604.1',
  'host' => 'www.jiwankang.com',
)
[ info ] [ PARAM ] array (
  'ids' => '1,2,3,4',
  'isAfterSale' => '1',
  'token' => 'c44ff269142cc0000a5aab51e13546e0',
  'method' => 'order.getorderstatusnum',
)
[ info ] [ DB ] INIT mysql
[ sql ] [ DB ] CONNECT:[ UseTime:0.000718s ] mysql:host=127.0.0.1;port=3306;dbname=jiwankang;charset=utf8mb4
[ sql ] [ SQL ] SHOW COLUMNS FROM `wb_user` [ RunTime:0.000508s ]
[ sql ] [ SQL ] SELECT * FROM `wb_user` WHERE (  `id` = 1 ) AND `wb_user`.`isdel` IS NULL LIMIT 1 [ RunTime:0.000233s ]
[ sql ] [ SQL ] SHOW COLUMNS FROM `wb_order` [ RunTime:0.000535s ]
[ sql ] [ SQL ] SELECT COUNT(*) AS tp_count FROM `wb_order` WHERE (  `user_id` = 1  AND `status` = 1  AND `pay_status` = 1 ) AND `wb_order`.`isdel` IS NULL LIMIT 1 [ RunTime:0.000171s ]
[ sql ] [ SQL ] SELECT COUNT(*) AS tp_count FROM `wb_order` WHERE (  `user_id` = 1  AND `status` = 1  AND `pay_status` <> 1  AND `ship_status` IN (1,2) ) AND `wb_order`.`isdel` IS NULL LIMIT 1 [ RunTime:0.000119s ]
[ sql ] [ SQL ] SELECT COUNT(*) AS tp_count FROM `wb_order` WHERE (  `user_id` = 1  AND `status` = 1  AND `ship_status` IN (3,2)  AND `confirm` = 1 ) AND `wb_order`.`isdel` IS NULL LIMIT 1 [ RunTime:0.000093s ]
[ sql ] [ SQL ] SELECT COUNT(*) AS tp_count FROM `wb_order` WHERE (  `user_id` = 1  AND `status` = 1  AND `pay_status` <> 1  AND `ship_status` <> 1  AND `confirm` = 2  AND `is_comment` = 1 ) AND `wb_order`.`isdel` IS NULL LIMIT 1 [ RunTime:0.000092s ]
[ sql ] [ SQL ] SHOW COLUMNS FROM `wb_bill_aftersales` [ RunTime:0.000304s ]
[ sql ] [ SQL ] SELECT COUNT(*) AS tp_count FROM `wb_bill_aftersales` WHERE  `user_id` = 1  AND `status` IN (1) LIMIT 1 [ RunTime:0.000107s ]
[ sql ] [ SQL ] SHOW COLUMNS FROM `wb_coupon` [ RunTime:0.000844s ]
[ sql ] [ SQL ] SELECT COUNT(*) AS tp_count FROM `wb_coupon` `c` INNER JOIN `wb_promotion` `p` ON `p`.`id`=`c`.`promotion_id` WHERE  `p`.`type` = '2'  AND `p`.`status` = '1'  AND `c`.`user_id` = '1'  AND `c`.`is_used` = '1'  AND ( (c.endtime = 0 and p.etime >= 1775028537) or (c.endtime >=1775028537) ) LIMIT 1 [ RunTime:0.000983s ]
---------------------------------------------------------------
[2026-04-01T15:34:24+08:00] 127.0.0.1 OPTIONS www.jiwankang.com/api.html
[运行时间：0.028007s] [吞吐率：35.71req/s] [内存消耗：3,009.41kb] [文件加载：89]
[ info ] [ LANG ] E:\wwwroot\2026\04\jiwankang\thinkphp\lang\zh-cn.php
[ info ] [ ROUTE ] array (
)
[ info ] [ HEADER ] array (
  'accept-language' => 'zh-CN,zh;q=0.9',
  'accept-encoding' => 'gzip, deflate',
  'referer' => 'http://localhost:8080/',
  'sec-fetch-mode' => 'cors',
  'user-agent' => 'Mozilla/5.0 (iPhone; CPU iPhone OS 18_5 like Mac OS X) AppleWebKit/605.1.15 (KHTML, like Gecko) Version/18.5 Mobile/15E148 Safari/604.1',
  'origin' => 'http://localhost:8080',
  'access-control-request-headers' => 'content-type',
  'access-control-request-method' => 'POST',
  'accept' => '*/*',
  'connection' => 'keep-alive',
  'host' => 'www.jiwankang.com',
  'content-length' => '',
  'content-type' => '',
)
[ info ] [ PARAM ] array (
)
---------------------------------------------------------------
[2026-04-01T15:34:24+08:00] 127.0.0.1 POST www.jiwankang.com/api.html
[运行时间：0.041076s] [吞吐率：24.35req/s] [内存消耗：4,821.25kb] [文件加载：107]
[ info ] [ LANG ] E:\wwwroot\2026\04\jiwankang\thinkphp\lang\zh-cn.php
[ info ] [ ROUTE ] array (
)
[ info ] [ HEADER ] array (
  'accept-language' => 'zh-CN,zh;q=0.9',
  'accept-encoding' => 'gzip, deflate',
  'referer' => 'http://localhost:8080/',
  'origin' => 'http://localhost:8080',
  'content-type' => 'application/json',
  'accept' => 'application/json',
  'user-agent' => 'Mozilla/5.0 (iPhone; CPU iPhone OS 18_5 like Mac OS X) AppleWebKit/605.1.15 (KHTML, like Gecko) Version/18.5 Mobile/15E148 Safari/604.1',
  'content-length' => '65',
  'connection' => 'keep-alive',
  'host' => 'www.jiwankang.com',
)
[ info ] [ PARAM ] array (
  'token' => 'c44ff269142cc0000a5aab51e13546e0',
  'method' => 'user.info',
)
[ info ] [ DB ] INIT mysql
[ sql ] [ DB ] CONNECT:[ UseTime:0.000848s ] mysql:host=127.0.0.1;port=3306;dbname=jiwankang;charset=utf8mb4
[ sql ] [ SQL ] SHOW COLUMNS FROM `wb_user` [ RunTime:0.000533s ]
[ sql ] [ SQL ] SELECT * FROM `wb_user` WHERE (  `id` = 1 ) AND `wb_user`.`isdel` IS NULL LIMIT 1 [ RunTime:0.000260s ]
[ sql ] [ SQL ] SELECT `id`,`username`,`mobile`,`sex`,`birthday`,`avatar`,`nickname`,`balance`,`point`,`grade`,`status`,`pid`,`password`,`ctime`,`remarks`,`area_id`,`tiyan`,`num_point`,`exp` FROM `wb_user` WHERE (  `id` = 1 ) AND `wb_user`.`isdel` IS NULL LIMIT 1 [ RunTime:0.000242s ]
[ sql ] [ SQL ] SHOW COLUMNS FROM `wb_user_grade` [ RunTime:0.000284s ]
[ sql ] [ SQL ] SELECT * FROM `wb_user_grade` WHERE  `id` = 3 [ RunTime:0.000106s ]
[ sql ] [ SQL ] SELECT * FROM `wb_user_grade` WHERE  `id` = 3 LIMIT 1 [ RunTime:0.000101s ]
---------------------------------------------------------------
[2026-04-01T15:34:24+08:00] 127.0.0.1 POST www.jiwankang.com/api.html
[运行时间：0.048478s] [吞吐率：20.63req/s] [内存消耗：5,234.04kb] [文件加载：107]
[ info ] [ LANG ] E:\wwwroot\2026\04\jiwankang\thinkphp\lang\zh-cn.php
[ info ] [ ROUTE ] array (
)
[ info ] [ HEADER ] array (
  'accept-language' => 'zh-CN,zh;q=0.9',
  'accept-encoding' => 'gzip, deflate',
  'referer' => 'http://localhost:8080/',
  'origin' => 'http://localhost:8080',
  'content-type' => 'application/json',
  'accept' => 'application/json',
  'user-agent' => 'Mozilla/5.0 (iPhone; CPU iPhone OS 18_5 like Mac OS X) AppleWebKit/605.1.15 (KHTML, like Gecko) Version/18.5 Mobile/15E148 Safari/604.1',
  'content-length' => '114',
  'connection' => 'keep-alive',
  'host' => 'www.jiwankang.com',
)
[ info ] [ PARAM ] array (
  'ids' => '1,2,3,4',
  'isAfterSale' => '1',
  'token' => 'c44ff269142cc0000a5aab51e13546e0',
  'method' => 'order.getorderstatusnum',
)
[ info ] [ DB ] INIT mysql
[ sql ] [ DB ] CONNECT:[ UseTime:0.001316s ] mysql:host=127.0.0.1;port=3306;dbname=jiwankang;charset=utf8mb4
[ sql ] [ SQL ] SHOW COLUMNS FROM `wb_user` [ RunTime:0.000796s ]
[ sql ] [ SQL ] SELECT * FROM `wb_user` WHERE (  `id` = 1 ) AND `wb_user`.`isdel` IS NULL LIMIT 1 [ RunTime:0.000287s ]
[ sql ] [ SQL ] SHOW COLUMNS FROM `wb_order` [ RunTime:0.001519s ]
[ sql ] [ SQL ] SELECT COUNT(*) AS tp_count FROM `wb_order` WHERE (  `user_id` = 1  AND `status` = 1  AND `pay_status` = 1 ) AND `wb_order`.`isdel` IS NULL LIMIT 1 [ RunTime:0.000438s ]
[ sql ] [ SQL ] SELECT COUNT(*) AS tp_count FROM `wb_order` WHERE (  `user_id` = 1  AND `status` = 1  AND `pay_status` <> 1  AND `ship_status` IN (1,2) ) AND `wb_order`.`isdel` IS NULL LIMIT 1 [ RunTime:0.000384s ]
[ sql ] [ SQL ] SELECT COUNT(*) AS tp_count FROM `wb_order` WHERE (  `user_id` = 1  AND `status` = 1  AND `ship_status` IN (3,2)  AND `confirm` = 1 ) AND `wb_order`.`isdel` IS NULL LIMIT 1 [ RunTime:0.000340s ]
[ sql ] [ SQL ] SELECT COUNT(*) AS tp_count FROM `wb_order` WHERE (  `user_id` = 1  AND `status` = 1  AND `pay_status` <> 1  AND `ship_status` <> 1  AND `confirm` = 2  AND `is_comment` = 1 ) AND `wb_order`.`isdel` IS NULL LIMIT 1 [ RunTime:0.000255s ]
[ sql ] [ SQL ] SHOW COLUMNS FROM `wb_bill_aftersales` [ RunTime:0.000515s ]
[ sql ] [ SQL ] SELECT COUNT(*) AS tp_count FROM `wb_bill_aftersales` WHERE  `user_id` = 1  AND `status` IN (1) LIMIT 1 [ RunTime:0.000149s ]
[ sql ] [ SQL ] SHOW COLUMNS FROM `wb_coupon` [ RunTime:0.001060s ]
[ sql ] [ SQL ] SELECT COUNT(*) AS tp_count FROM `wb_coupon` `c` INNER JOIN `wb_promotion` `p` ON `p`.`id`=`c`.`promotion_id` WHERE  `p`.`type` = '2'  AND `p`.`status` = '1'  AND `c`.`user_id` = '1'  AND `c`.`is_used` = '1'  AND ( (c.endtime = 0 and p.etime >= 1775028864) or (c.endtime >=1775028864) ) LIMIT 1 [ RunTime:0.000960s ]
---------------------------------------------------------------
[2026-04-01T15:37:15+08:00] 127.0.0.1 OPTIONS www.jiwankang.com/api.html
[运行时间：0.022888s] [吞吐率：43.69req/s] [内存消耗：3,009.41kb] [文件加载：89]
[ info ] [ LANG ] E:\wwwroot\2026\04\jiwankang\thinkphp\lang\zh-cn.php
[ info ] [ ROUTE ] array (
)
[ info ] [ HEADER ] array (
  'accept-language' => 'zh-CN,zh;q=0.9',
  'accept-encoding' => 'gzip, deflate',
  'referer' => 'http://localhost:8080/',
  'sec-fetch-mode' => 'cors',
  'user-agent' => 'Mozilla/5.0 (iPhone; CPU iPhone OS 18_5 like Mac OS X) AppleWebKit/605.1.15 (KHTML, like Gecko) Version/18.5 Mobile/15E148 Safari/604.1',
  'origin' => 'http://localhost:8080',
  'access-control-request-headers' => 'content-type',
  'access-control-request-method' => 'POST',
  'accept' => '*/*',
  'connection' => 'keep-alive',
  'host' => 'www.jiwankang.com',
  'content-length' => '',
  'content-type' => '',
)
[ info ] [ PARAM ] array (
)
---------------------------------------------------------------
[2026-04-01T15:37:15+08:00] 127.0.0.1 POST www.jiwankang.com/api.html
[运行时间：0.031581s] [吞吐率：31.66req/s] [内存消耗：4,821.25kb] [文件加载：107]
[ info ] [ LANG ] E:\wwwroot\2026\04\jiwankang\thinkphp\lang\zh-cn.php
[ info ] [ ROUTE ] array (
)
[ info ] [ HEADER ] array (
  'accept-language' => 'zh-CN,zh;q=0.9',
  'accept-encoding' => 'gzip, deflate',
  'referer' => 'http://localhost:8080/',
  'origin' => 'http://localhost:8080',
  'content-type' => 'application/json',
  'accept' => 'application/json',
  'user-agent' => 'Mozilla/5.0 (iPhone; CPU iPhone OS 18_5 like Mac OS X) AppleWebKit/605.1.15 (KHTML, like Gecko) Version/18.5 Mobile/15E148 Safari/604.1',
  'content-length' => '65',
  'connection' => 'keep-alive',
  'host' => 'www.jiwankang.com',
)
[ info ] [ PARAM ] array (
  'token' => 'c44ff269142cc0000a5aab51e13546e0',
  'method' => 'user.info',
)
[ info ] [ DB ] INIT mysql
[ sql ] [ DB ] CONNECT:[ UseTime:0.000782s ] mysql:host=127.0.0.1;port=3306;dbname=jiwankang;charset=utf8mb4
[ sql ] [ SQL ] SHOW COLUMNS FROM `wb_user` [ RunTime:0.000494s ]
[ sql ] [ SQL ] SELECT * FROM `wb_user` WHERE (  `id` = 1 ) AND `wb_user`.`isdel` IS NULL LIMIT 1 [ RunTime:0.000190s ]
[ sql ] [ SQL ] SELECT `id`,`username`,`mobile`,`sex`,`birthday`,`avatar`,`nickname`,`balance`,`point`,`grade`,`status`,`pid`,`password`,`ctime`,`remarks`,`area_id`,`tiyan`,`num_point`,`exp` FROM `wb_user` WHERE (  `id` = 1 ) AND `wb_user`.`isdel` IS NULL LIMIT 1 [ RunTime:0.000161s ]
[ sql ] [ SQL ] SHOW COLUMNS FROM `wb_user_grade` [ RunTime:0.000261s ]
[ sql ] [ SQL ] SELECT * FROM `wb_user_grade` WHERE  `id` = 3 [ RunTime:0.000108s ]
[ sql ] [ SQL ] SELECT * FROM `wb_user_grade` WHERE  `id` = 3 LIMIT 1 [ RunTime:0.000104s ]
---------------------------------------------------------------
[2026-04-01T15:37:16+08:00] 127.0.0.1 POST www.jiwankang.com/api.html
[运行时间：0.049971s] [吞吐率：20.01req/s] [内存消耗：5,234.04kb] [文件加载：107]
[ info ] [ LANG ] E:\wwwroot\2026\04\jiwankang\thinkphp\lang\zh-cn.php
[ info ] [ ROUTE ] array (
)
[ info ] [ HEADER ] array (
  'accept-language' => 'zh-CN,zh;q=0.9',
  'accept-encoding' => 'gzip, deflate',
  'referer' => 'http://localhost:8080/',
  'origin' => 'http://localhost:8080',
  'content-type' => 'application/json',
  'accept' => 'application/json',
  'user-agent' => 'Mozilla/5.0 (iPhone; CPU iPhone OS 18_5 like Mac OS X) AppleWebKit/605.1.15 (KHTML, like Gecko) Version/18.5 Mobile/15E148 Safari/604.1',
  'content-length' => '114',
  'connection' => 'keep-alive',
  'host' => 'www.jiwankang.com',
)
[ info ] [ PARAM ] array (
  'ids' => '1,2,3,4',
  'isAfterSale' => '1',
  'token' => 'c44ff269142cc0000a5aab51e13546e0',
  'method' => 'order.getorderstatusnum',
)
[ info ] [ DB ] INIT mysql
[ sql ] [ DB ] CONNECT:[ UseTime:0.001405s ] mysql:host=127.0.0.1;port=3306;dbname=jiwankang;charset=utf8mb4
[ sql ] [ SQL ] SHOW COLUMNS FROM `wb_user` [ RunTime:0.000839s ]
[ sql ] [ SQL ] SELECT * FROM `wb_user` WHERE (  `id` = 1 ) AND `wb_user`.`isdel` IS NULL LIMIT 1 [ RunTime:0.000260s ]
[ sql ] [ SQL ] SHOW COLUMNS FROM `wb_order` [ RunTime:0.001347s ]
[ sql ] [ SQL ] SELECT COUNT(*) AS tp_count FROM `wb_order` WHERE (  `user_id` = 1  AND `status` = 1  AND `pay_status` = 1 ) AND `wb_order`.`isdel` IS NULL LIMIT 1 [ RunTime:0.000298s ]
[ sql ] [ SQL ] SELECT COUNT(*) AS tp_count FROM `wb_order` WHERE (  `user_id` = 1  AND `status` = 1  AND `pay_status` <> 1  AND `ship_status` IN (1,2) ) AND `wb_order`.`isdel` IS NULL LIMIT 1 [ RunTime:0.000419s ]
[ sql ] [ SQL ] SELECT COUNT(*) AS tp_count FROM `wb_order` WHERE (  `user_id` = 1  AND `status` = 1  AND `ship_status` IN (3,2)  AND `confirm` = 1 ) AND `wb_order`.`isdel` IS NULL LIMIT 1 [ RunTime:0.000211s ]
[ sql ] [ SQL ] SELECT COUNT(*) AS tp_count FROM `wb_order` WHERE (  `user_id` = 1  AND `status` = 1  AND `pay_status` <> 1  AND `ship_status` <> 1  AND `confirm` = 2  AND `is_comment` = 1 ) AND `wb_order`.`isdel` IS NULL LIMIT 1 [ RunTime:0.000184s ]
[ sql ] [ SQL ] SHOW COLUMNS FROM `wb_bill_aftersales` [ RunTime:0.001223s ]
[ sql ] [ SQL ] SELECT COUNT(*) AS tp_count FROM `wb_bill_aftersales` WHERE  `user_id` = 1  AND `status` IN (1) LIMIT 1 [ RunTime:0.000166s ]
[ sql ] [ SQL ] SHOW COLUMNS FROM `wb_coupon` [ RunTime:0.001344s ]
[ sql ] [ SQL ] SELECT COUNT(*) AS tp_count FROM `wb_coupon` `c` INNER JOIN `wb_promotion` `p` ON `p`.`id`=`c`.`promotion_id` WHERE  `p`.`type` = '2'  AND `p`.`status` = '1'  AND `c`.`user_id` = '1'  AND `c`.`is_used` = '1'  AND ( (c.endtime = 0 and p.etime >= 1775029036) or (c.endtime >=1775029036) ) LIMIT 1 [ RunTime:0.000405s ]
---------------------------------------------------------------
[2026-04-01T15:40:38+08:00] 127.0.0.1 OPTIONS www.jiwankang.com/api.html
[运行时间：0.027526s] [吞吐率：36.33req/s] [内存消耗：3,009.41kb] [文件加载：89]
[ info ] [ LANG ] E:\wwwroot\2026\04\jiwankang\thinkphp\lang\zh-cn.php
[ info ] [ ROUTE ] array (
)
[ info ] [ HEADER ] array (
  'accept-language' => 'zh-CN,zh;q=0.9',
  'accept-encoding' => 'gzip, deflate',
  'referer' => 'http://localhost:8080/',
  'sec-fetch-mode' => 'cors',
  'user-agent' => 'Mozilla/5.0 (iPhone; CPU iPhone OS 18_5 like Mac OS X) AppleWebKit/605.1.15 (KHTML, like Gecko) Version/18.5 Mobile/15E148 Safari/604.1',
  'origin' => 'http://localhost:8080',
  'access-control-request-headers' => 'content-type',
  'access-control-request-method' => 'POST',
  'accept' => '*/*',
  'connection' => 'keep-alive',
  'host' => 'www.jiwankang.com',
  'content-length' => '',
  'content-type' => '',
)
[ info ] [ PARAM ] array (
)
---------------------------------------------------------------
[2026-04-01T15:40:38+08:00] 127.0.0.1 POST www.jiwankang.com/api.html
[运行时间：0.033647s] [吞吐率：29.72req/s] [内存消耗：4,821.25kb] [文件加载：107]
[ info ] [ LANG ] E:\wwwroot\2026\04\jiwankang\thinkphp\lang\zh-cn.php
[ info ] [ ROUTE ] array (
)
[ info ] [ HEADER ] array (
  'accept-language' => 'zh-CN,zh;q=0.9',
  'accept-encoding' => 'gzip, deflate',
  'referer' => 'http://localhost:8080/',
  'origin' => 'http://localhost:8080',
  'content-type' => 'application/json',
  'accept' => 'application/json',
  'user-agent' => 'Mozilla/5.0 (iPhone; CPU iPhone OS 18_5 like Mac OS X) AppleWebKit/605.1.15 (KHTML, like Gecko) Version/18.5 Mobile/15E148 Safari/604.1',
  'content-length' => '65',
  'connection' => 'keep-alive',
  'host' => 'www.jiwankang.com',
)
[ info ] [ PARAM ] array (
  'token' => 'c44ff269142cc0000a5aab51e13546e0',
  'method' => 'user.info',
)
[ info ] [ DB ] INIT mysql
[ sql ] [ DB ] CONNECT:[ UseTime:0.000719s ] mysql:host=127.0.0.1;port=3306;dbname=jiwankang;charset=utf8mb4
[ sql ] [ SQL ] SHOW COLUMNS FROM `wb_user` [ RunTime:0.000491s ]
[ sql ] [ SQL ] SELECT * FROM `wb_user` WHERE (  `id` = 1 ) AND `wb_user`.`isdel` IS NULL LIMIT 1 [ RunTime:0.000193s ]
[ sql ] [ SQL ] SELECT `id`,`username`,`mobile`,`sex`,`birthday`,`avatar`,`nickname`,`balance`,`point`,`grade`,`status`,`pid`,`password`,`ctime`,`remarks`,`area_id`,`tiyan`,`num_point`,`exp` FROM `wb_user` WHERE (  `id` = 1 ) AND `wb_user`.`isdel` IS NULL LIMIT 1 [ RunTime:0.000281s ]
[ sql ] [ SQL ] SHOW COLUMNS FROM `wb_user_grade` [ RunTime:0.000319s ]
[ sql ] [ SQL ] SELECT * FROM `wb_user_grade` WHERE  `id` = 3 [ RunTime:0.000108s ]
[ sql ] [ SQL ] SELECT * FROM `wb_user_grade` WHERE  `id` = 3 LIMIT 1 [ RunTime:0.000106s ]
---------------------------------------------------------------
[2026-04-01T15:40:38+08:00] 127.0.0.1 POST www.jiwankang.com/api.html
[运行时间：0.052981s] [吞吐率：18.87req/s] [内存消耗：5,234.04kb] [文件加载：107]
[ info ] [ LANG ] E:\wwwroot\2026\04\jiwankang\thinkphp\lang\zh-cn.php
[ info ] [ ROUTE ] array (
)
[ info ] [ HEADER ] array (
  'accept-language' => 'zh-CN,zh;q=0.9',
  'accept-encoding' => 'gzip, deflate',
  'referer' => 'http://localhost:8080/',
  'origin' => 'http://localhost:8080',
  'content-type' => 'application/json',
  'accept' => 'application/json',
  'user-agent' => 'Mozilla/5.0 (iPhone; CPU iPhone OS 18_5 like Mac OS X) AppleWebKit/605.1.15 (KHTML, like Gecko) Version/18.5 Mobile/15E148 Safari/604.1',
  'content-length' => '114',
  'connection' => 'keep-alive',
  'host' => 'www.jiwankang.com',
)
[ info ] [ PARAM ] array (
  'ids' => '1,2,3,4',
  'isAfterSale' => '1',
  'token' => 'c44ff269142cc0000a5aab51e13546e0',
  'method' => 'order.getorderstatusnum',
)
[ info ] [ DB ] INIT mysql
[ sql ] [ DB ] CONNECT:[ UseTime:0.003199s ] mysql:host=127.0.0.1;port=3306;dbname=jiwankang;charset=utf8mb4
[ sql ] [ SQL ] SHOW COLUMNS FROM `wb_user` [ RunTime:0.001218s ]
[ sql ] [ SQL ] SELECT * FROM `wb_user` WHERE (  `id` = 1 ) AND `wb_user`.`isdel` IS NULL LIMIT 1 [ RunTime:0.000402s ]
[ sql ] [ SQL ] SHOW COLUMNS FROM `wb_order` [ RunTime:0.001882s ]
[ sql ] [ SQL ] SELECT COUNT(*) AS tp_count FROM `wb_order` WHERE (  `user_id` = 1  AND `status` = 1  AND `pay_status` = 1 ) AND `wb_order`.`isdel` IS NULL LIMIT 1 [ RunTime:0.000363s ]
[ sql ] [ SQL ] SELECT COUNT(*) AS tp_count FROM `wb_order` WHERE (  `user_id` = 1  AND `status` = 1  AND `pay_status` <> 1  AND `ship_status` IN (1,2) ) AND `wb_order`.`isdel` IS NULL LIMIT 1 [ RunTime:0.000246s ]
[ sql ] [ SQL ] SELECT COUNT(*) AS tp_count FROM `wb_order` WHERE (  `user_id` = 1  AND `status` = 1  AND `ship_status` IN (3,2)  AND `confirm` = 1 ) AND `wb_order`.`isdel` IS NULL LIMIT 1 [ RunTime:0.000268s ]
[ sql ] [ SQL ] SELECT COUNT(*) AS tp_count FROM `wb_order` WHERE (  `user_id` = 1  AND `status` = 1  AND `pay_status` <> 1  AND `ship_status` <> 1  AND `confirm` = 2  AND `is_comment` = 1 ) AND `wb_order`.`isdel` IS NULL LIMIT 1 [ RunTime:0.000143s ]
[ sql ] [ SQL ] SHOW COLUMNS FROM `wb_bill_aftersales` [ RunTime:0.002968s ]
[ sql ] [ SQL ] SELECT COUNT(*) AS tp_count FROM `wb_bill_aftersales` WHERE  `user_id` = 1  AND `status` IN (1) LIMIT 1 [ RunTime:0.000595s ]
[ sql ] [ SQL ] SHOW COLUMNS FROM `wb_coupon` [ RunTime:0.001833s ]
[ sql ] [ SQL ] SELECT COUNT(*) AS tp_count FROM `wb_coupon` `c` INNER JOIN `wb_promotion` `p` ON `p`.`id`=`c`.`promotion_id` WHERE  `p`.`type` = '2'  AND `p`.`status` = '1'  AND `c`.`user_id` = '1'  AND `c`.`is_used` = '1'  AND ( (c.endtime = 0 and p.etime >= 1775029238) or (c.endtime >=1775029238) ) LIMIT 1 [ RunTime:0.000516s ]
---------------------------------------------------------------
[2026-04-01T15:53:48+08:00] 127.0.0.1 POST www.jiwankang.com/Api/common/area.html
[运行时间：0.044094s] [吞吐率：22.68req/s] [内存消耗：4,272.14kb] [文件加载：99]
[ info ] [ LANG ] E:\wwwroot\2026\04\jiwankang\thinkphp\lang\zh-cn.php
[ info ] [ ROUTE ] array (
)
[ info ] [ HEADER ] array (
  'cookie' => 'PHPSESSID=6ge3q9cob417ort2dkkl8j63da',
  'accept-language' => 'zh-CN,zh;q=0.9',
  'accept-encoding' => 'gzip, deflate',
  'referer' => 'http://www.jiwankang.com/manage/setting/index.html',
  'origin' => 'http://www.jiwankang.com',
  'content-type' => 'application/x-www-form-urlencoded; charset=UTF-8',
  'accept' => '*/*',
  'user-agent' => 'Mozilla/5.0 (Windows NT 10.0; Win64; x64) AppleWebKit/537.36 (KHTML, like Gecko) Chrome/146.0.0.0 Safari/537.36',
  'x-requested-with' => 'XMLHttpRequest',
  'content-length' => '3',
  'connection' => 'keep-alive',
  'host' => 'www.jiwankang.com',
)
[ info ] [ PARAM ] array (
  'id' => '',
)
[ info ] [ DB ] INIT mysql
[ sql ] [ DB ] CONNECT:[ UseTime:0.001263s ] mysql:host=127.0.0.1;port=3306;dbname=jiwankang;charset=utf8mb4
[ sql ] [ SQL ] SHOW COLUMNS FROM `wb_area` [ RunTime:0.001140s ]
[ sql ] [ SQL ] SELECT `id`,`name`,`parent_id`,`postal_code` FROM `wb_area` WHERE  `id` = 0 LIMIT 1 [ RunTime:0.000474s ]
[ sql ] [ SQL ] SELECT `id`,`name`,`parent_id` FROM `wb_area` WHERE  `parent_id` = 0 [ RunTime:0.004170s ]
---------------------------------------------------------------
[2026-04-01T15:54:55+08:00] 127.0.0.1 POST www.jiwankang.com/Api/common/area.html
[运行时间：0.041288s] [吞吐率：24.22req/s] [内存消耗：4,272.14kb] [文件加载：99]
[ info ] [ LANG ] E:\wwwroot\2026\04\jiwankang\thinkphp\lang\zh-cn.php
[ info ] [ ROUTE ] array (
)
[ info ] [ HEADER ] array (
  'cookie' => 'PHPSESSID=6ge3q9cob417ort2dkkl8j63da',
  'accept-language' => 'zh-CN,zh;q=0.9',
  'accept-encoding' => 'gzip, deflate',
  'referer' => 'http://www.jiwankang.com/manage/setting/index.html',
  'origin' => 'http://www.jiwankang.com',
  'content-type' => 'application/x-www-form-urlencoded; charset=UTF-8',
  'accept' => '*/*',
  'user-agent' => 'Mozilla/5.0 (Windows NT 10.0; Win64; x64) AppleWebKit/537.36 (KHTML, like Gecko) Chrome/146.0.0.0 Safari/537.36',
  'x-requested-with' => 'XMLHttpRequest',
  'content-length' => '3',
  'connection' => 'keep-alive',
  'host' => 'www.jiwankang.com',
)
[ info ] [ PARAM ] array (
  'id' => '',
)
[ info ] [ DB ] INIT mysql
[ sql ] [ DB ] CONNECT:[ UseTime:0.000793s ] mysql:host=127.0.0.1;port=3306;dbname=jiwankang;charset=utf8mb4
[ sql ] [ SQL ] SHOW COLUMNS FROM `wb_area` [ RunTime:0.000452s ]
[ sql ] [ SQL ] SELECT `id`,`name`,`parent_id`,`postal_code` FROM `wb_area` WHERE  `id` = 0 LIMIT 1 [ RunTime:0.000156s ]
[ sql ] [ SQL ] SELECT `id`,`name`,`parent_id` FROM `wb_area` WHERE  `parent_id` = 0 [ RunTime:0.000708s ]
---------------------------------------------------------------
[2026-04-01T16:04:49+08:00] 127.0.0.1 OPTIONS www.jiwankang.com/api.html
[运行时间：0.024935s] [吞吐率：40.10req/s] [内存消耗：3,009.41kb] [文件加载：89]
[ info ] [ LANG ] E:\wwwroot\2026\04\jiwankang\thinkphp\lang\zh-cn.php
[ info ] [ ROUTE ] array (
)
[ info ] [ HEADER ] array (
  'accept-language' => 'zh-CN,zh;q=0.9',
  'accept-encoding' => 'gzip, deflate',
  'referer' => 'http://localhost:8080/',
  'sec-fetch-mode' => 'cors',
  'user-agent' => 'Mozilla/5.0 (iPhone; CPU iPhone OS 18_5 like Mac OS X) AppleWebKit/605.1.15 (KHTML, like Gecko) Version/18.5 Mobile/15E148 Safari/604.1',
  'origin' => 'http://localhost:8080',
  'access-control-request-headers' => 'content-type',
  'access-control-request-method' => 'POST',
  'accept' => '*/*',
  'connection' => 'keep-alive',
  'host' => 'www.jiwankang.com',
  'content-length' => '',
  'content-type' => '',
)
[ info ] [ PARAM ] array (
)
---------------------------------------------------------------
[2026-04-01T16:04:49+08:00] 127.0.0.1 POST www.jiwankang.com/api.html
[运行时间：0.031566s] [吞吐率：31.68req/s] [内存消耗：4,824.58kb] [文件加载：107]
[ info ] [ LANG ] E:\wwwroot\2026\04\jiwankang\thinkphp\lang\zh-cn.php
[ info ] [ ROUTE ] array (
)
[ info ] [ HEADER ] array (
  'accept-language' => 'zh-CN,zh;q=0.9',
  'accept-encoding' => 'gzip, deflate',
  'referer' => 'http://localhost:8080/',
  'origin' => 'http://localhost:8080',
  'content-type' => 'application/json',
  'accept' => 'application/json',
  'user-agent' => 'Mozilla/5.0 (iPhone; CPU iPhone OS 18_5 like Mac OS X) AppleWebKit/605.1.15 (KHTML, like Gecko) Version/18.5 Mobile/15E148 Safari/604.1',
  'content-length' => '65',
  'connection' => 'keep-alive',
  'host' => 'www.jiwankang.com',
)
[ info ] [ PARAM ] array (
  'token' => 'c44ff269142cc0000a5aab51e13546e0',
  'method' => 'user.info',
)
[ info ] [ DB ] INIT mysql
[ sql ] [ DB ] CONNECT:[ UseTime:0.000660s ] mysql:host=127.0.0.1;port=3306;dbname=jiwankang;charset=utf8mb4
[ sql ] [ SQL ] SHOW COLUMNS FROM `wb_user_token` [ RunTime:0.001041s ]
[ sql ] [ SQL ] SELECT * FROM `wb_user_token` WHERE  `token` = 'c44ff269142cc0000a5aab51e13546e0' LIMIT 1 [ RunTime:0.000153s ]
[ sql ] [ SQL ] SHOW COLUMNS FROM `wb_user` [ RunTime:0.000413s ]
[ sql ] [ SQL ] SELECT * FROM `wb_user` WHERE (  `id` = 1 ) AND `wb_user`.`isdel` IS NULL LIMIT 1 [ RunTime:0.000170s ]
[ sql ] [ SQL ] SELECT `id`,`username`,`mobile`,`sex`,`birthday`,`avatar`,`nickname`,`balance`,`point`,`grade`,`status`,`pid`,`password`,`ctime`,`remarks`,`area_id`,`tiyan`,`num_point`,`exp` FROM `wb_user` WHERE (  `id` = 1 ) AND `wb_user`.`isdel` IS NULL LIMIT 1 [ RunTime:0.000205s ]
[ sql ] [ SQL ] SHOW COLUMNS FROM `wb_user_grade` [ RunTime:0.000815s ]
[ sql ] [ SQL ] SELECT * FROM `wb_user_grade` WHERE  `id` = 2 [ RunTime:0.000116s ]
[ sql ] [ SQL ] SELECT * FROM `wb_user_grade` WHERE  `id` = 2 LIMIT 1 [ RunTime:0.000104s ]
---------------------------------------------------------------
[2026-04-01T16:04:50+08:00] 127.0.0.1 POST www.jiwankang.com/api.html
[运行时间：0.038965s] [吞吐率：25.66req/s] [内存消耗：5,234.04kb] [文件加载：107]
[ info ] [ LANG ] E:\wwwroot\2026\04\jiwankang\thinkphp\lang\zh-cn.php
[ info ] [ ROUTE ] array (
)
[ info ] [ HEADER ] array (
  'accept-language' => 'zh-CN,zh;q=0.9',
  'accept-encoding' => 'gzip, deflate',
  'referer' => 'http://localhost:8080/',
  'origin' => 'http://localhost:8080',
  'content-type' => 'application/json',
  'accept' => 'application/json',
  'user-agent' => 'Mozilla/5.0 (iPhone; CPU iPhone OS 18_5 like Mac OS X) AppleWebKit/605.1.15 (KHTML, like Gecko) Version/18.5 Mobile/15E148 Safari/604.1',
  'content-length' => '114',
  'connection' => 'keep-alive',
  'host' => 'www.jiwankang.com',
)
[ info ] [ PARAM ] array (
  'ids' => '1,2,3,4',
  'isAfterSale' => '1',
  'token' => 'c44ff269142cc0000a5aab51e13546e0',
  'method' => 'order.getorderstatusnum',
)
[ info ] [ DB ] INIT mysql
[ sql ] [ DB ] CONNECT:[ UseTime:0.001241s ] mysql:host=127.0.0.1;port=3306;dbname=jiwankang;charset=utf8mb4
[ sql ] [ SQL ] SHOW COLUMNS FROM `wb_user` [ RunTime:0.000760s ]
[ sql ] [ SQL ] SELECT * FROM `wb_user` WHERE (  `id` = 1 ) AND `wb_user`.`isdel` IS NULL LIMIT 1 [ RunTime:0.000245s ]
[ sql ] [ SQL ] SHOW COLUMNS FROM `wb_order` [ RunTime:0.001322s ]
[ sql ] [ SQL ] SELECT COUNT(*) AS tp_count FROM `wb_order` WHERE (  `user_id` = 1  AND `status` = 1  AND `pay_status` = 1 ) AND `wb_order`.`isdel` IS NULL LIMIT 1 [ RunTime:0.000190s ]
[ sql ] [ SQL ] SELECT COUNT(*) AS tp_count FROM `wb_order` WHERE (  `user_id` = 1  AND `status` = 1  AND `pay_status` <> 1  AND `ship_status` IN (1,2) ) AND `wb_order`.`isdel` IS NULL LIMIT 1 [ RunTime:0.000116s ]
[ sql ] [ SQL ] SELECT COUNT(*) AS tp_count FROM `wb_order` WHERE (  `user_id` = 1  AND `status` = 1  AND `ship_status` IN (3,2)  AND `confirm` = 1 ) AND `wb_order`.`isdel` IS NULL LIMIT 1 [ RunTime:0.000091s ]
[ sql ] [ SQL ] SELECT COUNT(*) AS tp_count FROM `wb_order` WHERE (  `user_id` = 1  AND `status` = 1  AND `pay_status` <> 1  AND `ship_status` <> 1  AND `confirm` = 2  AND `is_comment` = 1 ) AND `wb_order`.`isdel` IS NULL LIMIT 1 [ RunTime:0.000089s ]
[ sql ] [ SQL ] SHOW COLUMNS FROM `wb_bill_aftersales` [ RunTime:0.000324s ]
[ sql ] [ SQL ] SELECT COUNT(*) AS tp_count FROM `wb_bill_aftersales` WHERE  `user_id` = 1  AND `status` IN (1) LIMIT 1 [ RunTime:0.000137s ]
[ sql ] [ SQL ] SHOW COLUMNS FROM `wb_coupon` [ RunTime:0.000780s ]
[ sql ] [ SQL ] SELECT COUNT(*) AS tp_count FROM `wb_coupon` `c` INNER JOIN `wb_promotion` `p` ON `p`.`id`=`c`.`promotion_id` WHERE  `p`.`type` = '2'  AND `p`.`status` = '1'  AND `c`.`user_id` = '1'  AND `c`.`is_used` = '1'  AND ( (c.endtime = 0 and p.etime >= 1775030690) or (c.endtime >=1775030690) ) LIMIT 1 [ RunTime:0.000509s ]
---------------------------------------------------------------
[2026-04-01T16:04:51+08:00] 127.0.0.1 GET www.jiwankang.com/api/common/jshopConf
[运行时间：0.053826s] [吞吐率：18.58req/s] [内存消耗：4,374.40kb] [文件加载：101]
[ info ] [ LANG ] E:\wwwroot\2026\04\jiwankang\thinkphp\lang\zh-cn.php
[ info ] [ ROUTE ] array (
)
[ info ] [ HEADER ] array (
  'accept-language' => 'zh-CN,zh;q=0.9',
  'accept-encoding' => 'gzip, deflate',
  'referer' => 'http://localhost:8080/',
  'origin' => 'http://localhost:8080',
  'accept' => '*/*',
  'user-agent' => 'Mozilla/5.0 (iPhone; CPU iPhone OS 18_5 like Mac OS X) AppleWebKit/605.1.15 (KHTML, like Gecko) Version/18.5 Mobile/15E148 Safari/604.1',
  'connection' => 'keep-alive',
  'host' => 'www.jiwankang.com',
  'content-length' => '',
  'content-type' => '',
)
[ info ] [ PARAM ] array (
)
[ info ] [ DB ] INIT mysql
[ sql ] [ DB ] CONNECT:[ UseTime:0.001894s ] mysql:host=127.0.0.1;port=3306;dbname=jiwankang;charset=utf8mb4
[ sql ] [ SQL ] SHOW COLUMNS FROM `wb_setting` [ RunTime:0.001049s ]
[ sql ] [ SQL ] SELECT * FROM `wb_setting` WHERE  `skey` IN ('shop_logo','shop_name','shop_desc','store_switch','cate_style','cate_type','tocash_money_low','tocash_money_rate','point_switch','statistics_code','recommend_keys','invoice_switch','goods_stocks_warn','shop_default_image','shop_mobile','show_inviter','share_title','share_desc','share_image','about_article_id','ent_id','user_agreement_id','privacy_policy_id','point_rule_id','goods_show_word1','goods_show_word2','shop_beian','open_point_exchange') [ RunTime:0.000673s ]
[ sql ] [ SQL ] SHOW COLUMNS FROM `wb_addons` [ RunTime:0.000904s ]
[ sql ] [ SQL ] SELECT `status` FROM `wb_addons` WHERE  `name` = 'DistributionCenter' LIMIT 1 [ RunTime:0.000556s ]
[ sql ] [ SQL ] SELECT * FROM `wb_setting` WHERE  `skey` = 'shop_default_image' LIMIT 1 [ RunTime:0.000286s ]
[ sql ] [ SQL ] SELECT * FROM `wb_setting` WHERE  `skey` = 'language' LIMIT 1 [ RunTime:0.000305s ]
[ sql ] [ SQL ] SHOW COLUMNS FROM `wb_pages_menu` [ RunTime:0.002329s ]
[ sql ] [ SQL ] SELECT * FROM `wb_pages_menu` WHERE  `pid` = 0 ORDER BY `menu_id` ASC [ RunTime:0.000657s ]
[ sql ] [ SQL ] SELECT * FROM `wb_pages_menu` WHERE  `pid` = 2 ORDER BY `menu_id` DESC [ RunTime:0.000365s ]
[ sql ] [ SQL ] SHOW COLUMNS FROM `wb_images` [ RunTime:0.000546s ]
[ sql ] [ SQL ] SELECT `url` FROM `wb_images` WHERE  `id` = '98ebc1f521934da1d41b35178c0339ae' LIMIT 1 [ RunTime:0.000251s ]
[ sql ] [ SQL ] SELECT `url` FROM `wb_images` WHERE  `id` = '483b8ee6429a680654c454d0fdd6fd5a' LIMIT 1 [ RunTime:0.000238s ]
[ sql ] [ SQL ] SELECT * FROM `wb_pages_menu` WHERE  `pid` = 3 ORDER BY `menu_id` DESC [ RunTime:0.000248s ]
[ sql ] [ SQL ] SELECT `url` FROM `wb_images` WHERE  `id` = 'f4c5604ff4f9d52f88538579aeadfe54' LIMIT 1 [ RunTime:0.000215s ]
[ sql ] [ SQL ] SELECT `url` FROM `wb_images` WHERE  `id` = '70ff17564a360cb74159d82095492ca7' LIMIT 1 [ RunTime:0.000169s ]
[ sql ] [ SQL ] SELECT * FROM `wb_pages_menu` WHERE  `pid` = 4 ORDER BY `menu_id` DESC [ RunTime:0.000153s ]
[ sql ] [ SQL ] SELECT `url` FROM `wb_images` WHERE  `id` = 'ca84a5bb1899cfa2b7d78d2f66025112' LIMIT 1 [ RunTime:0.000141s ]
[ sql ] [ SQL ] SELECT `url` FROM `wb_images` WHERE  `id` = '4602163f525b84fd0de4b080aa256d92' LIMIT 1 [ RunTime:0.000118s ]
[ sql ] [ SQL ] SELECT * FROM `wb_pages_menu` WHERE  `pid` = 5 ORDER BY `menu_id` DESC [ RunTime:0.000123s ]
[ sql ] [ SQL ] SELECT `url` FROM `wb_images` WHERE  `id` = 'af01a9f897c86e59b79aac9fb142701a' LIMIT 1 [ RunTime:0.000088s ]
[ sql ] [ SQL ] SELECT `url` FROM `wb_images` WHERE  `id` = 'b5f7ae2456ad1a01d772a24363e72fa2' LIMIT 1 [ RunTime:0.000075s ]
---------------------------------------------------------------
[2026-04-01T16:04:51+08:00] 127.0.0.1 GET www.jiwankang.com/api/common/jshopconf
[运行时间：0.021406s] [吞吐率：46.72req/s] [内存消耗：3,091.40kb] [文件加载：93]
[ info ] [ LANG ] E:\wwwroot\2026\04\jiwankang\thinkphp\lang\zh-cn.php
[ info ] [ ROUTE ] array (
)
[ info ] [ HEADER ] array (
  'accept-language' => 'zh-CN,zh;q=0.9',
  'accept-encoding' => 'gzip, deflate',
  'referer' => 'http://localhost:8080/',
  'origin' => 'http://localhost:8080',
  'content-type' => 'application/x-www-form-urlencoded',
  'accept' => 'application/json',
  'user-agent' => 'Mozilla/5.0 (iPhone; CPU iPhone OS 18_5 like Mac OS X) AppleWebKit/605.1.15 (KHTML, like Gecko) Version/18.5 Mobile/15E148 Safari/604.1',
  'connection' => 'keep-alive',
  'host' => 'www.jiwankang.com',
  'content-length' => '',
)
[ info ] [ PARAM ] array (
)
---------------------------------------------------------------
[2026-04-01T16:04:51+08:00] 127.0.0.1 POST www.jiwankang.com/api.html
[运行时间：0.053993s] [吞吐率：18.52req/s] [内存消耗：4,374.92kb] [文件加载：103]
[ info ] [ LANG ] E:\wwwroot\2026\04\jiwankang\thinkphp\lang\zh-cn.php
[ info ] [ ROUTE ] array (
)
[ info ] [ HEADER ] array (
  'accept-language' => 'zh-CN,zh;q=0.9',
  'accept-encoding' => 'gzip, deflate',
  'referer' => 'http://localhost:8080/',
  'origin' => 'http://localhost:8080',
  'content-type' => 'application/json',
  'accept' => 'application/json',
  'user-agent' => 'Mozilla/5.0 (iPhone; CPU iPhone OS 18_5 like Mac OS X) AppleWebKit/605.1.15 (KHTML, like Gecko) Version/18.5 Mobile/15E148 Safari/604.1',
  'content-length' => '58',
  'connection' => 'keep-alive',
  'host' => 'www.jiwankang.com',
)
[ info ] [ PARAM ] array (
  'codes' => 'user_banner',
  'method' => 'advert.getcarousellists',
)
[ info ] [ DB ] INIT mysql
[ sql ] [ DB ] CONNECT:[ UseTime:0.001326s ] mysql:host=127.0.0.1;port=3306;dbname=jiwankang;charset=utf8mb4
[ sql ] [ SQL ] SHOW COLUMNS FROM `wb_advertisement` [ RunTime:0.001655s ]
[ sql ] [ SQL ] SELECT `id`,`position_id`,`code`,`name`,`img`,`type`,`val`,`sort` FROM `wb_advertisement` WHERE  `code` IN ('user_banner') ORDER BY `sort` ASC [ RunTime:0.003236s ]
[ sql ] [ SQL ] SHOW COLUMNS FROM `wb_images` [ RunTime:0.003866s ]
[ sql ] [ SQL ] SELECT `url` FROM `wb_images` WHERE  `id` = '1cc3099099d97b0cae13e27509c7c5e9' LIMIT 1 [ RunTime:0.000875s ]
[ sql ] [ SQL ] SELECT `url` FROM `wb_images` WHERE  `id` = 'a52b4fbcf34c6ccb36e4e44537dc2bb1' LIMIT 1 [ RunTime:0.000533s ]
[ sql ] [ SQL ] SELECT `url` FROM `wb_images` WHERE  `id` = 'ff0b4a54c9bd53dd21fa92cc5746c989' LIMIT 1 [ RunTime:0.000409s ]
IT 1 [ RunTime:0.000562s ]
---------------------------------------------------------------
[2026-04-01T16:04:51+08:00] 127.0.0.1 POST www.jiwankang.com/api.html
[运行时间：0.047354s] [吞吐率：21.12req/s] [内存消耗：5,234.04kb] [文件加载：107]
[ info ] [ LANG ] E:\wwwroot\2026\04\jiwankang\thinkphp\lang\zh-cn.php
[ info ] [ ROUTE ] array (
)
[ info ] [ HEADER ] array (
  'accept-language' => 'zh-CN,zh;q=0.9',
  'accept-encoding' => 'gzip, deflate',
  'referer' => 'http://localhost:8080/',
  'origin' => 'http://localhost:8080',
  'content-type' => 'application/json',
  'accept' => 'application/json',
  'user-agent' => 'Mozilla/5.0 (iPhone; CPU iPhone OS 18_5 like Mac OS X) AppleWebKit/605.1.15 (KHTML, like Gecko) Version/18.5 Mobile/15E148 Safari/604.1',
  'content-length' => '114',
  'connection' => 'keep-alive',
  'host' => 'www.jiwankang.com',
)
[ info ] [ PARAM ] array (
  'ids' => '1,2,3,4',
  'isAfterSale' => '1',
  'token' => 'c44ff269142cc0000a5aab51e13546e0',
  'method' => 'order.getorderstatusnum',
)
[ info ] [ DB ] INIT mysql
[ sql ] [ DB ] CONNECT:[ UseTime:0.001024s ] mysql:host=127.0.0.1;port=3306;dbname=jiwankang;charset=utf8mb4
[ sql ] [ SQL ] SHOW COLUMNS FROM `wb_user` [ RunTime:0.000815s ]
[ sql ] [ SQL ] SELECT * FROM `wb_user` WHERE (  `id` = 1 ) AND `wb_user`.`isdel` IS NULL LIMIT 1 [ RunTime:0.000408s ]
[ sql ] [ SQL ] SHOW COLUMNS FROM `wb_order` [ RunTime:0.001431s ]
[ sql ] [ SQL ] SELECT COUNT(*) AS tp_count FROM `wb_order` WHERE (  `user_id` = 1  AND `status` = 1  AND `pay_status` = 1 ) AND `wb_order`.`isdel` IS NULL LIMIT 1 [ RunTime:0.000271s ]
[ sql ] [ SQL ] SELECT COUNT(*) AS tp_count FROM `wb_order` WHERE (  `user_id` = 1  AND `status` = 1  AND `pay_status` <> 1  AND `ship_status` IN (1,2) ) AND `wb_order`.`isdel` IS NULL LIMIT 1 [ RunTime:0.000149s ]
[ sql ] [ SQL ] SELECT COUNT(*) AS tp_count FROM `wb_order` WHERE (  `user_id` = 1  AND `status` = 1  AND `ship_status` IN (3,2)  AND `confirm` = 1 ) AND `wb_order`.`isdel` IS NULL LIMIT 1 [ RunTime:0.000103s ]
[ sql ] [ SQL ] SELECT COUNT(*) AS tp_count FROM `wb_order` WHERE (  `user_id` = 1  AND `status` = 1  AND `pay_status` <> 1  AND `ship_status` <> 1  AND `confirm` = 2  AND `is_comment` = 1 ) AND `wb_order`.`isdel` IS NULL LIMIT 1 [ RunTime:0.000186s ]
[ sql ] [ SQL ] SHOW COLUMNS FROM `wb_bill_aftersales` [ RunTime:0.000439s ]
[ sql ] [ SQL ] SELECT COUNT(*) AS tp_count FROM `wb_bill_aftersales` WHERE  `user_id` = 1  AND `status` IN (1) LIMIT 1 [ RunTime:0.000144s ]
[ sql ] [ SQL ] SHOW COLUMNS FROM `wb_coupon` [ RunTime:0.001213s ]
[ sql ] [ SQL ] SELECT COUNT(*) AS tp_count FROM `wb_coupon` `c` INNER JOIN `wb_promotion` `p` ON `p`.`id`=`c`.`promotion_id` WHERE  `p`.`type` = '2'  AND `p`.`status` = '1'  AND `c`.`user_id` = '1'  AND `c`.`is_used` = '1'  AND ( (c.endtime = 0 and p.etime >= 1775030691) or (c.endtime >=1775030691) ) LIMIT 1 [ RunTime:0.001026s ]
---------------------------------------------------------------
[2026-04-01T16:04:52+08:00] 127.0.0.1 POST www.jiwankang.com/api.html
[运行时间：0.041829s] [吞吐率：23.91req/s] [内存消耗：4,387.46kb] [文件加载：103]
[ info ] [ LANG ] E:\wwwroot\2026\04\jiwankang\thinkphp\lang\zh-cn.php
[ info ] [ ROUTE ] array (
)
[ info ] [ HEADER ] array (
  'accept-language' => 'zh-CN,zh;q=0.9',
  'accept-encoding' => 'gzip, deflate',
  'referer' => 'http://localhost:8080/',
  'origin' => 'http://localhost:8080',
  'content-type' => 'application/json',
  'accept' => 'application/json',
  'user-agent' => 'Mozilla/5.0 (iPhone; CPU iPhone OS 18_5 like Mac OS X) AppleWebKit/605.1.15 (KHTML, like Gecko) Version/18.5 Mobile/15E148 Safari/604.1',
  'content-length' => '58',
  'connection' => 'keep-alive',
  'host' => 'www.jiwankang.com',
)
[ info ] [ PARAM ] array (
  'codes' => 'tpl1_slider',
  'method' => 'advert.getcarousellists',
)
[ info ] [ DB ] INIT mysql
[ sql ] [ DB ] CONNECT:[ UseTime:0.001506s ] mysql:host=127.0.0.1;port=3306;dbname=jiwankang;charset=utf8mb4
[ sql ] [ SQL ] SHOW COLUMNS FROM `wb_advertisement` [ RunTime:0.001524s ]
[ sql ] [ SQL ] SELECT `id`,`position_id`,`code`,`name`,`img`,`type`,`val`,`sort` FROM `wb_advertisement` WHERE  `code` IN ('tpl1_slider') ORDER BY `sort` ASC [ RunTime:0.000307s ]
[ sql ] [ SQL ] SHOW COLUMNS FROM `wb_images` [ RunTime:0.001276s ]
[ sql ] [ SQL ] SELECT `url` FROM `wb_images` WHERE  `id` = '69930d468b58eeb6a710f0c4a6a48c0b' LIMIT 1 [ RunTime:0.000217s ]
[ sql ] [ SQL ] SELECT `url` FROM `wb_images` WHERE  `id` = '45d0b84708497b49e7850dde994c66cc' LIMIT 1 [ RunTime:0.000292s ]
[ sql ] [ SQL ] SELECT `url` FROM `wb_images` WHERE  `id` = '3f4f7e1cb887cf658823f28146b3dd20' LIMIT 1 [ RunTime:0.000235s ]
[ sql ] [ SQL ] SELECT `url` FROM `wb_images` WHERE  `id` = '1ff24c857483be20bd5380848c502145' LIMIT 1 [ RunTime:0.000240s ]
---------------------------------------------------------------
[2026-04-01T16:04:52+08:00] 127.0.0.1 POST www.jiwankang.com/api.html
[运行时间：0.043085s] [吞吐率：23.21req/s] [内存消耗：4,611.31kb] [文件加载：104]
[ info ] [ LANG ] E:\wwwroot\2026\04\jiwankang\thinkphp\lang\zh-cn.php
[ info ] [ ROUTE ] array (
)
[ info ] [ HEADER ] array (
  'accept-language' => 'zh-CN,zh;q=0.9',
  'accept-encoding' => 'gzip, deflate',
  'referer' => 'http://localhost:8080/',
  'origin' => 'http://localhost:8080',
  'content-type' => 'application/json',
  'accept' => 'application/json',
  'user-agent' => 'Mozilla/5.0 (iPhone; CPU iPhone OS 18_5 like Mac OS X) AppleWebKit/605.1.15 (KHTML, like Gecko) Version/18.5 Mobile/15E148 Safari/604.1',
  'content-length' => '28',
  'connection' => 'keep-alive',
  'host' => 'www.jiwankang.com',
)
[ info ] [ PARAM ] array (
  'method' => 'shopindex.index',
)
[ info ] [ DB ] INIT mysql
[ sql ] [ DB ] CONNECT:[ UseTime:0.001425s ] mysql:host=127.0.0.1;port=3306;dbname=jiwankang;charset=utf8mb4
[ sql ] [ SQL ] SHOW COLUMNS FROM `wb_goods` [ RunTime:0.000952s ]
[ sql ] [ SQL ] SELECT `id`,`name`,`price`,`mktprice`,`thumb` FROM `wb_goods` WHERE  `marketable` = 1  AND `goods_cat_id` IN (1) [ RunTime:0.000399s ]
[ sql ] [ SQL ] SELECT `id`,`name`,`price`,`mktprice`,`thumb` FROM `wb_goods` WHERE  `marketable` = 1  AND `goods_cat_id` = 2 [ RunTime:0.000265s ]
[ sql ] [ SQL ] SHOW COLUMNS FROM `wb_images` [ RunTime:0.001099s ]
[ sql ] [ SQL ] SELECT `url` FROM `wb_images` WHERE  `id` = '314afd8093136b1690a76afdccd6c2cd' LIMIT 1 [ RunTime:0.000263s ]
[ sql ] [ SQL ] SELECT `url` FROM `wb_images` WHERE  `id` = 'ff384770ca23c9ca074f5ed80b4ccd69' LIMIT 1 [ RunTime:0.000240s ]
[ sql ] [ SQL ] SHOW COLUMNS FROM `wb_notice` [ RunTime:0.001026s ]
[ sql ] [ SQL ] SELECT * FROM `wb_notice` WHERE (  `type` = 1 ) AND `wb_notice`.`isdel` IS NULL LIMIT 1 [ RunTime:0.000225s ]
---------------------------------------------------------------
[2026-04-01T16:04:53+08:00] 127.0.0.1 POST www.jiwankang.com/api.html
[运行时间：0.041142s] [吞吐率：24.31req/s] [内存消耗：4,387.85kb] [文件加载：103]
[ info ] [ LANG ] E:\wwwroot\2026\04\jiwankang\thinkphp\lang\zh-cn.php
[ info ] [ ROUTE ] array (
)
[ info ] [ HEADER ] array (
  'accept-language' => 'zh-CN,zh;q=0.9',
  'accept-encoding' => 'gzip, deflate',
  'referer' => 'http://localhost:8080/',
  'origin' => 'http://localhost:8080',
  'content-type' => 'application/json',
  'accept' => 'application/json',
  'user-agent' => 'Mozilla/5.0 (iPhone; CPU iPhone OS 18_5 like Mac OS X) AppleWebKit/605.1.15 (KHTML, like Gecko) Version/18.5 Mobile/15E148 Safari/604.1',
  'content-length' => '58',
  'connection' => 'keep-alive',
  'host' => 'www.jiwankang.com',
)
[ info ] [ PARAM ] array (
  'codes' => 'grid_slider',
  'method' => 'advert.getcarousellists',
)
[ info ] [ DB ] INIT mysql
[ sql ] [ DB ] CONNECT:[ UseTime:0.000681s ] mysql:host=127.0.0.1;port=3306;dbname=jiwankang;charset=utf8mb4
[ sql ] [ SQL ] SHOW COLUMNS FROM `wb_advertisement` [ RunTime:0.001256s ]
[ sql ] [ SQL ] SELECT `id`,`position_id`,`code`,`name`,`img`,`type`,`val`,`sort` FROM `wb_advertisement` WHERE  `code` IN ('grid_slider') ORDER BY `sort` ASC [ RunTime:0.000336s ]
[ sql ] [ SQL ] SHOW COLUMNS FROM `wb_images` [ RunTime:0.001438s ]
[ sql ] [ SQL ] SELECT `url` FROM `wb_images` WHERE  `id` = '43fdca004b1a4a36a3845a28cecf47fd' LIMIT 1 [ RunTime:0.000204s ]
[ sql ] [ SQL ] SELECT `url` FROM `wb_images` WHERE  `id` = 'd17d83ca2165a918c25d395d48d7f8d2' LIMIT 1 [ RunTime:0.000336s ]
[ sql ] [ SQL ] SELECT `url` FROM `wb_images` WHERE  `id` = '693bf4cdbe025ce4f1987e7223d4c4f2' LIMIT 1 [ RunTime:0.000316s ]
[ sql ] [ SQL ] SELECT `url` FROM `wb_images` WHERE  `id` = 'e8720fa65fd1c4fec00c212283677054' LIMIT 1 [ RunTime:0.000335s ]
---------------------------------------------------------------
[2026-04-01T16:04:54+08:00] 127.0.0.1 POST www.jiwankang.com/api.html
[运行时间：0.045310s] [吞吐率：22.07req/s] [内存消耗：4,821.26kb] [文件加载：107]
[ info ] [ LANG ] E:\wwwroot\2026\04\jiwankang\thinkphp\lang\zh-cn.php
[ info ] [ ROUTE ] array (
)
[ info ] [ HEADER ] array (
  'accept-language' => 'zh-CN,zh;q=0.9',
  'accept-encoding' => 'gzip, deflate',
  'referer' => 'http://localhost:8080/',
  'origin' => 'http://localhost:8080',
  'content-type' => 'application/json',
  'accept' => 'application/json',
  'user-agent' => 'Mozilla/5.0 (iPhone; CPU iPhone OS 18_5 like Mac OS X) AppleWebKit/605.1.15 (KHTML, like Gecko) Version/18.5 Mobile/15E148 Safari/604.1',
  'content-length' => '65',
  'connection' => 'keep-alive',
  'host' => 'www.jiwankang.com',
)
[ info ] [ PARAM ] array (
  'token' => 'c44ff269142cc0000a5aab51e13546e0',
  'method' => 'user.info',
)
[ info ] [ DB ] INIT mysql
[ sql ] [ DB ] CONNECT:[ UseTime:0.000589s ] mysql:host=127.0.0.1;port=3306;dbname=jiwankang;charset=utf8mb4
[ sql ] [ SQL ] SHOW COLUMNS FROM `wb_user` [ RunTime:0.000469s ]
[ sql ] [ SQL ] SELECT * FROM `wb_user` WHERE (  `id` = 1 ) AND `wb_user`.`isdel` IS NULL LIMIT 1 [ RunTime:0.000356s ]
[ sql ] [ SQL ] SELECT `id`,`username`,`mobile`,`sex`,`birthday`,`avatar`,`nickname`,`balance`,`point`,`grade`,`status`,`pid`,`password`,`ctime`,`remarks`,`area_id`,`tiyan`,`num_point`,`exp` FROM `wb_user` WHERE (  `id` = 1 ) AND `wb_user`.`isdel` IS NULL LIMIT 1 [ RunTime:0.000359s ]
[ sql ] [ SQL ] SHOW COLUMNS FROM `wb_user_grade` [ RunTime:0.001833s ]
[ sql ] [ SQL ] SELECT * FROM `wb_user_grade` WHERE  `id` = 2 [ RunTime:0.000381s ]
[ sql ] [ SQL ] SELECT * FROM `wb_user_grade` WHERE  `id` = 2 LIMIT 1 [ RunTime:0.000375s ]
---------------------------------------------------------------
[2026-04-01T16:04:54+08:00] 127.0.0.1 POST www.jiwankang.com/api.html
[运行时间：0.048565s] [吞吐率：20.59req/s] [内存消耗：4,830.54kb] [文件加载：107]
[ info ] [ LANG ] E:\wwwroot\2026\04\jiwankang\thinkphp\lang\zh-cn.php
[ info ] [ ROUTE ] array (
)
[ info ] [ HEADER ] array (
  'accept-language' => 'zh-CN,zh;q=0.9',
  'accept-encoding' => 'gzip, deflate',
  'referer' => 'http://localhost:8080/',
  'origin' => 'http://localhost:8080',
  'content-type' => 'application/json',
  'accept' => 'application/json',
  'user-agent' => 'Mozilla/5.0 (iPhone; CPU iPhone OS 18_5 like Mac OS X) AppleWebKit/605.1.15 (KHTML, like Gecko) Version/18.5 Mobile/15E148 Safari/604.1',
  'content-length' => '40',
  'connection' => 'keep-alive',
  'host' => 'www.jiwankang.com',
)
[ info ] [ PARAM ] array (
  'id' => '2',
  'method' => 'goods.getgoodsparams',
)
[ info ] [ DB ] INIT mysql
[ sql ] [ DB ] CONNECT:[ UseTime:0.001337s ] mysql:host=127.0.0.1;port=3306;dbname=jiwankang;charset=utf8mb4
[ sql ] [ SQL ] SHOW COLUMNS FROM `wb_setting` [ RunTime:0.000540s ]
[ sql ] [ SQL ] SELECT * FROM `wb_setting` WHERE  `skey` = 'language' LIMIT 1 [ RunTime:0.000146s ]
[ sql ] [ SQL ] SELECT * FROM `wb_setting` WHERE  `skey` = 'language' LIMIT 1 [ RunTime:0.000109s ]
[ sql ] [ SQL ] SELECT * FROM `wb_setting` WHERE  `skey` = 'language' LIMIT 1 [ RunTime:0.000322s ]
[ sql ] [ SQL ] SELECT * FROM `wb_setting` WHERE  `skey` = 'language' LIMIT 1 [ RunTime:0.000185s ]
[ sql ] [ SQL ] SHOW COLUMNS FROM `wb_goods` [ RunTime:0.000493s ]
[ sql ] [ SQL ] SELECT `id`,`bn`,`name`,`brand_id`,`image_id`,`params`,`spes_desc` FROM `wb_goods` WHERE  `id` = 2 LIMIT 1 [ RunTime:0.000146s ]
[ sql ] [ SQL ] SELECT * FROM `wb_setting` WHERE  `skey` = 'language' LIMIT 1 [ RunTime:0.000128s ]
[ sql ] [ SQL ] SELECT * FROM `wb_setting` WHERE  `skey` = 'language' LIMIT 1 [ RunTime:0.000117s ]
[ sql ] [ SQL ] SHOW COLUMNS FROM `wb_goods_images` [ RunTime:0.001502s ]
[ sql ] [ SQL ] SELECT * FROM `wb_goods_images` WHERE  `goods_id` = 2 ORDER BY `sort` DESC [ RunTime:0.000550s ]
[ sql ] [ SQL ] SHOW COLUMNS FROM `wb_products` [ RunTime:0.001056s ]
[ sql ] [ SQL ] SELECT `id` FROM `wb_products` WHERE  `goods_id` = 2 [ RunTime:0.000379s ]
[ sql ] [ SQL ] SELECT * FROM `wb_products` WHERE  `id` = 3 LIMIT 1 [ RunTime:0.000323s ]
[ sql ] [ SQL ] SELECT `name`,`image_id`,`bn`,`marketable`,`spes_desc`,`is_combo`,`point`,`open_point` FROM `wb_goods` WHERE  `id` = 2 LIMIT 1 [ RunTime:0.000239s ]
---------------------------------------------------------------
[2026-04-01T16:04:54+08:00] 127.0.0.1 POST www.jiwankang.com/api.html
[运行时间：0.067962s] [吞吐率：14.71req/s] [内存消耗：4,821.26kb] [文件加载：107]
[ info ] [ LANG ] E:\wwwroot\2026\04\jiwankang\thinkphp\lang\zh-cn.php
[ info ] [ ROUTE ] array (
)
[ info ] [ HEADER ] array (
  'accept-language' => 'zh-CN,zh;q=0.9',
  'accept-encoding' => 'gzip, deflate',
  'referer' => 'http://localhost:8080/',
  'origin' => 'http://localhost:8080',
  'content-type' => 'application/json',
  'accept' => 'application/json',
  'user-agent' => 'Mozilla/5.0 (iPhone; CPU iPhone OS 18_5 like Mac OS X) AppleWebKit/605.1.15 (KHTML, like Gecko) Version/18.5 Mobile/15E148 Safari/604.1',
  'content-length' => '65',
  'connection' => 'keep-alive',
  'host' => 'www.jiwankang.com',
)
[ info ] [ PARAM ] array (
  'token' => 'c44ff269142cc0000a5aab51e13546e0',
  'method' => 'user.info',
)
[ info ] [ DB ] INIT mysql
[ sql ] [ DB ] CONNECT:[ UseTime:0.022973s ] mysql:host=127.0.0.1;port=3306;dbname=jiwankang;charset=utf8mb4
[ sql ] [ SQL ] SHOW COLUMNS FROM `wb_user` [ RunTime:0.001450s ]
[ sql ] [ SQL ] SELECT * FROM `wb_user` WHERE (  `id` = 1 ) AND `wb_user`.`isdel` IS NULL LIMIT 1 [ RunTime:0.000692s ]
[ sql ] [ SQL ] SELECT `id`,`username`,`mobile`,`sex`,`birthday`,`avatar`,`nickname`,`balance`,`point`,`grade`,`status`,`pid`,`password`,`ctime`,`remarks`,`area_id`,`tiyan`,`num_point`,`exp` FROM `wb_user` WHERE (  `id` = 1 ) AND `wb_user`.`isdel` IS NULL LIMIT 1 [ RunTime:0.000491s ]
[ sql ] [ SQL ] SHOW COLUMNS FROM `wb_user_grade` [ RunTime:0.000918s ]
[ sql ] [ SQL ] SELECT * FROM `wb_user_grade` WHERE  `id` = 2 [ RunTime:0.000327s ]
[ sql ] [ SQL ] SELECT * FROM `wb_user_grade` WHERE  `id` = 2 LIMIT 1 [ RunTime:0.000674s ]
---------------------------------------------------------------
[2026-04-01T16:04:54+08:00] 127.0.0.1 POST www.jiwankang.com/api.html
[运行时间：0.080883s] [吞吐率：12.36req/s] [内存消耗：5,316.04kb] [文件加载：116]
[ info ] [ LANG ] E:\wwwroot\2026\04\jiwankang\thinkphp\lang\zh-cn.php
[ info ] [ ROUTE ] array (
)
[ info ] [ HEADER ] array (
  'accept-language' => 'zh-CN,zh;q=0.9',
  'accept-encoding' => 'gzip, deflate',
  'referer' => 'http://localhost:8080/',
  'origin' => 'http://localhost:8080',
  'content-type' => 'application/json',
  'accept' => 'application/json',
  'user-agent' => 'Mozilla/5.0 (iPhone; CPU iPhone OS 18_5 like Mac OS X) AppleWebKit/605.1.15 (KHTML, like Gecko) Version/18.5 Mobile/15E148 Safari/604.1',
  'content-length' => '78',
  'connection' => 'keep-alive',
  'host' => 'www.jiwankang.com',
)
[ info ] [ PARAM ] array (
  'id' => '2',
  'token' => 'c44ff269142cc0000a5aab51e13546e0',
  'method' => 'goods.getdetial',
)
[ info ] [ DB ] INIT mysql
[ sql ] [ DB ] CONNECT:[ UseTime:0.000623s ] mysql:host=127.0.0.1;port=3306;dbname=jiwankang;charset=utf8mb4
[ sql ] [ SQL ] SHOW COLUMNS FROM `wb_goods` [ RunTime:0.000743s ]
[ sql ] [ SQL ] SELECT * FROM `wb_goods` WHERE  `id` = 2 LIMIT 1 [ RunTime:0.000308s ]
[ sql ] [ SQL ] SHOW COLUMNS FROM `wb_goods_cat` [ RunTime:0.001091s ]
[ sql ] [ SQL ] SELECT `id`,`name` FROM `wb_goods_cat` WHERE  `id` = 2 [ RunTime:0.000168s ]
[ sql ] [ SQL ] SHOW COLUMNS FROM `wb_products` [ RunTime:0.000778s ]
[ sql ] [ SQL ] SELECT * FROM `wb_products` WHERE  `goods_id` = 2  AND `is_defalut` = 1 LIMIT 1 [ RunTime:0.000380s ]
[ sql ] [ SQL ] SHOW COLUMNS FROM `wb_user` [ RunTime:0.000845s ]
[ sql ] [ SQL ] SELECT * FROM `wb_user` WHERE (  `id` = 1 ) AND `wb_user`.`isdel` IS NULL LIMIT 1 [ RunTime:0.000495s ]
[ sql ] [ SQL ] SELECT * FROM `wb_products` WHERE  `id` = 3 LIMIT 1 [ RunTime:0.000313s ]
[ sql ] [ SQL ] SELECT `name`,`image_id`,`bn`,`marketable`,`spes_desc`,`is_combo`,`point`,`open_point` FROM `wb_goods` WHERE  `id` = 2 LIMIT 1 [ RunTime:0.000621s ]
[ sql ] [ SQL ] SELECT `grade` FROM `wb_user` WHERE (  `id` = 1 ) AND `wb_user`.`isdel` IS NULL LIMIT 1 [ RunTime:0.000470s ]
[ sql ] [ SQL ] SHOW COLUMNS FROM `wb_setting` [ RunTime:0.001058s ]
[ sql ] [ SQL ] SELECT * FROM `wb_setting` WHERE  `skey` = 'language' LIMIT 1 [ RunTime:0.000434s ]
[ sql ] [ SQL ] SELECT * FROM `wb_setting` WHERE  `skey` = 'language' LIMIT 1 [ RunTime:0.000309s ]
[ sql ] [ SQL ] SHOW COLUMNS FROM `wb_goods_grade` [ RunTime:0.002288s ]
[ sql ] [ SQL ] SELECT * FROM `wb_goods_grade` WHERE  `goods_id` = 2 [ RunTime:0.000522s ]
[ sql ] [ SQL ] SHOW COLUMNS FROM `wb_user_grade` [ RunTime:0.002446s ]
[ sql ] [ SQL ] SELECT `name` FROM `wb_user_grade` WHERE  `id` = 1 LIMIT 1 [ RunTime:0.000464s ]
[ sql ] [ SQL ] SELECT `name` FROM `wb_user_grade` WHERE  `id` = 2 LIMIT 1 [ RunTime:0.000225s ]
[ sql ] [ SQL ] SELECT `name` FROM `wb_user_grade` WHERE  `id` = 3 LIMIT 1 [ RunTime:0.000170s ]
[ sql ] [ SQL ] SELECT `name` FROM `wb_user_grade` WHERE  `id` = 4 LIMIT 1 [ RunTime:0.000161s ]
[ sql ] [ SQL ] SELECT `name` FROM `wb_user_grade` WHERE  `id` = 5 LIMIT 1 [ RunTime:0.000151s ]
[ sql ] [ SQL ] SHOW COLUMNS FROM `wb_promotion` [ RunTime:0.002328s ]
[ sql ] [ SQL ] SELECT * FROM `wb_promotion` WHERE (  `status` = 1  AND `stime` < 1775030694  AND `etime` > 1775030694  AND `type` = 1 ) AND `wb_promotion`.`isdel` IS NULL ORDER BY `sort` ASC [ RunTime:0.000562s ]
[ sql ] [ SQL ] SHOW COLUMNS FROM `wb_goods_images` [ RunTime:0.002183s ]
[ sql ] [ SQL ] SELECT * FROM `wb_goods_images` WHERE  `goods_id` = 2 ORDER BY `sort` ASC [ RunTime:0.000908s ]
[ sql ] [ SQL ] SHOW COLUMNS FROM `wb_goods_collection` [ RunTime:0.002698s ]
[ sql ] [ SQL ] SELECT * FROM `wb_goods_collection` WHERE  `user_id` = 1  AND `goods_id` = 2 LIMIT 1 [ RunTime:0.000730s ]
[ sql ] [ SQL ] UPDATE `wb_goods`  SET `view_count` = `view_count` + 1  WHERE  `id` = 2 [ RunTime:0.002594s ]
---------------------------------------------------------------
[2026-04-01T16:04:54+08:00] 127.0.0.1 GET www.jiwankang.com/api/common/jshopconf
[运行时间：0.026672s] [吞吐率：37.49req/s] [内存消耗：3,091.40kb] [文件加载：93]
[ info ] [ LANG ] E:\wwwroot\2026\04\jiwankang\thinkphp\lang\zh-cn.php
[ info ] [ ROUTE ] array (
)
[ info ] [ HEADER ] array (
  'accept-language' => 'zh-CN,zh;q=0.9',
  'accept-encoding' => 'gzip, deflate',
  'referer' => 'http://localhost:8080/',
  'origin' => 'http://localhost:8080',
  'content-type' => 'application/x-www-form-urlencoded',
  'accept' => 'application/json',
  'user-agent' => 'Mozilla/5.0 (iPhone; CPU iPhone OS 18_5 like Mac OS X) AppleWebKit/605.1.15 (KHTML, like Gecko) Version/18.5 Mobile/15E148 Safari/604.1',
  'connection' => 'keep-alive',
  'host' => 'www.jiwankang.com',
  'content-length' => '',
)
[ info ] [ PARAM ] array (
)
---------------------------------------------------------------
[2026-04-01T16:04:54+08:00] 127.0.0.1 POST www.jiwankang.com/api.html
[运行时间：0.038502s] [吞吐率：25.97req/s] [内存消耗：4,606.27kb] [文件加载：103]
[ info ] [ LANG ] E:\wwwroot\2026\04\jiwankang\thinkphp\lang\zh-cn.php
[ info ] [ ROUTE ] array (
)
[ info ] [ HEADER ] array (
  'accept-language' => 'zh-CN,zh;q=0.9',
  'accept-encoding' => 'gzip, deflate',
  'referer' => 'http://localhost:8080/',
  'origin' => 'http://localhost:8080',
  'content-type' => 'application/json',
  'accept' => 'application/json',
  'user-agent' => 'Mozilla/5.0 (iPhone; CPU iPhone OS 18_5 like Mac OS X) AppleWebKit/605.1.15 (KHTML, like Gecko) Version/18.5 Mobile/15E148 Safari/604.1',
  'content-length' => '70',
  'connection' => 'keep-alive',
  'host' => 'www.jiwankang.com',
)
[ info ] [ PARAM ] array (
  'token' => 'c44ff269142cc0000a5aab51e13546e0',
  'method' => 'cart.getnumber',
)
[ info ] [ DB ] INIT mysql
[ sql ] [ DB ] CONNECT:[ UseTime:0.000897s ] mysql:host=127.0.0.1;port=3306;dbname=jiwankang;charset=utf8mb4
[ sql ] [ SQL ] SHOW COLUMNS FROM `wb_user` [ RunTime:0.000656s ]
[ sql ] [ SQL ] SELECT * FROM `wb_user` WHERE (  `id` = 1 ) AND `wb_user`.`isdel` IS NULL LIMIT 1 [ RunTime:0.000506s ]
[ sql ] [ SQL ] SHOW COLUMNS FROM `wb_setting` [ RunTime:0.000733s ]
[ sql ] [ SQL ] SELECT * FROM `wb_setting` WHERE  `skey` = 'virtual_card_class' LIMIT 1 [ RunTime:0.000273s ]
[ sql ] [ SQL ] SHOW COLUMNS FROM `wb_cart` [ RunTime:0.001159s ]
[ sql ] [ SQL ] SELECT SUM(`nums`) AS tp_sum FROM `wb_cart` `c` INNER JOIN `wb_products` `p` ON `p`.`id`=`c`.`product_id` INNER JOIN `wb_goods` `g` ON `g`.`id`=`p`.`goods_id` WHERE  `user_id` = 1  AND `type` = 1 LIMIT 1 [ RunTime:0.000299s ]
---------------------------------------------------------------
[2026-04-01T16:04:58+08:00] 127.0.0.1 OPTIONS www.jiwankang.com/api.html
[运行时间：0.017674s] [吞吐率：56.58req/s] [内存消耗：3,009.41kb] [文件加载：89]
[ info ] [ LANG ] E:\wwwroot\2026\04\jiwankang\thinkphp\lang\zh-cn.php
[ info ] [ ROUTE ] array (
)
[ info ] [ HEADER ] array (
  'accept-language' => 'zh-CN,zh;q=0.9',
  'accept-encoding' => 'gzip, deflate',
  'referer' => 'http://localhost:8080/',
  'sec-fetch-mode' => 'cors',
  'user-agent' => 'Mozilla/5.0 (iPhone; CPU iPhone OS 18_5 like Mac OS X) AppleWebKit/605.1.15 (KHTML, like Gecko) Version/18.5 Mobile/15E148 Safari/604.1',
  'origin' => 'http://localhost:8080',
  'access-control-request-headers' => 'content-type',
  'access-control-request-method' => 'POST',
  'accept' => '*/*',
  'connection' => 'keep-alive',
  'host' => 'www.jiwankang.com',
  'content-length' => '',
  'content-type' => '',
)
[ info ] [ PARAM ] array (
)
---------------------------------------------------------------
[2026-04-01T16:04:58+08:00] 127.0.0.1 POST www.jiwankang.com/api.html
[运行时间：0.032554s] [吞吐率：30.72req/s] [内存消耗：4,866.63kb] [文件加载：105]
[ info ] [ LANG ] E:\wwwroot\2026\04\jiwankang\thinkphp\lang\zh-cn.php
[ info ] [ ROUTE ] array (
)
[ info ] [ HEADER ] array (
  'accept-language' => 'zh-CN,zh;q=0.9',
  'accept-encoding' => 'gzip, deflate',
  'referer' => 'http://localhost:8080/',
  'origin' => 'http://localhost:8080',
  'content-type' => 'application/json',
  'accept' => 'application/json',
  'user-agent' => 'Mozilla/5.0 (iPhone; CPU iPhone OS 18_5 like Mac OS X) AppleWebKit/605.1.15 (KHTML, like Gecko) Version/18.5 Mobile/15E148 Safari/604.1',
  'content-length' => '97',
  'connection' => 'keep-alive',
  'host' => 'www.jiwankang.com',
)
[ info ] [ PARAM ] array (
  'product_id' => '3',
  'nums' => '5',
  'type' => '2',
  'token' => 'c44ff269142cc0000a5aab51e13546e0',
  'method' => 'cart.add',
)
[ info ] [ DB ] INIT mysql
[ sql ] [ DB ] CONNECT:[ UseTime:0.000645s ] mysql:host=127.0.0.1;port=3306;dbname=jiwankang;charset=utf8mb4
[ sql ] [ SQL ] SHOW COLUMNS FROM `wb_user` [ RunTime:0.000490s ]
[ sql ] [ SQL ] SELECT * FROM `wb_user` WHERE (  `id` = 1 ) AND `wb_user`.`isdel` IS NULL LIMIT 1 [ RunTime:0.000186s ]
[ sql ] [ SQL ] SHOW COLUMNS FROM `wb_products` [ RunTime:0.000313s ]
[ sql ] [ SQL ] SELECT * FROM `wb_products` WHERE  `id` = 3 LIMIT 1 [ RunTime:0.000124s ]
[ sql ] [ SQL ] SHOW COLUMNS FROM `wb_goods` [ RunTime:0.000345s ]
[ sql ] [ SQL ] SELECT `name`,`image_id`,`bn`,`marketable`,`spes_desc`,`is_combo`,`point`,`open_point` FROM `wb_goods` WHERE  `id` = 2 LIMIT 1 [ RunTime:0.000121s ]
[ sql ] [ SQL ] SELECT `p`.`id`,`g`.`marketable` FROM `wb_products` `p` INNER JOIN `wb_goods` `g` ON `g`.`id`=`p`.`goods_id` WHERE  `p`.`id` = '3' LIMIT 1 [ RunTime:0.000133s ]
[ sql ] [ SQL ] SHOW COLUMNS FROM `wb_cart` [ RunTime:0.000260s ]
[ sql ] [ SQL ] SELECT * FROM `wb_cart` WHERE  `product_id` = 3  AND `user_id` = 1  AND `type` = 1 LIMIT 1 [ RunTime:0.000151s ]
[ sql ] [ SQL ] INSERT INTO `wb_cart` (`product_id` , `nums` , `user_id` , `type`) VALUES (3 , 5 , 1 , 1) [ RunTime:0.002090s ]
---------------------------------------------------------------
[2026-04-01T16:04:58+08:00] 127.0.0.1 POST www.jiwankang.com/api.html
[运行时间：0.047579s] [吞吐率：21.02req/s] [内存消耗：4,856.98kb] [文件加载：105]
[ info ] [ LANG ] E:\wwwroot\2026\04\jiwankang\thinkphp\lang\zh-cn.php
[ info ] [ ROUTE ] array (
)
[ info ] [ HEADER ] array (
  'accept-language' => 'zh-CN,zh;q=0.9',
  'accept-encoding' => 'gzip, deflate',
  'referer' => 'http://localhost:8080/',
  'origin' => 'http://localhost:8080',
  'content-type' => 'application/json',
  'accept' => 'application/json',
  'user-agent' => 'Mozilla/5.0 (iPhone; CPU iPhone OS 18_5 like Mac OS X) AppleWebKit/605.1.15 (KHTML, like Gecko) Version/18.5 Mobile/15E148 Safari/604.1',
  'content-length' => '79',
  'connection' => 'keep-alive',
  'host' => 'www.jiwankang.com',
)
[ info ] [ PARAM ] array (
  'token' => 'c44ff269142cc0000a5aab51e13546e0',
  'method' => 'user.getuserdefaultship',
)
[ info ] [ DB ] INIT mysql
[ sql ] [ DB ] CONNECT:[ UseTime:0.000981s ] mysql:host=127.0.0.1;port=3306;dbname=jiwankang;charset=utf8mb4
[ sql ] [ SQL ] SHOW COLUMNS FROM `wb_user` [ RunTime:0.000587s ]
[ sql ] [ SQL ] SELECT * FROM `wb_user` WHERE (  `id` = 1 ) AND `wb_user`.`isdel` IS NULL LIMIT 1 [ RunTime:0.000569s ]
[ sql ] [ SQL ] SHOW COLUMNS FROM `wb_user_ship` [ RunTime:0.001915s ]
[ sql ] [ SQL ] SELECT * FROM `wb_user_ship` WHERE  `user_id` = 1  AND `is_def` = 1 ORDER BY `utime` DESC LIMIT 1 [ RunTime:0.000310s ]
[ sql ] [ SQL ] SHOW COLUMNS FROM `wb_area` [ RunTime:0.001263s ]
[ sql ] [ SQL ] SELECT `id`,`name`,`parent_id`,`postal_code` FROM `wb_area` WHERE  `id` = 150525 LIMIT 1 [ RunTime:0.000355s ]
[ sql ] [ SQL ] SELECT `id`,`name`,`parent_id`,`postal_code` FROM `wb_area` WHERE  `parent_id` = 150500 [ RunTime:0.000757s ]
[ sql ] [ SQL ] SELECT `id`,`name`,`parent_id`,`postal_code` FROM `wb_area` WHERE  `id` = 150500 LIMIT 1 [ RunTime:0.000251s ]
[ sql ] [ SQL ] SELECT `id`,`name`,`parent_id`,`postal_code` FROM `wb_area` WHERE  `parent_id` = 150000 [ RunTime:0.000659s ]
[ sql ] [ SQL ] SELECT `id`,`name`,`parent_id`,`postal_code` FROM `wb_area` WHERE  `id` = 150000 LIMIT 1 [ RunTime:0.000174s ]
[ sql ] [ SQL ] SELECT `id`,`name`,`parent_id`,`postal_code` FROM `wb_area` WHERE  `parent_id` = 0 [ RunTime:0.000817s ]
---------------------------------------------------------------
[2026-04-01T16:04:58+08:00] 127.0.0.1 POST www.jiwankang.com/api.html
[运行时间：0.063546s] [吞吐率：15.74req/s] [内存消耗：4,657.32kb] [文件加载：106]
[ info ] [ LANG ] E:\wwwroot\2026\04\jiwankang\thinkphp\lang\zh-cn.php
[ info ] [ ROUTE ] array (
)
[ info ] [ HEADER ] array (
  'accept-language' => 'zh-CN,zh;q=0.9',
  'accept-encoding' => 'gzip, deflate',
  'referer' => 'http://localhost:8080/',
  'origin' => 'http://localhost:8080',
  'content-type' => 'application/json',
  'accept' => 'application/json',
  'user-agent' => 'Mozilla/5.0 (iPhone; CPU iPhone OS 18_5 like Mac OS X) AppleWebKit/605.1.15 (KHTML, like Gecko) Version/18.5 Mobile/15E148 Safari/604.1',
  'content-length' => '93',
  'connection' => 'keep-alive',
  'host' => 'www.jiwankang.com',
)
[ info ] [ PARAM ] array (
  'display' => 'no_used',
  'token' => 'c44ff269142cc0000a5aab51e13546e0',
  'method' => 'coupon.usercoupon',
)
[ info ] [ DB ] INIT mysql
[ sql ] [ DB ] CONNECT:[ UseTime:0.023353s ] mysql:host=127.0.0.1;port=3306;dbname=jiwankang;charset=utf8mb4
[ sql ] [ SQL ] SHOW COLUMNS FROM `wb_user` [ RunTime:0.000725s ]
[ sql ] [ SQL ] SELECT * FROM `wb_user` WHERE (  `id` = 1 ) AND `wb_user`.`isdel` IS NULL LIMIT 1 [ RunTime:0.000277s ]
[ sql ] [ SQL ] SHOW COLUMNS FROM `wb_coupon` [ RunTime:0.001117s ]
[ sql ] [ SQL ] SELECT * FROM `wb_coupon` `c` INNER JOIN `wb_promotion` `p` ON `p`.`id`=`c`.`promotion_id` WHERE  `c`.`user_id` = '1'  AND `p`.`type` = '2'  AND `c`.`is_used` = '1'  AND `p`.`status` = '1'  AND ( (c.endtime = 0 and p.etime >= 1775030698) or (c.endtime >=1775030698) ) ORDER BY `c`.`ctime` ASC LIMIT 0,10 [ RunTime:0.001372s ]
[ sql ] [ SQL ] SELECT COUNT(*) AS tp_count FROM `wb_coupon` `c` INNER JOIN `wb_promotion` `p` ON `p`.`id`=`c`.`promotion_id` WHERE  `c`.`user_id` = '1'  AND `p`.`type` = '2'  AND `c`.`is_used` = '1'  AND `p`.`status` = '1'  AND ( (c.endtime = 0 and p.etime >= 1775030698) or (c.endtime >=1775030698) ) LIMIT 1 [ RunTime:0.000479s ]
---------------------------------------------------------------
[2026-04-01T16:04:58+08:00] 127.0.0.1 POST www.jiwankang.com/api.html
[运行时间：0.058389s] [吞吐率：17.13req/s] [内存消耗：5,255.11kb] [文件加载：113]
[ info ] [ LANG ] E:\wwwroot\2026\04\jiwankang\thinkphp\lang\zh-cn.php
[ info ] [ ROUTE ] array (
)
[ info ] [ HEADER ] array (
  'accept-language' => 'zh-CN,zh;q=0.9',
  'accept-encoding' => 'gzip, deflate',
  'referer' => 'http://localhost:8080/',
  'origin' => 'http://localhost:8080',
  'content-type' => 'application/json',
  'accept' => 'application/json',
  'user-agent' => 'Mozilla/5.0 (iPhone; CPU iPhone OS 18_5 like Mac OS X) AppleWebKit/605.1.15 (KHTML, like Gecko) Version/18.5 Mobile/15E148 Safari/604.1',
  'content-length' => '155',
  'connection' => 'keep-alive',
  'host' => 'www.jiwankang.com',
)
[ info ] [ PARAM ] array (
  'ids' => '7',
  'area_id' => 0,
  'coupon_code' => '',
  'point' => 0,
  'type' => '1',
  'params' => '',
  'receipt_type' => '1',
  'token' => 'c44ff269142cc0000a5aab51e13546e0',
  'method' => 'cart.getlist',
)
[ info ] [ DB ] INIT mysql
[ sql ] [ DB ] CONNECT:[ UseTime:0.000949s ] mysql:host=127.0.0.1;port=3306;dbname=jiwankang;charset=utf8mb4
[ sql ] [ SQL ] SHOW COLUMNS FROM `wb_user` [ RunTime:0.000658s ]
[ sql ] [ SQL ] SELECT * FROM `wb_user` WHERE (  `id` = 1 ) AND `wb_user`.`isdel` IS NULL LIMIT 1 [ RunTime:0.000408s ]
[ sql ] [ SQL ] SHOW COLUMNS FROM `wb_cart` [ RunTime:0.001223s ]
[ sql ] [ SQL ] SELECT * FROM `wb_cart` WHERE  `user_id` = 1  AND `type` = 1  AND `id` IN (7) [ RunTime:0.000216s ]
[ sql ] [ SQL ] SHOW COLUMNS FROM `wb_products` [ RunTime:0.000815s ]
[ sql ] [ SQL ] SELECT * FROM `wb_products` WHERE  `id` = 3 LIMIT 1 [ RunTime:0.000275s ]
[ sql ] [ SQL ] SHOW COLUMNS FROM `wb_goods` [ RunTime:0.000557s ]
[ sql ] [ SQL ] SELECT `name`,`image_id`,`bn`,`marketable`,`spes_desc`,`is_combo`,`point`,`open_point` FROM `wb_goods` WHERE  `id` = 2 LIMIT 1 [ RunTime:0.000201s ]
[ sql ] [ SQL ] SELECT `grade` FROM `wb_user` WHERE (  `id` = 1 ) AND `wb_user`.`isdel` IS NULL LIMIT 1 [ RunTime:0.000261s ]
[ sql ] [ SQL ] SHOW COLUMNS FROM `wb_setting` [ RunTime:0.000650s ]
[ sql ] [ SQL ] SELECT * FROM `wb_setting` WHERE  `skey` = 'language' LIMIT 1 [ RunTime:0.000308s ]
[ sql ] [ SQL ] SELECT * FROM `wb_setting` WHERE  `skey` = 'language' LIMIT 1 [ RunTime:0.000236s ]
[ sql ] [ SQL ] SHOW COLUMNS FROM `wb_goods_grade` [ RunTime:0.001320s ]
[ sql ] [ SQL ] SELECT * FROM `wb_goods_grade` WHERE  `goods_id` = 2 [ RunTime:0.000262s ]
[ sql ] [ SQL ] SHOW COLUMNS FROM `wb_user_grade` [ RunTime:0.000705s ]
[ sql ] [ SQL ] SELECT `name` FROM `wb_user_grade` WHERE  `id` = 1 LIMIT 1 [ RunTime:0.000300s ]
[ sql ] [ SQL ] SELECT `name` FROM `wb_user_grade` WHERE  `id` = 2 LIMIT 1 [ RunTime:0.000288s ]
[ sql ] [ SQL ] SELECT `name` FROM `wb_user_grade` WHERE  `id` = 3 LIMIT 1 [ RunTime:0.000216s ]
[ sql ] [ SQL ] SELECT `name` FROM `wb_user_grade` WHERE  `id` = 4 LIMIT 1 [ RunTime:0.000205s ]
[ sql ] [ SQL ] SELECT `name` FROM `wb_user_grade` WHERE  `id` = 5 LIMIT 1 [ RunTime:0.000188s ]
[ sql ] [ SQL ] SELECT `p`.`id`,`g`.`marketable` FROM `wb_products` `p` INNER JOIN `wb_goods` `g` ON `g`.`id`=`p`.`goods_id` WHERE  `p`.`id` = '3' LIMIT 1 [ RunTime:0.000278s ]
[ sql ] [ SQL ] SELECT `goods_id` FROM `wb_products` WHERE  `id` = 3 LIMIT 1 [ RunTime:0.000180s ]
[ sql ] [ SQL ] SELECT `weight` FROM `wb_goods` WHERE  `id` = 2 LIMIT 1 [ RunTime:0.000153s ]
[ sql ] [ SQL ] SHOW COLUMNS FROM `wb_goods_collection` [ RunTime:0.000933s ]
[ sql ] [ SQL ] SELECT * FROM `wb_goods_collection` WHERE  `user_id` = 1  AND `goods_id` = 2 LIMIT 1 [ RunTime:0.000152s ]
[ sql ] [ SQL ] SHOW COLUMNS FROM `wb_promotion` [ RunTime:0.000310s ]
[ sql ] [ SQL ] SELECT * FROM `wb_promotion` WHERE (  `status` = 1  AND `stime` < 1775030698  AND `etime` > 1775030698  AND `type` = 1 ) AND `wb_promotion`.`isdel` IS NULL ORDER BY `sort` ASC [ RunTime:0.000331s ]
---------------------------------------------------------------
[2026-04-01T16:04:58+08:00] 127.0.0.1 POST www.jiwankang.com/api.html
[运行时间：0.050079s] [吞吐率：19.97req/s] [内存消耗：5,312.59kb] [文件加载：115]
[ info ] [ LANG ] E:\wwwroot\2026\04\jiwankang\thinkphp\lang\zh-cn.php
[ info ] [ ROUTE ] array (
)
[ info ] [ HEADER ] array (
  'accept-language' => 'zh-CN,zh;q=0.9',
  'accept-encoding' => 'gzip, deflate',
  'referer' => 'http://localhost:8080/',
  'origin' => 'http://localhost:8080',
  'content-type' => 'application/json',
  'accept' => 'application/json',
  'user-agent' => 'Mozilla/5.0 (iPhone; CPU iPhone OS 18_5 like Mac OS X) AppleWebKit/605.1.15 (KHTML, like Gecko) Version/18.5 Mobile/15E148 Safari/604.1',
  'content-length' => '160',
  'connection' => 'keep-alive',
  'host' => 'www.jiwankang.com',
)
[ info ] [ PARAM ] array (
  'ids' => '7',
  'area_id' => '150525',
  'coupon_code' => '',
  'point' => 0,
  'type' => '1',
  'params' => '',
  'receipt_type' => '1',
  'token' => 'c44ff269142cc0000a5aab51e13546e0',
  'method' => 'cart.getlist',
)
[ info ] [ DB ] INIT mysql
[ sql ] [ DB ] CONNECT:[ UseTime:0.001045s ] mysql:host=127.0.0.1;port=3306;dbname=jiwankang;charset=utf8mb4
[ sql ] [ SQL ] SHOW COLUMNS FROM `wb_user` [ RunTime:0.000814s ]
[ sql ] [ SQL ] SELECT * FROM `wb_user` WHERE (  `id` = 1 ) AND `wb_user`.`isdel` IS NULL LIMIT 1 [ RunTime:0.000292s ]
[ sql ] [ SQL ] SHOW COLUMNS FROM `wb_cart` [ RunTime:0.001010s ]
[ sql ] [ SQL ] SELECT * FROM `wb_cart` WHERE  `user_id` = 1  AND `type` = 1  AND `id` IN (7) [ RunTime:0.000164s ]
[ sql ] [ SQL ] SHOW COLUMNS FROM `wb_products` [ RunTime:0.000357s ]
[ sql ] [ SQL ] SELECT * FROM `wb_products` WHERE  `id` = 3 LIMIT 1 [ RunTime:0.000208s ]
[ sql ] [ SQL ] SHOW COLUMNS FROM `wb_goods` [ RunTime:0.000487s ]
[ sql ] [ SQL ] SELECT `name`,`image_id`,`bn`,`marketable`,`spes_desc`,`is_combo`,`point`,`open_point` FROM `wb_goods` WHERE  `id` = 2 LIMIT 1 [ RunTime:0.000160s ]
[ sql ] [ SQL ] SELECT `grade` FROM `wb_user` WHERE (  `id` = 1 ) AND `wb_user`.`isdel` IS NULL LIMIT 1 [ RunTime:0.000138s ]
[ sql ] [ SQL ] SHOW COLUMNS FROM `wb_setting` [ RunTime:0.000558s ]
[ sql ] [ SQL ] SELECT * FROM `wb_setting` WHERE  `skey` = 'language' LIMIT 1 [ RunTime:0.000192s ]
[ sql ] [ SQL ] SELECT * FROM `wb_setting` WHERE  `skey` = 'language' LIMIT 1 [ RunTime:0.000134s ]
[ sql ] [ SQL ] SHOW COLUMNS FROM `wb_goods_grade` [ RunTime:0.000801s ]
[ sql ] [ SQL ] SELECT * FROM `wb_goods_grade` WHERE  `goods_id` = 2 [ RunTime:0.000139s ]
[ sql ] [ SQL ] SHOW COLUMNS FROM `wb_user_grade` [ RunTime:0.000758s ]
[ sql ] [ SQL ] SELECT `name` FROM `wb_user_grade` WHERE  `id` = 1 LIMIT 1 [ RunTime:0.000106s ]
[ sql ] [ SQL ] SELECT `name` FROM `wb_user_grade` WHERE  `id` = 2 LIMIT 1 [ RunTime:0.000083s ]
[ sql ] [ SQL ] SELECT `name` FROM `wb_user_grade` WHERE  `id` = 3 LIMIT 1 [ RunTime:0.000069s ]
[ sql ] [ SQL ] SELECT `name` FROM `wb_user_grade` WHERE  `id` = 4 LIMIT 1 [ RunTime:0.000067s ]
[ sql ] [ SQL ] SELECT `name` FROM `wb_user_grade` WHERE  `id` = 5 LIMIT 1 [ RunTime:0.000065s ]
[ sql ] [ SQL ] SELECT `p`.`id`,`g`.`marketable` FROM `wb_products` `p` INNER JOIN `wb_goods` `g` ON `g`.`id`=`p`.`goods_id` WHERE  `p`.`id` = '3' LIMIT 1 [ RunTime:0.000114s ]
[ sql ] [ SQL ] SELECT `goods_id` FROM `wb_products` WHERE  `id` = 3 LIMIT 1 [ RunTime:0.000076s ]
[ sql ] [ SQL ] SELECT `weight` FROM `wb_goods` WHERE  `id` = 2 LIMIT 1 [ RunTime:0.000082s ]
[ sql ] [ SQL ] SHOW COLUMNS FROM `wb_goods_collection` [ RunTime:0.000749s ]
[ sql ] [ SQL ] SELECT * FROM `wb_goods_collection` WHERE  `user_id` = 1  AND `goods_id` = 2 LIMIT 1 [ RunTime:0.000222s ]
[ sql ] [ SQL ] SHOW COLUMNS FROM `wb_promotion` [ RunTime:0.000598s ]
[ sql ] [ SQL ] SELECT * FROM `wb_promotion` WHERE (  `status` = 1  AND `stime` < 1775030698  AND `etime` > 1775030698  AND `type` = 1 ) AND `wb_promotion`.`isdel` IS NULL ORDER BY `sort` ASC [ RunTime:0.000342s ]
[ sql ] [ SQL ] SHOW COLUMNS FROM `wb_ship` [ RunTime:0.001215s ]
[ sql ] [ SQL ] SELECT * FROM `wb_ship` WHERE  `status` = 1  AND `type` = 2  AND (  FIND_IN_SET('150525',area_fee)  ) LIMIT 1 [ RunTime:0.000228s ]
[ sql ] [ SQL ] SELECT * FROM `wb_ship` WHERE  `is_def` = 1  AND `status` = 1 LIMIT 1 [ RunTime:0.000114s ]
[ sql ] [ SQL ] SELECT * FROM `wb_ship` WHERE  `status` = 1 LIMIT 1 [ RunTime:0.000114s ]
---------------------------------------------------------------
[2026-04-01T16:04:58+08:00] 127.0.0.1 POST www.jiwankang.com/api.html
[运行时间：0.031748s] [吞吐率：31.50req/s] [内存消耗：4,758.74kb] [文件加载：103]
[ info ] [ LANG ] E:\wwwroot\2026\04\jiwankang\thinkphp\lang\zh-cn.php
[ info ] [ ROUTE ] array (
)
[ info ] [ HEADER ] array (
  'accept-language' => 'zh-CN,zh;q=0.9',
  'accept-encoding' => 'gzip, deflate',
  'referer' => 'http://localhost:8080/',
  'origin' => 'http://localhost:8080',
  'content-type' => 'application/json',
  'accept' => 'application/json',
  'user-agent' => 'Mozilla/5.0 (iPhone; CPU iPhone OS 18_5 like Mac OS X) AppleWebKit/605.1.15 (KHTML, like Gecko) Version/18.5 Mobile/15E148 Safari/604.1',
  'content-length' => '97',
  'connection' => 'keep-alive',
  'host' => 'www.jiwankang.com',
)
[ info ] [ PARAM ] array (
  'order_money' => '4990.00',
  'token' => 'c44ff269142cc0000a5aab51e13546e0',
  'method' => 'user.getuserpoint',
)
[ info ] [ DB ] INIT mysql
[ sql ] [ DB ] CONNECT:[ UseTime:0.000884s ] mysql:host=127.0.0.1;port=3306;dbname=jiwankang;charset=utf8mb4
[ sql ] [ SQL ] SHOW COLUMNS FROM `wb_user` [ RunTime:0.000739s ]
[ sql ] [ SQL ] SELECT * FROM `wb_user` WHERE (  `id` = 1 ) AND `wb_user`.`isdel` IS NULL LIMIT 1 [ RunTime:0.000303s ]
[ sql ] [ SQL ] SHOW COLUMNS FROM `wb_setting` [ RunTime:0.000424s ]
[ sql ] [ SQL ] SELECT * FROM `wb_setting` WHERE  `skey` = 'language' LIMIT 1 [ RunTime:0.000127s ]
[ sql ] [ SQL ] SELECT * FROM `wb_setting` WHERE  `skey` = 'language' LIMIT 1 [ RunTime:0.000112s ]
[ sql ] [ SQL ] SELECT * FROM `wb_setting` WHERE  `skey` = 'point_switch' LIMIT 1 [ RunTime:0.000140s ]
[ sql ] [ SQL ] SELECT `point` FROM `wb_user` WHERE (  `id` = 1 ) AND `wb_user`.`isdel` IS NULL LIMIT 1 [ RunTime:0.000127s ]
[ sql ] [ SQL ] SELECT * FROM `wb_setting` WHERE  `skey` = 'orders_point_proportion' LIMIT 1 [ RunTime:0.000129s ]
[ sql ] [ SQL ] SELECT * FROM `wb_setting` WHERE  `skey` = 'point_discounted_proportion' LIMIT 1 [ RunTime:0.000125s ]
---------------------------------------------------------------
[2026-04-01T16:04:58+08:00] 127.0.0.1 POST www.jiwankang.com/api.html
[运行时间：0.045881s] [吞吐率：21.80req/s] [内存消耗：4,758.74kb] [文件加载：103]
[ info ] [ LANG ] E:\wwwroot\2026\04\jiwankang\thinkphp\lang\zh-cn.php
[ info ] [ ROUTE ] array (
)
[ info ] [ HEADER ] array (
  'accept-language' => 'zh-CN,zh;q=0.9',
  'accept-encoding' => 'gzip, deflate',
  'referer' => 'http://localhost:8080/',
  'origin' => 'http://localhost:8080',
  'content-type' => 'application/json',
  'accept' => 'application/json',
  'user-agent' => 'Mozilla/5.0 (iPhone; CPU iPhone OS 18_5 like Mac OS X) AppleWebKit/605.1.15 (KHTML, like Gecko) Version/18.5 Mobile/15E148 Safari/604.1',
  'content-length' => '97',
  'connection' => 'keep-alive',
  'host' => 'www.jiwankang.com',
)
[ info ] [ PARAM ] array (
  'order_money' => '4990.00',
  'token' => 'c44ff269142cc0000a5aab51e13546e0',
  'method' => 'user.getuserpoint',
)
[ info ] [ DB ] INIT mysql
[ sql ] [ DB ] CONNECT:[ UseTime:0.001793s ] mysql:host=127.0.0.1;port=3306;dbname=jiwankang;charset=utf8mb4
[ sql ] [ SQL ] SHOW COLUMNS FROM `wb_user` [ RunTime:0.001479s ]
[ sql ] [ SQL ] SELECT * FROM `wb_user` WHERE (  `id` = 1 ) AND `wb_user`.`isdel` IS NULL LIMIT 1 [ RunTime:0.000656s ]
[ sql ] [ SQL ] SHOW COLUMNS FROM `wb_setting` [ RunTime:0.000809s ]
[ sql ] [ SQL ] SELECT * FROM `wb_setting` WHERE  `skey` = 'language' LIMIT 1 [ RunTime:0.000188s ]
[ sql ] [ SQL ] SELECT * FROM `wb_setting` WHERE  `skey` = 'language' LIMIT 1 [ RunTime:0.000297s ]
[ sql ] [ SQL ] SELECT * FROM `wb_setting` WHERE  `skey` = 'point_switch' LIMIT 1 [ RunTime:0.000218s ]
[ sql ] [ SQL ] SELECT `point` FROM `wb_user` WHERE (  `id` = 1 ) AND `wb_user`.`isdel` IS NULL LIMIT 1 [ RunTime:0.000265s ]
[ sql ] [ SQL ] SELECT * FROM `wb_setting` WHERE  `skey` = 'orders_point_proportion' LIMIT 1 [ RunTime:0.000247s ]
[ sql ] [ SQL ] SELECT * FROM `wb_setting` WHERE  `skey` = 'point_discounted_proportion' LIMIT 1 [ RunTime:0.000103s ]
---------------------------------------------------------------
[2026-04-01T16:04:59+08:00] 127.0.0.1 POST www.jiwankang.com/api.html
[运行时间：0.085467s] [吞吐率：11.70req/s] [内存消耗：5,999.89kb] [文件加载：121]
[ info ] [ LANG ] E:\wwwroot\2026\04\jiwankang\thinkphp\lang\zh-cn.php
[ info ] [ ROUTE ] array (
)
[ info ] [ HEADER ] array (
  'accept-language' => 'zh-CN,zh;q=0.9',
  'accept-encoding' => 'gzip, deflate',
  'referer' => 'http://localhost:8080/',
  'origin' => 'http://localhost:8080',
  'content-type' => 'application/json',
  'accept' => 'application/json',
  'user-agent' => 'Mozilla/5.0 (iPhone; CPU iPhone OS 18_5 like Mac OS X) AppleWebKit/605.1.15 (KHTML, like Gecko) Version/18.5 Mobile/15E148 Safari/604.1',
  'content-length' => '233',
  'connection' => 'keep-alive',
  'host' => 'www.jiwankang.com',
)
[ info ] [ PARAM ] array (
  'cart_ids' => '7',
  'memo' => '',
  'point' => 0,
  'receipt_type' => '1',
  'coupon_code' => '',
  'tax_type' => '1',
  'tax_name' => '不开发票',
  'tax_code' => '',
  'source' => '2',
  'uship_id' => '1',
  'area_id' => '150525',
  'token' => 'c44ff269142cc0000a5aab51e13546e0',
  'method' => 'order.create',
)
[ info ] [ DB ] INIT mysql
[ sql ] [ DB ] CONNECT:[ UseTime:0.011169s ] mysql:host=127.0.0.1;port=3306;dbname=jiwankang;charset=utf8mb4
[ sql ] [ SQL ] SHOW COLUMNS FROM `wb_user` [ RunTime:0.000810s ]
[ sql ] [ SQL ] SELECT * FROM `wb_user` WHERE (  `id` = 1 ) AND `wb_user`.`isdel` IS NULL LIMIT 1 [ RunTime:0.000431s ]
[ sql ] [ SQL ] SHOW COLUMNS FROM `wb_user_ship` [ RunTime:0.001037s ]
[ sql ] [ SQL ] SELECT * FROM `wb_user_ship` WHERE  `id` = 1  AND `user_id` = 1 LIMIT 1 [ RunTime:0.000157s ]
[ sql ] [ SQL ] SHOW COLUMNS FROM `wb_ship` [ RunTime:0.000818s ]
[ sql ] [ SQL ] SELECT * FROM `wb_ship` WHERE  `status` = 1  AND `area_fee` LIKE '%\\\\\"150525\\\\\"%'  AND `type` = 2 LIMIT 1 [ RunTime:0.000147s ]
[ sql ] [ SQL ] SELECT * FROM `wb_ship` WHERE  `is_def` = 1  AND `status` = 1 LIMIT 1 [ RunTime:0.000097s ]
[ sql ] [ SQL ] SELECT * FROM `wb_ship` WHERE  `status` = 1 LIMIT 1 [ RunTime:0.000085s ]
[ sql ] [ SQL ] SHOW COLUMNS FROM `wb_cart` [ RunTime:0.000754s ]
[ sql ] [ SQL ] SELECT * FROM `wb_cart` WHERE  `user_id` = 1  AND `type` = 1  AND `id` IN (7) [ RunTime:0.000127s ]
[ sql ] [ SQL ] SHOW COLUMNS FROM `wb_products` [ RunTime:0.000735s ]
[ sql ] [ SQL ] SELECT * FROM `wb_products` WHERE  `id` = 3 LIMIT 1 [ RunTime:0.000126s ]
[ sql ] [ SQL ] SHOW COLUMNS FROM `wb_goods` [ RunTime:0.000783s ]
[ sql ] [ SQL ] SELECT `name`,`image_id`,`bn`,`marketable`,`spes_desc`,`is_combo`,`point`,`open_point` FROM `wb_goods` WHERE  `id` = 2 LIMIT 1 [ RunTime:0.000122s ]
[ sql ] [ SQL ] SELECT `grade` FROM `wb_user` WHERE (  `id` = 1 ) AND `wb_user`.`isdel` IS NULL LIMIT 1 [ RunTime:0.000252s ]
[ sql ] [ SQL ] SHOW COLUMNS FROM `wb_setting` [ RunTime:0.000340s ]
[ sql ] [ SQL ] SELECT * FROM `wb_setting` WHERE  `skey` = 'language' LIMIT 1 [ RunTime:0.000157s ]
[ sql ] [ SQL ] SELECT * FROM `wb_setting` WHERE  `skey` = 'language' LIMIT 1 [ RunTime:0.000119s ]
[ sql ] [ SQL ] SHOW COLUMNS FROM `wb_goods_grade` [ RunTime:0.001028s ]
[ sql ] [ SQL ] SELECT * FROM `wb_goods_grade` WHERE  `goods_id` = 2 [ RunTime:0.000176s ]
[ sql ] [ SQL ] SHOW COLUMNS FROM `wb_user_grade` [ RunTime:0.000569s ]
[ sql ] [ SQL ] SELECT `name` FROM `wb_user_grade` WHERE  `id` = 1 LIMIT 1 [ RunTime:0.000286s ]
[ sql ] [ SQL ] SELECT `name` FROM `wb_user_grade` WHERE  `id` = 2 LIMIT 1 [ RunTime:0.000136s ]
[ sql ] [ SQL ] SELECT `name` FROM `wb_user_grade` WHERE  `id` = 3 LIMIT 1 [ RunTime:0.000083s ]
[ sql ] [ SQL ] SELECT `name` FROM `wb_user_grade` WHERE  `id` = 4 LIMIT 1 [ RunTime:0.000070s ]
[ sql ] [ SQL ] SELECT `name` FROM `wb_user_grade` WHERE  `id` = 5 LIMIT 1 [ RunTime:0.000067s ]
[ sql ] [ SQL ] SELECT `p`.`id`,`g`.`marketable` FROM `wb_products` `p` INNER JOIN `wb_goods` `g` ON `g`.`id`=`p`.`goods_id` WHERE  `p`.`id` = '3' LIMIT 1 [ RunTime:0.000120s ]
[ sql ] [ SQL ] SELECT `goods_id` FROM `wb_products` WHERE  `id` = 3 LIMIT 1 [ RunTime:0.000076s ]
[ sql ] [ SQL ] SELECT `weight` FROM `wb_goods` WHERE  `id` = 2 LIMIT 1 [ RunTime:0.000071s ]
[ sql ] [ SQL ] SHOW COLUMNS FROM `wb_goods_collection` [ RunTime:0.000793s ]
[ sql ] [ SQL ] SELECT * FROM `wb_goods_collection` WHERE  `user_id` = 1  AND `goods_id` = 2 LIMIT 1 [ RunTime:0.000137s ]
[ sql ] [ SQL ] SHOW COLUMNS FROM `wb_promotion` [ RunTime:0.000281s ]
[ sql ] [ SQL ] SELECT * FROM `wb_promotion` WHERE (  `status` = 1  AND `stime` < 1775030699  AND `etime` > 1775030699  AND `type` = 1 ) AND `wb_promotion`.`isdel` IS NULL ORDER BY `sort` ASC [ RunTime:0.000167s ]
[ sql ] [ SQL ] SELECT * FROM `wb_ship` WHERE  `status` = 1  AND `type` = 2  AND (  FIND_IN_SET('150525',area_fee)  ) LIMIT 1 [ RunTime:0.000136s ]
[ sql ] [ SQL ] SELECT * FROM `wb_ship` WHERE  `is_def` = 1  AND `status` = 1 LIMIT 1 [ RunTime:0.000092s ]
[ sql ] [ SQL ] SELECT * FROM `wb_ship` WHERE  `status` = 1 LIMIT 1 [ RunTime:0.000082s ]
[ sql ] [ SQL ] SELECT * FROM `wb_goods` WHERE  `id` = 2 LIMIT 1 [ RunTime:0.000137s ]
[ sql ] [ SQL ] SHOW COLUMNS FROM `wb_order` [ RunTime:0.000396s ]
[ sql ] [ SQL ] INSERT INTO `wb_order` (`order_id` , `user_id` , `order_type` , `ship_area_id` , `ship_address` , `ship_name` , `ship_mobile` , `logistics_id` , `logistics_name` , `store_id` , `goods_amount` , `order_amount` , `cost_freight` , `promotion_list` , `point` , `point_money` , `weight` , `order_pmt` , `goods_pmt` , `coupon_pmt` , `coupon` , `ip` , `memo` , `source` , `tax_type` , `tax_title` , `tax_code` , `ctime` , `utime`) VALUES ('S04011604593222' , 1 , 1 , 150525 , '撒防守打法撒旦法' , '夏赟浩' , '18919660526' , NULL , NULL , 0 , 4990 , 4990 , 0 , '[]' , 0 , 0 , 0 , 0 , 0 , 0 , '[]' , '127.0.0.1' , '' , 2 , 1 , '不开发票' , '' , 1775030699 , 1775030699) [ RunTime:0.000208s ]
[ sql ] [ SQL ] SELECT * FROM `wb_setting` WHERE  `skey` = 'language' LIMIT 1 [ RunTime:0.000106s ]
[ sql ] [ SQL ] SELECT * FROM `wb_setting` WHERE  `skey` = 'language' LIMIT 1 [ RunTime:0.000086s ]
[ sql ] [ SQL ] SELECT `goods_id` FROM `wb_products` WHERE  `id` = 3 LIMIT 1 [ RunTime:0.000080s ]
[ sql ] [ SQL ] UPDATE `wb_goods`  SET `buy_count` = `buy_count` + 5  WHERE  `id` = 2 [ RunTime:0.000118s ]
[ sql ] [ SQL ] UPDATE `wb_products`  SET `freeze_stock` = `freeze_stock` + 5  WHERE  `id` = 3  AND (  IF(stock < freeze_stock, 0, stock - freeze_stock)-5>=0 ) [ RunTime:0.000114s ]
[ sql ] [ SQL ] SHOW COLUMNS FROM `wb_order_items` [ RunTime:0.000844s ]
[ sql ] [ SQL ] INSERT INTO `wb_order_items` (`order_id` , `goods_id` , `product_id` , `sn` , `bn` , `name` , `price` , `costprice` , `mktprice` , `image_url` , `nums` , `amount` , `promotion_amount` , `weight` , `sendnums` , `addon` , `cate_id` , `promotion_list` , `ave_price` , `ave_amount` , `utime`) VALUES ('S04011604593222' , 2 , 3 , 'P7748594377925' , 'G7748594377885' , '济丸康' , 998 , 0 , 0 , 'http://www.jiwankang.com/static/uploads/images/2026/03/30/177485734869ca2c8422846.png' , 5 , 4990 , 0 , 0 , 0 , NULL , 2 , '[]' , 998 , 4990 , 1775030699) [ RunTime:0.000144s ]
[ sql ] [ SQL ] DELETE FROM `wb_cart` WHERE  `user_id` = 1  AND `id` IN (7)  AND `type` = 1 [ RunTime:0.001989s ]
[ sql ] [ SQL ] SHOW COLUMNS FROM `wb_order_log` [ RunTime:0.004196s ]
[ sql ] [ SQL ] INSERT INTO `wb_order_log` (`order_id` , `user_id` , `type` , `msg` , `data` , `ctime`) VALUES ('S04011604593222' , 1 , 1 , '订单创建' , '{\"order_id\":\"S04011604593222\",\"user_id\":1,\"order_type\":\"1\",\"ship_area_id\":150525,\"ship_address\":\"\\u6492\\u9632\\u5b88\\u6253\\u6cd5\\u6492\\u65e6\\u6cd5\",\"ship_name\":\"\\u590f\\u8d5f\\u6d69\",\"ship_mobile\":\"18919660526\",\"logistics_id\":null,\"logistics_name\":null,\"store_id\":0,\"goods_amount\":\"4990.00\",\"order_amount\":\"4990.00\",\"cost_freight\":\"0.00\",\"promotion_list\":\"[]\",\"point\":0,\"point_money\":0,\"weight\":\"0.00\",\"order_pmt\":0,\"goods_pmt\":\"0.00\",\"coupon_pmt\":0,\"coupon\":\"[]\",\"ip\":\"127.0.0.1\",\"memo\":\"\",\"source\":\"2\",\"tax_type\":\"1\",\"tax_title\":\"\\u4e0d\\u5f00\\u53d1\\u7968\",\"tax_code\":\"\"}' , 1775030699) [ RunTime:0.001882s ]
[ sql ] [ SQL ] SELECT * FROM `wb_ship` WHERE  `id` IS NULL LIMIT 1 [ RunTime:0.000156s ]
[ sql ] [ SQL ] SHOW COLUMNS FROM `wb_area` [ RunTime:0.000801s ]
[ sql ] [ SQL ] SELECT `id`,`name`,`parent_id`,`postal_code` FROM `wb_area` WHERE  `id` = 150525 LIMIT 1 [ RunTime:0.000129s ]
[ sql ] [ SQL ] SELECT `id`,`name`,`parent_id`,`postal_code` FROM `wb_area` WHERE  `parent_id` = 150500 [ RunTime:0.000647s ]
[ sql ] [ SQL ] SELECT `id`,`name`,`parent_id`,`postal_code` FROM `wb_area` WHERE  `id` = 150500 LIMIT 1 [ RunTime:0.000086s ]
[ sql ] [ SQL ] SELECT `id`,`name`,`parent_id`,`postal_code` FROM `wb_area` WHERE  `parent_id` = 150000 [ RunTime:0.000649s ]
[ sql ] [ SQL ] SELECT `id`,`name`,`parent_id`,`postal_code` FROM `wb_area` WHERE  `id` = 150000 LIMIT 1 [ RunTime:0.000076s ]
[ sql ] [ SQL ] SELECT `id`,`name`,`parent_id`,`postal_code` FROM `wb_area` WHERE  `parent_id` = 0 [ RunTime:0.000635s ]
[ sql ] [ SQL ] SHOW COLUMNS FROM `wb_message_center` [ RunTime:0.000722s ]
[ sql ] [ SQL ] SELECT * FROM `wb_message_center` WHERE  `code` = 'create_order' LIMIT 1 [ RunTime:0.000110s ]
[ sql ] [ SQL ] SHOW COLUMNS FROM `wb_message` [ RunTime:0.000756s ]
[ sql ] [ SQL ] INSERT INTO `wb_message` (`user_id` , `code` , `params` , `content` , `ctime` , `utime`) VALUES (1 , 'create_order' , '{\"order_id\":\"S04011604593222\",\"user_id\":1,\"order_type\":\"1\",\"ship_area_id\":150525,\"ship_address\":\"\\u6492\\u9632\\u5b88\\u6253\\u6cd5\\u6492\\u65e6\\u6cd5\",\"ship_name\":\"\\u590f\\u8d5f\\u6d69\",\"ship_mobile\":\"18919660526\",\"logistics_id\":null,\"logistics_name\":null,\"store_id\":0,\"goods_amount\":\"4990.00\",\"order_amount\":\"4990.00\",\"cost_freight\":\"0.00\",\"promotion_list\":\"[]\",\"point\":0,\"point_money\":0,\"weight\":\"0.00\",\"order_pmt\":0,\"goods_pmt\":\"0.00\",\"coupon_pmt\":0,\"coupon\":\"[]\",\"ip\":\"127.0.0.1\",\"memo\":\"\",\"source\":\"2\",\"tax_type\":\"1\",\"tax_title\":\"\\u4e0d\\u5f00\\u53d1\\u7968\",\"tax_code\":\"\",\"tax_content\":\"\\u5546\\u54c1\\u660e\\u7ec6\",\"ship_id\":null,\"ship_addr\":\"\\u5185\\u8499\\u53e4\\u81ea\\u6cbb\\u533a \\u901a\\u8fbd\\u5e02 \\u5948\\u66fc\\u65d7 \\u6492\\u9632\\u5b88\\u6253\\u6cd5\\u6492\\u65e6\\u6cd5\",\"form_id\":\"\"}' , '订单创建成功。' , 1775030699 , 1775030699) [ RunTime:0.000351s ]
---------------------------------------------------------------
[2026-04-01T16:05:00+08:00] 127.0.0.1 POST www.jiwankang.com/api.html
[运行时间：0.029721s] [吞吐率：33.65req/s] [内存消耗：4,636.53kb] [文件加载：101]
[ info ] [ LANG ] E:\wwwroot\2026\04\jiwankang\thinkphp\lang\zh-cn.php
[ info ] [ ROUTE ] array (
)
[ info ] [ HEADER ] array (
  'accept-language' => 'zh-CN,zh;q=0.9',
  'accept-encoding' => 'gzip, deflate',
  'referer' => 'http://localhost:8080/',
  'origin' => 'http://localhost:8080',
  'content-type' => 'application/json',
  'accept' => 'application/json',
  'user-agent' => 'Mozilla/5.0 (iPhone; CPU iPhone OS 18_5 like Mac OS X) AppleWebKit/605.1.15 (KHTML, like Gecko) Version/18.5 Mobile/15E148 Safari/604.1',
  'content-length' => '114',
  'connection' => 'keep-alive',
  'host' => 'www.jiwankang.com',
)
[ info ] [ PARAM ] array (
  'ids' => 'S04011604593222',
  'payment_type' => '1',
  'token' => 'c44ff269142cc0000a5aab51e13546e0',
  'method' => 'payments.checkpay',
)
[ info ] [ DB ] INIT mysql
[ sql ] [ DB ] CONNECT:[ UseTime:0.000758s ] mysql:host=127.0.0.1;port=3306;dbname=jiwankang;charset=utf8mb4
[ sql ] [ SQL ] SHOW COLUMNS FROM `wb_order` [ RunTime:0.001415s ]
[ sql ] [ SQL ] SELECT * FROM `wb_order` WHERE (  `order_id` = 'S04011604593222'  AND `pay_status` = 1  AND `status` = 1 ) AND `wb_order`.`isdel` IS NULL LIMIT 1 [ RunTime:0.000288s ]
---------------------------------------------------------------
[2026-04-01T16:05:00+08:00] 127.0.0.1 POST www.jiwankang.com/api.html
[运行时间：0.026666s] [吞吐率：37.50req/s] [内存消耗：4,245.91kb] [文件加载：101]
[ info ] [ LANG ] E:\wwwroot\2026\04\jiwankang\thinkphp\lang\zh-cn.php
[ info ] [ ROUTE ] array (
)
[ info ] [ HEADER ] array (
  'accept-language' => 'zh-CN,zh;q=0.9',
  'accept-encoding' => 'gzip, deflate',
  'referer' => 'http://localhost:8080/',
  'origin' => 'http://localhost:8080',
  'content-type' => 'application/json',
  'accept' => 'application/json',
  'user-agent' => 'Mozilla/5.0 (iPhone; CPU iPhone OS 18_5 like Mac OS X) AppleWebKit/605.1.15 (KHTML, like Gecko) Version/18.5 Mobile/15E148 Safari/604.1',
  'content-length' => '41',
  'connection' => 'keep-alive',
  'host' => 'www.jiwankang.com',
)
[ info ] [ PARAM ] array (
  'exp' => false,
  'method' => 'payments.getlist',
)
[ info ] [ DB ] INIT mysql
[ sql ] [ DB ] CONNECT:[ UseTime:0.000784s ] mysql:host=127.0.0.1;port=3306;dbname=jiwankang;charset=utf8mb4
[ sql ] [ SQL ] SHOW COLUMNS FROM `wb_payments` [ RunTime:0.001821s ]
[ sql ] [ SQL ] SELECT `code`,`name`,`sort`,`memo`,`status`,`is_online` FROM `wb_payments` WHERE  `status` = 1 ORDER BY `sort` ASC [ RunTime:0.000389s ]
---------------------------------------------------------------
[2026-04-01T16:05:01+08:00] 127.0.0.1 POST www.jiwankang.com/api.html
[运行时间：0.048951s] [吞吐率：20.43req/s] [内存消耗：5,437.16kb] [文件加载：113]
[ info ] [ LANG ] E:\wwwroot\2026\04\jiwankang\thinkphp\lang\zh-cn.php
[ info ] [ ROUTE ] array (
)
[ info ] [ HEADER ] array (
  'accept-language' => 'zh-CN,zh;q=0.9',
  'accept-encoding' => 'gzip, deflate',
  'referer' => 'http://localhost:8080/',
  'origin' => 'http://localhost:8080',
  'content-type' => 'application/json',
  'accept' => 'application/json',
  'user-agent' => 'Mozilla/5.0 (iPhone; CPU iPhone OS 18_5 like Mac OS X) AppleWebKit/605.1.15 (KHTML, like Gecko) Version/18.5 Mobile/15E148 Safari/604.1',
  'content-length' => '133',
  'connection' => 'keep-alive',
  'host' => 'www.jiwankang.com',
)
[ info ] [ PARAM ] array (
  'payment_code' => 'balancepay',
  'payment_type' => '1',
  'ids' => 'S04011604593222',
  'token' => 'c44ff269142cc0000a5aab51e13546e0',
  'method' => 'user.pay',
)
[ info ] [ DB ] INIT mysql
[ sql ] [ DB ] CONNECT:[ UseTime:0.000808s ] mysql:host=127.0.0.1;port=3306;dbname=jiwankang;charset=utf8mb4
[ sql ] [ SQL ] SHOW COLUMNS FROM `wb_user` [ RunTime:0.000563s ]
[ sql ] [ SQL ] SELECT * FROM `wb_user` WHERE (  `id` = 1 ) AND `wb_user`.`isdel` IS NULL LIMIT 1 [ RunTime:0.000266s ]
[ sql ] [ SQL ] SHOW COLUMNS FROM `wb_order` [ RunTime:0.000517s ]
[ sql ] [ SQL ] SELECT `pay_status` FROM `wb_order` WHERE (  `order_id` = 'S04011604593222' ) AND `wb_order`.`isdel` IS NULL LIMIT 1 [ RunTime:0.000167s ]
[ sql ] [ SQL ] SHOW COLUMNS FROM `wb_payments` [ RunTime:0.000892s ]
[ sql ] [ SQL ] SELECT * FROM `wb_payments` WHERE  `code` = 'balancepay'  AND `status` = 1 LIMIT 1 [ RunTime:0.000172s ]
[ sql ] [ SQL ] SELECT * FROM `wb_payments` WHERE  `code` = 'balancepay'  AND `status` = 1 LIMIT 1 [ RunTime:0.000110s ]
[ sql ] [ SQL ] SELECT * FROM `wb_order` WHERE (  `order_id` = 'S04011604593222'  AND `pay_status` = 1  AND `status` = 1 ) AND `wb_order`.`isdel` IS NULL LIMIT 1 [ RunTime:0.000175s ]
[ sql ] [ SQL ] SHOW COLUMNS FROM `wb_bill_payments` [ RunTime:0.000785s ]
[ sql ] [ SQL ] INSERT INTO `wb_bill_payments` (`payment_id` , `money` , `user_id` , `type` , `payment_code` , `ip` , `params` , `ctime` , `utime`) VALUES ('27750307010899' , 4990 , 1 , 1 , 'balancepay' , '127.0.0.1' , '[]' , 1775030701 , 1775030701) [ RunTime:0.000171s ]
[ sql ] [ SQL ] SHOW COLUMNS FROM `wb_bill_payments_rel` [ RunTime:0.005015s ]
[ sql ] [ SQL ] INSERT INTO `wb_bill_payments_rel` (`payment_id` , `source_id` , `money`) VALUES ('27750307010899' , 'S04011604593222' , 4990) [ RunTime:0.000218s ]
[ sql ] [ SQL ] SHOW COLUMNS FROM `wb_order_items` [ RunTime:0.001179s ]
[ sql ] [ SQL ] SELECT * FROM `wb_order_items` WHERE  `order_id` = 'S04011604593222' LIMIT 1 [ RunTime:0.000210s ]
[ sql ] [ SQL ] SELECT * FROM `wb_user` WHERE (  `id` = 1 ) AND `wb_user`.`isdel` IS NULL LIMIT 1 [ RunTime:0.000171s ]
[ sql ] [ SQL ] SHOW COLUMNS FROM `wb_setting` [ RunTime:0.000357s ]
[ sql ] [ SQL ] SELECT * FROM `wb_setting` WHERE  `skey` = 'language' LIMIT 1 [ RunTime:0.000115s ]
[ sql ] [ SQL ] SELECT * FROM `wb_setting` WHERE  `skey` = 'language' LIMIT 1 [ RunTime:0.000076s ]
---------------------------------------------------------------
[2026-04-01T16:05:12+08:00] 127.0.0.1 OPTIONS www.jiwankang.com/api.html
[运行时间：0.018817s] [吞吐率：53.14req/s] [内存消耗：3,009.41kb] [文件加载：89]
[ info ] [ LANG ] E:\wwwroot\2026\04\jiwankang\thinkphp\lang\zh-cn.php
[ info ] [ ROUTE ] array (
)
[ info ] [ HEADER ] array (
  'accept-language' => 'zh-CN,zh;q=0.9',
  'accept-encoding' => 'gzip, deflate',
  'referer' => 'http://localhost:8080/',
  'sec-fetch-mode' => 'cors',
  'user-agent' => 'Mozilla/5.0 (iPhone; CPU iPhone OS 18_5 like Mac OS X) AppleWebKit/605.1.15 (KHTML, like Gecko) Version/18.5 Mobile/15E148 Safari/604.1',
  'origin' => 'http://localhost:8080',
  'access-control-request-headers' => 'content-type',
  'access-control-request-method' => 'POST',
  'accept' => '*/*',
  'connection' => 'keep-alive',
  'host' => 'www.jiwankang.com',
  'content-length' => '',
  'content-type' => '',
)
[ info ] [ PARAM ] array (
)
---------------------------------------------------------------
[2026-04-01T16:05:12+08:00] 127.0.0.1 POST www.jiwankang.com/api.html
[运行时间：0.078356s] [吞吐率：12.76req/s] [内存消耗：5,777.75kb] [文件加载：126]
[ info ] [ LANG ] E:\wwwroot\2026\04\jiwankang\thinkphp\lang\zh-cn.php
[ info ] [ ROUTE ] array (
)
[ info ] [ HEADER ] array (
  'accept-language' => 'zh-CN,zh;q=0.9',
  'accept-encoding' => 'gzip, deflate',
  'referer' => 'http://localhost:8080/',
  'origin' => 'http://localhost:8080',
  'content-type' => 'application/json',
  'accept' => 'application/json',
  'user-agent' => 'Mozilla/5.0 (iPhone; CPU iPhone OS 18_5 like Mac OS X) AppleWebKit/605.1.15 (KHTML, like Gecko) Version/18.5 Mobile/15E148 Safari/604.1',
  'content-length' => '133',
  'connection' => 'keep-alive',
  'host' => 'www.jiwankang.com',
)
[ info ] [ PARAM ] array (
  'payment_code' => 'balancepay',
  'payment_type' => '1',
  'ids' => 'S04011604593222',
  'token' => 'c44ff269142cc0000a5aab51e13546e0',
  'method' => 'user.pay',
)
[ info ] [ DB ] INIT mysql
[ sql ] [ DB ] CONNECT:[ UseTime:0.000646s ] mysql:host=127.0.0.1;port=3306;dbname=jiwankang;charset=utf8mb4
[ sql ] [ SQL ] SHOW COLUMNS FROM `wb_user` [ RunTime:0.000635s ]
[ sql ] [ SQL ] SELECT * FROM `wb_user` WHERE (  `id` = 1 ) AND `wb_user`.`isdel` IS NULL LIMIT 1 [ RunTime:0.000269s ]
[ sql ] [ SQL ] SHOW COLUMNS FROM `wb_order` [ RunTime:0.000410s ]
[ sql ] [ SQL ] SELECT `pay_status` FROM `wb_order` WHERE (  `order_id` = 'S04011604593222' ) AND `wb_order`.`isdel` IS NULL LIMIT 1 [ RunTime:0.000157s ]
[ sql ] [ SQL ] SHOW COLUMNS FROM `wb_payments` [ RunTime:0.000848s ]
[ sql ] [ SQL ] SELECT * FROM `wb_payments` WHERE  `code` = 'balancepay'  AND `status` = 1 LIMIT 1 [ RunTime:0.000181s ]
[ sql ] [ SQL ] SELECT * FROM `wb_payments` WHERE  `code` = 'balancepay'  AND `status` = 1 LIMIT 1 [ RunTime:0.000116s ]
[ sql ] [ SQL ] SELECT * FROM `wb_order` WHERE (  `order_id` = 'S04011604593222'  AND `pay_status` = 1  AND `status` = 1 ) AND `wb_order`.`isdel` IS NULL LIMIT 1 [ RunTime:0.000171s ]
[ sql ] [ SQL ] SHOW COLUMNS FROM `wb_bill_payments` [ RunTime:0.000300s ]
[ sql ] [ SQL ] INSERT INTO `wb_bill_payments` (`payment_id` , `money` , `user_id` , `type` , `payment_code` , `ip` , `params` , `ctime` , `utime`) VALUES ('27750307123253' , 4990 , 1 , 1 , 'balancepay' , '127.0.0.1' , '[]' , 1775030712 , 1775030712) [ RunTime:0.000146s ]
[ sql ] [ SQL ] SHOW COLUMNS FROM `wb_bill_payments_rel` [ RunTime:0.000733s ]
[ sql ] [ SQL ] INSERT INTO `wb_bill_payments_rel` (`payment_id` , `source_id` , `money`) VALUES ('27750307123253' , 'S04011604593222' , 4990) [ RunTime:0.000103s ]
[ sql ] [ SQL ] SHOW COLUMNS FROM `wb_order_items` [ RunTime:0.001213s ]
[ sql ] [ SQL ] SELECT * FROM `wb_order_items` WHERE  `order_id` = 'S04011604593222' LIMIT 1 [ RunTime:0.000682s ]
[ sql ] [ SQL ] SELECT * FROM `wb_user` WHERE (  `id` = 1 ) AND `wb_user`.`isdel` IS NULL LIMIT 1 [ RunTime:0.000198s ]
[ sql ] [ SQL ] SHOW COLUMNS FROM `wb_balance` [ RunTime:0.000756s ]
[ sql ] [ SQL ] INSERT INTO `wb_balance` (`user_id` , `type` , `money` , `balance` , `source_id` , `memo` , `ctime`) VALUES (1 , 1 , -4990 , 997044 , '27750307123253' , '消费了4990元' , 1775030712) [ RunTime:0.000134s ]
[ sql ] [ SQL ] UPDATE `wb_user`  SET `balance` = 997044 , `utime` = 1775030712  WHERE (  `id` = 1 ) AND `wb_user`.`isdel` IS NULL [ RunTime:0.000149s ]
[ sql ] [ SQL ] SELECT * FROM `wb_bill_payments` WHERE  `payment_id` = '27750307123253' LIMIT 1 [ RunTime:0.000123s ]
[ sql ] [ SQL ] SELECT * FROM `wb_bill_payments` WHERE  `payment_id` = '27750307123253'  AND `money` = 4990  AND `status` <> 2 LIMIT 1 [ RunTime:0.000134s ]
[ sql ] [ SQL ] UPDATE `wb_bill_payments`  SET `status` = 2 , `payment_code` = 'balancepay' , `payed_msg` = NULL , `trade_no` = NULL , `utime` = 1775030712  WHERE  `payment_id` = '27750307123253'  AND `money` = 4990  AND `status` <> 2 [ RunTime:0.000162s ]
[ sql ] [ SQL ] SELECT * FROM `wb_bill_payments_rel` WHERE  `payment_id` = '27750307123253' [ RunTime:0.000108s ]
[ sql ] [ SQL ] SHOW COLUMNS FROM `wb_setting` [ RunTime:0.000267s ]
[ sql ] [ SQL ] SELECT * FROM `wb_setting` WHERE  `skey` = 'language' LIMIT 1 [ RunTime:0.000092s ]
[ sql ] [ SQL ] SELECT * FROM `wb_setting` WHERE  `skey` = 'language' LIMIT 1 [ RunTime:0.000072s ]
[ sql ] [ SQL ] SELECT * FROM `wb_order` WHERE (  `order_id` = 'S04011604593222'  AND `status` = 1 ) AND `wb_order`.`isdel` IS NULL LIMIT 1 [ RunTime:0.000160s ]
[ sql ] [ SQL ] UPDATE `wb_order`  SET `payment_code` = 'balancepay' , `payed` = 4990 , `pay_status` = 2 , `payment_time` = 1775030712  WHERE (  `order_id` = 'S04011604593222' ) AND `wb_order`.`isdel` IS NULL [ RunTime:0.000158s ]
[ sql ] [ SQL ] SELECT * FROM `wb_setting` WHERE  `skey` = 'order_butie' LIMIT 1 [ RunTime:0.000110s ]
[ sql ] [ SQL ] SELECT * FROM `wb_order_items` WHERE  `order_id` = 'S04011604593222' [ RunTime:0.000130s ]
[ sql ] [ SQL ] SHOW COLUMNS FROM `wb_money` [ RunTime:0.002389s ]
[ sql ] [ SQL ] SELECT `money` FROM `wb_money` WHERE  `type` = 1 LIMIT 1 [ RunTime:0.000102s ]
[ sql ] [ SQL ] SELECT * FROM `wb_money` WHERE  `type` = 1 LIMIT 1 [ RunTime:0.000076s ]
[ sql ] [ SQL ] INSERT INTO `wb_money` (`type` , `money` , `ctime` , `utime`) VALUES (1 , 1247.5 , 1775030712 , 1775030712) [ RunTime:0.000197s ]
[ sql ] [ SQL ] SHOW COLUMNS FROM `wb_money_log` [ RunTime:0.000486s ]
[ sql ] [ SQL ] INSERT INTO `wb_money_log` (`money` , `flow_type` , `source_id` , `balance` , `ctime` , `utime`) VALUES (1247.5 , 1 , 'S04011604593222' , 1247.5 , 1775030712 , 1775030712) [ RunTime:0.000174s ]
[ sql ] [ SQL ] SELECT `mobile` FROM `wb_user` WHERE (  `id` = 1 ) AND `wb_user`.`isdel` IS NULL LIMIT 1 [ RunTime:0.000114s ]
[ sql ] [ SQL ] SHOW COLUMNS FROM `wb_message_center` [ RunTime:0.000902s ]
[ sql ] [ SQL ] SELECT * FROM `wb_message_center` WHERE  `code` = 'order_payed' LIMIT 1 [ RunTime:0.000124s ]
[ sql ] [ SQL ] SHOW COLUMNS FROM `wb_message` [ RunTime:0.000942s ]
[ sql ] [ SQL ] INSERT INTO `wb_message` (`user_id` , `code` , `params` , `content` , `ctime` , `utime`) VALUES (1 , 'order_payed' , '{\"order_id\":\"S04011604593222\",\"goods_amount\":\"4990.00\",\"payed\":\"0.00\",\"order_amount\":\"4990.00\",\"pay_status\":1,\"ship_status\":1,\"status\":1,\"order_type\":1,\"payment_code\":null,\"payment_time\":null,\"logistics_id\":null,\"logistics_name\":null,\"cost_freight\":\"0.00\",\"user_id\":1,\"seller_id\":null,\"confirm\":1,\"confirm_time\":null,\"store_id\":0,\"ship_area_id\":150525,\"ship_address\":\"\\u6492\\u9632\\u5b88\\u6253\\u6cd5\\u6492\\u65e6\\u6cd5\",\"ship_name\":\"\\u590f\\u8d5f\\u6d69\",\"ship_mobile\":\"18919660526\",\"weight\":0,\"tax_type\":1,\"tax_code\":\"\",\"tax_title\":\"\\u4e0d\\u5f00\\u53d1\\u7968\",\"point\":0,\"point_money\":\"0.00\",\"order_pmt\":\"0.00\",\"goods_pmt\":\"0.00\",\"coupon_pmt\":\"0.00\",\"coupon\":\"[]\",\"promotion_list\":\"[]\",\"memo\":\"\",\"ip\":\"127.0.0.1\",\"mark\":null,\"source\":2,\"is_comment\":1,\"ctime\":1775030699,\"utime\":1775030699,\"isdel\":null,\"pay_time\":\"2026-04-01 16:05:12\",\"money\":\"4990.00\",\"user_name\":\"18919660526\"}' , '恭喜您，订单支付成功,祝您购物愉快。' , 1775030712 , 1775030712) [ RunTime:0.001393s ]
[ sql ] [ SQL ] SELECT * FROM `wb_message_center` WHERE  `code` = 'seller_order_notice' LIMIT 1 [ RunTime:0.000141s ]
[ sql ] [ SQL ] SELECT `mobile` FROM `wb_user` WHERE (  `id` = 1 ) AND `wb_user`.`isdel` IS NULL LIMIT 1 [ RunTime:0.000105s ]
[ sql ] [ SQL ] SELECT * FROM `wb_setting` WHERE  `skey` = 'shop_mobile' LIMIT 1 [ RunTime:0.000089s ]
[ sql ] [ SQL ] SELECT * FROM `wb_order` WHERE (  `order_id` = 'S04011604593222' ) AND `wb_order`.`isdel` IS NULL LIMIT 1 [ RunTime:0.000295s ]
[ sql ] [ SQL ] SELECT * FROM `wb_user` WHERE (  `id` = 1 ) AND `wb_user`.`isdel` IS NULL LIMIT 1 [ RunTime:0.000243s ]
[ sql ] [ SQL ] SELECT SUM(`nums`) AS tp_sum FROM `wb_order` `o` INNER JOIN `wb_order_items` `i` ON `i`.`order_id`=`o`.`order_id` WHERE  `o`.`user_id` = '1'  AND `o`.`pay_status` = '2'  AND `i`.`cate_id` = '2'  AND `status` < 3 LIMIT 1 [ RunTime:0.000225s ]
[ sql ] [ SQL ] UPDATE `wb_user`  SET `grade` = 3 , `tiyan` = 30 , `utime` = 1775030712  WHERE (  `id` = 1 ) AND `wb_user`.`isdel` IS NULL [ RunTime:0.000191s ]
[ sql ] [ SQL ] SHOW COLUMNS FROM `wb_user_grade_log` [ RunTime:0.001666s ]
[ sql ] [ SQL ] INSERT INTO `wb_user_grade_log` (`user_id` , `old_grade` , `current_grade` , `endtime` , `params` , `type` , `ctime`) VALUES (1 , 1 , 3 , 0 , '[]' , 2 , 1775030712) [ RunTime:0.000123s ]
[ sql ] [ SQL ] SELECT * FROM `wb_user` WHERE (  `id` = 1 ) AND `wb_user`.`isdel` IS NULL LIMIT 1 [ RunTime:0.000142s ]
[ sql ] [ SQL ] SELECT * FROM `wb_user` WHERE (  `id` = 1 ) AND `wb_user`.`isdel` IS NULL LIMIT 1 [ RunTime:0.000109s ]
[ sql ] [ SQL ] SHOW COLUMNS FROM `wb_order_log` [ RunTime:0.000923s ]
[ sql ] [ SQL ] INSERT INTO `wb_order_log` (`order_id` , `user_id` , `type` , `msg` , `data` , `ctime`) VALUES ('S04011604593222' , 1 , 2 , '订单支付成功' , '[{\"status\":true,\"data\":1,\"msg\":\"\\u8ba2\\u5355\\u652f\\u4ed8\\u6210\\u529f\"},{\"payment_code\":\"balancepay\",\"payed\":\"4990.00\",\"pay_status\":2,\"payment_time\":1775030712}]' , 1775030712) [ RunTime:0.000135s ]
[ error ] [8]未定义数组索引: memo[E:\wwwroot\2026\04\jiwankang\extend\org\payments\balancepay.php:38]
[ error ] [8]未定义数组索引: id[E:\wwwroot\2026\04\jiwankang\extend\org\payments\balancepay.php:38]
[ error ] [8]Object of class app\common\model\User could not be converted to int[E:\wwwroot\2026\04\jiwankang\addons\Userupgrade\Userupgrade.php:96]
---------------------------------------------------------------
[2026-04-01T16:05:12+08:00] 127.0.0.1 POST www.jiwankang.com/api.html
[运行时间：0.042147s] [吞吐率：23.73req/s] [内存消耗：4,721.46kb] [文件加载：107]
[ info ] [ LANG ] E:\wwwroot\2026\04\jiwankang\thinkphp\lang\zh-cn.php
[ info ] [ ROUTE ] array (
)
[ info ] [ HEADER ] array (
  'accept-language' => 'zh-CN,zh;q=0.9',
  'accept-encoding' => 'gzip, deflate',
  'referer' => 'http://localhost:8080/',
  'origin' => 'http://localhost:8080',
  'content-type' => 'application/json',
  'accept' => 'application/json',
  'user-agent' => 'Mozilla/5.0 (iPhone; CPU iPhone OS 18_5 like Mac OS X) AppleWebKit/605.1.15 (KHTML, like Gecko) Version/18.5 Mobile/15E148 Safari/604.1',
  'content-length' => '102',
  'connection' => 'keep-alive',
  'host' => 'www.jiwankang.com',
)
[ info ] [ PARAM ] array (
  'payment_id' => '27750307123253',
  'token' => 'c44ff269142cc0000a5aab51e13546e0',
  'method' => 'payments.getinfo',
)
[ info ] [ DB ] INIT mysql
[ sql ] [ DB ] CONNECT:[ UseTime:0.000816s ] mysql:host=127.0.0.1;port=3306;dbname=jiwankang;charset=utf8mb4
[ sql ] [ SQL ] SHOW COLUMNS FROM `wb_user` [ RunTime:0.000576s ]
[ sql ] [ SQL ] SELECT * FROM `wb_user` WHERE (  `id` = 1 ) AND `wb_user`.`isdel` IS NULL LIMIT 1 [ RunTime:0.000313s ]
[ sql ] [ SQL ] SHOW COLUMNS FROM `wb_bill_payments` [ RunTime:0.000369s ]
[ sql ] [ SQL ] SELECT * FROM `wb_bill_payments` WHERE  `payment_id` = '27750307123253'  AND `user_id` = 1 LIMIT 1 [ RunTime:0.000157s ]
[ sql ] [ SQL ] SHOW COLUMNS FROM `wb_bill_payments_rel` [ RunTime:0.001284s ]
[ sql ] [ SQL ] SELECT * FROM `wb_bill_payments_rel` WHERE  `payment_id` = '27750307123253' [ RunTime:0.000169s ]
---------------------------------------------------------------
[2026-04-01T16:05:14+08:00] 127.0.0.1 POST www.jiwankang.com/api.html
[运行时间：0.080030s] [吞吐率：12.50req/s] [内存消耗：6,189.85kb] [文件加载：122]
[ info ] [ LANG ] E:\wwwroot\2026\04\jiwankang\thinkphp\lang\zh-cn.php
[ info ] [ ROUTE ] array (
)
[ info ] [ HEADER ] array (
  'accept-language' => 'zh-CN,zh;q=0.9',
  'accept-encoding' => 'gzip, deflate',
  'referer' => 'http://localhost:8080/',
  'origin' => 'http://localhost:8080',
  'content-type' => 'application/json',
  'accept' => 'application/json',
  'user-agent' => 'Mozilla/5.0 (iPhone; CPU iPhone OS 18_5 like Mac OS X) AppleWebKit/605.1.15 (KHTML, like Gecko) Version/18.5 Mobile/15E148 Safari/604.1',
  'content-length' => '98',
  'connection' => 'keep-alive',
  'host' => 'www.jiwankang.com',
)
[ info ] [ PARAM ] array (
  'order_id' => 'S04011604593222',
  'token' => 'c44ff269142cc0000a5aab51e13546e0',
  'method' => 'order.details',
)
[ info ] [ DB ] INIT mysql
[ sql ] [ DB ] CONNECT:[ UseTime:0.000779s ] mysql:host=127.0.0.1;port=3306;dbname=jiwankang;charset=utf8mb4
[ sql ] [ SQL ] SHOW COLUMNS FROM `wb_user` [ RunTime:0.000714s ]
[ sql ] [ SQL ] SELECT * FROM `wb_user` WHERE (  `id` = 1 ) AND `wb_user`.`isdel` IS NULL LIMIT 1 [ RunTime:0.000198s ]
[ sql ] [ SQL ] SHOW COLUMNS FROM `wb_order` [ RunTime:0.001388s ]
[ sql ] [ SQL ] SELECT * FROM `wb_order` WHERE (  `order_id` = 'S04011604593222' ) AND `wb_order`.`isdel` IS NULL LIMIT 1 [ RunTime:0.000249s ]
[ sql ] [ SQL ] SELECT `nickname` FROM `wb_user` WHERE (  `id` = 1 ) AND `wb_user`.`isdel` IS NULL LIMIT 1 [ RunTime:0.000108s ]
[ sql ] [ SQL ] SHOW COLUMNS FROM `wb_order_items` [ RunTime:0.000916s ]
[ sql ] [ SQL ] SELECT * FROM `wb_order_items` WHERE  `order_id` = 'S04011604593222' [ RunTime:0.000240s ]
[ sql ] [ SQL ] SELECT * FROM `wb_user` WHERE (  `id` = 1 ) AND `wb_user`.`isdel` IS NULL LIMIT 1 [ RunTime:0.000182s ]
[ sql ] [ SQL ] SHOW COLUMNS FROM `wb_bill_payments_rel` [ RunTime:0.000875s ]
[ sql ] [ SQL ] SELECT * FROM `wb_bill_payments_rel` WHERE  `source_id` = 'S04011604593222' [ RunTime:0.000154s ]
[ sql ] [ SQL ] SHOW COLUMNS FROM `wb_bill_refund` [ RunTime:0.000882s ]
[ sql ] [ SQL ] SELECT * FROM `wb_bill_refund` WHERE  `source_id` = 'S04011604593222' [ RunTime:0.000185s ]
[ sql ] [ SQL ] SHOW COLUMNS FROM `wb_bill_lading` [ RunTime:0.002280s ]
[ sql ] [ SQL ] SELECT * FROM `wb_bill_lading` WHERE (  `order_id` = 'S04011604593222' ) AND `wb_bill_lading`.`isdel` IS NULL [ RunTime:0.000868s ]
[ sql ] [ SQL ] SHOW COLUMNS FROM `wb_bill_reship` [ RunTime:0.001712s ]
[ sql ] [ SQL ] SELECT * FROM `wb_bill_reship` WHERE  `order_id` = 'S04011604593222' [ RunTime:0.000681s ]
[ sql ] [ SQL ] SHOW COLUMNS FROM `wb_bill_aftersales` [ RunTime:0.001588s ]
[ sql ] [ SQL ] SELECT * FROM `wb_bill_aftersales` WHERE  `order_id` = 'S04011604593222' [ RunTime:0.000694s ]
[ sql ] [ SQL ] SHOW COLUMNS FROM `wb_bill_delivery_order_rel` [ RunTime:0.003106s ]
[ sql ] [ SQL ] SELECT `d`.* FROM `wb_bill_delivery_order_rel` `dor` INNER JOIN `wb_bill_delivery` `d` ON `d`.`delivery_id`=`dor`.`delivery_id` WHERE  `dor`.`order_id` = 'S04011604593222' [ RunTime:0.001941s ]
[ sql ] [ SQL ] SHOW COLUMNS FROM `wb_area` [ RunTime:0.000622s ]
[ sql ] [ SQL ] SELECT `id`,`name`,`parent_id`,`postal_code` FROM `wb_area` WHERE  `id` = 150525 LIMIT 1 [ RunTime:0.000180s ]
[ sql ] [ SQL ] SELECT `id`,`name`,`parent_id`,`postal_code` FROM `wb_area` WHERE  `parent_id` = 150500 [ RunTime:0.000652s ]
[ sql ] [ SQL ] SELECT `id`,`name`,`parent_id`,`postal_code` FROM `wb_area` WHERE  `id` = 150500 LIMIT 1 [ RunTime:0.000221s ]
[ sql ] [ SQL ] SELECT `id`,`name`,`parent_id`,`postal_code` FROM `wb_area` WHERE  `parent_id` = 150000 [ RunTime:0.000956s ]
[ sql ] [ SQL ] SELECT `id`,`name`,`parent_id`,`postal_code` FROM `wb_area` WHERE  `id` = 150000 LIMIT 1 [ RunTime:0.000161s ]
[ sql ] [ SQL ] SELECT `id`,`name`,`parent_id`,`postal_code` FROM `wb_area` WHERE  `parent_id` = 0 [ RunTime:0.000613s ]
[ sql ] [ SQL ] SHOW COLUMNS FROM `wb_setting` [ RunTime:0.000570s ]
[ sql ] [ SQL ] SELECT * FROM `wb_setting` WHERE  `skey` = 'order_cancel_time' LIMIT 1 [ RunTime:0.000236s ]
[ sql ] [ SQL ] SHOW COLUMNS FROM `wb_bill_payments` [ RunTime:0.002166s ]
[ sql ] [ SQL ] SELECT * FROM `wb_bill_payments` WHERE  `payment_id` = '27750307010899' LIMIT 1 [ RunTime:0.000441s ]
[ sql ] [ SQL ] SELECT * FROM `wb_bill_payments` WHERE  `payment_id` = '27750307123253' LIMIT 1 [ RunTime:0.000328s ]
[ sql ] [ SQL ] SELECT SUM(`refund`) AS tp_sum FROM `wb_bill_aftersales` WHERE  `order_id` = 'S04011604593222'  AND `status` IN (2,1) LIMIT 1 [ RunTime:0.000411s ]
[ sql ] [ SQL ] SHOW COLUMNS FROM `wb_bill_aftersales_items` [ RunTime:0.001291s ]
[ sql ] [ SQL ] SELECT `asi`.`order_items_id`,asi.nums as nums,a.status as status,a.type as type FROM `wb_bill_aftersales_items` `asi` INNER JOIN `wb_bill_aftersales` `a` ON `asi`.`aftersales_id`=`a`.`aftersales_id` WHERE  `order_id` = 'S04011604593222'  AND `status` IN ('2','1') [ RunTime:0.000286s ]
[ sql ] [ SQL ] SELECT `aftersales_id`,`status` FROM `wb_bill_aftersales` WHERE  `order_id` = 'S04011604593222'  AND `status` IN (2,1) [ RunTime:0.000293s ]
[ sql ] [ SQL ] SELECT * FROM `wb_setting` WHERE  `skey` = 'language' LIMIT 1 [ RunTime:0.000117s ]
[ sql ] [ SQL ] SELECT * FROM `wb_setting` WHERE  `skey` = 'language' LIMIT 1 [ RunTime:0.000076s ]
[ sql ] [ SQL ] SHOW COLUMNS FROM `wb_invoice` [ RunTime:0.000963s ]
[ sql ] [ SQL ] SELECT * FROM `wb_invoice` WHERE  `class` = 1  AND `source_id` = 'S04011604593222' LIMIT 1 [ RunTime:0.000217s ]
---------------------------------------------------------------
[2026-04-01T16:05:15+08:00] 127.0.0.1 POST www.jiwankang.com/api.html
[运行时间：0.035342s] [吞吐率：28.29req/s] [内存消耗：4,821.26kb] [文件加载：107]
[ info ] [ LANG ] E:\wwwroot\2026\04\jiwankang\thinkphp\lang\zh-cn.php
[ info ] [ ROUTE ] array (
)
[ info ] [ HEADER ] array (
  'accept-language' => 'zh-CN,zh;q=0.9',
  'accept-encoding' => 'gzip, deflate',
  'referer' => 'http://localhost:8080/',
  'origin' => 'http://localhost:8080',
  'content-type' => 'application/json',
  'accept' => 'application/json',
  'user-agent' => 'Mozilla/5.0 (iPhone; CPU iPhone OS 18_5 like Mac OS X) AppleWebKit/605.1.15 (KHTML, like Gecko) Version/18.5 Mobile/15E148 Safari/604.1',
  'content-length' => '65',
  'connection' => 'keep-alive',
  'host' => 'www.jiwankang.com',
)
[ info ] [ PARAM ] array (
  'token' => 'c44ff269142cc0000a5aab51e13546e0',
  'method' => 'user.info',
)
[ info ] [ DB ] INIT mysql
[ sql ] [ DB ] CONNECT:[ UseTime:0.000947s ] mysql:host=127.0.0.1;port=3306;dbname=jiwankang;charset=utf8mb4
[ sql ] [ SQL ] SHOW COLUMNS FROM `wb_user` [ RunTime:0.000525s ]
[ sql ] [ SQL ] SELECT * FROM `wb_user` WHERE (  `id` = 1 ) AND `wb_user`.`isdel` IS NULL LIMIT 1 [ RunTime:0.000209s ]
[ sql ] [ SQL ] SELECT `id`,`username`,`mobile`,`sex`,`birthday`,`avatar`,`nickname`,`balance`,`point`,`grade`,`status`,`pid`,`password`,`ctime`,`remarks`,`area_id`,`tiyan`,`num_point`,`exp` FROM `wb_user` WHERE (  `id` = 1 ) AND `wb_user`.`isdel` IS NULL LIMIT 1 [ RunTime:0.000432s ]
[ sql ] [ SQL ] SHOW COLUMNS FROM `wb_user_grade` [ RunTime:0.000426s ]
[ sql ] [ SQL ] SELECT * FROM `wb_user_grade` WHERE  `id` = 3 [ RunTime:0.000123s ]
[ sql ] [ SQL ] SELECT * FROM `wb_user_grade` WHERE  `id` = 3 LIMIT 1 [ RunTime:0.000117s ]
---------------------------------------------------------------
[2026-04-01T16:51:14+08:00] 127.0.0.1 OPTIONS www.jiwankang.com/api.html
[运行时间：0.023142s] [吞吐率：43.21req/s] [内存消耗：3,009.21kb] [文件加载：89]
[ info ] [ LANG ] E:\wwwroot\2026\04\jiwankang\thinkphp\lang\zh-cn.php
[ info ] [ ROUTE ] array (
)
[ info ] [ HEADER ] array (
  'sec-fetch-mode' => 'cors',
  'referer' => 'http://localhost:8080/',
  'origin' => 'http://localhost:8080',
  'access-control-request-method' => 'POST',
  'access-control-request-headers' => 'content-type',
  'accept-language' => 'zh-CN,zh;q=0.9',
  'accept-encoding' => 'gzip, deflate',
  'accept' => '*/*',
  'user-agent' => 'Mozilla/5.0 (iPhone; CPU iPhone OS 18_5 like Mac OS X) AppleWebKit/605.1.15 (KHTML, like Gecko) Version/18.5 Mobile/15E148 Safari/604.1',
  'host' => 'www.jiwankang.com',
  'content-length' => '',
  'content-type' => '',
)
[ info ] [ PARAM ] array (
)
---------------------------------------------------------------
[2026-04-01T16:51:14+08:00] 127.0.0.1 POST www.jiwankang.com/api.html
[运行时间：0.033689s] [吞吐率：29.68req/s] [内存消耗：4,820.80kb] [文件加载：107]
[ info ] [ LANG ] E:\wwwroot\2026\04\jiwankang\thinkphp\lang\zh-cn.php
[ info ] [ ROUTE ] array (
)
[ info ] [ HEADER ] array (
  'referer' => 'http://localhost:8080/',
  'origin' => 'http://localhost:8080',
  'content-type' => 'application/json',
  'accept-language' => 'zh-CN,zh;q=0.9',
  'accept-encoding' => 'gzip, deflate',
  'accept' => 'application/json',
  'content-length' => '65',
  'user-agent' => 'Mozilla/5.0 (iPhone; CPU iPhone OS 18_5 like Mac OS X) AppleWebKit/605.1.15 (KHTML, like Gecko) Version/18.5 Mobile/15E148 Safari/604.1',
  'host' => 'www.jiwankang.com',
)
[ info ] [ PARAM ] array (
  'token' => 'c44ff269142cc0000a5aab51e13546e0',
  'method' => 'user.info',
)
[ info ] [ DB ] INIT mysql
[ sql ] [ DB ] CONNECT:[ UseTime:0.000993s ] mysql:host=127.0.0.1;port=3306;dbname=jiwankang;charset=utf8mb4
[ sql ] [ SQL ] SHOW COLUMNS FROM `wb_user` [ RunTime:0.000814s ]
[ sql ] [ SQL ] SELECT * FROM `wb_user` WHERE (  `id` = 1 ) AND `wb_user`.`isdel` IS NULL LIMIT 1 [ RunTime:0.000231s ]
[ sql ] [ SQL ] SELECT `id`,`username`,`mobile`,`sex`,`birthday`,`avatar`,`nickname`,`balance`,`point`,`grade`,`status`,`pid`,`password`,`ctime`,`remarks`,`area_id`,`tiyan`,`num_point`,`exp` FROM `wb_user` WHERE (  `id` = 1 ) AND `wb_user`.`isdel` IS NULL LIMIT 1 [ RunTime:0.000405s ]
[ sql ] [ SQL ] SHOW COLUMNS FROM `wb_user_grade` [ RunTime:0.001221s ]
[ sql ] [ SQL ] SELECT * FROM `wb_user_grade` WHERE  `id` = 3 [ RunTime:0.000158s ]
[ sql ] [ SQL ] SELECT * FROM `wb_user_grade` WHERE  `id` = 3 LIMIT 1 [ RunTime:0.000119s ]
---------------------------------------------------------------
[2026-04-01T16:51:14+08:00] 127.0.0.1 POST www.jiwankang.com/api.html
[运行时间：0.037169s] [吞吐率：26.90req/s] [内存消耗：5,233.71kb] [文件加载：107]
[ info ] [ LANG ] E:\wwwroot\2026\04\jiwankang\thinkphp\lang\zh-cn.php
[ info ] [ ROUTE ] array (
)
[ info ] [ HEADER ] array (
  'referer' => 'http://localhost:8080/',
  'origin' => 'http://localhost:8080',
  'content-type' => 'application/json',
  'accept-language' => 'zh-CN,zh;q=0.9',
  'accept-encoding' => 'gzip, deflate',
  'accept' => 'application/json',
  'content-length' => '114',
  'user-agent' => 'Mozilla/5.0 (iPhone; CPU iPhone OS 18_5 like Mac OS X) AppleWebKit/605.1.15 (KHTML, like Gecko) Version/18.5 Mobile/15E148 Safari/604.1',
  'host' => 'www.jiwankang.com',
)
[ info ] [ PARAM ] array (
  'ids' => '1,2,3,4',
  'isAfterSale' => '1',
  'token' => 'c44ff269142cc0000a5aab51e13546e0',
  'method' => 'order.getorderstatusnum',
)
[ info ] [ DB ] INIT mysql
[ sql ] [ DB ] CONNECT:[ UseTime:0.000891s ] mysql:host=127.0.0.1;port=3306;dbname=jiwankang;charset=utf8mb4
[ sql ] [ SQL ] SHOW COLUMNS FROM `wb_user` [ RunTime:0.000686s ]
[ sql ] [ SQL ] SELECT * FROM `wb_user` WHERE (  `id` = 1 ) AND `wb_user`.`isdel` IS NULL LIMIT 1 [ RunTime:0.000258s ]
[ sql ] [ SQL ] SHOW COLUMNS FROM `wb_order` [ RunTime:0.000418s ]
[ sql ] [ SQL ] SELECT COUNT(*) AS tp_count FROM `wb_order` WHERE (  `user_id` = 1  AND `status` = 1  AND `pay_status` = 1 ) AND `wb_order`.`isdel` IS NULL LIMIT 1 [ RunTime:0.000147s ]
[ sql ] [ SQL ] SELECT COUNT(*) AS tp_count FROM `wb_order` WHERE (  `user_id` = 1  AND `status` = 1  AND `pay_status` <> 1  AND `ship_status` IN (1,2) ) AND `wb_order`.`isdel` IS NULL LIMIT 1 [ RunTime:0.000107s ]
[ sql ] [ SQL ] SELECT COUNT(*) AS tp_count FROM `wb_order` WHERE (  `user_id` = 1  AND `status` = 1  AND `ship_status` IN (3,2)  AND `confirm` = 1 ) AND `wb_order`.`isdel` IS NULL LIMIT 1 [ RunTime:0.000094s ]
[ sql ] [ SQL ] SELECT COUNT(*) AS tp_count FROM `wb_order` WHERE (  `user_id` = 1  AND `status` = 1  AND `pay_status` <> 1  AND `ship_status` <> 1  AND `confirm` = 2  AND `is_comment` = 1 ) AND `wb_order`.`isdel` IS NULL LIMIT 1 [ RunTime:0.000088s ]
[ sql ] [ SQL ] SHOW COLUMNS FROM `wb_bill_aftersales` [ RunTime:0.000310s ]
[ sql ] [ SQL ] SELECT COUNT(*) AS tp_count FROM `wb_bill_aftersales` WHERE  `user_id` = 1  AND `status` IN (1) LIMIT 1 [ RunTime:0.000119s ]
[ sql ] [ SQL ] SHOW COLUMNS FROM `wb_coupon` [ RunTime:0.000325s ]
[ sql ] [ SQL ] SELECT COUNT(*) AS tp_count FROM `wb_coupon` `c` INNER JOIN `wb_promotion` `p` ON `p`.`id`=`c`.`promotion_id` WHERE  `p`.`type` = '2'  AND `p`.`status` = '1'  AND `c`.`user_id` = '1'  AND `c`.`is_used` = '1'  AND ( (c.endtime = 0 and p.etime >= 1775033474) or (c.endtime >=1775033474) ) LIMIT 1 [ RunTime:0.000351s ]
---------------------------------------------------------------
[2026-04-01T16:51:23+08:00] 127.0.0.1 OPTIONS www.jiwankang.com/api.html
[运行时间：0.024566s] [吞吐率：40.71req/s] [内存消耗：3,009.21kb] [文件加载：89]
[ info ] [ LANG ] E:\wwwroot\2026\04\jiwankang\thinkphp\lang\zh-cn.php
[ info ] [ ROUTE ] array (
)
[ info ] [ HEADER ] array (
  'sec-fetch-mode' => 'cors',
  'referer' => 'http://localhost:8080/',
  'origin' => 'http://localhost:8080',
  'access-control-request-method' => 'POST',
  'access-control-request-headers' => 'content-type',
  'accept-language' => 'zh-CN,zh;q=0.9',
  'accept-encoding' => 'gzip, deflate',
  'accept' => '*/*',
  'user-agent' => 'Mozilla/5.0 (iPhone; CPU iPhone OS 18_5 like Mac OS X) AppleWebKit/605.1.15 (KHTML, like Gecko) Version/18.5 Mobile/15E148 Safari/604.1',
  'host' => 'www.jiwankang.com',
  'content-length' => '',
  'content-type' => '',
)
[ info ] [ PARAM ] array (
)
---------------------------------------------------------------
[2026-04-01T16:51:23+08:00] 127.0.0.1 POST www.jiwankang.com/api.html
[运行时间：0.031331s] [吞吐率：31.92req/s] [内存消耗：4,820.80kb] [文件加载：107]
[ info ] [ LANG ] E:\wwwroot\2026\04\jiwankang\thinkphp\lang\zh-cn.php
[ info ] [ ROUTE ] array (
)
[ info ] [ HEADER ] array (
  'referer' => 'http://localhost:8080/',
  'origin' => 'http://localhost:8080',
  'content-type' => 'application/json',
  'accept-language' => 'zh-CN,zh;q=0.9',
  'accept-encoding' => 'gzip, deflate',
  'accept' => 'application/json',
  'content-length' => '65',
  'user-agent' => 'Mozilla/5.0 (iPhone; CPU iPhone OS 18_5 like Mac OS X) AppleWebKit/605.1.15 (KHTML, like Gecko) Version/18.5 Mobile/15E148 Safari/604.1',
  'host' => 'www.jiwankang.com',
)
[ info ] [ PARAM ] array (
  'token' => 'c44ff269142cc0000a5aab51e13546e0',
  'method' => 'user.info',
)
[ info ] [ DB ] INIT mysql
[ sql ] [ DB ] CONNECT:[ UseTime:0.000754s ] mysql:host=127.0.0.1;port=3306;dbname=jiwankang;charset=utf8mb4
[ sql ] [ SQL ] SHOW COLUMNS FROM `wb_user` [ RunTime:0.001152s ]
[ sql ] [ SQL ] SELECT * FROM `wb_user` WHERE (  `id` = 1 ) AND `wb_user`.`isdel` IS NULL LIMIT 1 [ RunTime:0.000351s ]
[ sql ] [ SQL ] SELECT `id`,`username`,`mobile`,`sex`,`birthday`,`avatar`,`nickname`,`balance`,`point`,`grade`,`status`,`pid`,`password`,`ctime`,`remarks`,`area_id`,`tiyan`,`num_point`,`exp` FROM `wb_user` WHERE (  `id` = 1 ) AND `wb_user`.`isdel` IS NULL LIMIT 1 [ RunTime:0.000254s ]
[ sql ] [ SQL ] SHOW COLUMNS FROM `wb_user_grade` [ RunTime:0.000857s ]
[ sql ] [ SQL ] SELECT * FROM `wb_user_grade` WHERE  `id` = 3 [ RunTime:0.000132s ]
[ sql ] [ SQL ] SELECT * FROM `wb_user_grade` WHERE  `id` = 3 LIMIT 1 [ RunTime:0.000128s ]
---------------------------------------------------------------
[2026-04-01T16:51:23+08:00] 127.0.0.1 POST www.jiwankang.com/api.html
[运行时间：0.038308s] [吞吐率：26.10req/s] [内存消耗：5,233.71kb] [文件加载：107]
[ info ] [ LANG ] E:\wwwroot\2026\04\jiwankang\thinkphp\lang\zh-cn.php
[ info ] [ ROUTE ] array (
)
[ info ] [ HEADER ] array (
  'referer' => 'http://localhost:8080/',
  'origin' => 'http://localhost:8080',
  'content-type' => 'application/json',
  'accept-language' => 'zh-CN,zh;q=0.9',
  'accept-encoding' => 'gzip, deflate',
  'accept' => 'application/json',
  'content-length' => '114',
  'user-agent' => 'Mozilla/5.0 (iPhone; CPU iPhone OS 18_5 like Mac OS X) AppleWebKit/605.1.15 (KHTML, like Gecko) Version/18.5 Mobile/15E148 Safari/604.1',
  'host' => 'www.jiwankang.com',
)
[ info ] [ PARAM ] array (
  'ids' => '1,2,3,4',
  'isAfterSale' => '1',
  'token' => 'c44ff269142cc0000a5aab51e13546e0',
  'method' => 'order.getorderstatusnum',
)
[ info ] [ DB ] INIT mysql
[ sql ] [ DB ] CONNECT:[ UseTime:0.000617s ] mysql:host=127.0.0.1;port=3306;dbname=jiwankang;charset=utf8mb4
[ sql ] [ SQL ] SHOW COLUMNS FROM `wb_user` [ RunTime:0.000559s ]
[ sql ] [ SQL ] SELECT * FROM `wb_user` WHERE (  `id` = 1 ) AND `wb_user`.`isdel` IS NULL LIMIT 1 [ RunTime:0.000361s ]
[ sql ] [ SQL ] SHOW COLUMNS FROM `wb_order` [ RunTime:0.000927s ]
[ sql ] [ SQL ] SELECT COUNT(*) AS tp_count FROM `wb_order` WHERE (  `user_id` = 1  AND `status` = 1  AND `pay_status` = 1 ) AND `wb_order`.`isdel` IS NULL LIMIT 1 [ RunTime:0.000374s ]
[ sql ] [ SQL ] SELECT COUNT(*) AS tp_count FROM `wb_order` WHERE (  `user_id` = 1  AND `status` = 1  AND `pay_status` <> 1  AND `ship_status` IN (1,2) ) AND `wb_order`.`isdel` IS NULL LIMIT 1 [ RunTime:0.000342s ]
[ sql ] [ SQL ] SELECT COUNT(*) AS tp_count FROM `wb_order` WHERE (  `user_id` = 1  AND `status` = 1  AND `ship_status` IN (3,2)  AND `confirm` = 1 ) AND `wb_order`.`isdel` IS NULL LIMIT 1 [ RunTime:0.000247s ]
[ sql ] [ SQL ] SELECT COUNT(*) AS tp_count FROM `wb_order` WHERE (  `user_id` = 1  AND `status` = 1  AND `pay_status` <> 1  AND `ship_status` <> 1  AND `confirm` = 2  AND `is_comment` = 1 ) AND `wb_order`.`isdel` IS NULL LIMIT 1 [ RunTime:0.000165s ]
[ sql ] [ SQL ] SHOW COLUMNS FROM `wb_bill_aftersales` [ RunTime:0.000740s ]
[ sql ] [ SQL ] SELECT COUNT(*) AS tp_count FROM `wb_bill_aftersales` WHERE  `user_id` = 1  AND `status` IN (1) LIMIT 1 [ RunTime:0.000276s ]
[ sql ] [ SQL ] SHOW COLUMNS FROM `wb_coupon` [ RunTime:0.000984s ]
[ sql ] [ SQL ] SELECT COUNT(*) AS tp_count FROM `wb_coupon` `c` INNER JOIN `wb_promotion` `p` ON `p`.`id`=`c`.`promotion_id` WHERE  `p`.`type` = '2'  AND `p`.`status` = '1'  AND `c`.`user_id` = '1'  AND `c`.`is_used` = '1'  AND ( (c.endtime = 0 and p.etime >= 1775033483) or (c.endtime >=1775033483) ) LIMIT 1 [ RunTime:0.000739s ]
---------------------------------------------------------------
[2026-04-01T16:51:25+08:00] 127.0.0.1 POST www.jiwankang.com/Api/common/area.html
[运行时间：0.041499s] [吞吐率：24.10req/s] [内存消耗：4,271.81kb] [文件加载：99]
[ info ] [ LANG ] E:\wwwroot\2026\04\jiwankang\thinkphp\lang\zh-cn.php
[ info ] [ ROUTE ] array (
)
[ info ] [ HEADER ] array (
  'x-requested-with' => 'XMLHttpRequest',
  'referer' => 'http://www.jiwankang.com/manage/setting/index.html',
  'origin' => 'http://www.jiwankang.com',
  'cookie' => 'PHPSESSID=6ge3q9cob417ort2dkkl8j63da',
  'content-type' => 'application/x-www-form-urlencoded; charset=UTF-8',
  'accept-language' => 'zh-CN,zh;q=0.9',
  'accept-encoding' => 'gzip, deflate',
  'accept' => '*/*',
  'content-length' => '3',
  'user-agent' => 'Mozilla/5.0 (Windows NT 10.0; Win64; x64) AppleWebKit/537.36 (KHTML, like Gecko) Chrome/146.0.0.0 Safari/537.36',
  'host' => 'www.jiwankang.com',
)
[ info ] [ PARAM ] array (
  'id' => '',
)
[ info ] [ DB ] INIT mysql
[ sql ] [ DB ] CONNECT:[ UseTime:0.001081s ] mysql:host=127.0.0.1;port=3306;dbname=jiwankang;charset=utf8mb4
[ sql ] [ SQL ] SHOW COLUMNS FROM `wb_area` [ RunTime:0.002009s ]
[ sql ] [ SQL ] SELECT `id`,`name`,`parent_id`,`postal_code` FROM `wb_area` WHERE  `id` = 0 LIMIT 1 [ RunTime:0.000469s ]
[ sql ] [ SQL ] SELECT `id`,`name`,`parent_id` FROM `wb_area` WHERE  `parent_id` = 0 [ RunTime:0.001079s ]
---------------------------------------------------------------
[2026-04-01T16:56:16+08:00] 127.0.0.1 POST www.jiwankang.com/Api/common/area.html
[运行时间：0.057845s] [吞吐率：17.29req/s] [内存消耗：4,271.81kb] [文件加载：99]
[ info ] [ LANG ] E:\wwwroot\2026\04\jiwankang\thinkphp\lang\zh-cn.php
[ info ] [ ROUTE ] array (
)
[ info ] [ HEADER ] array (
  'x-requested-with' => 'XMLHttpRequest',
  'referer' => 'http://www.jiwankang.com/manage/setting/index.html',
  'origin' => 'http://www.jiwankang.com',
  'cookie' => 'PHPSESSID=6ge3q9cob417ort2dkkl8j63da',
  'content-type' => 'application/x-www-form-urlencoded; charset=UTF-8',
  'accept-language' => 'zh-CN,zh;q=0.9',
  'accept-encoding' => 'gzip, deflate',
  'accept' => '*/*',
  'content-length' => '3',
  'user-agent' => 'Mozilla/5.0 (Windows NT 10.0; Win64; x64) AppleWebKit/537.36 (KHTML, like Gecko) Chrome/146.0.0.0 Safari/537.36',
  'host' => 'www.jiwankang.com',
)
[ info ] [ PARAM ] array (
  'id' => '',
)
[ info ] [ DB ] INIT mysql
[ sql ] [ DB ] CONNECT:[ UseTime:0.003634s ] mysql:host=127.0.0.1;port=3306;dbname=jiwankang;charset=utf8mb4
[ sql ] [ SQL ] SHOW COLUMNS FROM `wb_area` [ RunTime:0.002716s ]
[ sql ] [ SQL ] SELECT `id`,`name`,`parent_id`,`postal_code` FROM `wb_area` WHERE  `id` = 0 LIMIT 1 [ RunTime:0.000305s ]
[ sql ] [ SQL ] SELECT `id`,`name`,`parent_id` FROM `wb_area` WHERE  `parent_id` = 0 [ RunTime:0.001139s ]
---------------------------------------------------------------
[2026-04-01T16:56:43+08:00] 127.0.0.1 POST www.jiwankang.com/Api/common/area.html
[运行时间：0.043940s] [吞吐率：22.76req/s] [内存消耗：4,271.81kb] [文件加载：99]
[ info ] [ LANG ] E:\wwwroot\2026\04\jiwankang\thinkphp\lang\zh-cn.php
[ info ] [ ROUTE ] array (
)
[ info ] [ HEADER ] array (
  'x-requested-with' => 'XMLHttpRequest',
  'referer' => 'http://www.jiwankang.com/manage/setting/index.html',
  'origin' => 'http://www.jiwankang.com',
  'cookie' => 'PHPSESSID=6ge3q9cob417ort2dkkl8j63da',
  'content-type' => 'application/x-www-form-urlencoded; charset=UTF-8',
  'accept-language' => 'zh-CN,zh;q=0.9',
  'accept-encoding' => 'gzip, deflate',
  'accept' => '*/*',
  'content-length' => '3',
  'user-agent' => 'Mozilla/5.0 (Windows NT 10.0; Win64; x64) AppleWebKit/537.36 (KHTML, like Gecko) Chrome/146.0.0.0 Safari/537.36',
  'host' => 'www.jiwankang.com',
)
[ info ] [ PARAM ] array (
  'id' => '',
)
[ info ] [ DB ] INIT mysql
[ sql ] [ DB ] CONNECT:[ UseTime:0.001446s ] mysql:host=127.0.0.1;port=3306;dbname=jiwankang;charset=utf8mb4
[ sql ] [ SQL ] SHOW COLUMNS FROM `wb_area` [ RunTime:0.002115s ]
[ sql ] [ SQL ] SELECT `id`,`name`,`parent_id`,`postal_code` FROM `wb_area` WHERE  `id` = 0 LIMIT 1 [ RunTime:0.000215s ]
[ sql ] [ SQL ] SELECT `id`,`name`,`parent_id` FROM `wb_area` WHERE  `parent_id` = 0 [ RunTime:0.000649s ]
---------------------------------------------------------------
[2026-04-01T16:56:52+08:00] 127.0.0.1 POST www.jiwankang.com/Api/common/area.html
[运行时间：0.045925s] [吞吐率：21.77req/s] [内存消耗：4,271.81kb] [文件加载：99]
[ info ] [ LANG ] E:\wwwroot\2026\04\jiwankang\thinkphp\lang\zh-cn.php
[ info ] [ ROUTE ] array (
)
[ info ] [ HEADER ] array (
  'x-requested-with' => 'XMLHttpRequest',
  'referer' => 'http://www.jiwankang.com/manage/setting/index.html',
  'origin' => 'http://www.jiwankang.com',
  'cookie' => 'PHPSESSID=6ge3q9cob417ort2dkkl8j63da',
  'content-type' => 'application/x-www-form-urlencoded; charset=UTF-8',
  'accept-language' => 'zh-CN,zh;q=0.9',
  'accept-encoding' => 'gzip, deflate',
  'accept' => '*/*',
  'content-length' => '3',
  'user-agent' => 'Mozilla/5.0 (Windows NT 10.0; Win64; x64) AppleWebKit/537.36 (KHTML, like Gecko) Chrome/146.0.0.0 Safari/537.36',
  'host' => 'www.jiwankang.com',
)
[ info ] [ PARAM ] array (
  'id' => '',
)
[ info ] [ DB ] INIT mysql
[ sql ] [ DB ] CONNECT:[ UseTime:0.001048s ] mysql:host=127.0.0.1;port=3306;dbname=jiwankang;charset=utf8mb4
[ sql ] [ SQL ] SHOW COLUMNS FROM `wb_area` [ RunTime:0.001899s ]
[ sql ] [ SQL ] SELECT `id`,`name`,`parent_id`,`postal_code` FROM `wb_area` WHERE  `id` = 0 LIMIT 1 [ RunTime:0.000503s ]
[ sql ] [ SQL ] SELECT `id`,`name`,`parent_id` FROM `wb_area` WHERE  `parent_id` = 0 [ RunTime:0.000766s ]
---------------------------------------------------------------
[2026-04-01T17:01:38+08:00] 127.0.0.1 OPTIONS www.jiwankang.com/api.html
[运行时间：0.029740s] [吞吐率：33.62req/s] [内存消耗：3,009.21kb] [文件加载：89]
[ info ] [ LANG ] E:\wwwroot\2026\04\jiwankang\thinkphp\lang\zh-cn.php
[ info ] [ ROUTE ] array (
)
[ info ] [ HEADER ] array (
  'sec-fetch-mode' => 'cors',
  'referer' => 'http://localhost:8080/',
  'origin' => 'http://localhost:8080',
  'access-control-request-method' => 'POST',
  'access-control-request-headers' => 'content-type',
  'accept-language' => 'zh-CN,zh;q=0.9',
  'accept-encoding' => 'gzip, deflate',
  'accept' => '*/*',
  'user-agent' => 'Mozilla/5.0 (iPhone; CPU iPhone OS 18_5 like Mac OS X) AppleWebKit/605.1.15 (KHTML, like Gecko) Version/18.5 Mobile/15E148 Safari/604.1',
  'host' => 'www.jiwankang.com',
  'content-length' => '',
  'content-type' => '',
)
[ info ] [ PARAM ] array (
)
---------------------------------------------------------------
[2026-04-01T17:01:39+08:00] 127.0.0.1 POST www.jiwankang.com/api.html
[运行时间：0.037838s] [吞吐率：26.43req/s] [内存消耗：4,824.13kb] [文件加载：107]
[ info ] [ LANG ] E:\wwwroot\2026\04\jiwankang\thinkphp\lang\zh-cn.php
[ info ] [ ROUTE ] array (
)
[ info ] [ HEADER ] array (
  'referer' => 'http://localhost:8080/',
  'origin' => 'http://localhost:8080',
  'content-type' => 'application/json',
  'accept-language' => 'zh-CN,zh;q=0.9',
  'accept-encoding' => 'gzip, deflate',
  'accept' => 'application/json',
  'content-length' => '65',
  'user-agent' => 'Mozilla/5.0 (iPhone; CPU iPhone OS 18_5 like Mac OS X) AppleWebKit/605.1.15 (KHTML, like Gecko) Version/18.5 Mobile/15E148 Safari/604.1',
  'host' => 'www.jiwankang.com',
)
[ info ] [ PARAM ] array (
  'token' => 'c44ff269142cc0000a5aab51e13546e0',
  'method' => 'user.info',
)
[ info ] [ DB ] INIT mysql
[ sql ] [ DB ] CONNECT:[ UseTime:0.001047s ] mysql:host=127.0.0.1;port=3306;dbname=jiwankang;charset=utf8mb4
[ sql ] [ SQL ] SHOW COLUMNS FROM `wb_user_token` [ RunTime:0.001490s ]
[ sql ] [ SQL ] SELECT * FROM `wb_user_token` WHERE  `token` = 'c44ff269142cc0000a5aab51e13546e0' LIMIT 1 [ RunTime:0.000197s ]
[ sql ] [ SQL ] SHOW COLUMNS FROM `wb_user` [ RunTime:0.000403s ]
[ sql ] [ SQL ] SELECT * FROM `wb_user` WHERE (  `id` = 1 ) AND `wb_user`.`isdel` IS NULL LIMIT 1 [ RunTime:0.000167s ]
[ sql ] [ SQL ] SELECT `id`,`username`,`mobile`,`sex`,`birthday`,`avatar`,`nickname`,`balance`,`point`,`grade`,`status`,`pid`,`password`,`ctime`,`remarks`,`area_id`,`tiyan`,`num_point`,`exp` FROM `wb_user` WHERE (  `id` = 1 ) AND `wb_user`.`isdel` IS NULL LIMIT 1 [ RunTime:0.000321s ]
[ sql ] [ SQL ] SHOW COLUMNS FROM `wb_user_grade` [ RunTime:0.000489s ]
[ sql ] [ SQL ] SELECT * FROM `wb_user_grade` WHERE  `id` = 3 [ RunTime:0.000124s ]
[ sql ] [ SQL ] SELECT * FROM `wb_user_grade` WHERE  `id` = 3 LIMIT 1 [ RunTime:0.000110s ]
---------------------------------------------------------------
[2026-04-01T17:01:39+08:00] 127.0.0.1 POST www.jiwankang.com/api.html
[运行时间：0.049910s] [吞吐率：20.04req/s] [内存消耗：5,233.71kb] [文件加载：107]
[ info ] [ LANG ] E:\wwwroot\2026\04\jiwankang\thinkphp\lang\zh-cn.php
[ info ] [ ROUTE ] array (
)
[ info ] [ HEADER ] array (
  'referer' => 'http://localhost:8080/',
  'origin' => 'http://localhost:8080',
  'content-type' => 'application/json',
  'accept-language' => 'zh-CN,zh;q=0.9',
  'accept-encoding' => 'gzip, deflate',
  'accept' => 'application/json',
  'content-length' => '114',
  'user-agent' => 'Mozilla/5.0 (iPhone; CPU iPhone OS 18_5 like Mac OS X) AppleWebKit/605.1.15 (KHTML, like Gecko) Version/18.5 Mobile/15E148 Safari/604.1',
  'host' => 'www.jiwankang.com',
)
[ info ] [ PARAM ] array (
  'ids' => '1,2,3,4',
  'isAfterSale' => '1',
  'token' => 'c44ff269142cc0000a5aab51e13546e0',
  'method' => 'order.getorderstatusnum',
)
[ info ] [ DB ] INIT mysql
[ sql ] [ DB ] CONNECT:[ UseTime:0.000885s ] mysql:host=127.0.0.1;port=3306;dbname=jiwankang;charset=utf8mb4
[ sql ] [ SQL ] SHOW COLUMNS FROM `wb_user` [ RunTime:0.000782s ]
[ sql ] [ SQL ] SELECT * FROM `wb_user` WHERE (  `id` = 1 ) AND `wb_user`.`isdel` IS NULL LIMIT 1 [ RunTime:0.000539s ]
[ sql ] [ SQL ] SHOW COLUMNS FROM `wb_order` [ RunTime:0.001055s ]
[ sql ] [ SQL ] SELECT COUNT(*) AS tp_count FROM `wb_order` WHERE (  `user_id` = 1  AND `status` = 1  AND `pay_status` = 1 ) AND `wb_order`.`isdel` IS NULL LIMIT 1 [ RunTime:0.000350s ]
[ sql ] [ SQL ] SELECT COUNT(*) AS tp_count FROM `wb_order` WHERE (  `user_id` = 1  AND `status` = 1  AND `pay_status` <> 1  AND `ship_status` IN (1,2) ) AND `wb_order`.`isdel` IS NULL LIMIT 1 [ RunTime:0.000243s ]
[ sql ] [ SQL ] SELECT COUNT(*) AS tp_count FROM `wb_order` WHERE (  `user_id` = 1  AND `status` = 1  AND `ship_status` IN (3,2)  AND `confirm` = 1 ) AND `wb_order`.`isdel` IS NULL LIMIT 1 [ RunTime:0.000159s ]
[ sql ] [ SQL ] SELECT COUNT(*) AS tp_count FROM `wb_order` WHERE (  `user_id` = 1  AND `status` = 1  AND `pay_status` <> 1  AND `ship_status` <> 1  AND `confirm` = 2  AND `is_comment` = 1 ) AND `wb_order`.`isdel` IS NULL LIMIT 1 [ RunTime:0.000180s ]
[ sql ] [ SQL ] SHOW COLUMNS FROM `wb_bill_aftersales` [ RunTime:0.000502s ]
[ sql ] [ SQL ] SELECT COUNT(*) AS tp_count FROM `wb_bill_aftersales` WHERE  `user_id` = 1  AND `status` IN (1) LIMIT 1 [ RunTime:0.000283s ]
[ sql ] [ SQL ] SHOW COLUMNS FROM `wb_coupon` [ RunTime:0.001044s ]
[ sql ] [ SQL ] SELECT COUNT(*) AS tp_count FROM `wb_coupon` `c` INNER JOIN `wb_promotion` `p` ON `p`.`id`=`c`.`promotion_id` WHERE  `p`.`type` = '2'  AND `p`.`status` = '1'  AND `c`.`user_id` = '1'  AND `c`.`is_used` = '1'  AND ( (c.endtime = 0 and p.etime >= 1775034099) or (c.endtime >=1775034099) ) LIMIT 1 [ RunTime:0.000681s ]
---------------------------------------------------------------
[2026-04-01T17:01:42+08:00] 127.0.0.1 POST www.jiwankang.com/Api/common/area.html
[运行时间：0.035654s] [吞吐率：28.05req/s] [内存消耗：4,271.81kb] [文件加载：99]
[ info ] [ LANG ] E:\wwwroot\2026\04\jiwankang\thinkphp\lang\zh-cn.php
[ info ] [ ROUTE ] array (
)
[ info ] [ HEADER ] array (
  'x-requested-with' => 'XMLHttpRequest',
  'referer' => 'http://www.jiwankang.com/manage/setting/index.html',
  'origin' => 'http://www.jiwankang.com',
  'cookie' => 'PHPSESSID=6ge3q9cob417ort2dkkl8j63da',
  'content-type' => 'application/x-www-form-urlencoded; charset=UTF-8',
  'accept-language' => 'zh-CN,zh;q=0.9',
  'accept-encoding' => 'gzip, deflate',
  'accept' => '*/*',
  'content-length' => '3',
  'user-agent' => 'Mozilla/5.0 (Windows NT 10.0; Win64; x64) AppleWebKit/537.36 (KHTML, like Gecko) Chrome/146.0.0.0 Safari/537.36',
  'host' => 'www.jiwankang.com',
)
[ info ] [ PARAM ] array (
  'id' => '',
)
[ info ] [ DB ] INIT mysql
[ sql ] [ DB ] CONNECT:[ UseTime:0.001163s ] mysql:host=127.0.0.1;port=3306;dbname=jiwankang;charset=utf8mb4
[ sql ] [ SQL ] SHOW COLUMNS FROM `wb_area` [ RunTime:0.000743s ]
[ sql ] [ SQL ] SELECT `id`,`name`,`parent_id`,`postal_code` FROM `wb_area` WHERE  `id` = 0 LIMIT 1 [ RunTime:0.000266s ]
[ sql ] [ SQL ] SELECT `id`,`name`,`parent_id` FROM `wb_area` WHERE  `parent_id` = 0 [ RunTime:0.000651s ]
---------------------------------------------------------------
[2026-04-01T18:05:42+08:00] 127.0.0.1 OPTIONS www.jiwankang.com/api.html
[运行时间：0.026060s] [吞吐率：38.37req/s] [内存消耗：3,009.21kb] [文件加载：89]
[ info ] [ LANG ] E:\wwwroot\2026\04\jiwankang\thinkphp\lang\zh-cn.php
[ info ] [ ROUTE ] array (
)
[ info ] [ HEADER ] array (
  'sec-fetch-mode' => 'cors',
  'referer' => 'http://localhost:8080/',
  'origin' => 'http://localhost:8080',
  'access-control-request-method' => 'POST',
  'access-control-request-headers' => 'content-type',
  'accept-language' => 'zh-CN,zh;q=0.9',
  'accept-encoding' => 'gzip, deflate',
  'accept' => '*/*',
  'user-agent' => 'Mozilla/5.0 (iPhone; CPU iPhone OS 18_5 like Mac OS X) AppleWebKit/605.1.15 (KHTML, like Gecko) Version/18.5 Mobile/15E148 Safari/604.1',
  'host' => 'www.jiwankang.com',
  'content-length' => '',
  'content-type' => '',
)
[ info ] [ PARAM ] array (
)
---------------------------------------------------------------
[2026-04-01T18:05:42+08:00] 127.0.0.1 POST www.jiwankang.com/api.html
[运行时间：0.033123s] [吞吐率：30.19req/s] [内存消耗：4,820.80kb] [文件加载：107]
[ info ] [ LANG ] E:\wwwroot\2026\04\jiwankang\thinkphp\lang\zh-cn.php
[ info ] [ ROUTE ] array (
)
[ info ] [ HEADER ] array (
  'referer' => 'http://localhost:8080/',
  'origin' => 'http://localhost:8080',
  'content-type' => 'application/json',
  'accept-language' => 'zh-CN,zh;q=0.9',
  'accept-encoding' => 'gzip, deflate',
  'accept' => 'application/json',
  'content-length' => '65',
  'user-agent' => 'Mozilla/5.0 (iPhone; CPU iPhone OS 18_5 like Mac OS X) AppleWebKit/605.1.15 (KHTML, like Gecko) Version/18.5 Mobile/15E148 Safari/604.1',
  'host' => 'www.jiwankang.com',
)
[ info ] [ PARAM ] array (
  'token' => 'c44ff269142cc0000a5aab51e13546e0',
  'method' => 'user.info',
)
[ info ] [ DB ] INIT mysql
[ sql ] [ DB ] CONNECT:[ UseTime:0.001108s ] mysql:host=127.0.0.1;port=3306;dbname=jiwankang;charset=utf8mb4
[ sql ] [ SQL ] SHOW COLUMNS FROM `wb_user` [ RunTime:0.000701s ]
[ sql ] [ SQL ] SELECT * FROM `wb_user` WHERE (  `id` = 1 ) AND `wb_user`.`isdel` IS NULL LIMIT 1 [ RunTime:0.000219s ]
[ sql ] [ SQL ] SELECT `id`,`username`,`mobile`,`sex`,`birthday`,`avatar`,`nickname`,`balance`,`point`,`grade`,`status`,`pid`,`password`,`ctime`,`remarks`,`area_id`,`tiyan`,`num_point`,`exp` FROM `wb_user` WHERE (  `id` = 1 ) AND `wb_user`.`isdel` IS NULL LIMIT 1 [ RunTime:0.000723s ]
[ sql ] [ SQL ] SHOW COLUMNS FROM `wb_user_grade` [ RunTime:0.000512s ]
[ sql ] [ SQL ] SELECT * FROM `wb_user_grade` WHERE  `id` = 3 [ RunTime:0.000189s ]
[ sql ] [ SQL ] SELECT * FROM `wb_user_grade` WHERE  `id` = 3 LIMIT 1 [ RunTime:0.000184s ]
---------------------------------------------------------------
[2026-04-01T18:05:42+08:00] 127.0.0.1 POST www.jiwankang.com/api.html
[运行时间：0.055191s] [吞吐率：18.12req/s] [内存消耗：5,233.71kb] [文件加载：107]
[ info ] [ LANG ] E:\wwwroot\2026\04\jiwankang\thinkphp\lang\zh-cn.php
[ info ] [ ROUTE ] array (
)
[ info ] [ HEADER ] array (
  'referer' => 'http://localhost:8080/',
  'origin' => 'http://localhost:8080',
  'content-type' => 'application/json',
  'accept-language' => 'zh-CN,zh;q=0.9',
  'accept-encoding' => 'gzip, deflate',
  'accept' => 'application/json',
  'content-length' => '114',
  'user-agent' => 'Mozilla/5.0 (iPhone; CPU iPhone OS 18_5 like Mac OS X) AppleWebKit/605.1.15 (KHTML, like Gecko) Version/18.5 Mobile/15E148 Safari/604.1',
  'host' => 'www.jiwankang.com',
)
[ info ] [ PARAM ] array (
  'ids' => '1,2,3,4',
  'isAfterSale' => '1',
  'token' => 'c44ff269142cc0000a5aab51e13546e0',
  'method' => 'order.getorderstatusnum',
)
[ info ] [ DB ] INIT mysql
[ sql ] [ DB ] CONNECT:[ UseTime:0.001054s ] mysql:host=127.0.0.1;port=3306;dbname=jiwankang;charset=utf8mb4
[ sql ] [ SQL ] SHOW COLUMNS FROM `wb_user` [ RunTime:0.000645s ]
[ sql ] [ SQL ] SELECT * FROM `wb_user` WHERE (  `id` = 1 ) AND `wb_user`.`isdel` IS NULL LIMIT 1 [ RunTime:0.000371s ]
[ sql ] [ SQL ] SHOW COLUMNS FROM `wb_order` [ RunTime:0.001661s ]
[ sql ] [ SQL ] SELECT COUNT(*) AS tp_count FROM `wb_order` WHERE (  `user_id` = 1  AND `status` = 1  AND `pay_status` = 1 ) AND `wb_order`.`isdel` IS NULL LIMIT 1 [ RunTime:0.000848s ]
[ sql ] [ SQL ] SELECT COUNT(*) AS tp_count FROM `wb_order` WHERE (  `user_id` = 1  AND `status` = 1  AND `pay_status` <> 1  AND `ship_status` IN (1,2) ) AND `wb_order`.`isdel` IS NULL LIMIT 1 [ RunTime:0.000641s ]
[ sql ] [ SQL ] SELECT COUNT(*) AS tp_count FROM `wb_order` WHERE (  `user_id` = 1  AND `status` = 1  AND `ship_status` IN (3,2)  AND `confirm` = 1 ) AND `wb_order`.`isdel` IS NULL LIMIT 1 [ RunTime:0.000441s ]
[ sql ] [ SQL ] SELECT COUNT(*) AS tp_count FROM `wb_order` WHERE (  `user_id` = 1  AND `status` = 1  AND `pay_status` <> 1  AND `ship_status` <> 1  AND `confirm` = 2  AND `is_comment` = 1 ) AND `wb_order`.`isdel` IS NULL LIMIT 1 [ RunTime:0.000372s ]
[ sql ] [ SQL ] SHOW COLUMNS FROM `wb_bill_aftersales` [ RunTime:0.000867s ]
[ sql ] [ SQL ] SELECT COUNT(*) AS tp_count FROM `wb_bill_aftersales` WHERE  `user_id` = 1  AND `status` IN (1) LIMIT 1 [ RunTime:0.000293s ]
[ sql ] [ SQL ] SHOW COLUMNS FROM `wb_coupon` [ RunTime:0.000872s ]
[ sql ] [ SQL ] SELECT COUNT(*) AS tp_count FROM `wb_coupon` `c` INNER JOIN `wb_promotion` `p` ON `p`.`id`=`c`.`promotion_id` WHERE  `p`.`type` = '2'  AND `p`.`status` = '1'  AND `c`.`user_id` = '1'  AND `c`.`is_used` = '1'  AND ( (c.endtime = 0 and p.etime >= 1775037942) or (c.endtime >=1775037942) ) LIMIT 1 [ RunTime:0.000563s ]
---------------------------------------------------------------
[2026-04-01T18:06:26+08:00] 127.0.0.1 OPTIONS www.jiwankang.com/api.html
[运行时间：0.023328s] [吞吐率：42.87req/s] [内存消耗：3,009.21kb] [文件加载：89]
[ info ] [ LANG ] E:\wwwroot\2026\04\jiwankang\thinkphp\lang\zh-cn.php
[ info ] [ ROUTE ] array (
)
[ info ] [ HEADER ] array (
  'sec-fetch-mode' => 'cors',
  'referer' => 'http://localhost:8080/',
  'origin' => 'http://localhost:8080',
  'access-control-request-method' => 'POST',
  'access-control-request-headers' => 'content-type',
  'accept-language' => 'zh-CN,zh;q=0.9',
  'accept-encoding' => 'gzip, deflate',
  'accept' => '*/*',
  'user-agent' => 'Mozilla/5.0 (iPhone; CPU iPhone OS 18_5 like Mac OS X) AppleWebKit/605.1.15 (KHTML, like Gecko) Version/18.5 Mobile/15E148 Safari/604.1',
  'host' => 'www.jiwankang.com',
  'content-length' => '',
  'content-type' => '',
)
[ info ] [ PARAM ] array (
)
---------------------------------------------------------------
[2026-04-01T18:06:26+08:00] 127.0.0.1 POST www.jiwankang.com/api.html
[运行时间：0.056661s] [吞吐率：17.65req/s] [内存消耗：4,820.80kb] [文件加载：107]
[ info ] [ LANG ] E:\wwwroot\2026\04\jiwankang\thinkphp\lang\zh-cn.php
[ info ] [ ROUTE ] array (
)
[ info ] [ HEADER ] array (
  'referer' => 'http://localhost:8080/',
  'origin' => 'http://localhost:8080',
  'content-type' => 'application/json',
  'accept-language' => 'zh-CN,zh;q=0.9',
  'accept-encoding' => 'gzip, deflate',
  'accept' => 'application/json',
  'content-length' => '65',
  'user-agent' => 'Mozilla/5.0 (iPhone; CPU iPhone OS 18_5 like Mac OS X) AppleWebKit/605.1.15 (KHTML, like Gecko) Version/18.5 Mobile/15E148 Safari/604.1',
  'host' => 'www.jiwankang.com',
)
[ info ] [ PARAM ] array (
  'token' => 'c44ff269142cc0000a5aab51e13546e0',
  'method' => 'user.info',
)
[ info ] [ DB ] INIT mysql
[ sql ] [ DB ] CONNECT:[ UseTime:0.022916s ] mysql:host=127.0.0.1;port=3306;dbname=jiwankang;charset=utf8mb4
[ sql ] [ SQL ] SHOW COLUMNS FROM `wb_user` [ RunTime:0.001634s ]
[ sql ] [ SQL ] SELECT * FROM `wb_user` WHERE (  `id` = 1 ) AND `wb_user`.`isdel` IS NULL LIMIT 1 [ RunTime:0.001145s ]
[ sql ] [ SQL ] SELECT `id`,`username`,`mobile`,`sex`,`birthday`,`avatar`,`nickname`,`balance`,`point`,`grade`,`status`,`pid`,`password`,`ctime`,`remarks`,`area_id`,`tiyan`,`num_point`,`exp` FROM `wb_user` WHERE (  `id` = 1 ) AND `wb_user`.`isdel` IS NULL LIMIT 1 [ RunTime:0.000262s ]
[ sql ] [ SQL ] SHOW COLUMNS FROM `wb_user_grade` [ RunTime:0.000408s ]
[ sql ] [ SQL ] SELECT * FROM `wb_user_grade` WHERE  `id` = 3 [ RunTime:0.000113s ]
[ sql ] [ SQL ] SELECT * FROM `wb_user_grade` WHERE  `id` = 3 LIMIT 1 [ RunTime:0.000110s ]
---------------------------------------------------------------
[2026-04-01T18:06:26+08:00] 127.0.0.1 POST www.jiwankang.com/api.html
[运行时间：0.033261s] [吞吐率：30.07req/s] [内存消耗：5,233.71kb] [文件加载：107]
[ info ] [ LANG ] E:\wwwroot\2026\04\jiwankang\thinkphp\lang\zh-cn.php
[ info ] [ ROUTE ] array (
)
[ info ] [ HEADER ] array (
  'referer' => 'http://localhost:8080/',
  'origin' => 'http://localhost:8080',
  'content-type' => 'application/json',
  'accept-language' => 'zh-CN,zh;q=0.9',
  'accept-encoding' => 'gzip, deflate',
  'accept' => 'application/json',
  'content-length' => '114',
  'user-agent' => 'Mozilla/5.0 (iPhone; CPU iPhone OS 18_5 like Mac OS X) AppleWebKit/605.1.15 (KHTML, like Gecko) Version/18.5 Mobile/15E148 Safari/604.1',
  'host' => 'www.jiwankang.com',
)
[ info ] [ PARAM ] array (
  'ids' => '1,2,3,4',
  'isAfterSale' => '1',
  'token' => 'c44ff269142cc0000a5aab51e13546e0',
  'method' => 'order.getorderstatusnum',
)
[ info ] [ DB ] INIT mysql
[ sql ] [ DB ] CONNECT:[ UseTime:0.000734s ] mysql:host=127.0.0.1;port=3306;dbname=jiwankang;charset=utf8mb4
[ sql ] [ SQL ] SHOW COLUMNS FROM `wb_user` [ RunTime:0.000597s ]
[ sql ] [ SQL ] SELECT * FROM `wb_user` WHERE (  `id` = 1 ) AND `wb_user`.`isdel` IS NULL LIMIT 1 [ RunTime:0.000249s ]
[ sql ] [ SQL ] SHOW COLUMNS FROM `wb_order` [ RunTime:0.000795s ]
[ sql ] [ SQL ] SELECT COUNT(*) AS tp_count FROM `wb_order` WHERE (  `user_id` = 1  AND `status` = 1  AND `pay_status` = 1 ) AND `wb_order`.`isdel` IS NULL LIMIT 1 [ RunTime:0.000334s ]
[ sql ] [ SQL ] SELECT COUNT(*) AS tp_count FROM `wb_order` WHERE (  `user_id` = 1  AND `status` = 1  AND `pay_status` <> 1  AND `ship_status` IN (1,2) ) AND `wb_order`.`isdel` IS NULL LIMIT 1 [ RunTime:0.000255s ]
[ sql ] [ SQL ] SELECT COUNT(*) AS tp_count FROM `wb_order` WHERE (  `user_id` = 1  AND `status` = 1  AND `ship_status` IN (3,2)  AND `confirm` = 1 ) AND `wb_order`.`isdel` IS NULL LIMIT 1 [ RunTime:0.000262s ]
[ sql ] [ SQL ] SELECT COUNT(*) AS tp_count FROM `wb_order` WHERE (  `user_id` = 1  AND `status` = 1  AND `pay_status` <> 1  AND `ship_status` <> 1  AND `confirm` = 2  AND `is_comment` = 1 ) AND `wb_order`.`isdel` IS NULL LIMIT 1 [ RunTime:0.000116s ]
[ sql ] [ SQL ] SHOW COLUMNS FROM `wb_bill_aftersales` [ RunTime:0.000323s ]
[ sql ] [ SQL ] SELECT COUNT(*) AS tp_count FROM `wb_bill_aftersales` WHERE  `user_id` = 1  AND `status` IN (1) LIMIT 1 [ RunTime:0.000112s ]
[ sql ] [ SQL ] SHOW COLUMNS FROM `wb_coupon` [ RunTime:0.000316s ]
[ sql ] [ SQL ] SELECT COUNT(*) AS tp_count FROM `wb_coupon` `c` INNER JOIN `wb_promotion` `p` ON `p`.`id`=`c`.`promotion_id` WHERE  `p`.`type` = '2'  AND `p`.`status` = '1'  AND `c`.`user_id` = '1'  AND `c`.`is_used` = '1'  AND ( (c.endtime = 0 and p.etime >= 1775037986) or (c.endtime >=1775037986) ) LIMIT 1 [ RunTime:0.000292s ]
---------------------------------------------------------------
[2026-04-01T18:06:42+08:00] 127.0.0.1 OPTIONS www.jiwankang.com/api.html
[运行时间：0.018474s] [吞吐率：54.13req/s] [内存消耗：3,009.21kb] [文件加载：89]
[ info ] [ LANG ] E:\wwwroot\2026\04\jiwankang\thinkphp\lang\zh-cn.php
[ info ] [ ROUTE ] array (
)
[ info ] [ HEADER ] array (
  'sec-fetch-mode' => 'cors',
  'referer' => 'http://localhost:8080/',
  'origin' => 'http://localhost:8080',
  'access-control-request-method' => 'POST',
  'access-control-request-headers' => 'content-type',
  'accept-language' => 'zh-CN,zh;q=0.9',
  'accept-encoding' => 'gzip, deflate',
  'accept' => '*/*',
  'user-agent' => 'Mozilla/5.0 (iPhone; CPU iPhone OS 18_5 like Mac OS X) AppleWebKit/605.1.15 (KHTML, like Gecko) Version/18.5 Mobile/15E148 Safari/604.1',
  'host' => 'www.jiwankang.com',
  'content-length' => '',
  'content-type' => '',
)
[ info ] [ PARAM ] array (
)
---------------------------------------------------------------
[2026-04-01T18:06:42+08:00] 127.0.0.1 POST www.jiwankang.com/api.html
[运行时间：0.029982s] [吞吐率：33.35req/s] [内存消耗：4,820.80kb] [文件加载：107]
[ info ] [ LANG ] E:\wwwroot\2026\04\jiwankang\thinkphp\lang\zh-cn.php
[ info ] [ ROUTE ] array (
)
[ info ] [ HEADER ] array (
  'referer' => 'http://localhost:8080/',
  'origin' => 'http://localhost:8080',
  'content-type' => 'application/json',
  'accept-language' => 'zh-CN,zh;q=0.9',
  'accept-encoding' => 'gzip, deflate',
  'accept' => 'application/json',
  'content-length' => '65',
  'user-agent' => 'Mozilla/5.0 (iPhone; CPU iPhone OS 18_5 like Mac OS X) AppleWebKit/605.1.15 (KHTML, like Gecko) Version/18.5 Mobile/15E148 Safari/604.1',
  'host' => 'www.jiwankang.com',
)
[ info ] [ PARAM ] array (
  'token' => 'c44ff269142cc0000a5aab51e13546e0',
  'method' => 'user.info',
)
[ info ] [ DB ] INIT mysql
[ sql ] [ DB ] CONNECT:[ UseTime:0.000906s ] mysql:host=127.0.0.1;port=3306;dbname=jiwankang;charset=utf8mb4
[ sql ] [ SQL ] SHOW COLUMNS FROM `wb_user` [ RunTime:0.000597s ]
[ sql ] [ SQL ] SELECT * FROM `wb_user` WHERE (  `id` = 1 ) AND `wb_user`.`isdel` IS NULL LIMIT 1 [ RunTime:0.000315s ]
[ sql ] [ SQL ] SELECT `id`,`username`,`mobile`,`sex`,`birthday`,`avatar`,`nickname`,`balance`,`point`,`grade`,`status`,`pid`,`password`,`ctime`,`remarks`,`area_id`,`tiyan`,`num_point`,`exp` FROM `wb_user` WHERE (  `id` = 1 ) AND `wb_user`.`isdel` IS NULL LIMIT 1 [ RunTime:0.000261s ]
[ sql ] [ SQL ] SHOW COLUMNS FROM `wb_user_grade` [ RunTime:0.001006s ]
[ sql ] [ SQL ] SELECT * FROM `wb_user_grade` WHERE  `id` = 3 [ RunTime:0.000139s ]
[ sql ] [ SQL ] SELECT * FROM `wb_user_grade` WHERE  `id` = 3 LIMIT 1 [ RunTime:0.000109s ]
---------------------------------------------------------------
[2026-04-01T18:06:42+08:00] 127.0.0.1 POST www.jiwankang.com/api.html
[运行时间：0.033649s] [吞吐率：29.72req/s] [内存消耗：5,233.71kb] [文件加载：107]
[ info ] [ LANG ] E:\wwwroot\2026\04\jiwankang\thinkphp\lang\zh-cn.php
[ info ] [ ROUTE ] array (
)
[ info ] [ HEADER ] array (
  'referer' => 'http://localhost:8080/',
  'origin' => 'http://localhost:8080',
  'content-type' => 'application/json',
  'accept-language' => 'zh-CN,zh;q=0.9',
  'accept-encoding' => 'gzip, deflate',
  'accept' => 'application/json',
  'content-length' => '114',
  'user-agent' => 'Mozilla/5.0 (iPhone; CPU iPhone OS 18_5 like Mac OS X) AppleWebKit/605.1.15 (KHTML, like Gecko) Version/18.5 Mobile/15E148 Safari/604.1',
  'host' => 'www.jiwankang.com',
)
[ info ] [ PARAM ] array (
  'ids' => '1,2,3,4',
  'isAfterSale' => '1',
  'token' => 'c44ff269142cc0000a5aab51e13546e0',
  'method' => 'order.getorderstatusnum',
)
[ info ] [ DB ] INIT mysql
[ sql ] [ DB ] CONNECT:[ UseTime:0.000701s ] mysql:host=127.0.0.1;port=3306;dbname=jiwankang;charset=utf8mb4
[ sql ] [ SQL ] SHOW COLUMNS FROM `wb_user` [ RunTime:0.000612s ]
[ sql ] [ SQL ] SELECT * FROM `wb_user` WHERE (  `id` = 1 ) AND `wb_user`.`isdel` IS NULL LIMIT 1 [ RunTime:0.000212s ]
[ sql ] [ SQL ] SHOW COLUMNS FROM `wb_order` [ RunTime:0.000474s ]
[ sql ] [ SQL ] SELECT COUNT(*) AS tp_count FROM `wb_order` WHERE (  `user_id` = 1  AND `status` = 1  AND `pay_status` = 1 ) AND `wb_order`.`isdel` IS NULL LIMIT 1 [ RunTime:0.000162s ]
[ sql ] [ SQL ] SELECT COUNT(*) AS tp_count FROM `wb_order` WHERE (  `user_id` = 1  AND `status` = 1  AND `pay_status` <> 1  AND `ship_status` IN (1,2) ) AND `wb_order`.`isdel` IS NULL LIMIT 1 [ RunTime:0.000115s ]
[ sql ] [ SQL ] SELECT COUNT(*) AS tp_count FROM `wb_order` WHERE (  `user_id` = 1  AND `status` = 1  AND `ship_status` IN (3,2)  AND `confirm` = 1 ) AND `wb_order`.`isdel` IS NULL LIMIT 1 [ RunTime:0.000094s ]
[ sql ] [ SQL ] SELECT COUNT(*) AS tp_count FROM `wb_order` WHERE (  `user_id` = 1  AND `status` = 1  AND `pay_status` <> 1  AND `ship_status` <> 1  AND `confirm` = 2  AND `is_comment` = 1 ) AND `wb_order`.`isdel` IS NULL LIMIT 1 [ RunTime:0.000142s ]
[ sql ] [ SQL ] SHOW COLUMNS FROM `wb_bill_aftersales` [ RunTime:0.000896s ]
[ sql ] [ SQL ] SELECT COUNT(*) AS tp_count FROM `wb_bill_aftersales` WHERE  `user_id` = 1  AND `status` IN (1) LIMIT 1 [ RunTime:0.000119s ]
[ sql ] [ SQL ] SHOW COLUMNS FROM `wb_coupon` [ RunTime:0.000864s ]
[ sql ] [ SQL ] SELECT COUNT(*) AS tp_count FROM `wb_coupon` `c` INNER JOIN `wb_promotion` `p` ON `p`.`id`=`c`.`promotion_id` WHERE  `p`.`type` = '2'  AND `p`.`status` = '1'  AND `c`.`user_id` = '1'  AND `c`.`is_used` = '1'  AND ( (c.endtime = 0 and p.etime >= 1775038002) or (c.endtime >=1775038002) ) LIMIT 1 [ RunTime:0.000805s ]
---------------------------------------------------------------
[2026-04-01T18:08:23+08:00] 127.0.0.1 OPTIONS www.jiwankang.com/api.html
[运行时间：0.023494s] [吞吐率：42.56req/s] [内存消耗：3,009.21kb] [文件加载：89]
[ info ] [ LANG ] E:\wwwroot\2026\04\jiwankang\thinkphp\lang\zh-cn.php
[ info ] [ ROUTE ] array (
)
[ info ] [ HEADER ] array (
  'sec-fetch-mode' => 'cors',
  'referer' => 'http://localhost:8080/',
  'origin' => 'http://localhost:8080',
  'access-control-request-method' => 'POST',
  'access-control-request-headers' => 'content-type',
  'accept-language' => 'zh-CN,zh;q=0.9',
  'accept-encoding' => 'gzip, deflate',
  'accept' => '*/*',
  'user-agent' => 'Mozilla/5.0 (iPhone; CPU iPhone OS 18_5 like Mac OS X) AppleWebKit/605.1.15 (KHTML, like Gecko) Version/18.5 Mobile/15E148 Safari/604.1',
  'host' => 'www.jiwankang.com',
  'content-length' => '',
  'content-type' => '',
)
[ info ] [ PARAM ] array (
)
---------------------------------------------------------------
[2026-04-01T18:08:23+08:00] 127.0.0.1 POST www.jiwankang.com/api.html
[运行时间：0.032818s] [吞吐率：30.47req/s] [内存消耗：4,820.80kb] [文件加载：107]
[ info ] [ LANG ] E:\wwwroot\2026\04\jiwankang\thinkphp\lang\zh-cn.php
[ info ] [ ROUTE ] array (
)
[ info ] [ HEADER ] array (
  'referer' => 'http://localhost:8080/',
  'origin' => 'http://localhost:8080',
  'content-type' => 'application/json',
  'accept-language' => 'zh-CN,zh;q=0.9',
  'accept-encoding' => 'gzip, deflate',
  'accept' => 'application/json',
  'content-length' => '65',
  'user-agent' => 'Mozilla/5.0 (iPhone; CPU iPhone OS 18_5 like Mac OS X) AppleWebKit/605.1.15 (KHTML, like Gecko) Version/18.5 Mobile/15E148 Safari/604.1',
  'host' => 'www.jiwankang.com',
)
[ info ] [ PARAM ] array (
  'token' => 'c44ff269142cc0000a5aab51e13546e0',
  'method' => 'user.info',
)
[ info ] [ DB ] INIT mysql
[ sql ] [ DB ] CONNECT:[ UseTime:0.000861s ] mysql:host=127.0.0.1;port=3306;dbname=jiwankang;charset=utf8mb4
[ sql ] [ SQL ] SHOW COLUMNS FROM `wb_user` [ RunTime:0.000598s ]
[ sql ] [ SQL ] SELECT * FROM `wb_user` WHERE (  `id` = 1 ) AND `wb_user`.`isdel` IS NULL LIMIT 1 [ RunTime:0.000375s ]
[ sql ] [ SQL ] SELECT `id`,`username`,`mobile`,`sex`,`birthday`,`avatar`,`nickname`,`balance`,`point`,`grade`,`status`,`pid`,`password`,`ctime`,`remarks`,`area_id`,`tiyan`,`num_point`,`exp` FROM `wb_user` WHERE (  `id` = 1 ) AND `wb_user`.`isdel` IS NULL LIMIT 1 [ RunTime:0.000271s ]
[ sql ] [ SQL ] SHOW COLUMNS FROM `wb_user_grade` [ RunTime:0.001017s ]
[ sql ] [ SQL ] SELECT * FROM `wb_user_grade` WHERE  `id` = 3 [ RunTime:0.000130s ]
[ sql ] [ SQL ] SELECT * FROM `wb_user_grade` WHERE  `id` = 3 LIMIT 1 [ RunTime:0.000204s ]
---------------------------------------------------------------
[2026-04-01T18:08:23+08:00] 127.0.0.1 POST www.jiwankang.com/api.html
[运行时间：0.032908s] [吞吐率：30.39req/s] [内存消耗：5,233.71kb] [文件加载：107]
[ info ] [ LANG ] E:\wwwroot\2026\04\jiwankang\thinkphp\lang\zh-cn.php
[ info ] [ ROUTE ] array (
)
[ info ] [ HEADER ] array (
  'referer' => 'http://localhost:8080/',
  'origin' => 'http://localhost:8080',
  'content-type' => 'application/json',
  'accept-language' => 'zh-CN,zh;q=0.9',
  'accept-encoding' => 'gzip, deflate',
  'accept' => 'application/json',
  'content-length' => '114',
  'user-agent' => 'Mozilla/5.0 (iPhone; CPU iPhone OS 18_5 like Mac OS X) AppleWebKit/605.1.15 (KHTML, like Gecko) Version/18.5 Mobile/15E148 Safari/604.1',
  'host' => 'www.jiwankang.com',
)
[ info ] [ PARAM ] array (
  'ids' => '1,2,3,4',
  'isAfterSale' => '1',
  'token' => 'c44ff269142cc0000a5aab51e13546e0',
  'method' => 'order.getorderstatusnum',
)
[ info ] [ DB ] INIT mysql
[ sql ] [ DB ] CONNECT:[ UseTime:0.000720s ] mysql:host=127.0.0.1;port=3306;dbname=jiwankang;charset=utf8mb4
[ sql ] [ SQL ] SHOW COLUMNS FROM `wb_user` [ RunTime:0.000675s ]
[ sql ] [ SQL ] SELECT * FROM `wb_user` WHERE (  `id` = 1 ) AND `wb_user`.`isdel` IS NULL LIMIT 1 [ RunTime:0.000338s ]
[ sql ] [ SQL ] SHOW COLUMNS FROM `wb_order` [ RunTime:0.000517s ]
[ sql ] [ SQL ] SELECT COUNT(*) AS tp_count FROM `wb_order` WHERE (  `user_id` = 1  AND `status` = 1  AND `pay_status` = 1 ) AND `wb_order`.`isdel` IS NULL LIMIT 1 [ RunTime:0.000288s ]
[ sql ] [ SQL ] SELECT COUNT(*) AS tp_count FROM `wb_order` WHERE (  `user_id` = 1  AND `status` = 1  AND `pay_status` <> 1  AND `ship_status` IN (1,2) ) AND `wb_order`.`isdel` IS NULL LIMIT 1 [ RunTime:0.000134s ]
[ sql ] [ SQL ] SELECT COUNT(*) AS tp_count FROM `wb_order` WHERE (  `user_id` = 1  AND `status` = 1  AND `ship_status` IN (3,2)  AND `confirm` = 1 ) AND `wb_order`.`isdel` IS NULL LIMIT 1 [ RunTime:0.000095s ]
[ sql ] [ SQL ] SELECT COUNT(*) AS tp_count FROM `wb_order` WHERE (  `user_id` = 1  AND `status` = 1  AND `pay_status` <> 1  AND `ship_status` <> 1  AND `confirm` = 2  AND `is_comment` = 1 ) AND `wb_order`.`isdel` IS NULL LIMIT 1 [ RunTime:0.000177s ]
[ sql ] [ SQL ] SHOW COLUMNS FROM `wb_bill_aftersales` [ RunTime:0.000937s ]
[ sql ] [ SQL ] SELECT COUNT(*) AS tp_count FROM `wb_bill_aftersales` WHERE  `user_id` = 1  AND `status` IN (1) LIMIT 1 [ RunTime:0.000129s ]
[ sql ] [ SQL ] SHOW COLUMNS FROM `wb_coupon` [ RunTime:0.000306s ]
[ sql ] [ SQL ] SELECT COUNT(*) AS tp_count FROM `wb_coupon` `c` INNER JOIN `wb_promotion` `p` ON `p`.`id`=`c`.`promotion_id` WHERE  `p`.`type` = '2'  AND `p`.`status` = '1'  AND `c`.`user_id` = '1'  AND `c`.`is_used` = '1'  AND ( (c.endtime = 0 and p.etime >= 1775038103) or (c.endtime >=1775038103) ) LIMIT 1 [ RunTime:0.000198s ]
---------------------------------------------------------------
[2026-04-01T18:09:13+08:00] 127.0.0.1 OPTIONS www.jiwankang.com/api.html
[运行时间：0.024640s] [吞吐率：40.58req/s] [内存消耗：3,009.21kb] [文件加载：89]
[ info ] [ LANG ] E:\wwwroot\2026\04\jiwankang\thinkphp\lang\zh-cn.php
[ info ] [ ROUTE ] array (
)
[ info ] [ HEADER ] array (
  'sec-fetch-mode' => 'cors',
  'referer' => 'http://localhost:8080/',
  'origin' => 'http://localhost:8080',
  'access-control-request-method' => 'POST',
  'access-control-request-headers' => 'content-type',
  'accept-language' => 'zh-CN,zh;q=0.9',
  'accept-encoding' => 'gzip, deflate',
  'accept' => '*/*',
  'user-agent' => 'Mozilla/5.0 (iPhone; CPU iPhone OS 18_5 like Mac OS X) AppleWebKit/605.1.15 (KHTML, like Gecko) Version/18.5 Mobile/15E148 Safari/604.1',
  'host' => 'www.jiwankang.com',
  'content-length' => '',
  'content-type' => '',
)
[ info ] [ PARAM ] array (
)
---------------------------------------------------------------
[2026-04-01T18:09:13+08:00] 127.0.0.1 POST www.jiwankang.com/api.html
[运行时间：0.029528s] [吞吐率：33.87req/s] [内存消耗：4,820.80kb] [文件加载：107]
[ info ] [ LANG ] E:\wwwroot\2026\04\jiwankang\thinkphp\lang\zh-cn.php
[ info ] [ ROUTE ] array (
)
[ info ] [ HEADER ] array (
  'referer' => 'http://localhost:8080/',
  'origin' => 'http://localhost:8080',
  'content-type' => 'application/json',
  'accept-language' => 'zh-CN,zh;q=0.9',
  'accept-encoding' => 'gzip, deflate',
  'accept' => 'application/json',
  'content-length' => '65',
  'user-agent' => 'Mozilla/5.0 (iPhone; CPU iPhone OS 18_5 like Mac OS X) AppleWebKit/605.1.15 (KHTML, like Gecko) Version/18.5 Mobile/15E148 Safari/604.1',
  'host' => 'www.jiwankang.com',
)
[ info ] [ PARAM ] array (
  'token' => 'c44ff269142cc0000a5aab51e13546e0',
  'method' => 'user.info',
)
[ info ] [ DB ] INIT mysql
[ sql ] [ DB ] CONNECT:[ UseTime:0.000639s ] mysql:host=127.0.0.1;port=3306;dbname=jiwankang;charset=utf8mb4
[ sql ] [ SQL ] SHOW COLUMNS FROM `wb_user` [ RunTime:0.000552s ]
[ sql ] [ SQL ] SELECT * FROM `wb_user` WHERE (  `id` = 1 ) AND `wb_user`.`isdel` IS NULL LIMIT 1 [ RunTime:0.000189s ]
[ sql ] [ SQL ] SELECT `id`,`username`,`mobile`,`sex`,`birthday`,`avatar`,`nickname`,`balance`,`point`,`grade`,`status`,`pid`,`password`,`ctime`,`remarks`,`area_id`,`tiyan`,`num_point`,`exp` FROM `wb_user` WHERE (  `id` = 1 ) AND `wb_user`.`isdel` IS NULL LIMIT 1 [ RunTime:0.000145s ]
[ sql ] [ SQL ] SHOW COLUMNS FROM `wb_user_grade` [ RunTime:0.000867s ]
[ sql ] [ SQL ] SELECT * FROM `wb_user_grade` WHERE  `id` = 3 [ RunTime:0.000112s ]
[ sql ] [ SQL ] SELECT * FROM `wb_user_grade` WHERE  `id` = 3 LIMIT 1 [ RunTime:0.000104s ]
---------------------------------------------------------------
[2026-04-01T18:09:13+08:00] 127.0.0.1 POST www.jiwankang.com/api.html
[运行时间：0.038082s] [吞吐率：26.26req/s] [内存消耗：5,233.71kb] [文件加载：107]
[ info ] [ LANG ] E:\wwwroot\2026\04\jiwankang\thinkphp\lang\zh-cn.php
[ info ] [ ROUTE ] array (
)
[ info ] [ HEADER ] array (
  'referer' => 'http://localhost:8080/',
  'origin' => 'http://localhost:8080',
  'content-type' => 'application/json',
  'accept-language' => 'zh-CN,zh;q=0.9',
  'accept-encoding' => 'gzip, deflate',
  'accept' => 'application/json',
  'content-length' => '114',
  'user-agent' => 'Mozilla/5.0 (iPhone; CPU iPhone OS 18_5 like Mac OS X) AppleWebKit/605.1.15 (KHTML, like Gecko) Version/18.5 Mobile/15E148 Safari/604.1',
  'host' => 'www.jiwankang.com',
)
[ info ] [ PARAM ] array (
  'ids' => '1,2,3,4',
  'isAfterSale' => '1',
  'token' => 'c44ff269142cc0000a5aab51e13546e0',
  'method' => 'order.getorderstatusnum',
)
[ info ] [ DB ] INIT mysql
[ sql ] [ DB ] CONNECT:[ UseTime:0.000705s ] mysql:host=127.0.0.1;port=3306;dbname=jiwankang;charset=utf8mb4
[ sql ] [ SQL ] SHOW COLUMNS FROM `wb_user` [ RunTime:0.000708s ]
[ sql ] [ SQL ] SELECT * FROM `wb_user` WHERE (  `id` = 1 ) AND `wb_user`.`isdel` IS NULL LIMIT 1 [ RunTime:0.000207s ]
[ sql ] [ SQL ] SHOW COLUMNS FROM `wb_order` [ RunTime:0.001041s ]
[ sql ] [ SQL ] SELECT COUNT(*) AS tp_count FROM `wb_order` WHERE (  `user_id` = 1  AND `status` = 1  AND `pay_status` = 1 ) AND `wb_order`.`isdel` IS NULL LIMIT 1 [ RunTime:0.000154s ]
[ sql ] [ SQL ] SELECT COUNT(*) AS tp_count FROM `wb_order` WHERE (  `user_id` = 1  AND `status` = 1  AND `pay_status` <> 1  AND `ship_status` IN (1,2) ) AND `wb_order`.`isdel` IS NULL LIMIT 1 [ RunTime:0.000119s ]
[ sql ] [ SQL ] SELECT COUNT(*) AS tp_count FROM `wb_order` WHERE (  `user_id` = 1  AND `status` = 1  AND `ship_status` IN (3,2)  AND `confirm` = 1 ) AND `wb_order`.`isdel` IS NULL LIMIT 1 [ RunTime:0.000093s ]
[ sql ] [ SQL ] SELECT COUNT(*) AS tp_count FROM `wb_order` WHERE (  `user_id` = 1  AND `status` = 1  AND `pay_status` <> 1  AND `ship_status` <> 1  AND `confirm` = 2  AND `is_comment` = 1 ) AND `wb_order`.`isdel` IS NULL LIMIT 1 [ RunTime:0.000089s ]
[ sql ] [ SQL ] SHOW COLUMNS FROM `wb_bill_aftersales` [ RunTime:0.000929s ]
[ sql ] [ SQL ] SELECT COUNT(*) AS tp_count FROM `wb_bill_aftersales` WHERE  `user_id` = 1  AND `status` IN (1) LIMIT 1 [ RunTime:0.000127s ]
[ sql ] [ SQL ] SHOW COLUMNS FROM `wb_coupon` [ RunTime:0.000819s ]
[ sql ] [ SQL ] SELECT COUNT(*) AS tp_count FROM `wb_coupon` `c` INNER JOIN `wb_promotion` `p` ON `p`.`id`=`c`.`promotion_id` WHERE  `p`.`type` = '2'  AND `p`.`status` = '1'  AND `c`.`user_id` = '1'  AND `c`.`is_used` = '1'  AND ( (c.endtime = 0 and p.etime >= 1775038153) or (c.endtime >=1775038153) ) LIMIT 1 [ RunTime:0.000221s ]
---------------------------------------------------------------
[2026-04-01T18:11:43+08:00] 127.0.0.1 OPTIONS www.jiwankang.com/api.html
[运行时间：0.024582s] [吞吐率：40.68req/s] [内存消耗：3,009.21kb] [文件加载：89]
[ info ] [ LANG ] E:\wwwroot\2026\04\jiwankang\thinkphp\lang\zh-cn.php
[ info ] [ ROUTE ] array (
)
[ info ] [ HEADER ] array (
  'sec-fetch-mode' => 'cors',
  'referer' => 'http://localhost:8080/',
  'origin' => 'http://localhost:8080',
  'access-control-request-method' => 'POST',
  'access-control-request-headers' => 'content-type',
  'accept-language' => 'zh-CN,zh;q=0.9',
  'accept-encoding' => 'gzip, deflate',
  'accept' => '*/*',
  'user-agent' => 'Mozilla/5.0 (iPhone; CPU iPhone OS 18_5 like Mac OS X) AppleWebKit/605.1.15 (KHTML, like Gecko) Version/18.5 Mobile/15E148 Safari/604.1',
  'host' => 'www.jiwankang.com',
  'content-length' => '',
  'content-type' => '',
)
[ info ] [ PARAM ] array (
)
---------------------------------------------------------------
[2026-04-01T18:11:43+08:00] 127.0.0.1 POST www.jiwankang.com/api.html
[运行时间：0.043237s] [吞吐率：23.13req/s] [内存消耗：4,820.80kb] [文件加载：107]
[ info ] [ LANG ] E:\wwwroot\2026\04\jiwankang\thinkphp\lang\zh-cn.php
[ info ] [ ROUTE ] array (
)
[ info ] [ HEADER ] array (
  'referer' => 'http://localhost:8080/',
  'origin' => 'http://localhost:8080',
  'content-type' => 'application/json',
  'accept-language' => 'zh-CN,zh;q=0.9',
  'accept-encoding' => 'gzip, deflate',
  'accept' => 'application/json',
  'content-length' => '65',
  'user-agent' => 'Mozilla/5.0 (iPhone; CPU iPhone OS 18_5 like Mac OS X) AppleWebKit/605.1.15 (KHTML, like Gecko) Version/18.5 Mobile/15E148 Safari/604.1',
  'host' => 'www.jiwankang.com',
)
[ info ] [ PARAM ] array (
  'token' => 'c44ff269142cc0000a5aab51e13546e0',
  'method' => 'user.info',
)
[ info ] [ DB ] INIT mysql
[ sql ] [ DB ] CONNECT:[ UseTime:0.001807s ] mysql:host=127.0.0.1;port=3306;dbname=jiwankang;charset=utf8mb4
[ sql ] [ SQL ] SHOW COLUMNS FROM `wb_user` [ RunTime:0.001280s ]
[ sql ] [ SQL ] SELECT * FROM `wb_user` WHERE (  `id` = 1 ) AND `wb_user`.`isdel` IS NULL LIMIT 1 [ RunTime:0.000261s ]
[ sql ] [ SQL ] SELECT `id`,`username`,`mobile`,`sex`,`birthday`,`avatar`,`nickname`,`balance`,`point`,`grade`,`status`,`pid`,`password`,`ctime`,`remarks`,`area_id`,`tiyan`,`num_point`,`exp` FROM `wb_user` WHERE (  `id` = 1 ) AND `wb_user`.`isdel` IS NULL LIMIT 1 [ RunTime:0.000297s ]
[ sql ] [ SQL ] SHOW COLUMNS FROM `wb_user_grade` [ RunTime:0.001457s ]
[ sql ] [ SQL ] SELECT * FROM `wb_user_grade` WHERE  `id` = 3 [ RunTime:0.000267s ]
[ sql ] [ SQL ] SELECT * FROM `wb_user_grade` WHERE  `id` = 3 LIMIT 1 [ RunTime:0.000516s ]
---------------------------------------------------------------
[2026-04-01T18:11:43+08:00] 127.0.0.1 POST www.jiwankang.com/api.html
[运行时间：0.038424s] [吞吐率：26.03req/s] [内存消耗：5,233.71kb] [文件加载：107]
[ info ] [ LANG ] E:\wwwroot\2026\04\jiwankang\thinkphp\lang\zh-cn.php
[ info ] [ ROUTE ] array (
)
[ info ] [ HEADER ] array (
  'referer' => 'http://localhost:8080/',
  'origin' => 'http://localhost:8080',
  'content-type' => 'application/json',
  'accept-language' => 'zh-CN,zh;q=0.9',
  'accept-encoding' => 'gzip, deflate',
  'accept' => 'application/json',
  'content-length' => '114',
  'user-agent' => 'Mozilla/5.0 (iPhone; CPU iPhone OS 18_5 like Mac OS X) AppleWebKit/605.1.15 (KHTML, like Gecko) Version/18.5 Mobile/15E148 Safari/604.1',
  'host' => 'www.jiwankang.com',
)
[ info ] [ PARAM ] array (
  'ids' => '1,2,3,4',
  'isAfterSale' => '1',
  'token' => 'c44ff269142cc0000a5aab51e13546e0',
  'method' => 'order.getorderstatusnum',
)
[ info ] [ DB ] INIT mysql
[ sql ] [ DB ] CONNECT:[ UseTime:0.000630s ] mysql:host=127.0.0.1;port=3306;dbname=jiwankang;charset=utf8mb4
[ sql ] [ SQL ] SHOW COLUMNS FROM `wb_user` [ RunTime:0.000553s ]
[ sql ] [ SQL ] SELECT * FROM `wb_user` WHERE (  `id` = 1 ) AND `wb_user`.`isdel` IS NULL LIMIT 1 [ RunTime:0.000278s ]
[ sql ] [ SQL ] SHOW COLUMNS FROM `wb_order` [ RunTime:0.000806s ]
[ sql ] [ SQL ] SELECT COUNT(*) AS tp_count FROM `wb_order` WHERE (  `user_id` = 1  AND `status` = 1  AND `pay_status` = 1 ) AND `wb_order`.`isdel` IS NULL LIMIT 1 [ RunTime:0.000185s ]
[ sql ] [ SQL ] SELECT COUNT(*) AS tp_count FROM `wb_order` WHERE (  `user_id` = 1  AND `status` = 1  AND `pay_status` <> 1  AND `ship_status` IN (1,2) ) AND `wb_order`.`isdel` IS NULL LIMIT 1 [ RunTime:0.000122s ]
[ sql ] [ SQL ] SELECT COUNT(*) AS tp_count FROM `wb_order` WHERE (  `user_id` = 1  AND `status` = 1  AND `ship_status` IN (3,2)  AND `confirm` = 1 ) AND `wb_order`.`isdel` IS NULL LIMIT 1 [ RunTime:0.000094s ]
[ sql ] [ SQL ] SELECT COUNT(*) AS tp_count FROM `wb_order` WHERE (  `user_id` = 1  AND `status` = 1  AND `pay_status` <> 1  AND `ship_status` <> 1  AND `confirm` = 2  AND `is_comment` = 1 ) AND `wb_order`.`isdel` IS NULL LIMIT 1 [ RunTime:0.000102s ]
[ sql ] [ SQL ] SHOW COLUMNS FROM `wb_bill_aftersales` [ RunTime:0.000333s ]
[ sql ] [ SQL ] SELECT COUNT(*) AS tp_count FROM `wb_bill_aftersales` WHERE  `user_id` = 1  AND `status` IN (1) LIMIT 1 [ RunTime:0.000119s ]
[ sql ] [ SQL ] SHOW COLUMNS FROM `wb_coupon` [ RunTime:0.000973s ]
[ sql ] [ SQL ] SELECT COUNT(*) AS tp_count FROM `wb_coupon` `c` INNER JOIN `wb_promotion` `p` ON `p`.`id`=`c`.`promotion_id` WHERE  `p`.`type` = '2'  AND `p`.`status` = '1'  AND `c`.`user_id` = '1'  AND `c`.`is_used` = '1'  AND ( (c.endtime = 0 and p.etime >= 1775038303) or (c.endtime >=1775038303) ) LIMIT 1 [ RunTime:0.000825s ]
---------------------------------------------------------------
[2026-04-01T19:49:16+08:00] 127.0.0.1 OPTIONS www.jiwankang.com/api.html
[运行时间：0.028424s] [吞吐率：35.18req/s] [内存消耗：3,009.21kb] [文件加载：89]
[ info ] [ LANG ] E:\wwwroot\2026\04\jiwankang\thinkphp\lang\zh-cn.php
[ info ] [ ROUTE ] array (
)
[ info ] [ HEADER ] array (
  'sec-fetch-mode' => 'cors',
  'referer' => 'http://localhost:8080/',
  'origin' => 'http://localhost:8080',
  'access-control-request-method' => 'POST',
  'access-control-request-headers' => 'content-type',
  'accept-language' => 'zh-CN,zh;q=0.9',
  'accept-encoding' => 'gzip, deflate',
  'accept' => '*/*',
  'user-agent' => 'Mozilla/5.0 (iPhone; CPU iPhone OS 18_5 like Mac OS X) AppleWebKit/605.1.15 (KHTML, like Gecko) Version/18.5 Mobile/15E148 Safari/604.1',
  'host' => 'www.jiwankang.com',
  'content-length' => '',
  'content-type' => '',
)
[ info ] [ PARAM ] array (
)
---------------------------------------------------------------
[2026-04-01T19:49:17+08:00] 127.0.0.1 POST www.jiwankang.com/api.html
[运行时间：0.045717s] [吞吐率：21.87req/s] [内存消耗：4,820.80kb] [文件加载：107]
[ info ] [ LANG ] E:\wwwroot\2026\04\jiwankang\thinkphp\lang\zh-cn.php
[ info ] [ ROUTE ] array (
)
[ info ] [ HEADER ] array (
  'referer' => 'http://localhost:8080/',
  'origin' => 'http://localhost:8080',
  'content-type' => 'application/json',
  'accept-language' => 'zh-CN,zh;q=0.9',
  'accept-encoding' => 'gzip, deflate',
  'accept' => 'application/json',
  'content-length' => '65',
  'user-agent' => 'Mozilla/5.0 (iPhone; CPU iPhone OS 18_5 like Mac OS X) AppleWebKit/605.1.15 (KHTML, like Gecko) Version/18.5 Mobile/15E148 Safari/604.1',
  'host' => 'www.jiwankang.com',
)
[ info ] [ PARAM ] array (
  'token' => 'c44ff269142cc0000a5aab51e13546e0',
  'method' => 'user.info',
)
[ info ] [ DB ] INIT mysql
[ sql ] [ DB ] CONNECT:[ UseTime:0.001033s ] mysql:host=127.0.0.1;port=3306;dbname=jiwankang;charset=utf8mb4
[ sql ] [ SQL ] SHOW COLUMNS FROM `wb_user` [ RunTime:0.001202s ]
[ sql ] [ SQL ] SELECT * FROM `wb_user` WHERE (  `id` = 1 ) AND `wb_user`.`isdel` IS NULL LIMIT 1 [ RunTime:0.000256s ]
[ sql ] [ SQL ] SELECT `id`,`username`,`mobile`,`sex`,`birthday`,`avatar`,`nickname`,`balance`,`point`,`grade`,`status`,`pid`,`password`,`ctime`,`remarks`,`area_id`,`tiyan`,`num_point`,`exp` FROM `wb_user` WHERE (  `id` = 1 ) AND `wb_user`.`isdel` IS NULL LIMIT 1 [ RunTime:0.000222s ]
[ sql ] [ SQL ] SHOW COLUMNS FROM `wb_user_grade` [ RunTime:0.000854s ]
[ sql ] [ SQL ] SELECT * FROM `wb_user_grade` WHERE  `id` = 3 [ RunTime:0.000148s ]
[ sql ] [ SQL ] SELECT * FROM `wb_user_grade` WHERE  `id` = 3 LIMIT 1 [ RunTime:0.000112s ]
---------------------------------------------------------------
[2026-04-01T19:49:17+08:00] 127.0.0.1 POST www.jiwankang.com/api.html
[运行时间：0.051333s] [吞吐率：19.48req/s] [内存消耗：5,233.74kb] [文件加载：107]
[ info ] [ LANG ] E:\wwwroot\2026\04\jiwankang\thinkphp\lang\zh-cn.php
[ info ] [ ROUTE ] array (
)
[ info ] [ HEADER ] array (
  'referer' => 'http://localhost:8080/',
  'origin' => 'http://localhost:8080',
  'content-type' => 'application/json',
  'accept-language' => 'zh-CN,zh;q=0.9',
  'accept-encoding' => 'gzip, deflate',
  'accept' => 'application/json',
  'content-length' => '114',
  'user-agent' => 'Mozilla/5.0 (iPhone; CPU iPhone OS 18_5 like Mac OS X) AppleWebKit/605.1.15 (KHTML, like Gecko) Version/18.5 Mobile/15E148 Safari/604.1',
  'host' => 'www.jiwankang.com',
)
[ info ] [ PARAM ] array (
  'ids' => '1,2,3,4',
  'isAfterSale' => '1',
  'token' => 'c44ff269142cc0000a5aab51e13546e0',
  'method' => 'order.getorderstatusnum',
)
[ info ] [ DB ] INIT mysql
[ sql ] [ DB ] CONNECT:[ UseTime:0.001072s ] mysql:host=127.0.0.1;port=3306;dbname=jiwankang;charset=utf8mb4
[ sql ] [ SQL ] SHOW COLUMNS FROM `wb_user` [ RunTime:0.000775s ]
[ sql ] [ SQL ] SELECT * FROM `wb_user` WHERE (  `id` = 1 ) AND `wb_user`.`isdel` IS NULL LIMIT 1 [ RunTime:0.000374s ]
[ sql ] [ SQL ] SHOW COLUMNS FROM `wb_order` [ RunTime:0.002084s ]
[ sql ] [ SQL ] SELECT COUNT(*) AS tp_count FROM `wb_order` WHERE (  `user_id` = 1  AND `status` = 1  AND `pay_status` = 1 ) AND `wb_order`.`isdel` IS NULL LIMIT 1 [ RunTime:0.000298s ]
[ sql ] [ SQL ] SELECT COUNT(*) AS tp_count FROM `wb_order` WHERE (  `user_id` = 1  AND `status` = 1  AND `pay_status` <> 1  AND `ship_status` IN (1,2) ) AND `wb_order`.`isdel` IS NULL LIMIT 1 [ RunTime:0.000154s ]
[ sql ] [ SQL ] SELECT COUNT(*) AS tp_count FROM `wb_order` WHERE (  `user_id` = 1  AND `status` = 1  AND `ship_status` IN (3,2)  AND `confirm` = 1 ) AND `wb_order`.`isdel` IS NULL LIMIT 1 [ RunTime:0.000096s ]
[ sql ] [ SQL ] SELECT COUNT(*) AS tp_count FROM `wb_order` WHERE (  `user_id` = 1  AND `status` = 1  AND `pay_status` <> 1  AND `ship_status` <> 1  AND `confirm` = 2  AND `is_comment` = 1 ) AND `wb_order`.`isdel` IS NULL LIMIT 1 [ RunTime:0.000094s ]
[ sql ] [ SQL ] SHOW COLUMNS FROM `wb_bill_aftersales` [ RunTime:0.000592s ]
[ sql ] [ SQL ] SELECT COUNT(*) AS tp_count FROM `wb_bill_aftersales` WHERE  `user_id` = 1  AND `status` IN (1) LIMIT 1 [ RunTime:0.000278s ]
[ sql ] [ SQL ] SHOW COLUMNS FROM `wb_coupon` [ RunTime:0.001695s ]
[ sql ] [ SQL ] SELECT COUNT(*) AS tp_count FROM `wb_coupon` `c` INNER JOIN `wb_promotion` `p` ON `p`.`id`=`c`.`promotion_id` WHERE  `p`.`type` = '2'  AND `p`.`status` = '1'  AND `c`.`user_id` = '1'  AND `c`.`is_used` = '1'  AND ( (c.endtime = 0 and p.etime >= 1775044157) or (c.endtime >=1775044157) ) LIMIT 1 [ RunTime:0.001467s ]
---------------------------------------------------------------
[2026-04-01T19:49:19+08:00] 127.0.0.1 GET www.jiwankang.com/api/common/jshopConf
[运行时间：0.064318s] [吞吐率：15.55req/s] [内存消耗：4,377.34kb] [文件加载：101]
[ info ] [ LANG ] E:\wwwroot\2026\04\jiwankang\thinkphp\lang\zh-cn.php
[ info ] [ ROUTE ] array (
)
[ info ] [ HEADER ] array (
  'referer' => 'http://localhost:8080/',
  'origin' => 'http://localhost:8080',
  'accept-language' => 'zh-CN,zh;q=0.9',
  'accept-encoding' => 'gzip, deflate',
  'accept' => '*/*',
  'user-agent' => 'Mozilla/5.0 (iPhone; CPU iPhone OS 18_5 like Mac OS X) AppleWebKit/605.1.15 (KHTML, like Gecko) Version/18.5 Mobile/15E148 Safari/604.1',
  'host' => 'www.jiwankang.com',
  'content-length' => '',
  'content-type' => '',
)
[ info ] [ PARAM ] array (
)
[ info ] [ DB ] INIT mysql
[ sql ] [ DB ] CONNECT:[ UseTime:0.001151s ] mysql:host=127.0.0.1;port=3306;dbname=jiwankang;charset=utf8mb4
[ sql ] [ SQL ] SHOW COLUMNS FROM `wb_setting` [ RunTime:0.000892s ]
[ sql ] [ SQL ] SELECT * FROM `wb_setting` WHERE  `skey` IN ('shop_logo','shop_name','shop_desc','store_switch','cate_style','cate_type','tocash_money_low','tocash_money_rate','point_switch','statistics_code','recommend_keys','invoice_switch','goods_stocks_warn','shop_default_image','shop_mobile','show_inviter','share_title','share_desc','share_image','about_article_id','ent_id','user_agreement_id','privacy_policy_id','point_rule_id','goods_show_word1','goods_show_word2','shop_beian','open_point_exchange') [ RunTime:0.000567s ]
[ sql ] [ SQL ] SHOW COLUMNS FROM `wb_addons` [ RunTime:0.000744s ]
[ sql ] [ SQL ] SELECT `status` FROM `wb_addons` WHERE  `name` = 'DistributionCenter' LIMIT 1 [ RunTime:0.000270s ]
[ sql ] [ SQL ] SELECT * FROM `wb_setting` WHERE  `skey` = 'shop_default_image' LIMIT 1 [ RunTime:0.000119s ]
[ sql ] [ SQL ] SELECT * FROM `wb_setting` WHERE  `skey` = 'language' LIMIT 1 [ RunTime:0.000145s ]
[ sql ] [ SQL ] SHOW COLUMNS FROM `wb_pages_menu` [ RunTime:0.002326s ]
[ sql ] [ SQL ] SELECT * FROM `wb_pages_menu` WHERE  `pid` = 0 ORDER BY `menu_id` ASC [ RunTime:0.000705s ]
[ sql ] [ SQL ] SELECT * FROM `wb_pages_menu` WHERE  `pid` = 2 ORDER BY `menu_id` DESC [ RunTime:0.000435s ]
[ sql ] [ SQL ] SHOW COLUMNS FROM `wb_images` [ RunTime:0.000874s ]
[ sql ] [ SQL ] SELECT `url` FROM `wb_images` WHERE  `id` = '98ebc1f521934da1d41b35178c0339ae' LIMIT 1 [ RunTime:0.000323s ]
[ sql ] [ SQL ] SELECT `url` FROM `wb_images` WHERE  `id` = '483b8ee6429a680654c454d0fdd6fd5a' LIMIT 1 [ RunTime:0.000207s ]
[ sql ] [ SQL ] SELECT * FROM `wb_pages_menu` WHERE  `pid` = 3 ORDER BY `menu_id` DESC [ RunTime:0.000256s ]
[ sql ] [ SQL ] SELECT `url` FROM `wb_images` WHERE  `id` = 'f4c5604ff4f9d52f88538579aeadfe54' LIMIT 1 [ RunTime:0.000219s ]
[ sql ] [ SQL ] SELECT `url` FROM `wb_images` WHERE  `id` = '70ff17564a360cb74159d82095492ca7' LIMIT 1 [ RunTime:0.000094s ]
[ sql ] [ SQL ] SELECT * FROM `wb_pages_menu` WHERE  `pid` = 4 ORDER BY `menu_id` DESC [ RunTime:0.000115s ]
[ sql ] [ SQL ] SELECT `url` FROM `wb_images` WHERE  `id` = 'ca84a5bb1899cfa2b7d78d2f66025112' LIMIT 1 [ RunTime:0.000076s ]
[ sql ] [ SQL ] SELECT `url` FROM `wb_images` WHERE  `id` = '4602163f525b84fd0de4b080aa256d92' LIMIT 1 [ RunTime:0.000068s ]
[ sql ] [ SQL ] SELECT * FROM `wb_pages_menu` WHERE  `pid` = 5 ORDER BY `menu_id` DESC [ RunTime:0.000088s ]
[ sql ] [ SQL ] SELECT `url` FROM `wb_images` WHERE  `id` = 'af01a9f897c86e59b79aac9fb142701a' LIMIT 1 [ RunTime:0.000069s ]
[ sql ] [ SQL ] SELECT `url` FROM `wb_images` WHERE  `id` = 'b5f7ae2456ad1a01d772a24363e72fa2' LIMIT 1 [ RunTime:0.000072s ]
---------------------------------------------------------------
[2026-04-01T19:49:19+08:00] 127.0.0.1 GET www.jiwankang.com/api/common/jshopconf
[运行时间：0.025090s] [吞吐率：39.86req/s] [内存消耗：3,091.32kb] [文件加载：93]
[ info ] [ LANG ] E:\wwwroot\2026\04\jiwankang\thinkphp\lang\zh-cn.php
[ info ] [ ROUTE ] array (
)
[ info ] [ HEADER ] array (
  'referer' => 'http://localhost:8080/',
  'origin' => 'http://localhost:8080',
  'content-type' => 'application/x-www-form-urlencoded',
  'accept-language' => 'zh-CN,zh;q=0.9',
  'accept-encoding' => 'gzip, deflate',
  'accept' => 'application/json',
  'user-agent' => 'Mozilla/5.0 (iPhone; CPU iPhone OS 18_5 like Mac OS X) AppleWebKit/605.1.15 (KHTML, like Gecko) Version/18.5 Mobile/15E148 Safari/604.1',
  'host' => 'www.jiwankang.com',
  'content-length' => '',
)
[ info ] [ PARAM ] array (
)
---------------------------------------------------------------
[2026-04-01T19:49:19+08:00] 127.0.0.1 POST www.jiwankang.com/api.html
[运行时间：0.060864s] [吞吐率：16.43req/s] [内存消耗：4,387.52kb] [文件加载：103]
[ info ] [ LANG ] E:\wwwroot\2026\04\jiwankang\thinkphp\lang\zh-cn.php
[ info ] [ ROUTE ] array (
)
[ info ] [ HEADER ] array (
  'referer' => 'http://localhost:8080/',
  'origin' => 'http://localhost:8080',
  'content-type' => 'application/json',
  'accept-language' => 'zh-CN,zh;q=0.9',
  'accept-encoding' => 'gzip, deflate',
  'accept' => 'application/json',
  'content-length' => '58',
  'user-agent' => 'Mozilla/5.0 (iPhone; CPU iPhone OS 18_5 like Mac OS X) AppleWebKit/605.1.15 (KHTML, like Gecko) Version/18.5 Mobile/15E148 Safari/604.1',
  'host' => 'www.jiwankang.com',
)
[ info ] [ PARAM ] array (
  'codes' => 'grid_slider',
  'method' => 'advert.getcarousellists',
)
[ info ] [ DB ] INIT mysql
[ sql ] [ DB ] CONNECT:[ UseTime:0.001732s ] mysql:host=127.0.0.1;port=3306;dbname=jiwankang;charset=utf8mb4
[ sql ] [ SQL ] SHOW COLUMNS FROM `wb_advertisement` [ RunTime:0.001884s ]
[ sql ] [ SQL ] SELECT `id`,`position_id`,`code`,`name`,`img`,`type`,`val`,`sort` FROM `wb_advertisement` WHERE  `code` IN ('grid_slider') ORDER BY `sort` ASC [ RunTime:0.000453s ]
[ sql ] [ SQL ] SHOW COLUMNS FROM `wb_images` [ RunTime:0.001179s ]
[ sql ] [ SQL ] SELECT `url` FROM `wb_images` WHERE  `id` = '43fdca004b1a4a36a3845a28cecf47fd' LIMIT 1 [ RunTime:0.000244s ]
[ sql ] [ SQL ] SELECT `url` FROM `wb_images` WHERE  `id` = 'd17d83ca2165a918c25d395d48d7f8d2' LIMIT 1 [ RunTime:0.000418s ]
[ sql ] [ SQL ] SELECT `url` FROM `wb_images` WHERE  `id` = '693bf4cdbe025ce4f1987e7223d4c4f2' LIMIT 1 [ RunTime:0.000384s ]
[ sql ] [ SQL ] SELECT `url` FROM `wb_images` WHERE  `id` = 'e8720fa65fd1c4fec00c212283677054' LIMIT 1 [ RunTime:0.000416s ]
---------------------------------------------------------------
[2026-04-01T19:49:19+08:00] 127.0.0.1 POST www.jiwankang.com/api.html
[运行时间：0.066667s] [吞吐率：15.00req/s] [内存消耗：4,387.13kb] [文件加载：103]
[ info ] [ LANG ] E:\wwwroot\2026\04\jiwankang\thinkphp\lang\zh-cn.php
[ info ] [ ROUTE ] array (
)
[ info ] [ HEADER ] array (
  'referer' => 'http://localhost:8080/',
  'origin' => 'http://localhost:8080',
  'content-type' => 'application/json',
  'accept-language' => 'zh-CN,zh;q=0.9',
  'accept-encoding' => 'gzip, deflate',
  'accept' => 'application/json',
  'content-length' => '58',
  'user-agent' => 'Mozilla/5.0 (iPhone; CPU iPhone OS 18_5 like Mac OS X) AppleWebKit/605.1.15 (KHTML, like Gecko) Version/18.5 Mobile/15E148 Safari/604.1',
  'host' => 'www.jiwankang.com',
)
[ info ] [ PARAM ] array (
  'codes' => 'tpl1_slider',
  'method' => 'advert.getcarousellists',
)
[ info ] [ DB ] INIT mysql
[ sql ] [ DB ] CONNECT:[ UseTime:0.000717s ] mysql:host=127.0.0.1;port=3306;dbname=jiwankang;charset=utf8mb4
[ sql ] [ SQL ] SHOW COLUMNS FROM `wb_advertisement` [ RunTime:0.001711s ]
[ sql ] [ SQL ] SELECT `id`,`position_id`,`code`,`name`,`img`,`type`,`val`,`sort` FROM `wb_advertisement` WHERE  `code` IN ('tpl1_slider') ORDER BY `sort` ASC [ RunTime:0.000405s ]
[ sql ] [ SQL ] SHOW COLUMNS FROM `wb_images` [ RunTime:0.002540s ]
[ sql ] [ SQL ] SELECT `url` FROM `wb_images` WHERE  `id` = '69930d468b58eeb6a710f0c4a6a48c0b' LIMIT 1 [ RunTime:0.000531s ]
[ sql ] [ SQL ] SELECT `url` FROM `wb_images` WHERE  `id` = '45d0b84708497b49e7850dde994c66cc' LIMIT 1 [ RunTime:0.000615s ]
[ sql ] [ SQL ] SELECT `url` FROM `wb_images` WHERE  `id` = '3f4f7e1cb887cf658823f28146b3dd20' LIMIT 1 [ RunTime:0.001045s ]
[ sql ] [ SQL ] SELECT `url` FROM `wb_images` WHERE  `id` = '1ff24c857483be20bd5380848c502145' LIMIT 1 [ RunTime:0.000813s ]
---------------------------------------------------------------
[2026-04-01T19:49:19+08:00] 127.0.0.1 POST www.jiwankang.com/api.html
[运行时间：0.071248s] [吞吐率：14.04req/s] [内存消耗：4,610.98kb] [文件加载：104]
[ info ] [ LANG ] E:\wwwroot\2026\04\jiwankang\thinkphp\lang\zh-cn.php
[ info ] [ ROUTE ] array (
)
[ info ] [ HEADER ] array (
  'referer' => 'http://localhost:8080/',
  'origin' => 'http://localhost:8080',
  'content-type' => 'application/json',
  'accept-language' => 'zh-CN,zh;q=0.9',
  'accept-encoding' => 'gzip, deflate',
  'accept' => 'application/json',
  'content-length' => '28',
  'user-agent' => 'Mozilla/5.0 (iPhone; CPU iPhone OS 18_5 like Mac OS X) AppleWebKit/605.1.15 (KHTML, like Gecko) Version/18.5 Mobile/15E148 Safari/604.1',
  'host' => 'www.jiwankang.com',
)
[ info ] [ PARAM ] array (
  'method' => 'shopindex.index',
)
[ info ] [ DB ] INIT mysql
[ sql ] [ DB ] CONNECT:[ UseTime:0.010914s ] mysql:host=127.0.0.1;port=3306;dbname=jiwankang;charset=utf8mb4
[ sql ] [ SQL ] SHOW COLUMNS FROM `wb_goods` [ RunTime:0.001627s ]
[ sql ] [ SQL ] SELECT `id`,`name`,`price`,`mktprice`,`thumb` FROM `wb_goods` WHERE  `marketable` = 1  AND `goods_cat_id` IN (1) [ RunTime:0.000641s ]
[ sql ] [ SQL ] SELECT `id`,`name`,`price`,`mktprice`,`thumb` FROM `wb_goods` WHERE  `marketable` = 1  AND `goods_cat_id` = 2 [ RunTime:0.000586s ]
[ sql ] [ SQL ] SHOW COLUMNS FROM `wb_images` [ RunTime:0.001991s ]
[ sql ] [ SQL ] SELECT `url` FROM `wb_images` WHERE  `id` = '314afd8093136b1690a76afdccd6c2cd' LIMIT 1 [ RunTime:0.000572s ]
[ sql ] [ SQL ] SELECT `url` FROM `wb_images` WHERE  `id` = 'ff384770ca23c9ca074f5ed80b4ccd69' LIMIT 1 [ RunTime:0.000538s ]
[ sql ] [ SQL ] SHOW COLUMNS FROM `wb_notice` [ RunTime:0.001394s ]
[ sql ] [ SQL ] SELECT * FROM `wb_notice` WHERE (  `type` = 1 ) AND `wb_notice`.`isdel` IS NULL LIMIT 1 [ RunTime:0.000300s ]
---------------------------------------------------------------
[2026-04-01T19:49:21+08:00] 127.0.0.1 POST www.jiwankang.com/api.html
[运行时间：0.047249s] [吞吐率：21.16req/s] [内存消耗：4,820.80kb] [文件加载：107]
[ info ] [ LANG ] E:\wwwroot\2026\04\jiwankang\thinkphp\lang\zh-cn.php
[ info ] [ ROUTE ] array (
)
[ info ] [ HEADER ] array (
  'referer' => 'http://localhost:8080/',
  'origin' => 'http://localhost:8080',
  'content-type' => 'application/json',
  'accept-language' => 'zh-CN,zh;q=0.9',
  'accept-encoding' => 'gzip, deflate',
  'accept' => 'application/json',
  'content-length' => '65',
  'user-agent' => 'Mozilla/5.0 (iPhone; CPU iPhone OS 18_5 like Mac OS X) AppleWebKit/605.1.15 (KHTML, like Gecko) Version/18.5 Mobile/15E148 Safari/604.1',
  'host' => 'www.jiwankang.com',
)
[ info ] [ PARAM ] array (
  'token' => 'c44ff269142cc0000a5aab51e13546e0',
  'method' => 'user.info',
)
[ info ] [ DB ] INIT mysql
[ sql ] [ DB ] CONNECT:[ UseTime:0.001057s ] mysql:host=127.0.0.1;port=3306;dbname=jiwankang;charset=utf8mb4
[ sql ] [ SQL ] SHOW COLUMNS FROM `wb_user` [ RunTime:0.000882s ]
[ sql ] [ SQL ] SELECT * FROM `wb_user` WHERE (  `id` = 1 ) AND `wb_user`.`isdel` IS NULL LIMIT 1 [ RunTime:0.000379s ]
[ sql ] [ SQL ] SELECT `id`,`username`,`mobile`,`sex`,`birthday`,`avatar`,`nickname`,`balance`,`point`,`grade`,`status`,`pid`,`password`,`ctime`,`remarks`,`area_id`,`tiyan`,`num_point`,`exp` FROM `wb_user` WHERE (  `id` = 1 ) AND `wb_user`.`isdel` IS NULL LIMIT 1 [ RunTime:0.000410s ]
[ sql ] [ SQL ] SHOW COLUMNS FROM `wb_user_grade` [ RunTime:0.000781s ]
[ sql ] [ SQL ] SELECT * FROM `wb_user_grade` WHERE  `id` = 3 [ RunTime:0.000290s ]
[ sql ] [ SQL ] SELECT * FROM `wb_user_grade` WHERE  `id` = 3 LIMIT 1 [ RunTime:0.000257s ]
---------------------------------------------------------------
[2026-04-01T19:49:21+08:00] 127.0.0.1 POST www.jiwankang.com/api.html
[运行时间：0.051687s] [吞吐率：19.35req/s] [内存消耗：4,833.35kb] [文件加载：107]
[ info ] [ LANG ] E:\wwwroot\2026\04\jiwankang\thinkphp\lang\zh-cn.php
[ info ] [ ROUTE ] array (
)
[ info ] [ HEADER ] array (
  'referer' => 'http://localhost:8080/',
  'origin' => 'http://localhost:8080',
  'content-type' => 'application/json',
  'accept-language' => 'zh-CN,zh;q=0.9',
  'accept-encoding' => 'gzip, deflate',
  'accept' => 'application/json',
  'content-length' => '40',
  'user-agent' => 'Mozilla/5.0 (iPhone; CPU iPhone OS 18_5 like Mac OS X) AppleWebKit/605.1.15 (KHTML, like Gecko) Version/18.5 Mobile/15E148 Safari/604.1',
  'host' => 'www.jiwankang.com',
)
[ info ] [ PARAM ] array (
  'id' => '2',
  'method' => 'goods.getgoodsparams',
)
[ info ] [ DB ] INIT mysql
[ sql ] [ DB ] CONNECT:[ UseTime:0.001042s ] mysql:host=127.0.0.1;port=3306;dbname=jiwankang;charset=utf8mb4
[ sql ] [ SQL ] SHOW COLUMNS FROM `wb_setting` [ RunTime:0.000891s ]
[ sql ] [ SQL ] SELECT * FROM `wb_setting` WHERE  `skey` = 'language' LIMIT 1 [ RunTime:0.000562s ]
[ sql ] [ SQL ] SELECT * FROM `wb_setting` WHERE  `skey` = 'language' LIMIT 1 [ RunTime:0.000371s ]
[ sql ] [ SQL ] SELECT * FROM `wb_setting` WHERE  `skey` = 'language' LIMIT 1 [ RunTime:0.000301s ]
[ sql ] [ SQL ] SELECT * FROM `wb_setting` WHERE  `skey` = 'language' LIMIT 1 [ RunTime:0.000190s ]
[ sql ] [ SQL ] SHOW COLUMNS FROM `wb_goods` [ RunTime:0.000790s ]
[ sql ] [ SQL ] SELECT `id`,`bn`,`name`,`brand_id`,`image_id`,`params`,`spes_desc` FROM `wb_goods` WHERE  `id` = 2 LIMIT 1 [ RunTime:0.000367s ]
[ sql ] [ SQL ] SELECT * FROM `wb_setting` WHERE  `skey` = 'language' LIMIT 1 [ RunTime:0.000226s ]
[ sql ] [ SQL ] SELECT * FROM `wb_setting` WHERE  `skey` = 'language' LIMIT 1 [ RunTime:0.000196s ]
[ sql ] [ SQL ] SHOW COLUMNS FROM `wb_goods_images` [ RunTime:0.001540s ]
[ sql ] [ SQL ] SELECT * FROM `wb_goods_images` WHERE  `goods_id` = 2 ORDER BY `sort` DESC [ RunTime:0.000365s ]
[ sql ] [ SQL ] SHOW COLUMNS FROM `wb_products` [ RunTime:0.000746s ]
[ sql ] [ SQL ] SELECT `id` FROM `wb_products` WHERE  `goods_id` = 2 [ RunTime:0.000307s ]
[ sql ] [ SQL ] SELECT * FROM `wb_products` WHERE  `id` = 3 LIMIT 1 [ RunTime:0.000195s ]
[ sql ] [ SQL ] SELECT `name`,`image_id`,`bn`,`marketable`,`spes_desc`,`is_combo`,`point`,`open_point` FROM `wb_goods` WHERE  `id` = 2 LIMIT 1 [ RunTime:0.000168s ]
---------------------------------------------------------------
[2026-04-01T19:49:21+08:00] 127.0.0.1 POST www.jiwankang.com/api.html
[运行时间：0.067203s] [吞吐率：14.88req/s] [内存消耗：5,318.73kb] [文件加载：116]
[ info ] [ LANG ] E:\wwwroot\2026\04\jiwankang\thinkphp\lang\zh-cn.php
[ info ] [ ROUTE ] array (
)
[ info ] [ HEADER ] array (
  'referer' => 'http://localhost:8080/',
  'origin' => 'http://localhost:8080',
  'content-type' => 'application/json',
  'accept-language' => 'zh-CN,zh;q=0.9',
  'accept-encoding' => 'gzip, deflate',
  'accept' => 'application/json',
  'content-length' => '78',
  'user-agent' => 'Mozilla/5.0 (iPhone; CPU iPhone OS 18_5 like Mac OS X) AppleWebKit/605.1.15 (KHTML, like Gecko) Version/18.5 Mobile/15E148 Safari/604.1',
  'host' => 'www.jiwankang.com',
)
[ info ] [ PARAM ] array (
  'id' => '2',
  'token' => 'c44ff269142cc0000a5aab51e13546e0',
  'method' => 'goods.getdetial',
)
[ info ] [ DB ] INIT mysql
[ sql ] [ DB ] CONNECT:[ UseTime:0.000995s ] mysql:host=127.0.0.1;port=3306;dbname=jiwankang;charset=utf8mb4
[ sql ] [ SQL ] SHOW COLUMNS FROM `wb_goods` [ RunTime:0.000701s ]
[ sql ] [ SQL ] SELECT * FROM `wb_goods` WHERE  `id` = 2 LIMIT 1 [ RunTime:0.000408s ]
[ sql ] [ SQL ] SHOW COLUMNS FROM `wb_goods_cat` [ RunTime:0.001364s ]
[ sql ] [ SQL ] SELECT `id`,`name` FROM `wb_goods_cat` WHERE  `id` = 2 [ RunTime:0.000455s ]
[ sql ] [ SQL ] SHOW COLUMNS FROM `wb_products` [ RunTime:0.000644s ]
[ sql ] [ SQL ] SELECT * FROM `wb_products` WHERE  `goods_id` = 2  AND `is_defalut` = 1 LIMIT 1 [ RunTime:0.000512s ]
[ sql ] [ SQL ] SHOW COLUMNS FROM `wb_user` [ RunTime:0.000946s ]
[ sql ] [ SQL ] SELECT * FROM `wb_user` WHERE (  `id` = 1 ) AND `wb_user`.`isdel` IS NULL LIMIT 1 [ RunTime:0.000384s ]
[ sql ] [ SQL ] SELECT * FROM `wb_products` WHERE  `id` = 3 LIMIT 1 [ RunTime:0.000198s ]
[ sql ] [ SQL ] SELECT `name`,`image_id`,`bn`,`marketable`,`spes_desc`,`is_combo`,`point`,`open_point` FROM `wb_goods` WHERE  `id` = 2 LIMIT 1 [ RunTime:0.000272s ]
[ sql ] [ SQL ] SELECT `grade` FROM `wb_user` WHERE (  `id` = 1 ) AND `wb_user`.`isdel` IS NULL LIMIT 1 [ RunTime:0.000254s ]
[ sql ] [ SQL ] SHOW COLUMNS FROM `wb_setting` [ RunTime:0.000644s ]
[ sql ] [ SQL ] SELECT * FROM `wb_setting` WHERE  `skey` = 'language' LIMIT 1 [ RunTime:0.000314s ]
[ sql ] [ SQL ] SELECT * FROM `wb_setting` WHERE  `skey` = 'language' LIMIT 1 [ RunTime:0.000118s ]
[ sql ] [ SQL ] SHOW COLUMNS FROM `wb_goods_grade` [ RunTime:0.001647s ]
[ sql ] [ SQL ] SELECT * FROM `wb_goods_grade` WHERE  `goods_id` = 2 [ RunTime:0.000286s ]
[ sql ] [ SQL ] SHOW COLUMNS FROM `wb_user_grade` [ RunTime:0.000396s ]
[ sql ] [ SQL ] SELECT `name` FROM `wb_user_grade` WHERE  `id` = 1 LIMIT 1 [ RunTime:0.000162s ]
[ sql ] [ SQL ] SELECT `name` FROM `wb_user_grade` WHERE  `id` = 2 LIMIT 1 [ RunTime:0.000089s ]
[ sql ] [ SQL ] SELECT `name` FROM `wb_user_grade` WHERE  `id` = 3 LIMIT 1 [ RunTime:0.000076s ]
[ sql ] [ SQL ] SELECT `name` FROM `wb_user_grade` WHERE  `id` = 4 LIMIT 1 [ RunTime:0.000098s ]
[ sql ] [ SQL ] SELECT `name` FROM `wb_user_grade` WHERE  `id` = 5 LIMIT 1 [ RunTime:0.000276s ]
[ sql ] [ SQL ] SHOW COLUMNS FROM `wb_promotion` [ RunTime:0.001344s ]
[ sql ] [ SQL ] SELECT * FROM `wb_promotion` WHERE (  `status` = 1  AND `stime` < 1775044161  AND `etime` > 1775044161  AND `type` = 1 ) AND `wb_promotion`.`isdel` IS NULL ORDER BY `sort` ASC [ RunTime:0.000371s ]
[ sql ] [ SQL ] SHOW COLUMNS FROM `wb_goods_images` [ RunTime:0.001212s ]
[ sql ] [ SQL ] SELECT * FROM `wb_goods_images` WHERE  `goods_id` = 2 ORDER BY `sort` ASC [ RunTime:0.000245s ]
[ sql ] [ SQL ] SHOW COLUMNS FROM `wb_goods_collection` [ RunTime:0.001055s ]
[ sql ] [ SQL ] SELECT * FROM `wb_goods_collection` WHERE  `user_id` = 1  AND `goods_id` = 2 LIMIT 1 [ RunTime:0.000197s ]
[ sql ] [ SQL ] UPDATE `wb_goods`  SET `view_count` = `view_count` + 1  WHERE  `id` = 2 [ RunTime:0.002069s ]
---------------------------------------------------------------
[2026-04-01T19:49:21+08:00] 127.0.0.1 GET www.jiwankang.com/api/common/jshopconf
[运行时间：0.019829s] [吞吐率：50.43req/s] [内存消耗：3,091.32kb] [文件加载：93]
[ info ] [ LANG ] E:\wwwroot\2026\04\jiwankang\thinkphp\lang\zh-cn.php
[ info ] [ ROUTE ] array (
)
[ info ] [ HEADER ] array (
  'referer' => 'http://localhost:8080/',
  'origin' => 'http://localhost:8080',
  'content-type' => 'application/x-www-form-urlencoded',
  'accept-language' => 'zh-CN,zh;q=0.9',
  'accept-encoding' => 'gzip, deflate',
  'accept' => 'application/json',
  'user-agent' => 'Mozilla/5.0 (iPhone; CPU iPhone OS 18_5 like Mac OS X) AppleWebKit/605.1.15 (KHTML, like Gecko) Version/18.5 Mobile/15E148 Safari/604.1',
  'host' => 'www.jiwankang.com',
  'content-length' => '',
)
[ info ] [ PARAM ] array (
)
---------------------------------------------------------------
[2026-04-01T19:49:21+08:00] 127.0.0.1 POST www.jiwankang.com/api.html
[运行时间：0.032217s] [吞吐率：31.04req/s] [内存消耗：4,608.96kb] [文件加载：103]
[ info ] [ LANG ] E:\wwwroot\2026\04\jiwankang\thinkphp\lang\zh-cn.php
[ info ] [ ROUTE ] array (
)
[ info ] [ HEADER ] array (
  'referer' => 'http://localhost:8080/',
  'origin' => 'http://localhost:8080',
  'content-type' => 'application/json',
  'accept-language' => 'zh-CN,zh;q=0.9',
  'accept-encoding' => 'gzip, deflate',
  'accept' => 'application/json',
  'content-length' => '70',
  'user-agent' => 'Mozilla/5.0 (iPhone; CPU iPhone OS 18_5 like Mac OS X) AppleWebKit/605.1.15 (KHTML, like Gecko) Version/18.5 Mobile/15E148 Safari/604.1',
  'host' => 'www.jiwankang.com',
)
[ info ] [ PARAM ] array (
  'token' => 'c44ff269142cc0000a5aab51e13546e0',
  'method' => 'cart.getnumber',
)
[ info ] [ DB ] INIT mysql
[ sql ] [ DB ] CONNECT:[ UseTime:0.000605s ] mysql:host=127.0.0.1;port=3306;dbname=jiwankang;charset=utf8mb4
[ sql ] [ SQL ] SHOW COLUMNS FROM `wb_user` [ RunTime:0.000764s ]
[ sql ] [ SQL ] SELECT * FROM `wb_user` WHERE (  `id` = 1 ) AND `wb_user`.`isdel` IS NULL LIMIT 1 [ RunTime:0.000492s ]
[ sql ] [ SQL ] SHOW COLUMNS FROM `wb_setting` [ RunTime:0.000715s ]
[ sql ] [ SQL ] SELECT * FROM `wb_setting` WHERE  `skey` = 'virtual_card_class' LIMIT 1 [ RunTime:0.000183s ]
[ sql ] [ SQL ] SHOW COLUMNS FROM `wb_cart` [ RunTime:0.000853s ]
[ sql ] [ SQL ] SELECT SUM(`nums`) AS tp_sum FROM `wb_cart` `c` INNER JOIN `wb_products` `p` ON `p`.`id`=`c`.`product_id` INNER JOIN `wb_goods` `g` ON `g`.`id`=`p`.`goods_id` WHERE  `user_id` = 1  AND `type` = 1 LIMIT 1 [ RunTime:0.001155s ]
---------------------------------------------------------------
[2026-04-01T19:49:24+08:00] 127.0.0.1 OPTIONS www.jiwankang.com/api.html
[运行时间：0.017067s] [吞吐率：58.59req/s] [内存消耗：3,009.21kb] [文件加载：89]
[ info ] [ LANG ] E:\wwwroot\2026\04\jiwankang\thinkphp\lang\zh-cn.php
[ info ] [ ROUTE ] array (
)
[ info ] [ HEADER ] array (
  'sec-fetch-mode' => 'cors',
  'referer' => 'http://localhost:8080/',
  'origin' => 'http://localhost:8080',
  'access-control-request-method' => 'POST',
  'access-control-request-headers' => 'content-type',
  'accept-language' => 'zh-CN,zh;q=0.9',
  'accept-encoding' => 'gzip, deflate',
  'accept' => '*/*',
  'user-agent' => 'Mozilla/5.0 (iPhone; CPU iPhone OS 18_5 like Mac OS X) AppleWebKit/605.1.15 (KHTML, like Gecko) Version/18.5 Mobile/15E148 Safari/604.1',
  'host' => 'www.jiwankang.com',
  'content-length' => '',
  'content-type' => '',
)
[ info ] [ PARAM ] array (
)
---------------------------------------------------------------
[2026-04-01T19:49:24+08:00] 127.0.0.1 POST www.jiwankang.com/api.html
[运行时间：0.050551s] [吞吐率：19.78req/s] [内存消耗：4,866.30kb] [文件加载：105]
[ info ] [ LANG ] E:\wwwroot\2026\04\jiwankang\thinkphp\lang\zh-cn.php
[ info ] [ ROUTE ] array (
)
[ info ] [ HEADER ] array (
  'referer' => 'http://localhost:8080/',
  'origin' => 'http://localhost:8080',
  'content-type' => 'application/json',
  'accept-language' => 'zh-CN,zh;q=0.9',
  'accept-encoding' => 'gzip, deflate',
  'accept' => 'application/json',
  'content-length' => '97',
  'user-agent' => 'Mozilla/5.0 (iPhone; CPU iPhone OS 18_5 like Mac OS X) AppleWebKit/605.1.15 (KHTML, like Gecko) Version/18.5 Mobile/15E148 Safari/604.1',
  'host' => 'www.jiwankang.com',
)
[ info ] [ PARAM ] array (
  'product_id' => '3',
  'nums' => '5',
  'type' => '2',
  'token' => 'c44ff269142cc0000a5aab51e13546e0',
  'method' => 'cart.add',
)
[ info ] [ DB ] INIT mysql
[ sql ] [ DB ] CONNECT:[ UseTime:0.017532s ] mysql:host=127.0.0.1;port=3306;dbname=jiwankang;charset=utf8mb4
[ sql ] [ SQL ] SHOW COLUMNS FROM `wb_user` [ RunTime:0.001129s ]
[ sql ] [ SQL ] SELECT * FROM `wb_user` WHERE (  `id` = 1 ) AND `wb_user`.`isdel` IS NULL LIMIT 1 [ RunTime:0.000484s ]
[ sql ] [ SQL ] SHOW COLUMNS FROM `wb_products` [ RunTime:0.000376s ]
[ sql ] [ SQL ] SELECT * FROM `wb_products` WHERE  `id` = 3 LIMIT 1 [ RunTime:0.000139s ]
[ sql ] [ SQL ] SHOW COLUMNS FROM `wb_goods` [ RunTime:0.000361s ]
[ sql ] [ SQL ] SELECT `name`,`image_id`,`bn`,`marketable`,`spes_desc`,`is_combo`,`point`,`open_point` FROM `wb_goods` WHERE  `id` = 2 LIMIT 1 [ RunTime:0.000146s ]
[ sql ] [ SQL ] SELECT `p`.`id`,`g`.`marketable` FROM `wb_products` `p` INNER JOIN `wb_goods` `g` ON `g`.`id`=`p`.`goods_id` WHERE  `p`.`id` = '3' LIMIT 1 [ RunTime:0.000147s ]
[ sql ] [ SQL ] SHOW COLUMNS FROM `wb_cart` [ RunTime:0.000778s ]
[ sql ] [ SQL ] SELECT * FROM `wb_cart` WHERE  `product_id` = 3  AND `user_id` = 1  AND `type` = 1 LIMIT 1 [ RunTime:0.000146s ]
[ sql ] [ SQL ] INSERT INTO `wb_cart` (`product_id` , `nums` , `user_id` , `type`) VALUES (3 , 5 , 1 , 1) [ RunTime:0.001833s ]
---------------------------------------------------------------
[2026-04-01T19:49:25+08:00] 127.0.0.1 POST www.jiwankang.com/api.html
[运行时间：0.049937s] [吞吐率：20.03req/s] [内存消耗：4,656.99kb] [文件加载：106]
[ info ] [ LANG ] E:\wwwroot\2026\04\jiwankang\thinkphp\lang\zh-cn.php
[ info ] [ ROUTE ] array (
)
[ info ] [ HEADER ] array (
  'referer' => 'http://localhost:8080/',
  'origin' => 'http://localhost:8080',
  'content-type' => 'application/json',
  'accept-language' => 'zh-CN,zh;q=0.9',
  'accept-encoding' => 'gzip, deflate',
  'accept' => 'application/json',
  'content-length' => '93',
  'user-agent' => 'Mozilla/5.0 (iPhone; CPU iPhone OS 18_5 like Mac OS X) AppleWebKit/605.1.15 (KHTML, like Gecko) Version/18.5 Mobile/15E148 Safari/604.1',
  'host' => 'www.jiwankang.com',
)
[ info ] [ PARAM ] array (
  'display' => 'no_used',
  'token' => 'c44ff269142cc0000a5aab51e13546e0',
  'method' => 'coupon.usercoupon',
)
[ info ] [ DB ] INIT mysql
[ sql ] [ DB ] CONNECT:[ UseTime:0.001826s ] mysql:host=127.0.0.1;port=3306;dbname=jiwankang;charset=utf8mb4
[ sql ] [ SQL ] SHOW COLUMNS FROM `wb_user` [ RunTime:0.001339s ]
[ sql ] [ SQL ] SELECT * FROM `wb_user` WHERE (  `id` = 1 ) AND `wb_user`.`isdel` IS NULL LIMIT 1 [ RunTime:0.000716s ]
[ sql ] [ SQL ] SHOW COLUMNS FROM `wb_coupon` [ RunTime:0.000484s ]
[ sql ] [ SQL ] SELECT * FROM `wb_coupon` `c` INNER JOIN `wb_promotion` `p` ON `p`.`id`=`c`.`promotion_id` WHERE  `c`.`user_id` = '1'  AND `p`.`type` = '2'  AND `c`.`is_used` = '1'  AND `p`.`status` = '1'  AND ( (c.endtime = 0 and p.etime >= 1775044165) or (c.endtime >=1775044165) ) ORDER BY `c`.`ctime` ASC LIMIT 0,10 [ RunTime:0.000784s ]
[ sql ] [ SQL ] SELECT COUNT(*) AS tp_count FROM `wb_coupon` `c` INNER JOIN `wb_promotion` `p` ON `p`.`id`=`c`.`promotion_id` WHERE  `c`.`user_id` = '1'  AND `p`.`type` = '2'  AND `c`.`is_used` = '1'  AND `p`.`status` = '1'  AND ( (c.endtime = 0 and p.etime >= 1775044165) or (c.endtime >=1775044165) ) LIMIT 1 [ RunTime:0.000532s ]
---------------------------------------------------------------
[2026-04-01T19:49:25+08:00] 127.0.0.1 POST www.jiwankang.com/api.html
[运行时间：0.063543s] [吞吐率：15.74req/s] [内存消耗：4,856.52kb] [文件加载：105]
[ info ] [ LANG ] E:\wwwroot\2026\04\jiwankang\thinkphp\lang\zh-cn.php
[ info ] [ ROUTE ] array (
)
[ info ] [ HEADER ] array (
  'referer' => 'http://localhost:8080/',
  'origin' => 'http://localhost:8080',
  'content-type' => 'application/json',
  'accept-language' => 'zh-CN,zh;q=0.9',
  'accept-encoding' => 'gzip, deflate',
  'accept' => 'application/json',
  'content-length' => '79',
  'user-agent' => 'Mozilla/5.0 (iPhone; CPU iPhone OS 18_5 like Mac OS X) AppleWebKit/605.1.15 (KHTML, like Gecko) Version/18.5 Mobile/15E148 Safari/604.1',
  'host' => 'www.jiwankang.com',
)
[ info ] [ PARAM ] array (
  'token' => 'c44ff269142cc0000a5aab51e13546e0',
  'method' => 'user.getuserdefaultship',
)
[ info ] [ DB ] INIT mysql
[ sql ] [ DB ] CONNECT:[ UseTime:0.002532s ] mysql:host=127.0.0.1;port=3306;dbname=jiwankang;charset=utf8mb4
[ sql ] [ SQL ] SHOW COLUMNS FROM `wb_user` [ RunTime:0.001737s ]
[ sql ] [ SQL ] SELECT * FROM `wb_user` WHERE (  `id` = 1 ) AND `wb_user`.`isdel` IS NULL LIMIT 1 [ RunTime:0.000641s ]
[ sql ] [ SQL ] SHOW COLUMNS FROM `wb_user_ship` [ RunTime:0.001359s ]
[ sql ] [ SQL ] SELECT * FROM `wb_user_ship` WHERE  `user_id` = 1  AND `is_def` = 1 ORDER BY `utime` DESC LIMIT 1 [ RunTime:0.000744s ]
[ sql ] [ SQL ] SHOW COLUMNS FROM `wb_area` [ RunTime:0.001751s ]
[ sql ] [ SQL ] SELECT `id`,`name`,`parent_id`,`postal_code` FROM `wb_area` WHERE  `id` = 150525 LIMIT 1 [ RunTime:0.000561s ]
[ sql ] [ SQL ] SELECT `id`,`name`,`parent_id`,`postal_code` FROM `wb_area` WHERE  `parent_id` = 150500 [ RunTime:0.001517s ]
[ sql ] [ SQL ] SELECT `id`,`name`,`parent_id`,`postal_code` FROM `wb_area` WHERE  `id` = 150500 LIMIT 1 [ RunTime:0.000580s ]
[ sql ] [ SQL ] SELECT `id`,`name`,`parent_id`,`postal_code` FROM `wb_area` WHERE  `parent_id` = 150000 [ RunTime:0.001134s ]
[ sql ] [ SQL ] SELECT `id`,`name`,`parent_id`,`postal_code` FROM `wb_area` WHERE  `id` = 150000 LIMIT 1 [ RunTime:0.000239s ]
[ sql ] [ SQL ] SELECT `id`,`name`,`parent_id`,`postal_code` FROM `wb_area` WHERE  `parent_id` = 0 [ RunTime:0.000929s ]
---------------------------------------------------------------
[2026-04-01T19:49:25+08:00] 127.0.0.1 POST www.jiwankang.com/api.html
[运行时间：0.070732s] [吞吐率：14.14req/s] [内存消耗：5,257.80kb] [文件加载：113]
[ info ] [ LANG ] E:\wwwroot\2026\04\jiwankang\thinkphp\lang\zh-cn.php
[ info ] [ ROUTE ] array (
)
[ info ] [ HEADER ] array (
  'referer' => 'http://localhost:8080/',
  'origin' => 'http://localhost:8080',
  'content-type' => 'application/json',
  'accept-language' => 'zh-CN,zh;q=0.9',
  'accept-encoding' => 'gzip, deflate',
  'accept' => 'application/json',
  'content-length' => '155',
  'user-agent' => 'Mozilla/5.0 (iPhone; CPU iPhone OS 18_5 like Mac OS X) AppleWebKit/605.1.15 (KHTML, like Gecko) Version/18.5 Mobile/15E148 Safari/604.1',
  'host' => 'www.jiwankang.com',
)
[ info ] [ PARAM ] array (
  'ids' => '8',
  'area_id' => 0,
  'coupon_code' => '',
  'point' => 0,
  'type' => '1',
  'params' => '',
  'receipt_type' => '1',
  'token' => 'c44ff269142cc0000a5aab51e13546e0',
  'method' => 'cart.getlist',
)
[ info ] [ DB ] INIT mysql
[ sql ] [ DB ] CONNECT:[ UseTime:0.001753s ] mysql:host=127.0.0.1;port=3306;dbname=jiwankang;charset=utf8mb4
[ sql ] [ SQL ] SHOW COLUMNS FROM `wb_user` [ RunTime:0.001266s ]
[ sql ] [ SQL ] SELECT * FROM `wb_user` WHERE (  `id` = 1 ) AND `wb_user`.`isdel` IS NULL LIMIT 1 [ RunTime:0.000413s ]
[ sql ] [ SQL ] SHOW COLUMNS FROM `wb_cart` [ RunTime:0.001689s ]
[ sql ] [ SQL ] SELECT * FROM `wb_cart` WHERE  `user_id` = 1  AND `type` = 1  AND `id` IN (8) [ RunTime:0.000285s ]
[ sql ] [ SQL ] SHOW COLUMNS FROM `wb_products` [ RunTime:0.000630s ]
[ sql ] [ SQL ] SELECT * FROM `wb_products` WHERE  `id` = 3 LIMIT 1 [ RunTime:0.000278s ]
[ sql ] [ SQL ] SHOW COLUMNS FROM `wb_goods` [ RunTime:0.000547s ]
[ sql ] [ SQL ] SELECT `name`,`image_id`,`bn`,`marketable`,`spes_desc`,`is_combo`,`point`,`open_point` FROM `wb_goods` WHERE  `id` = 2 LIMIT 1 [ RunTime:0.000169s ]
[ sql ] [ SQL ] SELECT `grade` FROM `wb_user` WHERE (  `id` = 1 ) AND `wb_user`.`isdel` IS NULL LIMIT 1 [ RunTime:0.000424s ]
[ sql ] [ SQL ] SHOW COLUMNS FROM `wb_setting` [ RunTime:0.000800s ]
[ sql ] [ SQL ] SELECT * FROM `wb_setting` WHERE  `skey` = 'language' LIMIT 1 [ RunTime:0.000290s ]
[ sql ] [ SQL ] SELECT * FROM `wb_setting` WHERE  `skey` = 'language' LIMIT 1 [ RunTime:0.000185s ]
[ sql ] [ SQL ] SHOW COLUMNS FROM `wb_goods_grade` [ RunTime:0.001510s ]
[ sql ] [ SQL ] SELECT * FROM `wb_goods_grade` WHERE  `goods_id` = 2 [ RunTime:0.000269s ]
[ sql ] [ SQL ] SHOW COLUMNS FROM `wb_user_grade` [ RunTime:0.000709s ]
[ sql ] [ SQL ] SELECT `name` FROM `wb_user_grade` WHERE  `id` = 1 LIMIT 1 [ RunTime:0.000214s ]
[ sql ] [ SQL ] SELECT `name` FROM `wb_user_grade` WHERE  `id` = 2 LIMIT 1 [ RunTime:0.000136s ]
[ sql ] [ SQL ] SELECT `name` FROM `wb_user_grade` WHERE  `id` = 3 LIMIT 1 [ RunTime:0.000091s ]
[ sql ] [ SQL ] SELECT `name` FROM `wb_user_grade` WHERE  `id` = 4 LIMIT 1 [ RunTime:0.000073s ]
[ sql ] [ SQL ] SELECT `name` FROM `wb_user_grade` WHERE  `id` = 5 LIMIT 1 [ RunTime:0.000072s ]
[ sql ] [ SQL ] SELECT `p`.`id`,`g`.`marketable` FROM `wb_products` `p` INNER JOIN `wb_goods` `g` ON `g`.`id`=`p`.`goods_id` WHERE  `p`.`id` = '3' LIMIT 1 [ RunTime:0.000367s ]
[ sql ] [ SQL ] SELECT `goods_id` FROM `wb_products` WHERE  `id` = 3 LIMIT 1 [ RunTime:0.000187s ]
[ sql ] [ SQL ] SELECT `weight` FROM `wb_goods` WHERE  `id` = 2 LIMIT 1 [ RunTime:0.000165s ]
[ sql ] [ SQL ] SHOW COLUMNS FROM `wb_goods_collection` [ RunTime:0.001334s ]
[ sql ] [ SQL ] SELECT * FROM `wb_goods_collection` WHERE  `user_id` = 1  AND `goods_id` = 2 LIMIT 1 [ RunTime:0.000439s ]
[ sql ] [ SQL ] SHOW COLUMNS FROM `wb_promotion` [ RunTime:0.001018s ]
[ sql ] [ SQL ] SELECT * FROM `wb_promotion` WHERE (  `status` = 1  AND `stime` < 1775044165  AND `etime` > 1775044165  AND `type` = 1 ) AND `wb_promotion`.`isdel` IS NULL ORDER BY `sort` ASC [ RunTime:0.000824s ]
---------------------------------------------------------------
[2026-04-01T19:49:25+08:00] 127.0.0.1 POST www.jiwankang.com/api.html
[运行时间：0.059710s] [吞吐率：16.75req/s] [内存消耗：5,315.28kb] [文件加载：115]
[ info ] [ LANG ] E:\wwwroot\2026\04\jiwankang\thinkphp\lang\zh-cn.php
[ info ] [ ROUTE ] array (
)
[ info ] [ HEADER ] array (
  'referer' => 'http://localhost:8080/',
  'origin' => 'http://localhost:8080',
  'content-type' => 'application/json',
  'accept-language' => 'zh-CN,zh;q=0.9',
  'accept-encoding' => 'gzip, deflate',
  'accept' => 'application/json',
  'content-length' => '160',
  'user-agent' => 'Mozilla/5.0 (iPhone; CPU iPhone OS 18_5 like Mac OS X) AppleWebKit/605.1.15 (KHTML, like Gecko) Version/18.5 Mobile/15E148 Safari/604.1',
  'host' => 'www.jiwankang.com',
)
[ info ] [ PARAM ] array (
  'ids' => '8',
  'area_id' => '150525',
  'coupon_code' => '',
  'point' => 0,
  'type' => '1',
  'params' => '',
  'receipt_type' => '1',
  'token' => 'c44ff269142cc0000a5aab51e13546e0',
  'method' => 'cart.getlist',
)
[ info ] [ DB ] INIT mysql
[ sql ] [ DB ] CONNECT:[ UseTime:0.000695s ] mysql:host=127.0.0.1;port=3306;dbname=jiwankang;charset=utf8mb4
[ sql ] [ SQL ] SHOW COLUMNS FROM `wb_user` [ RunTime:0.000651s ]
[ sql ] [ SQL ] SELECT * FROM `wb_user` WHERE (  `id` = 1 ) AND `wb_user`.`isdel` IS NULL LIMIT 1 [ RunTime:0.000227s ]
[ sql ] [ SQL ] SHOW COLUMNS FROM `wb_cart` [ RunTime:0.001324s ]
[ sql ] [ SQL ] SELECT * FROM `wb_cart` WHERE  `user_id` = 1  AND `type` = 1  AND `id` IN (8) [ RunTime:0.000371s ]
[ sql ] [ SQL ] SHOW COLUMNS FROM `wb_products` [ RunTime:0.000532s ]
[ sql ] [ SQL ] SELECT * FROM `wb_products` WHERE  `id` = 3 LIMIT 1 [ RunTime:0.000201s ]
[ sql ] [ SQL ] SHOW COLUMNS FROM `wb_goods` [ RunTime:0.000367s ]
[ sql ] [ SQL ] SELECT `name`,`image_id`,`bn`,`marketable`,`spes_desc`,`is_combo`,`point`,`open_point` FROM `wb_goods` WHERE  `id` = 2 LIMIT 1 [ RunTime:0.000236s ]
[ sql ] [ SQL ] SELECT `grade` FROM `wb_user` WHERE (  `id` = 1 ) AND `wb_user`.`isdel` IS NULL LIMIT 1 [ RunTime:0.000185s ]
[ sql ] [ SQL ] SHOW COLUMNS FROM `wb_setting` [ RunTime:0.000361s ]
[ sql ] [ SQL ] SELECT * FROM `wb_setting` WHERE  `skey` = 'language' LIMIT 1 [ RunTime:0.000140s ]
[ sql ] [ SQL ] SELECT * FROM `wb_setting` WHERE  `skey` = 'language' LIMIT 1 [ RunTime:0.000129s ]
[ sql ] [ SQL ] SHOW COLUMNS FROM `wb_goods_grade` [ RunTime:0.001132s ]
[ sql ] [ SQL ] SELECT * FROM `wb_goods_grade` WHERE  `goods_id` = 2 [ RunTime:0.000426s ]
[ sql ] [ SQL ] SHOW COLUMNS FROM `wb_user_grade` [ RunTime:0.000837s ]
[ sql ] [ SQL ] SELECT `name` FROM `wb_user_grade` WHERE  `id` = 1 LIMIT 1 [ RunTime:0.000226s ]
[ sql ] [ SQL ] SELECT `name` FROM `wb_user_grade` WHERE  `id` = 2 LIMIT 1 [ RunTime:0.000142s ]
[ sql ] [ SQL ] SELECT `name` FROM `wb_user_grade` WHERE  `id` = 3 LIMIT 1 [ RunTime:0.000092s ]
[ sql ] [ SQL ] SELECT `name` FROM `wb_user_grade` WHERE  `id` = 4 LIMIT 1 [ RunTime:0.000171s ]
[ sql ] [ SQL ] SELECT `name` FROM `wb_user_grade` WHERE  `id` = 5 LIMIT 1 [ RunTime:0.000137s ]
[ sql ] [ SQL ] SELECT `p`.`id`,`g`.`marketable` FROM `wb_products` `p` INNER JOIN `wb_goods` `g` ON `g`.`id`=`p`.`goods_id` WHERE  `p`.`id` = '3' LIMIT 1 [ RunTime:0.000156s ]
[ sql ] [ SQL ] SELECT `goods_id` FROM `wb_products` WHERE  `id` = 3 LIMIT 1 [ RunTime:0.000139s ]
[ sql ] [ SQL ] SELECT `weight` FROM `wb_goods` WHERE  `id` = 2 LIMIT 1 [ RunTime:0.000110s ]
[ sql ] [ SQL ] SHOW COLUMNS FROM `wb_goods_collection` [ RunTime:0.001010s ]
[ sql ] [ SQL ] SELECT * FROM `wb_goods_collection` WHERE  `user_id` = 1  AND `goods_id` = 2 LIMIT 1 [ RunTime:0.000228s ]
[ sql ] [ SQL ] SHOW COLUMNS FROM `wb_promotion` [ RunTime:0.001893s ]
[ sql ] [ SQL ] SELECT * FROM `wb_promotion` WHERE (  `status` = 1  AND `stime` < 1775044165  AND `etime` > 1775044165  AND `type` = 1 ) AND `wb_promotion`.`isdel` IS NULL ORDER BY `sort` ASC [ RunTime:0.000537s ]
[ sql ] [ SQL ] SHOW COLUMNS FROM `wb_ship` [ RunTime:0.001151s ]
[ sql ] [ SQL ] SELECT * FROM `wb_ship` WHERE  `status` = 1  AND `type` = 2  AND (  FIND_IN_SET('150525',area_fee)  ) LIMIT 1 [ RunTime:0.000245s ]
[ sql ] [ SQL ] SELECT * FROM `wb_ship` WHERE  `is_def` = 1  AND `status` = 1 LIMIT 1 [ RunTime:0.000118s ]
[ sql ] [ SQL ] SELECT * FROM `wb_ship` WHERE  `status` = 1 LIMIT 1 [ RunTime:0.000097s ]
---------------------------------------------------------------
[2026-04-01T19:49:25+08:00] 127.0.0.1 POST www.jiwankang.com/api.html
[运行时间：0.041813s] [吞吐率：23.92req/s] [内存消耗：4,761.55kb] [文件加载：103]
[ info ] [ LANG ] E:\wwwroot\2026\04\jiwankang\thinkphp\lang\zh-cn.php
[ info ] [ ROUTE ] array (
)
[ info ] [ HEADER ] array (
  'referer' => 'http://localhost:8080/',
  'origin' => 'http://localhost:8080',
  'content-type' => 'application/json',
  'accept-language' => 'zh-CN,zh;q=0.9',
  'accept-encoding' => 'gzip, deflate',
  'accept' => 'application/json',
  'content-length' => '97',
  'user-agent' => 'Mozilla/5.0 (iPhone; CPU iPhone OS 18_5 like Mac OS X) AppleWebKit/605.1.15 (KHTML, like Gecko) Version/18.5 Mobile/15E148 Safari/604.1',
  'host' => 'www.jiwankang.com',
)
[ info ] [ PARAM ] array (
  'order_money' => '4990.00',
  'token' => 'c44ff269142cc0000a5aab51e13546e0',
  'method' => 'user.getuserpoint',
)
[ info ] [ DB ] INIT mysql
[ sql ] [ DB ] CONNECT:[ UseTime:0.001339s ] mysql:host=127.0.0.1;port=3306;dbname=jiwankang;charset=utf8mb4
[ sql ] [ SQL ] SHOW COLUMNS FROM `wb_user` [ RunTime:0.000714s ]
[ sql ] [ SQL ] SELECT * FROM `wb_user` WHERE (  `id` = 1 ) AND `wb_user`.`isdel` IS NULL LIMIT 1 [ RunTime:0.000521s ]
[ sql ] [ SQL ] SHOW COLUMNS FROM `wb_setting` [ RunTime:0.000423s ]
[ sql ] [ SQL ] SELECT * FROM `wb_setting` WHERE  `skey` = 'language' LIMIT 1 [ RunTime:0.000176s ]
[ sql ] [ SQL ] SELECT * FROM `wb_setting` WHERE  `skey` = 'language' LIMIT 1 [ RunTime:0.000096s ]
[ sql ] [ SQL ] SELECT * FROM `wb_setting` WHERE  `skey` = 'point_switch' LIMIT 1 [ RunTime:0.000083s ]
[ sql ] [ SQL ] SELECT `point` FROM `wb_user` WHERE (  `id` = 1 ) AND `wb_user`.`isdel` IS NULL LIMIT 1 [ RunTime:0.000096s ]
[ sql ] [ SQL ] SELECT * FROM `wb_setting` WHERE  `skey` = 'orders_point_proportion' LIMIT 1 [ RunTime:0.000077s ]
[ sql ] [ SQL ] SELECT * FROM `wb_setting` WHERE  `skey` = 'point_discounted_proportion' LIMIT 1 [ RunTime:0.000070s ]
---------------------------------------------------------------
[2026-04-01T19:49:25+08:00] 127.0.0.1 POST www.jiwankang.com/api.html
[运行时间：0.028766s] [吞吐率：34.76req/s] [内存消耗：4,761.55kb] [文件加载：103]
[ info ] [ LANG ] E:\wwwroot\2026\04\jiwankang\thinkphp\lang\zh-cn.php
[ info ] [ ROUTE ] array (
)
[ info ] [ HEADER ] array (
  'referer' => 'http://localhost:8080/',
  'origin' => 'http://localhost:8080',
  'content-type' => 'application/json',
  'accept-language' => 'zh-CN,zh;q=0.9',
  'accept-encoding' => 'gzip, deflate',
  'accept' => 'application/json',
  'content-length' => '97',
  'user-agent' => 'Mozilla/5.0 (iPhone; CPU iPhone OS 18_5 like Mac OS X) AppleWebKit/605.1.15 (KHTML, like Gecko) Version/18.5 Mobile/15E148 Safari/604.1',
  'host' => 'www.jiwankang.com',
)
[ info ] [ PARAM ] array (
  'order_money' => '4990.00',
  'token' => 'c44ff269142cc0000a5aab51e13546e0',
  'method' => 'user.getuserpoint',
)
[ info ] [ DB ] INIT mysql
[ sql ] [ DB ] CONNECT:[ UseTime:0.000659s ] mysql:host=127.0.0.1;port=3306;dbname=jiwankang;charset=utf8mb4
[ sql ] [ SQL ] SHOW COLUMNS FROM `wb_user` [ RunTime:0.000543s ]
[ sql ] [ SQL ] SELECT * FROM `wb_user` WHERE (  `id` = 1 ) AND `wb_user`.`isdel` IS NULL LIMIT 1 [ RunTime:0.000182s ]
[ sql ] [ SQL ] SHOW COLUMNS FROM `wb_setting` [ RunTime:0.000359s ]
[ sql ] [ SQL ] SELECT * FROM `wb_setting` WHERE  `skey` = 'language' LIMIT 1 [ RunTime:0.000210s ]
[ sql ] [ SQL ] SELECT * FROM `wb_setting` WHERE  `skey` = 'language' LIMIT 1 [ RunTime:0.000152s ]
[ sql ] [ SQL ] SELECT * FROM `wb_setting` WHERE  `skey` = 'point_switch' LIMIT 1 [ RunTime:0.000156s ]
[ sql ] [ SQL ] SELECT `point` FROM `wb_user` WHERE (  `id` = 1 ) AND `wb_user`.`isdel` IS NULL LIMIT 1 [ RunTime:0.000200s ]
[ sql ] [ SQL ] SELECT * FROM `wb_setting` WHERE  `skey` = 'orders_point_proportion' LIMIT 1 [ RunTime:0.000191s ]
[ sql ] [ SQL ] SELECT * FROM `wb_setting` WHERE  `skey` = 'point_discounted_proportion' LIMIT 1 [ RunTime:0.000101s ]
---------------------------------------------------------------
[2026-04-01T19:49:26+08:00] 127.0.0.1 POST www.jiwankang.com/api.html
[运行时间：0.079668s] [吞吐率：12.55req/s] [内存消耗：6,003.02kb] [文件加载：121]
[ info ] [ LANG ] E:\wwwroot\2026\04\jiwankang\thinkphp\lang\zh-cn.php
[ info ] [ ROUTE ] array (
)
[ info ] [ HEADER ] array (
  'referer' => 'http://localhost:8080/',
  'origin' => 'http://localhost:8080',
  'content-type' => 'application/json',
  'accept-language' => 'zh-CN,zh;q=0.9',
  'accept-encoding' => 'gzip, deflate',
  'accept' => 'application/json',
  'content-length' => '233',
  'user-agent' => 'Mozilla/5.0 (iPhone; CPU iPhone OS 18_5 like Mac OS X) AppleWebKit/605.1.15 (KHTML, like Gecko) Version/18.5 Mobile/15E148 Safari/604.1',
  'host' => 'www.jiwankang.com',
)
[ info ] [ PARAM ] array (
  'cart_ids' => '8',
  'memo' => '',
  'point' => 0,
  'receipt_type' => '1',
  'coupon_code' => '',
  'tax_type' => '1',
  'tax_name' => '不开发票',
  'tax_code' => '',
  'source' => '2',
  'uship_id' => '1',
  'area_id' => '150525',
  'token' => 'c44ff269142cc0000a5aab51e13546e0',
  'method' => 'order.create',
)
[ info ] [ DB ] INIT mysql
[ sql ] [ DB ] CONNECT:[ UseTime:0.001005s ] mysql:host=127.0.0.1;port=3306;dbname=jiwankang;charset=utf8mb4
[ sql ] [ SQL ] SHOW COLUMNS FROM `wb_user` [ RunTime:0.000725s ]
[ sql ] [ SQL ] SELECT * FROM `wb_user` WHERE (  `id` = 1 ) AND `wb_user`.`isdel` IS NULL LIMIT 1 [ RunTime:0.000301s ]
[ sql ] [ SQL ] SHOW COLUMNS FROM `wb_user_ship` [ RunTime:0.001501s ]
[ sql ] [ SQL ] SELECT * FROM `wb_user_ship` WHERE  `id` = 1  AND `user_id` = 1 LIMIT 1 [ RunTime:0.000226s ]
[ sql ] [ SQL ] SHOW COLUMNS FROM `wb_ship` [ RunTime:0.001217s ]
[ sql ] [ SQL ] SELECT * FROM `wb_ship` WHERE  `status` = 1  AND `area_fee` LIKE '%\\\\\"150525\\\\\"%'  AND `type` = 2 LIMIT 1 [ RunTime:0.000292s ]
[ sql ] [ SQL ] SELECT * FROM `wb_ship` WHERE  `is_def` = 1  AND `status` = 1 LIMIT 1 [ RunTime:0.000222s ]
[ sql ] [ SQL ] SELECT * FROM `wb_ship` WHERE  `status` = 1 LIMIT 1 [ RunTime:0.000157s ]
[ sql ] [ SQL ] SHOW COLUMNS FROM `wb_cart` [ RunTime:0.000931s ]
[ sql ] [ SQL ] SELECT * FROM `wb_cart` WHERE  `user_id` = 1  AND `type` = 1  AND `id` IN (8) [ RunTime:0.000178s ]
[ sql ] [ SQL ] SHOW COLUMNS FROM `wb_products` [ RunTime:0.001148s ]
[ sql ] [ SQL ] SELECT * FROM `wb_products` WHERE  `id` = 3 LIMIT 1 [ RunTime:0.000158s ]
[ sql ] [ SQL ] SHOW COLUMNS FROM `wb_goods` [ RunTime:0.000854s ]
[ sql ] [ SQL ] SELECT `name`,`image_id`,`bn`,`marketable`,`spes_desc`,`is_combo`,`point`,`open_point` FROM `wb_goods` WHERE  `id` = 2 LIMIT 1 [ RunTime:0.000128s ]
[ sql ] [ SQL ] SELECT `grade` FROM `wb_user` WHERE (  `id` = 1 ) AND `wb_user`.`isdel` IS NULL LIMIT 1 [ RunTime:0.000121s ]
[ sql ] [ SQL ] SHOW COLUMNS FROM `wb_setting` [ RunTime:0.000271s ]
[ sql ] [ SQL ] SELECT * FROM `wb_setting` WHERE  `skey` = 'language' LIMIT 1 [ RunTime:0.000099s ]
[ sql ] [ SQL ] SELECT * FROM `wb_setting` WHERE  `skey` = 'language' LIMIT 1 [ RunTime:0.000072s ]
[ sql ] [ SQL ] SHOW COLUMNS FROM `wb_goods_grade` [ RunTime:0.000778s ]
[ sql ] [ SQL ] SELECT * FROM `wb_goods_grade` WHERE  `goods_id` = 2 [ RunTime:0.000132s ]
[ sql ] [ SQL ] SHOW COLUMNS FROM `wb_user_grade` [ RunTime:0.000905s ]
[ sql ] [ SQL ] SELECT `name` FROM `wb_user_grade` WHERE  `id` = 1 LIMIT 1 [ RunTime:0.000125s ]
[ sql ] [ SQL ] SELECT `name` FROM `wb_user_grade` WHERE  `id` = 2 LIMIT 1 [ RunTime:0.000080s ]
[ sql ] [ SQL ] SELECT `name` FROM `wb_user_grade` WHERE  `id` = 3 LIMIT 1 [ RunTime:0.000069s ]
[ sql ] [ SQL ] SELECT `name` FROM `wb_user_grade` WHERE  `id` = 4 LIMIT 1 [ RunTime:0.000066s ]
[ sql ] [ SQL ] SELECT `name` FROM `wb_user_grade` WHERE  `id` = 5 LIMIT 1 [ RunTime:0.000067s ]
[ sql ] [ SQL ] SELECT `p`.`id`,`g`.`marketable` FROM `wb_products` `p` INNER JOIN `wb_goods` `g` ON `g`.`id`=`p`.`goods_id` WHERE  `p`.`id` = '3' LIMIT 1 [ RunTime:0.000107s ]
[ sql ] [ SQL ] SELECT `goods_id` FROM `wb_products` WHERE  `id` = 3 LIMIT 1 [ RunTime:0.000074s ]
[ sql ] [ SQL ] SELECT `weight` FROM `wb_goods` WHERE  `id` = 2 LIMIT 1 [ RunTime:0.000071s ]
[ sql ] [ SQL ] SHOW COLUMNS FROM `wb_goods_collection` [ RunTime:0.000785s ]
[ sql ] [ SQL ] SELECT * FROM `wb_goods_collection` WHERE  `user_id` = 1  AND `goods_id` = 2 LIMIT 1 [ RunTime:0.000182s ]
[ sql ] [ SQL ] SHOW COLUMNS FROM `wb_promotion` [ RunTime:0.000321s ]
[ sql ] [ SQL ] SELECT * FROM `wb_promotion` WHERE (  `status` = 1  AND `stime` < 1775044166  AND `etime` > 1775044166  AND `type` = 1 ) AND `wb_promotion`.`isdel` IS NULL ORDER BY `sort` ASC [ RunTime:0.000186s ]
[ sql ] [ SQL ] SELECT * FROM `wb_ship` WHERE  `status` = 1  AND `type` = 2  AND (  FIND_IN_SET('150525',area_fee)  ) LIMIT 1 [ RunTime:0.000207s ]
[ sql ] [ SQL ] SELECT * FROM `wb_ship` WHERE  `is_def` = 1  AND `status` = 1 LIMIT 1 [ RunTime:0.000188s ]
[ sql ] [ SQL ] SELECT * FROM `wb_ship` WHERE  `status` = 1 LIMIT 1 [ RunTime:0.000181s ]
[ sql ] [ SQL ] SELECT * FROM `wb_goods` WHERE  `id` = 2 LIMIT 1 [ RunTime:0.000206s ]
[ sql ] [ SQL ] SHOW COLUMNS FROM `wb_order` [ RunTime:0.001149s ]
[ sql ] [ SQL ] INSERT INTO `wb_order` (`order_id` , `user_id` , `order_type` , `ship_area_id` , `ship_address` , `ship_name` , `ship_mobile` , `logistics_id` , `logistics_name` , `store_id` , `goods_amount` , `order_amount` , `cost_freight` , `promotion_list` , `point` , `point_money` , `weight` , `order_pmt` , `goods_pmt` , `coupon_pmt` , `coupon` , `ip` , `memo` , `source` , `tax_type` , `tax_title` , `tax_code` , `ctime` , `utime`) VALUES ('S04011949262101' , 1 , 1 , 150525 , '撒防守打法撒旦法' , '夏赟浩' , '18919660526' , NULL , NULL , 0 , 4990 , 4990 , 0 , '[]' , 0 , 0 , 0 , 0 , 0 , 0 , '[]' , '127.0.0.1' , '' , 2 , 1 , '不开发票' , '' , 1775044166 , 1775044166) [ RunTime:0.000387s ]
[ sql ] [ SQL ] SELECT * FROM `wb_setting` WHERE  `skey` = 'language' LIMIT 1 [ RunTime:0.000198s ]
[ sql ] [ SQL ] SELECT * FROM `wb_setting` WHERE  `skey` = 'language' LIMIT 1 [ RunTime:0.000082s ]
[ sql ] [ SQL ] SELECT `goods_id` FROM `wb_products` WHERE  `id` = 3 LIMIT 1 [ RunTime:0.000087s ]
[ sql ] [ SQL ] UPDATE `wb_goods`  SET `buy_count` = `buy_count` + 5  WHERE  `id` = 2 [ RunTime:0.000148s ]
[ sql ] [ SQL ] UPDATE `wb_products`  SET `freeze_stock` = `freeze_stock` + 5  WHERE  `id` = 3  AND (  IF(stock < freeze_stock, 0, stock - freeze_stock)-5>=0 ) [ RunTime:0.000139s ]
[ sql ] [ SQL ] SHOW COLUMNS FROM `wb_order_items` [ RunTime:0.001149s ]
[ sql ] [ SQL ] INSERT INTO `wb_order_items` (`order_id` , `goods_id` , `product_id` , `sn` , `bn` , `name` , `price` , `costprice` , `mktprice` , `image_url` , `nums` , `amount` , `promotion_amount` , `weight` , `sendnums` , `addon` , `cate_id` , `zw_tag` , `promotion_list` , `ave_price` , `ave_amount` , `utime`) VALUES ('S04011949262101' , 2 , 3 , 'P7748594377925' , 'G7748594377885' , '济丸康' , 998 , 0 , 0 , 'http://www.jiwankang.com/static/uploads/images/2026/03/30/177485734869ca2c8422846.png' , 5 , 4990 , 0 , 0 , 0 , NULL , 2 , 'T998' , '[]' , 998 , 4990 , 1775044166) [ RunTime:0.000285s ]
[ sql ] [ SQL ] DELETE FROM `wb_cart` WHERE  `user_id` = 1  AND `id` IN (8)  AND `type` = 1 [ RunTime:0.001835s ]
[ sql ] [ SQL ] SHOW COLUMNS FROM `wb_order_log` [ RunTime:0.003778s ]
[ sql ] [ SQL ] INSERT INTO `wb_order_log` (`order_id` , `user_id` , `type` , `msg` , `data` , `ctime`) VALUES ('S04011949262101' , 1 , 1 , '订单创建' , '{\"order_id\":\"S04011949262101\",\"user_id\":1,\"order_type\":\"1\",\"ship_area_id\":150525,\"ship_address\":\"\\u6492\\u9632\\u5b88\\u6253\\u6cd5\\u6492\\u65e6\\u6cd5\",\"ship_name\":\"\\u590f\\u8d5f\\u6d69\",\"ship_mobile\":\"18919660526\",\"logistics_id\":null,\"logistics_name\":null,\"store_id\":0,\"goods_amount\":\"4990.00\",\"order_amount\":\"4990.00\",\"cost_freight\":\"0.00\",\"promotion_list\":\"[]\",\"point\":0,\"point_money\":0,\"weight\":\"0.00\",\"order_pmt\":0,\"goods_pmt\":\"0.00\",\"coupon_pmt\":0,\"coupon\":\"[]\",\"ip\":\"127.0.0.1\",\"memo\":\"\",\"source\":\"2\",\"tax_type\":\"1\",\"tax_title\":\"\\u4e0d\\u5f00\\u53d1\\u7968\",\"tax_code\":\"\"}' , 1775044166) [ RunTime:0.001841s ]
[ sql ] [ SQL ] SELECT * FROM `wb_ship` WHERE  `id` IS NULL LIMIT 1 [ RunTime:0.000159s ]
[ sql ] [ SQL ] SHOW COLUMNS FROM `wb_area` [ RunTime:0.000873s ]
[ sql ] [ SQL ] SELECT `id`,`name`,`parent_id`,`postal_code` FROM `wb_area` WHERE  `id` = 150525 LIMIT 1 [ RunTime:0.000151s ]
[ sql ] [ SQL ] SELECT `id`,`name`,`parent_id`,`postal_code` FROM `wb_area` WHERE  `parent_id` = 150500 [ RunTime:0.000766s ]
[ sql ] [ SQL ] SELECT `id`,`name`,`parent_id`,`postal_code` FROM `wb_area` WHERE  `id` = 150500 LIMIT 1 [ RunTime:0.000103s ]
[ sql ] [ SQL ] SELECT `id`,`name`,`parent_id`,`postal_code` FROM `wb_area` WHERE  `parent_id` = 150000 [ RunTime:0.000626s ]
[ sql ] [ SQL ] SELECT `id`,`name`,`parent_id`,`postal_code` FROM `wb_area` WHERE  `id` = 150000 LIMIT 1 [ RunTime:0.000077s ]
[ sql ] [ SQL ] SELECT `id`,`name`,`parent_id`,`postal_code` FROM `wb_area` WHERE  `parent_id` = 0 [ RunTime:0.000815s ]
[ sql ] [ SQL ] SHOW COLUMNS FROM `wb_message_center` [ RunTime:0.001026s ]
[ sql ] [ SQL ] SELECT * FROM `wb_message_center` WHERE  `code` = 'create_order' LIMIT 1 [ RunTime:0.000161s ]
[ sql ] [ SQL ] SHOW COLUMNS FROM `wb_message` [ RunTime:0.000828s ]
[ sql ] [ SQL ] INSERT INTO `wb_message` (`user_id` , `code` , `params` , `content` , `ctime` , `utime`) VALUES (1 , 'create_order' , '{\"order_id\":\"S04011949262101\",\"user_id\":1,\"order_type\":\"1\",\"ship_area_id\":150525,\"ship_address\":\"\\u6492\\u9632\\u5b88\\u6253\\u6cd5\\u6492\\u65e6\\u6cd5\",\"ship_name\":\"\\u590f\\u8d5f\\u6d69\",\"ship_mobile\":\"18919660526\",\"logistics_id\":null,\"logistics_name\":null,\"store_id\":0,\"goods_amount\":\"4990.00\",\"order_amount\":\"4990.00\",\"cost_freight\":\"0.00\",\"promotion_list\":\"[]\",\"point\":0,\"point_money\":0,\"weight\":\"0.00\",\"order_pmt\":0,\"goods_pmt\":\"0.00\",\"coupon_pmt\":0,\"coupon\":\"[]\",\"ip\":\"127.0.0.1\",\"memo\":\"\",\"source\":\"2\",\"tax_type\":\"1\",\"tax_title\":\"\\u4e0d\\u5f00\\u53d1\\u7968\",\"tax_code\":\"\",\"tax_content\":\"\\u5546\\u54c1\\u660e\\u7ec6\",\"ship_id\":null,\"ship_addr\":\"\\u5185\\u8499\\u53e4\\u81ea\\u6cbb\\u533a \\u901a\\u8fbd\\u5e02 \\u5948\\u66fc\\u65d7 \\u6492\\u9632\\u5b88\\u6253\\u6cd5\\u6492\\u65e6\\u6cd5\",\"form_id\":\"\"}' , '订单创建成功。' , 1775044166 , 1775044166) [ RunTime:0.000231s ]
---------------------------------------------------------------
[2026-04-01T19:49:26+08:00] 127.0.0.1 POST www.jiwankang.com/api.html
[运行时间：0.035653s] [吞吐率：28.05req/s] [内存消耗：4,245.58kb] [文件加载：101]
[ info ] [ LANG ] E:\wwwroot\2026\04\jiwankang\thinkphp\lang\zh-cn.php
[ info ] [ ROUTE ] array (
)
[ info ] [ HEADER ] array (
  'referer' => 'http://localhost:8080/',
  'origin' => 'http://localhost:8080',
  'content-type' => 'application/json',
  'accept-language' => 'zh-CN,zh;q=0.9',
  'accept-encoding' => 'gzip, deflate',
  'accept' => 'application/json',
  'content-length' => '41',
  'user-agent' => 'Mozilla/5.0 (iPhone; CPU iPhone OS 18_5 like Mac OS X) AppleWebKit/605.1.15 (KHTML, like Gecko) Version/18.5 Mobile/15E148 Safari/604.1',
  'host' => 'www.jiwankang.com',
)
[ info ] [ PARAM ] array (
  'exp' => false,
  'method' => 'payments.getlist',
)
[ info ] [ DB ] INIT mysql
[ sql ] [ DB ] CONNECT:[ UseTime:0.000677s ] mysql:host=127.0.0.1;port=3306;dbname=jiwankang;charset=utf8mb4
[ sql ] [ SQL ] SHOW COLUMNS FROM `wb_payments` [ RunTime:0.001783s ]
[ sql ] [ SQL ] SELECT `code`,`name`,`sort`,`memo`,`status`,`is_online` FROM `wb_payments` WHERE  `status` = 1 ORDER BY `sort` ASC [ RunTime:0.000362s ]
---------------------------------------------------------------
[2026-04-01T19:49:26+08:00] 127.0.0.1 POST www.jiwankang.com/api.html
[运行时间：0.053734s] [吞吐率：18.61req/s] [内存消耗：4,636.29kb] [文件加载：101]
[ info ] [ LANG ] E:\wwwroot\2026\04\jiwankang\thinkphp\lang\zh-cn.php
[ info ] [ ROUTE ] array (
)
[ info ] [ HEADER ] array (
  'referer' => 'http://localhost:8080/',
  'origin' => 'http://localhost:8080',
  'content-type' => 'application/json',
  'accept-language' => 'zh-CN,zh;q=0.9',
  'accept-encoding' => 'gzip, deflate',
  'accept' => 'application/json',
  'content-length' => '114',
  'user-agent' => 'Mozilla/5.0 (iPhone; CPU iPhone OS 18_5 like Mac OS X) AppleWebKit/605.1.15 (KHTML, like Gecko) Version/18.5 Mobile/15E148 Safari/604.1',
  'host' => 'www.jiwankang.com',
)
[ info ] [ PARAM ] array (
  'ids' => 'S04011949262101',
  'payment_type' => '1',
  'token' => 'c44ff269142cc0000a5aab51e13546e0',
  'method' => 'payments.checkpay',
)
[ info ] [ DB ] INIT mysql
[ sql ] [ DB ] CONNECT:[ UseTime:0.019797s ] mysql:host=127.0.0.1;port=3306;dbname=jiwankang;charset=utf8mb4
[ sql ] [ SQL ] SHOW COLUMNS FROM `wb_order` [ RunTime:0.001348s ]
[ sql ] [ SQL ] SELECT * FROM `wb_order` WHERE (  `order_id` = 'S04011949262101'  AND `pay_status` = 1  AND `status` = 1 ) AND `wb_order`.`isdel` IS NULL LIMIT 1 [ RunTime:0.000344s ]
---------------------------------------------------------------
[2026-04-01T19:49:27+08:00] 127.0.0.1 POST www.jiwankang.com/api.html
[运行时间：0.069421s] [吞吐率：14.40req/s] [内存消耗：5,758.46kb] [文件加载：125]
[ info ] [ LANG ] E:\wwwroot\2026\04\jiwankang\thinkphp\lang\zh-cn.php
[ info ] [ ROUTE ] array (
)
[ info ] [ HEADER ] array (
  'referer' => 'http://localhost:8080/',
  'origin' => 'http://localhost:8080',
  'content-type' => 'application/json',
  'accept-language' => 'zh-CN,zh;q=0.9',
  'accept-encoding' => 'gzip, deflate',
  'accept' => 'application/json',
  'content-length' => '133',
  'user-agent' => 'Mozilla/5.0 (iPhone; CPU iPhone OS 18_5 like Mac OS X) AppleWebKit/605.1.15 (KHTML, like Gecko) Version/18.5 Mobile/15E148 Safari/604.1',
  'host' => 'www.jiwankang.com',
)
[ info ] [ PARAM ] array (
  'payment_code' => 'balancepay',
  'payment_type' => '1',
  'ids' => 'S04011949262101',
  'token' => 'c44ff269142cc0000a5aab51e13546e0',
  'method' => 'user.pay',
)
[ info ] [ DB ] INIT mysql
[ sql ] [ DB ] CONNECT:[ UseTime:0.000673s ] mysql:host=127.0.0.1;port=3306;dbname=jiwankang;charset=utf8mb4
[ sql ] [ SQL ] SHOW COLUMNS FROM `wb_user` [ RunTime:0.000873s ]
[ sql ] [ SQL ] SELECT * FROM `wb_user` WHERE (  `id` = 1 ) AND `wb_user`.`isdel` IS NULL LIMIT 1 [ RunTime:0.000376s ]
[ sql ] [ SQL ] SHOW COLUMNS FROM `wb_order` [ RunTime:0.001160s ]
[ sql ] [ SQL ] SELECT `pay_status` FROM `wb_order` WHERE (  `order_id` = 'S04011949262101' ) AND `wb_order`.`isdel` IS NULL LIMIT 1 [ RunTime:0.000167s ]
[ sql ] [ SQL ] SHOW COLUMNS FROM `wb_payments` [ RunTime:0.000881s ]
[ sql ] [ SQL ] SELECT * FROM `wb_payments` WHERE  `code` = 'balancepay'  AND `status` = 1 LIMIT 1 [ RunTime:0.000185s ]
[ sql ] [ SQL ] SELECT * FROM `wb_payments` WHERE  `code` = 'balancepay'  AND `status` = 1 LIMIT 1 [ RunTime:0.000112s ]
[ sql ] [ SQL ] SELECT * FROM `wb_order` WHERE (  `order_id` = 'S04011949262101'  AND `pay_status` = 1  AND `status` = 1 ) AND `wb_order`.`isdel` IS NULL LIMIT 1 [ RunTime:0.000175s ]
[ sql ] [ SQL ] SHOW COLUMNS FROM `wb_bill_payments` [ RunTime:0.000306s ]
[ sql ] [ SQL ] INSERT INTO `wb_bill_payments` (`payment_id` , `money` , `user_id` , `type` , `payment_code` , `ip` , `params` , `ctime` , `utime`) VALUES ('27750441677061' , 4990 , 1 , 1 , 'balancepay' , '127.0.0.1' , '[]' , 1775044167 , 1775044167) [ RunTime:0.000272s ]
[ sql ] [ SQL ] SHOW COLUMNS FROM `wb_bill_payments_rel` [ RunTime:0.003775s ]
[ sql ] [ SQL ] INSERT INTO `wb_bill_payments_rel` (`payment_id` , `source_id` , `money`) VALUES ('27750441677061' , 'S04011949262101' , 4990) [ RunTime:0.000156s ]
[ sql ] [ SQL ] SHOW COLUMNS FROM `wb_order_items` [ RunTime:0.001255s ]
[ sql ] [ SQL ] SELECT * FROM `wb_order_items` WHERE  `order_id` = 'S04011949262101' LIMIT 1 [ RunTime:0.000451s ]
[ sql ] [ SQL ] SELECT * FROM `wb_user` WHERE (  `id` = 1 ) AND `wb_user`.`isdel` IS NULL LIMIT 1 [ RunTime:0.000246s ]
[ sql ] [ SQL ] SHOW COLUMNS FROM `wb_balance` [ RunTime:0.000883s ]
[ sql ] [ SQL ] INSERT INTO `wb_balance` (`user_id` , `type` , `money` , `balance` , `source_id` , `memo` , `ctime`) VALUES (1 , 1 , -4990 , 992054 , '27750441677061' , '消费了4990元' , 1775044167) [ RunTime:0.000209s ]
[ sql ] [ SQL ] UPDATE `wb_user`  SET `balance` = 992054 , `utime` = 1775044167  WHERE (  `id` = 1 ) AND `wb_user`.`isdel` IS NULL [ RunTime:0.000184s ]
[ sql ] [ SQL ] SELECT * FROM `wb_bill_payments` WHERE  `payment_id` = '27750441677061' LIMIT 1 [ RunTime:0.000131s ]
[ sql ] [ SQL ] SELECT * FROM `wb_bill_payments` WHERE  `payment_id` = '27750441677061'  AND `money` = 4990  AND `status` <> 2 LIMIT 1 [ RunTime:0.000139s ]
[ sql ] [ SQL ] UPDATE `wb_bill_payments`  SET `status` = 2 , `payment_code` = 'balancepay' , `payed_msg` = NULL , `trade_no` = NULL , `utime` = 1775044167  WHERE  `payment_id` = '27750441677061'  AND `money` = 4990  AND `status` <> 2 [ RunTime:0.000160s ]
[ sql ] [ SQL ] SELECT * FROM `wb_bill_payments_rel` WHERE  `payment_id` = '27750441677061' [ RunTime:0.000122s ]
[ sql ] [ SQL ] SHOW COLUMNS FROM `wb_setting` [ RunTime:0.000339s ]
[ sql ] [ SQL ] SELECT * FROM `wb_setting` WHERE  `skey` = 'language' LIMIT 1 [ RunTime:0.000095s ]
[ sql ] [ SQL ] SELECT * FROM `wb_setting` WHERE  `skey` = 'language' LIMIT 1 [ RunTime:0.000092s ]
[ sql ] [ SQL ] SELECT * FROM `wb_order` WHERE (  `order_id` = 'S04011949262101'  AND `status` = 1 ) AND `wb_order`.`isdel` IS NULL LIMIT 1 [ RunTime:0.000163s ]
[ sql ] [ SQL ] UPDATE `wb_order`  SET `payment_code` = 'balancepay' , `payed` = 4990 , `pay_status` = 2 , `payment_time` = 1775044167  WHERE (  `order_id` = 'S04011949262101' ) AND `wb_order`.`isdel` IS NULL [ RunTime:0.000192s ]
[ sql ] [ SQL ] SELECT * FROM `wb_setting` WHERE  `skey` = 'order_butie' LIMIT 1 [ RunTime:0.000132s ]
[ sql ] [ SQL ] SELECT * FROM `wb_order_items` WHERE  `order_id` = 'S04011949262101' [ RunTime:0.000156s ]
[ sql ] [ SQL ] SHOW COLUMNS FROM `wb_money` [ RunTime:0.002694s ]
[ sql ] [ SQL ] SELECT `money` FROM `wb_money` WHERE  `type` = 1 LIMIT 1 [ RunTime:0.000220s ]
[ sql ] [ SQL ] SELECT * FROM `wb_money` WHERE  `type` = 1 LIMIT 1 [ RunTime:0.000291s ]
[ sql ] [ SQL ] UPDATE `wb_money`  SET `money` = 2495 , `utime` = 1775044167  WHERE  `id` = 1 [ RunTime:0.000221s ]
[ sql ] [ SQL ] SHOW COLUMNS FROM `wb_money_log` [ RunTime:0.000579s ]
[ sql ] [ SQL ] INSERT INTO `wb_money_log` (`money` , `flow_type` , `source_id` , `balance` , `ctime` , `utime`) VALUES (1247.5 , 1 , 'S04011949262101' , 2495 , 1775044167 , 1775044167) [ RunTime:0.000229s ]
[ sql ] [ SQL ] SELECT `mobile` FROM `wb_user` WHERE (  `id` = 1 ) AND `wb_user`.`isdel` IS NULL LIMIT 1 [ RunTime:0.000152s ]
[ sql ] [ SQL ] SHOW COLUMNS FROM `wb_message_center` [ RunTime:0.000946s ]
[ sql ] [ SQL ] SELECT * FROM `wb_message_center` WHERE  `code` = 'order_payed' LIMIT 1 [ RunTime:0.000127s ]
[ sql ] [ SQL ] SHOW COLUMNS FROM `wb_message` [ RunTime:0.000833s ]
[ sql ] [ SQL ] INSERT INTO `wb_message` (`user_id` , `code` , `params` , `content` , `ctime` , `utime`) VALUES (1 , 'order_payed' , '{\"order_id\":\"S04011949262101\",\"goods_amount\":\"4990.00\",\"payed\":\"0.00\",\"order_amount\":\"4990.00\",\"pay_status\":1,\"ship_status\":1,\"status\":1,\"order_type\":1,\"payment_code\":null,\"payment_time\":null,\"logistics_id\":null,\"logistics_name\":null,\"cost_freight\":\"0.00\",\"user_id\":1,\"seller_id\":null,\"confirm\":1,\"confirm_time\":null,\"store_id\":0,\"ship_area_id\":150525,\"ship_address\":\"\\u6492\\u9632\\u5b88\\u6253\\u6cd5\\u6492\\u65e6\\u6cd5\",\"ship_name\":\"\\u590f\\u8d5f\\u6d69\",\"ship_mobile\":\"18919660526\",\"weight\":0,\"tax_type\":1,\"tax_code\":\"\",\"tax_title\":\"\\u4e0d\\u5f00\\u53d1\\u7968\",\"point\":0,\"point_money\":\"0.00\",\"order_pmt\":\"0.00\",\"goods_pmt\":\"0.00\",\"coupon_pmt\":\"0.00\",\"coupon\":\"[]\",\"promotion_list\":\"[]\",\"memo\":\"\",\"ip\":\"127.0.0.1\",\"mark\":null,\"source\":2,\"is_comment\":1,\"ctime\":1775044166,\"utime\":1775044166,\"isdel\":null,\"pay_time\":\"2026-04-01 19:49:27\",\"money\":\"4990.00\",\"user_name\":\"18919660526\"}' , '恭喜您，订单支付成功,祝您购物愉快。' , 1775044167 , 1775044167) [ RunTime:0.000136s ]
[ sql ] [ SQL ] SELECT * FROM `wb_message_center` WHERE  `code` = 'seller_order_notice' LIMIT 1 [ RunTime:0.000100s ]
[ sql ] [ SQL ] SELECT `mobile` FROM `wb_user` WHERE (  `id` = 1 ) AND `wb_user`.`isdel` IS NULL LIMIT 1 [ RunTime:0.000096s ]
[ sql ] [ SQL ] SELECT * FROM `wb_setting` WHERE  `skey` = 'shop_mobile' LIMIT 1 [ RunTime:0.000084s ]
[ sql ] [ SQL ] SELECT * FROM `wb_order` WHERE (  `order_id` = 'S04011949262101' ) AND `wb_order`.`isdel` IS NULL LIMIT 1 [ RunTime:0.000191s ]
[ sql ] [ SQL ] SELECT * FROM `wb_user` WHERE (  `id` = 1 ) AND `wb_user`.`isdel` IS NULL LIMIT 1 [ RunTime:0.000185s ]
[ sql ] [ SQL ] SELECT SUM(`nums`) AS tp_sum FROM `wb_order` `o` INNER JOIN `wb_order_items` `i` ON `i`.`order_id`=`o`.`order_id` WHERE  `o`.`user_id` = '1'  AND `o`.`pay_status` = '2'  AND `i`.`cate_id` = '2'  AND `status` < 3 LIMIT 1 [ RunTime:0.000146s ]
[ sql ] [ SQL ] SELECT * FROM `wb_user` WHERE (  `id` = 1 ) AND `wb_user`.`isdel` IS NULL LIMIT 1 [ RunTime:0.000115s ]
[ sql ] [ SQL ] SHOW COLUMNS FROM `wb_order_log` [ RunTime:0.000765s ]
[ sql ] [ SQL ] INSERT INTO `wb_order_log` (`order_id` , `user_id` , `type` , `msg` , `data` , `ctime`) VALUES ('S04011949262101' , 1 , 2 , '订单支付成功' , '[{\"status\":true,\"data\":1,\"msg\":\"\\u8ba2\\u5355\\u652f\\u4ed8\\u6210\\u529f\"},{\"payment_code\":\"balancepay\",\"payed\":\"4990.00\",\"pay_status\":2,\"payment_time\":1775044167}]' , 1775044167) [ RunTime:0.000117s ]
[ error ] [8]未定义数组索引: memo[E:\wwwroot\2026\04\jiwankang\extend\org\payments\balancepay.php:38]
[ error ] [8]未定义数组索引: id[E:\wwwroot\2026\04\jiwankang\extend\org\payments\balancepay.php:38]
[ error ] [8]Object of class app\common\model\User could not be converted to int[E:\wwwroot\2026\04\jiwankang\addons\Userupgrade\Userupgrade.php:97]
---------------------------------------------------------------
[2026-04-01T19:49:28+08:00] 127.0.0.1 POST www.jiwankang.com/api.html
[运行时间：0.066431s] [吞吐率：15.05req/s] [内存消耗：4,721.13kb] [文件加载：107]
[ info ] [ LANG ] E:\wwwroot\2026\04\jiwankang\thinkphp\lang\zh-cn.php
[ info ] [ ROUTE ] array (
)
[ info ] [ HEADER ] array (
  'referer' => 'http://localhost:8080/',
  'origin' => 'http://localhost:8080',
  'content-type' => 'application/json',
  'accept-language' => 'zh-CN,zh;q=0.9',
  'accept-encoding' => 'gzip, deflate',
  'accept' => 'application/json',
  'content-length' => '102',
  'user-agent' => 'Mozilla/5.0 (iPhone; CPU iPhone OS 18_5 like Mac OS X) AppleWebKit/605.1.15 (KHTML, like Gecko) Version/18.5 Mobile/15E148 Safari/604.1',
  'host' => 'www.jiwankang.com',
)
[ info ] [ PARAM ] array (
  'payment_id' => '27750441677061',
  'token' => 'c44ff269142cc0000a5aab51e13546e0',
  'method' => 'payments.getinfo',
)
[ info ] [ DB ] INIT mysql
[ sql ] [ DB ] CONNECT:[ UseTime:0.014656s ] mysql:host=127.0.0.1;port=3306;dbname=jiwankang;charset=utf8mb4
[ sql ] [ SQL ] SHOW COLUMNS FROM `wb_user` [ RunTime:0.001366s ]
[ sql ] [ SQL ] SELECT * FROM `wb_user` WHERE (  `id` = 1 ) AND `wb_user`.`isdel` IS NULL LIMIT 1 [ RunTime:0.000278s ]
[ sql ] [ SQL ] SHOW COLUMNS FROM `wb_bill_payments` [ RunTime:0.000460s ]
[ sql ] [ SQL ] SELECT * FROM `wb_bill_payments` WHERE  `payment_id` = '27750441677061'  AND `user_id` = 1 LIMIT 1 [ RunTime:0.000161s ]
[ sql ] [ SQL ] SHOW COLUMNS FROM `wb_bill_payments_rel` [ RunTime:0.000852s ]
[ sql ] [ SQL ] SELECT * FROM `wb_bill_payments_rel` WHERE  `payment_id` = '27750441677061' [ RunTime:0.000142s ]
---------------------------------------------------------------
[2026-04-01T19:49:30+08:00] 127.0.0.1 OPTIONS www.jiwankang.com/api.html
[运行时间：0.019632s] [吞吐率：50.94req/s] [内存消耗：3,009.21kb] [文件加载：89]
[ info ] [ LANG ] E:\wwwroot\2026\04\jiwankang\thinkphp\lang\zh-cn.php
[ info ] [ ROUTE ] array (
)
[ info ] [ HEADER ] array (
  'sec-fetch-mode' => 'cors',
  'referer' => 'http://localhost:8080/',
  'origin' => 'http://localhost:8080',
  'access-control-request-method' => 'POST',
  'access-control-request-headers' => 'content-type',
  'accept-language' => 'zh-CN,zh;q=0.9',
  'accept-encoding' => 'gzip, deflate',
  'accept' => '*/*',
  'user-agent' => 'Mozilla/5.0 (iPhone; CPU iPhone OS 18_5 like Mac OS X) AppleWebKit/605.1.15 (KHTML, like Gecko) Version/18.5 Mobile/15E148 Safari/604.1',
  'host' => 'www.jiwankang.com',
  'content-length' => '',
  'content-type' => '',
)
[ info ] [ PARAM ] array (
)
---------------------------------------------------------------
[2026-04-01T19:49:30+08:00] 127.0.0.1 POST www.jiwankang.com/api.html
[运行时间：0.029082s] [吞吐率：34.39req/s] [内存消耗：4,820.80kb] [文件加载：107]
[ info ] [ LANG ] E:\wwwroot\2026\04\jiwankang\thinkphp\lang\zh-cn.php
[ info ] [ ROUTE ] array (
)
[ info ] [ HEADER ] array (
  'referer' => 'http://localhost:8080/',
  'origin' => 'http://localhost:8080',
  'content-type' => 'application/json',
  'accept-language' => 'zh-CN,zh;q=0.9',
  'accept-encoding' => 'gzip, deflate',
  'accept' => 'application/json',
  'content-length' => '65',
  'user-agent' => 'Mozilla/5.0 (iPhone; CPU iPhone OS 18_5 like Mac OS X) AppleWebKit/605.1.15 (KHTML, like Gecko) Version/18.5 Mobile/15E148 Safari/604.1',
  'host' => 'www.jiwankang.com',
)
[ info ] [ PARAM ] array (
  'token' => 'c44ff269142cc0000a5aab51e13546e0',
  'method' => 'user.info',
)
[ info ] [ DB ] INIT mysql
[ sql ] [ DB ] CONNECT:[ UseTime:0.000772s ] mysql:host=127.0.0.1;port=3306;dbname=jiwankang;charset=utf8mb4
[ sql ] [ SQL ] SHOW COLUMNS FROM `wb_user` [ RunTime:0.000657s ]
[ sql ] [ SQL ] SELECT * FROM `wb_user` WHERE (  `id` = 1 ) AND `wb_user`.`isdel` IS NULL LIMIT 1 [ RunTime:0.000287s ]
[ sql ] [ SQL ] SELECT `id`,`username`,`mobile`,`sex`,`birthday`,`avatar`,`nickname`,`balance`,`point`,`grade`,`status`,`pid`,`password`,`ctime`,`remarks`,`area_id`,`tiyan`,`num_point`,`exp` FROM `wb_user` WHERE (  `id` = 1 ) AND `wb_user`.`isdel` IS NULL LIMIT 1 [ RunTime:0.000248s ]
[ sql ] [ SQL ] SHOW COLUMNS FROM `wb_user_grade` [ RunTime:0.000286s ]
[ sql ] [ SQL ] SELECT * FROM `wb_user_grade` WHERE  `id` = 3 [ RunTime:0.000105s ]
[ sql ] [ SQL ] SELECT * FROM `wb_user_grade` WHERE  `id` = 3 LIMIT 1 [ RunTime:0.000252s ]
---------------------------------------------------------------
[2026-04-01T19:51:11+08:00] 127.0.0.1 OPTIONS www.jiwankang.com/api.html
[运行时间：0.025746s] [吞吐率：38.84req/s] [内存消耗：3,009.21kb] [文件加载：89]
[ info ] [ LANG ] E:\wwwroot\2026\04\jiwankang\thinkphp\lang\zh-cn.php
[ info ] [ ROUTE ] array (
)
[ info ] [ HEADER ] array (
  'sec-fetch-mode' => 'cors',
  'referer' => 'http://localhost:8080/',
  'origin' => 'http://localhost:8080',
  'access-control-request-method' => 'POST',
  'access-control-request-headers' => 'content-type',
  'accept-language' => 'zh-CN,zh;q=0.9',
  'accept-encoding' => 'gzip, deflate',
  'accept' => '*/*',
  'user-agent' => 'Mozilla/5.0 (iPhone; CPU iPhone OS 18_5 like Mac OS X) AppleWebKit/605.1.15 (KHTML, like Gecko) Version/18.5 Mobile/15E148 Safari/604.1',
  'host' => 'www.jiwankang.com',
  'content-length' => '',
  'content-type' => '',
)
[ info ] [ PARAM ] array (
)
---------------------------------------------------------------
[2026-04-01T19:51:11+08:00] 127.0.0.1 OPTIONS www.jiwankang.com/api.html
[运行时间：0.026878s] [吞吐率：37.20req/s] [内存消耗：3,009.21kb] [文件加载：89]
[ info ] [ LANG ] E:\wwwroot\2026\04\jiwankang\thinkphp\lang\zh-cn.php
[ info ] [ ROUTE ] array (
)
[ info ] [ HEADER ] array (
  'sec-fetch-mode' => 'cors',
  'referer' => 'http://localhost:8080/',
  'origin' => 'http://localhost:8080',
  'access-control-request-method' => 'POST',
  'access-control-request-headers' => 'content-type',
  'accept-language' => 'zh-CN,zh;q=0.9',
  'accept-encoding' => 'gzip, deflate',
  'accept' => '*/*',
  'user-agent' => 'Mozilla/5.0 (iPhone; CPU iPhone OS 18_5 like Mac OS X) AppleWebKit/605.1.15 (KHTML, like Gecko) Version/18.5 Mobile/15E148 Safari/604.1',
  'host' => 'www.jiwankang.com',
  'content-length' => '',
  'content-type' => '',
)
[ info ] [ PARAM ] array (
)
---------------------------------------------------------------
[2026-04-01T19:51:11+08:00] 127.0.0.1 OPTIONS www.jiwankang.com/api.html
[运行时间：0.026032s] [吞吐率：38.41req/s] [内存消耗：3,009.21kb] [文件加载：89]
[ info ] [ LANG ] E:\wwwroot\2026\04\jiwankang\thinkphp\lang\zh-cn.php
[ info ] [ ROUTE ] array (
)
[ info ] [ HEADER ] array (
  'sec-fetch-mode' => 'cors',
  'referer' => 'http://localhost:8080/',
  'origin' => 'http://localhost:8080',
  'access-control-request-method' => 'POST',
  'access-control-request-headers' => 'content-type',
  'accept-language' => 'zh-CN,zh;q=0.9',
  'accept-encoding' => 'gzip, deflate',
  'accept' => '*/*',
  'user-agent' => 'Mozilla/5.0 (iPhone; CPU iPhone OS 18_5 like Mac OS X) AppleWebKit/605.1.15 (KHTML, like Gecko) Version/18.5 Mobile/15E148 Safari/604.1',
  'host' => 'www.jiwankang.com',
  'content-length' => '',
  'content-type' => '',
)
[ info ] [ PARAM ] array (
)
---------------------------------------------------------------
[2026-04-01T19:51:11+08:00] 127.0.0.1 POST www.jiwankang.com/api.html
[运行时间：0.033152s] [吞吐率：30.16req/s] [内存消耗：4,820.80kb] [文件加载：107]
[ info ] [ LANG ] E:\wwwroot\2026\04\jiwankang\thinkphp\lang\zh-cn.php
[ info ] [ ROUTE ] array (
)
[ info ] [ HEADER ] array (
  'referer' => 'http://localhost:8080/',
  'origin' => 'http://localhost:8080',
  'content-type' => 'application/json',
  'accept-language' => 'zh-CN,zh;q=0.9',
  'accept-encoding' => 'gzip, deflate',
  'accept' => 'application/json',
  'content-length' => '65',
  'user-agent' => 'Mozilla/5.0 (iPhone; CPU iPhone OS 18_5 like Mac OS X) AppleWebKit/605.1.15 (KHTML, like Gecko) Version/18.5 Mobile/15E148 Safari/604.1',
  'host' => 'www.jiwankang.com',
)
[ info ] [ PARAM ] array (
  'token' => 'c44ff269142cc0000a5aab51e13546e0',
  'method' => 'user.info',
)
[ info ] [ DB ] INIT mysql
[ sql ] [ DB ] CONNECT:[ UseTime:0.000941s ] mysql:host=127.0.0.1;port=3306;dbname=jiwankang;charset=utf8mb4
[ sql ] [ SQL ] SHOW COLUMNS FROM `wb_user` [ RunTime:0.000930s ]
[ sql ] [ SQL ] SELECT * FROM `wb_user` WHERE (  `id` = 1 ) AND `wb_user`.`isdel` IS NULL LIMIT 1 [ RunTime:0.000419s ]
[ sql ] [ SQL ] SELECT `id`,`username`,`mobile`,`sex`,`birthday`,`avatar`,`nickname`,`balance`,`point`,`grade`,`status`,`pid`,`password`,`ctime`,`remarks`,`area_id`,`tiyan`,`num_point`,`exp` FROM `wb_user` WHERE (  `id` = 1 ) AND `wb_user`.`isdel` IS NULL LIMIT 1 [ RunTime:0.000257s ]
[ sql ] [ SQL ] SHOW COLUMNS FROM `wb_user_grade` [ RunTime:0.000412s ]
[ sql ] [ SQL ] SELECT * FROM `wb_user_grade` WHERE  `id` = 3 [ RunTime:0.000128s ]
[ sql ] [ SQL ] SELECT * FROM `wb_user_grade` WHERE  `id` = 3 LIMIT 1 [ RunTime:0.000182s ]
---------------------------------------------------------------
[2026-04-01T19:51:11+08:00] 127.0.0.1 POST www.jiwankang.com/api.html
[运行时间：0.033743s] [吞吐率：29.64req/s] [内存消耗：4,820.80kb] [文件加载：107]
[ info ] [ LANG ] E:\wwwroot\2026\04\jiwankang\thinkphp\lang\zh-cn.php
[ info ] [ ROUTE ] array (
)
[ info ] [ HEADER ] array (
  'referer' => 'http://localhost:8080/',
  'origin' => 'http://localhost:8080',
  'content-type' => 'application/json',
  'accept-language' => 'zh-CN,zh;q=0.9',
  'accept-encoding' => 'gzip, deflate',
  'accept' => 'application/json',
  'content-length' => '65',
  'user-agent' => 'Mozilla/5.0 (iPhone; CPU iPhone OS 18_5 like Mac OS X) AppleWebKit/605.1.15 (KHTML, like Gecko) Version/18.5 Mobile/15E148 Safari/604.1',
  'host' => 'www.jiwankang.com',
)
[ info ] [ PARAM ] array (
  'token' => 'c44ff269142cc0000a5aab51e13546e0',
  'method' => 'user.info',
)
[ info ] [ DB ] INIT mysql
[ sql ] [ DB ] CONNECT:[ UseTime:0.000775s ] mysql:host=127.0.0.1;port=3306;dbname=jiwankang;charset=utf8mb4
[ sql ] [ SQL ] SHOW COLUMNS FROM `wb_user` [ RunTime:0.000470s ]
[ sql ] [ SQL ] SELECT * FROM `wb_user` WHERE (  `id` = 1 ) AND `wb_user`.`isdel` IS NULL LIMIT 1 [ RunTime:0.000314s ]
[ sql ] [ SQL ] SELECT `id`,`username`,`mobile`,`sex`,`birthday`,`avatar`,`nickname`,`balance`,`point`,`grade`,`status`,`pid`,`password`,`ctime`,`remarks`,`area_id`,`tiyan`,`num_point`,`exp` FROM `wb_user` WHERE (  `id` = 1 ) AND `wb_user`.`isdel` IS NULL LIMIT 1 [ RunTime:0.000219s ]
[ sql ] [ SQL ] SHOW COLUMNS FROM `wb_user_grade` [ RunTime:0.000973s ]
[ sql ] [ SQL ] SELECT * FROM `wb_user_grade` WHERE  `id` = 3 [ RunTime:0.000193s ]
[ sql ] [ SQL ] SELECT * FROM `wb_user_grade` WHERE  `id` = 3 LIMIT 1 [ RunTime:0.000164s ]
---------------------------------------------------------------
[2026-04-01T19:51:11+08:00] 127.0.0.1 POST www.jiwankang.com/api.html
[运行时间：0.047570s] [吞吐率：21.02req/s] [内存消耗：5,318.73kb] [文件加载：116]
[ info ] [ LANG ] E:\wwwroot\2026\04\jiwankang\thinkphp\lang\zh-cn.php
[ info ] [ ROUTE ] array (
)
[ info ] [ HEADER ] array (
  'referer' => 'http://localhost:8080/',
  'origin' => 'http://localhost:8080',
  'content-type' => 'application/json',
  'accept-language' => 'zh-CN,zh;q=0.9',
  'accept-encoding' => 'gzip, deflate',
  'accept' => 'application/json',
  'content-length' => '78',
  'user-agent' => 'Mozilla/5.0 (iPhone; CPU iPhone OS 18_5 like Mac OS X) AppleWebKit/605.1.15 (KHTML, like Gecko) Version/18.5 Mobile/15E148 Safari/604.1',
  'host' => 'www.jiwankang.com',
)
[ info ] [ PARAM ] array (
  'id' => '2',
  'token' => 'c44ff269142cc0000a5aab51e13546e0',
  'method' => 'goods.getdetial',
)
[ info ] [ DB ] INIT mysql
[ sql ] [ DB ] CONNECT:[ UseTime:0.000627s ] mysql:host=127.0.0.1;port=3306;dbname=jiwankang;charset=utf8mb4
[ sql ] [ SQL ] SHOW COLUMNS FROM `wb_goods` [ RunTime:0.000565s ]
[ sql ] [ SQL ] SELECT * FROM `wb_goods` WHERE  `id` = 2 LIMIT 1 [ RunTime:0.000321s ]
[ sql ] [ SQL ] SHOW COLUMNS FROM `wb_goods_cat` [ RunTime:0.000996s ]
[ sql ] [ SQL ] SELECT `id`,`name` FROM `wb_goods_cat` WHERE  `id` = 2 [ RunTime:0.000120s ]
[ sql ] [ SQL ] SHOW COLUMNS FROM `wb_products` [ RunTime:0.000409s ]
[ sql ] [ SQL ] SELECT * FROM `wb_products` WHERE  `goods_id` = 2  AND `is_defalut` = 1 LIMIT 1 [ RunTime:0.000293s ]
[ sql ] [ SQL ] SHOW COLUMNS FROM `wb_user` [ RunTime:0.001071s ]
[ sql ] [ SQL ] SELECT * FROM `wb_user` WHERE (  `id` = 1 ) AND `wb_user`.`isdel` IS NULL LIMIT 1 [ RunTime:0.000326s ]
[ sql ] [ SQL ] SELECT * FROM `wb_products` WHERE  `id` = 3 LIMIT 1 [ RunTime:0.000195s ]
[ sql ] [ SQL ] SELECT `name`,`image_id`,`bn`,`marketable`,`spes_desc`,`is_combo`,`point`,`open_point` FROM `wb_goods` WHERE  `id` = 2 LIMIT 1 [ RunTime:0.000199s ]
[ sql ] [ SQL ] SELECT `grade` FROM `wb_user` WHERE (  `id` = 1 ) AND `wb_user`.`isdel` IS NULL LIMIT 1 [ RunTime:0.000230s ]
[ sql ] [ SQL ] SHOW COLUMNS FROM `wb_setting` [ RunTime:0.000392s ]
[ sql ] [ SQL ] SELECT * FROM `wb_setting` WHERE  `skey` = 'language' LIMIT 1 [ RunTime:0.000132s ]
[ sql ] [ SQL ] SELECT * FROM `wb_setting` WHERE  `skey` = 'language' LIMIT 1 [ RunTime:0.000082s ]
[ sql ] [ SQL ] SHOW COLUMNS FROM `wb_goods_grade` [ RunTime:0.000294s ]
[ sql ] [ SQL ] SELECT * FROM `wb_goods_grade` WHERE  `goods_id` = 2 [ RunTime:0.000137s ]
[ sql ] [ SQL ] SHOW COLUMNS FROM `wb_user_grade` [ RunTime:0.000263s ]
[ sql ] [ SQL ] SELECT `name` FROM `wb_user_grade` WHERE  `id` = 1 LIMIT 1 [ RunTime:0.000099s ]
[ sql ] [ SQL ] SELECT `name` FROM `wb_user_grade` WHERE  `id` = 2 LIMIT 1 [ RunTime:0.000118s ]
[ sql ] [ SQL ] SELECT `name` FROM `wb_user_grade` WHERE  `id` = 3 LIMIT 1 [ RunTime:0.000096s ]
[ sql ] [ SQL ] SELECT `name` FROM `wb_user_grade` WHERE  `id` = 4 LIMIT 1 [ RunTime:0.000070s ]
[ sql ] [ SQL ] SELECT `name` FROM `wb_user_grade` WHERE  `id` = 5 LIMIT 1 [ RunTime:0.000066s ]
[ sql ] [ SQL ] SHOW COLUMNS FROM `wb_promotion` [ RunTime:0.000267s ]
[ sql ] [ SQL ] SELECT * FROM `wb_promotion` WHERE (  `status` = 1  AND `stime` < 1775044271  AND `etime` > 1775044271  AND `type` = 1 ) AND `wb_promotion`.`isdel` IS NULL ORDER BY `sort` ASC [ RunTime:0.000183s ]
[ sql ] [ SQL ] SHOW COLUMNS FROM `wb_goods_images` [ RunTime:0.000862s ]
[ sql ] [ SQL ] SELECT * FROM `wb_goods_images` WHERE  `goods_id` = 2 ORDER BY `sort` ASC [ RunTime:0.000135s ]
[ sql ] [ SQL ] SHOW COLUMNS FROM `wb_goods_collection` [ RunTime:0.000264s ]
[ sql ] [ SQL ] SELECT * FROM `wb_goods_collection` WHERE  `user_id` = 1  AND `goods_id` = 2 LIMIT 1 [ RunTime:0.000124s ]
[ sql ] [ SQL ] UPDATE `wb_goods`  SET `view_count` = `view_count` + 1  WHERE  `id` = 2 [ RunTime:0.001828s ]
---------------------------------------------------------------
[2026-04-01T19:51:11+08:00] 127.0.0.1 POST www.jiwankang.com/api.html
[运行时间：0.064646s] [吞吐率：15.47req/s] [内存消耗：4,833.35kb] [文件加载：107]
[ info ] [ LANG ] E:\wwwroot\2026\04\jiwankang\thinkphp\lang\zh-cn.php
[ info ] [ ROUTE ] array (
)
[ info ] [ HEADER ] array (
  'referer' => 'http://localhost:8080/',
  'origin' => 'http://localhost:8080',
  'content-type' => 'application/json',
  'accept-language' => 'zh-CN,zh;q=0.9',
  'accept-encoding' => 'gzip, deflate',
  'accept' => 'application/json',
  'content-length' => '40',
  'user-agent' => 'Mozilla/5.0 (iPhone; CPU iPhone OS 18_5 like Mac OS X) AppleWebKit/605.1.15 (KHTML, like Gecko) Version/18.5 Mobile/15E148 Safari/604.1',
  'host' => 'www.jiwankang.com',
)
[ info ] [ PARAM ] array (
  'id' => '2',
  'method' => 'goods.getgoodsparams',
)
[ info ] [ DB ] INIT mysql
[ sql ] [ DB ] CONNECT:[ UseTime:0.025306s ] mysql:host=127.0.0.1;port=3306;dbname=jiwankang;charset=utf8mb4
[ sql ] [ SQL ] SHOW COLUMNS FROM `wb_setting` [ RunTime:0.000864s ]
[ sql ] [ SQL ] SELECT * FROM `wb_setting` WHERE  `skey` = 'language' LIMIT 1 [ RunTime:0.000430s ]
[ sql ] [ SQL ] SELECT * FROM `wb_setting` WHERE  `skey` = 'language' LIMIT 1 [ RunTime:0.000207s ]
[ sql ] [ SQL ] SELECT * FROM `wb_setting` WHERE  `skey` = 'language' LIMIT 1 [ RunTime:0.000306s ]
[ sql ] [ SQL ] SELECT * FROM `wb_setting` WHERE  `skey` = 'language' LIMIT 1 [ RunTime:0.000088s ]
[ sql ] [ SQL ] SHOW COLUMNS FROM `wb_goods` [ RunTime:0.000526s ]
[ sql ] [ SQL ] SELECT `id`,`bn`,`name`,`brand_id`,`image_id`,`params`,`spes_desc` FROM `wb_goods` WHERE  `id` = 2 LIMIT 1 [ RunTime:0.000201s ]
[ sql ] [ SQL ] SELECT * FROM `wb_setting` WHERE  `skey` = 'language' LIMIT 1 [ RunTime:0.000229s ]
[ sql ] [ SQL ] SELECT * FROM `wb_setting` WHERE  `skey` = 'language' LIMIT 1 [ RunTime:0.000226s ]
[ sql ] [ SQL ] SHOW COLUMNS FROM `wb_goods_images` [ RunTime:0.001773s ]
[ sql ] [ SQL ] SELECT * FROM `wb_goods_images` WHERE  `goods_id` = 2 ORDER BY `sort` DESC [ RunTime:0.000418s ]
[ sql ] [ SQL ] SHOW COLUMNS FROM `wb_products` [ RunTime:0.001299s ]
[ sql ] [ SQL ] SELECT `id` FROM `wb_products` WHERE  `goods_id` = 2 [ RunTime:0.000188s ]
[ sql ] [ SQL ] SELECT * FROM `wb_products` WHERE  `id` = 3 LIMIT 1 [ RunTime:0.000158s ]
[ sql ] [ SQL ] SELECT `name`,`image_id`,`bn`,`marketable`,`spes_desc`,`is_combo`,`point`,`open_point` FROM `wb_goods` WHERE  `id` = 2 LIMIT 1 [ RunTime:0.000112s ]
---------------------------------------------------------------
[2026-04-01T19:51:11+08:00] 127.0.0.1 GET www.jiwankang.com/api/common/jshopconf
[运行时间：0.022720s] [吞吐率：44.01req/s] [内存消耗：3,091.32kb] [文件加载：93]
[ info ] [ LANG ] E:\wwwroot\2026\04\jiwankang\thinkphp\lang\zh-cn.php
[ info ] [ ROUTE ] array (
)
[ info ] [ HEADER ] array (
  'referer' => 'http://localhost:8080/',
  'origin' => 'http://localhost:8080',
  'content-type' => 'application/x-www-form-urlencoded',
  'accept-language' => 'zh-CN,zh;q=0.9',
  'accept-encoding' => 'gzip, deflate',
  'accept' => 'application/json',
  'user-agent' => 'Mozilla/5.0 (iPhone; CPU iPhone OS 18_5 like Mac OS X) AppleWebKit/605.1.15 (KHTML, like Gecko) Version/18.5 Mobile/15E148 Safari/604.1',
  'host' => 'www.jiwankang.com',
  'content-length' => '',
)
[ info ] [ PARAM ] array (
)
---------------------------------------------------------------
[2026-04-01T19:51:11+08:00] 127.0.0.1 POST www.jiwankang.com/api.html
[运行时间：0.036747s] [吞吐率：27.21req/s] [内存消耗：4,608.96kb] [文件加载：103]
[ info ] [ LANG ] E:\wwwroot\2026\04\jiwankang\thinkphp\lang\zh-cn.php
[ info ] [ ROUTE ] array (
)
[ info ] [ HEADER ] array (
  'referer' => 'http://localhost:8080/',
  'origin' => 'http://localhost:8080',
  'content-type' => 'application/json',
  'accept-language' => 'zh-CN,zh;q=0.9',
  'accept-encoding' => 'gzip, deflate',
  'accept' => 'application/json',
  'content-length' => '70',
  'user-agent' => 'Mozilla/5.0 (iPhone; CPU iPhone OS 18_5 like Mac OS X) AppleWebKit/605.1.15 (KHTML, like Gecko) Version/18.5 Mobile/15E148 Safari/604.1',
  'host' => 'www.jiwankang.com',
)
[ info ] [ PARAM ] array (
  'token' => 'c44ff269142cc0000a5aab51e13546e0',
  'method' => 'cart.getnumber',
)
[ info ] [ DB ] INIT mysql
[ sql ] [ DB ] CONNECT:[ UseTime:0.001355s ] mysql:host=127.0.0.1;port=3306;dbname=jiwankang;charset=utf8mb4
[ sql ] [ SQL ] SHOW COLUMNS FROM `wb_user` [ RunTime:0.000996s ]
[ sql ] [ SQL ] SELECT * FROM `wb_user` WHERE (  `id` = 1 ) AND `wb_user`.`isdel` IS NULL LIMIT 1 [ RunTime:0.000237s ]
[ sql ] [ SQL ] SHOW COLUMNS FROM `wb_setting` [ RunTime:0.000577s ]
[ sql ] [ SQL ] SELECT * FROM `wb_setting` WHERE  `skey` = 'virtual_card_class' LIMIT 1 [ RunTime:0.000205s ]
[ sql ] [ SQL ] SHOW COLUMNS FROM `wb_cart` [ RunTime:0.000606s ]
[ sql ] [ SQL ] SELECT SUM(`nums`) AS tp_sum FROM `wb_cart` `c` INNER JOIN `wb_products` `p` ON `p`.`id`=`c`.`product_id` INNER JOIN `wb_goods` `g` ON `g`.`id`=`p`.`goods_id` WHERE  `user_id` = 1  AND `type` = 1 LIMIT 1 [ RunTime:0.000570s ]
---------------------------------------------------------------
[2026-04-01T19:51:13+08:00] 127.0.0.1 POST www.jiwankang.com/api.html
[运行时间：0.033160s] [吞吐率：30.16req/s] [内存消耗：4,866.30kb] [文件加载：105]
[ info ] [ LANG ] E:\wwwroot\2026\04\jiwankang\thinkphp\lang\zh-cn.php
[ info ] [ ROUTE ] array (
)
[ info ] [ HEADER ] array (
  'referer' => 'http://localhost:8080/',
  'origin' => 'http://localhost:8080',
  'content-type' => 'application/json',
  'accept-language' => 'zh-CN,zh;q=0.9',
  'accept-encoding' => 'gzip, deflate',
  'accept' => 'application/json',
  'content-length' => '97',
  'user-agent' => 'Mozilla/5.0 (iPhone; CPU iPhone OS 18_5 like Mac OS X) AppleWebKit/605.1.15 (KHTML, like Gecko) Version/18.5 Mobile/15E148 Safari/604.1',
  'host' => 'www.jiwankang.com',
)
[ info ] [ PARAM ] array (
  'product_id' => '3',
  'nums' => '1',
  'type' => '2',
  'token' => 'c44ff269142cc0000a5aab51e13546e0',
  'method' => 'cart.add',
)
[ info ] [ DB ] INIT mysql
[ sql ] [ DB ] CONNECT:[ UseTime:0.000616s ] mysql:host=127.0.0.1;port=3306;dbname=jiwankang;charset=utf8mb4
[ sql ] [ SQL ] SHOW COLUMNS FROM `wb_user` [ RunTime:0.000534s ]
[ sql ] [ SQL ] SELECT * FROM `wb_user` WHERE (  `id` = 1 ) AND `wb_user`.`isdel` IS NULL LIMIT 1 [ RunTime:0.000193s ]
[ sql ] [ SQL ] SHOW COLUMNS FROM `wb_products` [ RunTime:0.000722s ]
[ sql ] [ SQL ] SELECT * FROM `wb_products` WHERE  `id` = 3 LIMIT 1 [ RunTime:0.000203s ]
[ sql ] [ SQL ] SHOW COLUMNS FROM `wb_goods` [ RunTime:0.000456s ]
[ sql ] [ SQL ] SELECT `name`,`image_id`,`bn`,`marketable`,`spes_desc`,`is_combo`,`point`,`open_point` FROM `wb_goods` WHERE  `id` = 2 LIMIT 1 [ RunTime:0.000209s ]
[ sql ] [ SQL ] SELECT `p`.`id`,`g`.`marketable` FROM `wb_products` `p` INNER JOIN `wb_goods` `g` ON `g`.`id`=`p`.`goods_id` WHERE  `p`.`id` = '3' LIMIT 1 [ RunTime:0.000154s ]
[ sql ] [ SQL ] SHOW COLUMNS FROM `wb_cart` [ RunTime:0.000245s ]
[ sql ] [ SQL ] SELECT * FROM `wb_cart` WHERE  `product_id` = 3  AND `user_id` = 1  AND `type` = 1 LIMIT 1 [ RunTime:0.000135s ]
[ sql ] [ SQL ] INSERT INTO `wb_cart` (`product_id` , `nums` , `user_id` , `type`) VALUES (3 , 1 , 1 , 1) [ RunTime:0.001985s ]
---------------------------------------------------------------
[2026-04-01T19:51:13+08:00] 127.0.0.1 POST www.jiwankang.com/api.html
[运行时间：0.042784s] [吞吐率：23.37req/s] [内存消耗：4,656.99kb] [文件加载：106]
[ info ] [ LANG ] E:\wwwroot\2026\04\jiwankang\thinkphp\lang\zh-cn.php
[ info ] [ ROUTE ] array (
)
[ info ] [ HEADER ] array (
  'referer' => 'http://localhost:8080/',
  'origin' => 'http://localhost:8080',
  'content-type' => 'application/json',
  'accept-language' => 'zh-CN,zh;q=0.9',
  'accept-encoding' => 'gzip, deflate',
  'accept' => 'application/json',
  'content-length' => '93',
  'user-agent' => 'Mozilla/5.0 (iPhone; CPU iPhone OS 18_5 like Mac OS X) AppleWebKit/605.1.15 (KHTML, like Gecko) Version/18.5 Mobile/15E148 Safari/604.1',
  'host' => 'www.jiwankang.com',
)
[ info ] [ PARAM ] array (
  'display' => 'no_used',
  'token' => 'c44ff269142cc0000a5aab51e13546e0',
  'method' => 'coupon.usercoupon',
)
[ info ] [ DB ] INIT mysql
[ sql ] [ DB ] CONNECT:[ UseTime:0.001810s ] mysql:host=127.0.0.1;port=3306;dbname=jiwankang;charset=utf8mb4
[ sql ] [ SQL ] SHOW COLUMNS FROM `wb_user` [ RunTime:0.000823s ]
[ sql ] [ SQL ] SELECT * FROM `wb_user` WHERE (  `id` = 1 ) AND `wb_user`.`isdel` IS NULL LIMIT 1 [ RunTime:0.000408s ]
[ sql ] [ SQL ] SHOW COLUMNS FROM `wb_coupon` [ RunTime:0.000321s ]
[ sql ] [ SQL ] SELECT * FROM `wb_coupon` `c` INNER JOIN `wb_promotion` `p` ON `p`.`id`=`c`.`promotion_id` WHERE  `c`.`user_id` = '1'  AND `p`.`type` = '2'  AND `c`.`is_used` = '1'  AND `p`.`status` = '1'  AND ( (c.endtime = 0 and p.etime >= 1775044273) or (c.endtime >=1775044273) ) ORDER BY `c`.`ctime` ASC LIMIT 0,10 [ RunTime:0.000226s ]
[ sql ] [ SQL ] SELECT COUNT(*) AS tp_count FROM `wb_coupon` `c` INNER JOIN `wb_promotion` `p` ON `p`.`id`=`c`.`promotion_id` WHERE  `c`.`user_id` = '1'  AND `p`.`type` = '2'  AND `c`.`is_used` = '1'  AND `p`.`status` = '1'  AND ( (c.endtime = 0 and p.etime >= 1775044273) or (c.endtime >=1775044273) ) LIMIT 1 [ RunTime:0.000236s ]
---------------------------------------------------------------
[2026-04-01T19:51:13+08:00] 127.0.0.1 POST www.jiwankang.com/api.html
[运行时间：0.051590s] [吞吐率：19.38req/s] [内存消耗：4,856.52kb] [文件加载：105]
[ info ] [ LANG ] E:\wwwroot\2026\04\jiwankang\thinkphp\lang\zh-cn.php
[ info ] [ ROUTE ] array (
)
[ info ] [ HEADER ] array (
  'referer' => 'http://localhost:8080/',
  'origin' => 'http://localhost:8080',
  'content-type' => 'application/json',
  'accept-language' => 'zh-CN,zh;q=0.9',
  'accept-encoding' => 'gzip, deflate',
  'accept' => 'application/json',
  'content-length' => '79',
  'user-agent' => 'Mozilla/5.0 (iPhone; CPU iPhone OS 18_5 like Mac OS X) AppleWebKit/605.1.15 (KHTML, like Gecko) Version/18.5 Mobile/15E148 Safari/604.1',
  'host' => 'www.jiwankang.com',
)
[ info ] [ PARAM ] array (
  'token' => 'c44ff269142cc0000a5aab51e13546e0',
  'method' => 'user.getuserdefaultship',
)
[ info ] [ DB ] INIT mysql
[ sql ] [ DB ] CONNECT:[ UseTime:0.001041s ] mysql:host=127.0.0.1;port=3306;dbname=jiwankang;charset=utf8mb4
[ sql ] [ SQL ] SHOW COLUMNS FROM `wb_user` [ RunTime:0.000846s ]
[ sql ] [ SQL ] SELECT * FROM `wb_user` WHERE (  `id` = 1 ) AND `wb_user`.`isdel` IS NULL LIMIT 1 [ RunTime:0.000372s ]
[ sql ] [ SQL ] SHOW COLUMNS FROM `wb_user_ship` [ RunTime:0.001079s ]
[ sql ] [ SQL ] SELECT * FROM `wb_user_ship` WHERE  `user_id` = 1  AND `is_def` = 1 ORDER BY `utime` DESC LIMIT 1 [ RunTime:0.000222s ]
[ sql ] [ SQL ] SHOW COLUMNS FROM `wb_area` [ RunTime:0.000652s ]
[ sql ] [ SQL ] SELECT `id`,`name`,`parent_id`,`postal_code` FROM `wb_area` WHERE  `id` = 150525 LIMIT 1 [ RunTime:0.000263s ]
[ sql ] [ SQL ] SELECT `id`,`name`,`parent_id`,`postal_code` FROM `wb_area` WHERE  `parent_id` = 150500 [ RunTime:0.001317s ]
[ sql ] [ SQL ] SELECT `id`,`name`,`parent_id`,`postal_code` FROM `wb_area` WHERE  `id` = 150500 LIMIT 1 [ RunTime:0.000206s ]
[ sql ] [ SQL ] SELECT `id`,`name`,`parent_id`,`postal_code` FROM `wb_area` WHERE  `parent_id` = 150000 [ RunTime:0.000666s ]
[ sql ] [ SQL ] SELECT `id`,`name`,`parent_id`,`postal_code` FROM `wb_area` WHERE  `id` = 150000 LIMIT 1 [ RunTime:0.000138s ]
[ sql ] [ SQL ] SELECT `id`,`name`,`parent_id`,`postal_code` FROM `wb_area` WHERE  `parent_id` = 0 [ RunTime:0.001263s ]
---------------------------------------------------------------
[2026-04-01T19:51:13+08:00] 127.0.0.1 POST www.jiwankang.com/api.html
[运行时间：0.054394s] [吞吐率：18.38req/s] [内存消耗：5,257.80kb] [文件加载：113]
[ info ] [ LANG ] E:\wwwroot\2026\04\jiwankang\thinkphp\lang\zh-cn.php
[ info ] [ ROUTE ] array (
)
[ info ] [ HEADER ] array (
  'referer' => 'http://localhost:8080/',
  'origin' => 'http://localhost:8080',
  'content-type' => 'application/json',
  'accept-language' => 'zh-CN,zh;q=0.9',
  'accept-encoding' => 'gzip, deflate',
  'accept' => 'application/json',
  'content-length' => '155',
  'user-agent' => 'Mozilla/5.0 (iPhone; CPU iPhone OS 18_5 like Mac OS X) AppleWebKit/605.1.15 (KHTML, like Gecko) Version/18.5 Mobile/15E148 Safari/604.1',
  'host' => 'www.jiwankang.com',
)
[ info ] [ PARAM ] array (
  'ids' => '9',
  'area_id' => 0,
  'coupon_code' => '',
  'point' => 0,
  'type' => '1',
  'params' => '',
  'receipt_type' => '1',
  'token' => 'c44ff269142cc0000a5aab51e13546e0',
  'method' => 'cart.getlist',
)
[ info ] [ DB ] INIT mysql
[ sql ] [ DB ] CONNECT:[ UseTime:0.001365s ] mysql:host=127.0.0.1;port=3306;dbname=jiwankang;charset=utf8mb4
[ sql ] [ SQL ] SHOW COLUMNS FROM `wb_user` [ RunTime:0.000984s ]
[ sql ] [ SQL ] SELECT * FROM `wb_user` WHERE (  `id` = 1 ) AND `wb_user`.`isdel` IS NULL LIMIT 1 [ RunTime:0.000456s ]
[ sql ] [ SQL ] SHOW COLUMNS FROM `wb_cart` [ RunTime:0.001112s ]
[ sql ] [ SQL ] SELECT * FROM `wb_cart` WHERE  `user_id` = 1  AND `type` = 1  AND `id` IN (9) [ RunTime:0.000254s ]
[ sql ] [ SQL ] SHOW COLUMNS FROM `wb_products` [ RunTime:0.001311s ]
[ sql ] [ SQL ] SELECT * FROM `wb_products` WHERE  `id` = 3 LIMIT 1 [ RunTime:0.000215s ]
[ sql ] [ SQL ] SHOW COLUMNS FROM `wb_goods` [ RunTime:0.001390s ]
[ sql ] [ SQL ] SELECT `name`,`image_id`,`bn`,`marketable`,`spes_desc`,`is_combo`,`point`,`open_point` FROM `wb_goods` WHERE  `id` = 2 LIMIT 1 [ RunTime:0.000308s ]
[ sql ] [ SQL ] SELECT `grade` FROM `wb_user` WHERE (  `id` = 1 ) AND `wb_user`.`isdel` IS NULL LIMIT 1 [ RunTime:0.000164s ]
[ sql ] [ SQL ] SHOW COLUMNS FROM `wb_setting` [ RunTime:0.000530s ]
[ sql ] [ SQL ] SELECT * FROM `wb_setting` WHERE  `skey` = 'language' LIMIT 1 [ RunTime:0.000308s ]
[ sql ] [ SQL ] SELECT * FROM `wb_setting` WHERE  `skey` = 'language' LIMIT 1 [ RunTime:0.000128s ]
[ sql ] [ SQL ] SHOW COLUMNS FROM `wb_goods_grade` [ RunTime:0.001176s ]
[ sql ] [ SQL ] SELECT * FROM `wb_goods_grade` WHERE  `goods_id` = 2 [ RunTime:0.000256s ]
[ sql ] [ SQL ] SHOW COLUMNS FROM `wb_user_grade` [ RunTime:0.000781s ]
[ sql ] [ SQL ] SELECT `name` FROM `wb_user_grade` WHERE  `id` = 1 LIMIT 1 [ RunTime:0.000209s ]
[ sql ] [ SQL ] SELECT `name` FROM `wb_user_grade` WHERE  `id` = 2 LIMIT 1 [ RunTime:0.000152s ]
[ sql ] [ SQL ] SELECT `name` FROM `wb_user_grade` WHERE  `id` = 3 LIMIT 1 [ RunTime:0.000098s ]
[ sql ] [ SQL ] SELECT `name` FROM `wb_user_grade` WHERE  `id` = 4 LIMIT 1 [ RunTime:0.000078s ]
[ sql ] [ SQL ] SELECT `name` FROM `wb_user_grade` WHERE  `id` = 5 LIMIT 1 [ RunTime:0.000067s ]
[ sql ] [ SQL ] SELECT `p`.`id`,`g`.`marketable` FROM `wb_products` `p` INNER JOIN `wb_goods` `g` ON `g`.`id`=`p`.`goods_id` WHERE  `p`.`id` = '3' LIMIT 1 [ RunTime:0.000148s ]
[ sql ] [ SQL ] SELECT `goods_id` FROM `wb_products` WHERE  `id` = 3 LIMIT 1 [ RunTime:0.000084s ]
[ sql ] [ SQL ] SELECT `weight` FROM `wb_goods` WHERE  `id` = 2 LIMIT 1 [ RunTime:0.000096s ]
[ sql ] [ SQL ] SHOW COLUMNS FROM `wb_goods_collection` [ RunTime:0.000948s ]
[ sql ] [ SQL ] SELECT * FROM `wb_goods_collection` WHERE  `user_id` = 1  AND `goods_id` = 2 LIMIT 1 [ RunTime:0.000177s ]
[ sql ] [ SQL ] SHOW COLUMNS FROM `wb_promotion` [ RunTime:0.001070s ]
[ sql ] [ SQL ] SELECT * FROM `wb_promotion` WHERE (  `status` = 1  AND `stime` < 1775044273  AND `etime` > 1775044273  AND `type` = 1 ) AND `wb_promotion`.`isdel` IS NULL ORDER BY `sort` ASC [ RunTime:0.000226s ]
---------------------------------------------------------------
[2026-04-01T19:51:13+08:00] 127.0.0.1 POST www.jiwankang.com/api.html
[运行时间：0.044664s] [吞吐率：22.39req/s] [内存消耗：5,315.28kb] [文件加载：115]
[ info ] [ LANG ] E:\wwwroot\2026\04\jiwankang\thinkphp\lang\zh-cn.php
[ info ] [ ROUTE ] array (
)
[ info ] [ HEADER ] array (
  'referer' => 'http://localhost:8080/',
  'origin' => 'http://localhost:8080',
  'content-type' => 'application/json',
  'accept-language' => 'zh-CN,zh;q=0.9',
  'accept-encoding' => 'gzip, deflate',
  'accept' => 'application/json',
  'content-length' => '160',
  'user-agent' => 'Mozilla/5.0 (iPhone; CPU iPhone OS 18_5 like Mac OS X) AppleWebKit/605.1.15 (KHTML, like Gecko) Version/18.5 Mobile/15E148 Safari/604.1',
  'host' => 'www.jiwankang.com',
)
[ info ] [ PARAM ] array (
  'ids' => '9',
  'area_id' => '150525',
  'coupon_code' => '',
  'point' => 0,
  'type' => '1',
  'params' => '',
  'receipt_type' => '1',
  'token' => 'c44ff269142cc0000a5aab51e13546e0',
  'method' => 'cart.getlist',
)
[ info ] [ DB ] INIT mysql
[ sql ] [ DB ] CONNECT:[ UseTime:0.000771s ] mysql:host=127.0.0.1;port=3306;dbname=jiwankang;charset=utf8mb4
[ sql ] [ SQL ] SHOW COLUMNS FROM `wb_user` [ RunTime:0.000658s ]
[ sql ] [ SQL ] SELECT * FROM `wb_user` WHERE (  `id` = 1 ) AND `wb_user`.`isdel` IS NULL LIMIT 1 [ RunTime:0.000324s ]
[ sql ] [ SQL ] SHOW COLUMNS FROM `wb_cart` [ RunTime:0.000997s ]
[ sql ] [ SQL ] SELECT * FROM `wb_cart` WHERE  `user_id` = 1  AND `type` = 1  AND `id` IN (9) [ RunTime:0.000253s ]
[ sql ] [ SQL ] SHOW COLUMNS FROM `wb_products` [ RunTime:0.000565s ]
[ sql ] [ SQL ] SELECT * FROM `wb_products` WHERE  `id` = 3 LIMIT 1 [ RunTime:0.000341s ]
[ sql ] [ SQL ] SHOW COLUMNS FROM `wb_goods` [ RunTime:0.000410s ]
[ sql ] [ SQL ] SELECT `name`,`image_id`,`bn`,`marketable`,`spes_desc`,`is_combo`,`point`,`open_point` FROM `wb_goods` WHERE  `id` = 2 LIMIT 1 [ RunTime:0.000135s ]
[ sql ] [ SQL ] SELECT `grade` FROM `wb_user` WHERE (  `id` = 1 ) AND `wb_user`.`isdel` IS NULL LIMIT 1 [ RunTime:0.000146s ]
[ sql ] [ SQL ] SHOW COLUMNS FROM `wb_setting` [ RunTime:0.000277s ]
[ sql ] [ SQL ] SELECT * FROM `wb_setting` WHERE  `skey` = 'language' LIMIT 1 [ RunTime:0.000121s ]
[ sql ] [ SQL ] SELECT * FROM `wb_setting` WHERE  `skey` = 'language' LIMIT 1 [ RunTime:0.000077s ]
[ sql ] [ SQL ] SHOW COLUMNS FROM `wb_goods_grade` [ RunTime:0.000848s ]
[ sql ] [ SQL ] SELECT * FROM `wb_goods_grade` WHERE  `goods_id` = 2 [ RunTime:0.000215s ]
[ sql ] [ SQL ] SHOW COLUMNS FROM `wb_user_grade` [ RunTime:0.000382s ]
[ sql ] [ SQL ] SELECT `name` FROM `wb_user_grade` WHERE  `id` = 1 LIMIT 1 [ RunTime:0.000122s ]
[ sql ] [ SQL ] SELECT `name` FROM `wb_user_grade` WHERE  `id` = 2 LIMIT 1 [ RunTime:0.000081s ]
[ sql ] [ SQL ] SELECT `name` FROM `wb_user_grade` WHERE  `id` = 3 LIMIT 1 [ RunTime:0.000069s ]
[ sql ] [ SQL ] SELECT `name` FROM `wb_user_grade` WHERE  `id` = 4 LIMIT 1 [ RunTime:0.000064s ]
[ sql ] [ SQL ] SELECT `name` FROM `wb_user_grade` WHERE  `id` = 5 LIMIT 1 [ RunTime:0.000089s ]
[ sql ] [ SQL ] SELECT `p`.`id`,`g`.`marketable` FROM `wb_products` `p` INNER JOIN `wb_goods` `g` ON `g`.`id`=`p`.`goods_id` WHERE  `p`.`id` = '3' LIMIT 1 [ RunTime:0.000112s ]
[ sql ] [ SQL ] SELECT `goods_id` FROM `wb_products` WHERE  `id` = 3 LIMIT 1 [ RunTime:0.000071s ]
[ sql ] [ SQL ] SELECT `weight` FROM `wb_goods` WHERE  `id` = 2 LIMIT 1 [ RunTime:0.000070s ]
[ sql ] [ SQL ] SHOW COLUMNS FROM `wb_goods_collection` [ RunTime:0.000881s ]
[ sql ] [ SQL ] SELECT * FROM `wb_goods_collection` WHERE  `user_id` = 1  AND `goods_id` = 2 LIMIT 1 [ RunTime:0.000228s ]
[ sql ] [ SQL ] SHOW COLUMNS FROM `wb_promotion` [ RunTime:0.000404s ]
[ sql ] [ SQL ] SELECT * FROM `wb_promotion` WHERE (  `status` = 1  AND `stime` < 1775044273  AND `etime` > 1775044273  AND `type` = 1 ) AND `wb_promotion`.`isdel` IS NULL ORDER BY `sort` ASC [ RunTime:0.000331s ]
[ sql ] [ SQL ] SHOW COLUMNS FROM `wb_ship` [ RunTime:0.000992s ]
[ sql ] [ SQL ] SELECT * FROM `wb_ship` WHERE  `status` = 1  AND `type` = 2  AND (  FIND_IN_SET('150525',area_fee)  ) LIMIT 1 [ RunTime:0.000245s ]
[ sql ] [ SQL ] SELECT * FROM `wb_ship` WHERE  `is_def` = 1  AND `status` = 1 LIMIT 1 [ RunTime:0.000198s ]
[ sql ] [ SQL ] SELECT * FROM `wb_ship` WHERE  `status` = 1 LIMIT 1 [ RunTime:0.000160s ]
---------------------------------------------------------------
[2026-04-01T19:51:13+08:00] 127.0.0.1 POST www.jiwankang.com/api.html
[运行时间：0.029185s] [吞吐率：34.26req/s] [内存消耗：4,761.55kb] [文件加载：103]
[ info ] [ LANG ] E:\wwwroot\2026\04\jiwankang\thinkphp\lang\zh-cn.php
[ info ] [ ROUTE ] array (
)
[ info ] [ HEADER ] array (
  'referer' => 'http://localhost:8080/',
  'origin' => 'http://localhost:8080',
  'content-type' => 'application/json',
  'accept-language' => 'zh-CN,zh;q=0.9',
  'accept-encoding' => 'gzip, deflate',
  'accept' => 'application/json',
  'content-length' => '96',
  'user-agent' => 'Mozilla/5.0 (iPhone; CPU iPhone OS 18_5 like Mac OS X) AppleWebKit/605.1.15 (KHTML, like Gecko) Version/18.5 Mobile/15E148 Safari/604.1',
  'host' => 'www.jiwankang.com',
)
[ info ] [ PARAM ] array (
  'order_money' => '998.00',
  'token' => 'c44ff269142cc0000a5aab51e13546e0',
  'method' => 'user.getuserpoint',
)
[ info ] [ DB ] INIT mysql
[ sql ] [ DB ] CONNECT:[ UseTime:0.000606s ] mysql:host=127.0.0.1;port=3306;dbname=jiwankang;charset=utf8mb4
[ sql ] [ SQL ] SHOW COLUMNS FROM `wb_user` [ RunTime:0.000470s ]
[ sql ] [ SQL ] SELECT * FROM `wb_user` WHERE (  `id` = 1 ) AND `wb_user`.`isdel` IS NULL LIMIT 1 [ RunTime:0.000210s ]
[ sql ] [ SQL ] SHOW COLUMNS FROM `wb_setting` [ RunTime:0.000340s ]
[ sql ] [ SQL ] SELECT * FROM `wb_setting` WHERE  `skey` = 'language' LIMIT 1 [ RunTime:0.000161s ]
[ sql ] [ SQL ] SELECT * FROM `wb_setting` WHERE  `skey` = 'language' LIMIT 1 [ RunTime:0.000137s ]
[ sql ] [ SQL ] SELECT * FROM `wb_setting` WHERE  `skey` = 'point_switch' LIMIT 1 [ RunTime:0.000115s ]
[ sql ] [ SQL ] SELECT `point` FROM `wb_user` WHERE (  `id` = 1 ) AND `wb_user`.`isdel` IS NULL LIMIT 1 [ RunTime:0.000132s ]
[ sql ] [ SQL ] SELECT * FROM `wb_setting` WHERE  `skey` = 'orders_point_proportion' LIMIT 1 [ RunTime:0.000149s ]
[ sql ] [ SQL ] SELECT * FROM `wb_setting` WHERE  `skey` = 'point_discounted_proportion' LIMIT 1 [ RunTime:0.000135s ]
---------------------------------------------------------------
[2026-04-01T19:51:13+08:00] 127.0.0.1 POST www.jiwankang.com/api.html
[运行时间：0.027998s] [吞吐率：35.72req/s] [内存消耗：4,761.55kb] [文件加载：103]
[ info ] [ LANG ] E:\wwwroot\2026\04\jiwankang\thinkphp\lang\zh-cn.php
[ info ] [ ROUTE ] array (
)
[ info ] [ HEADER ] array (
  'referer' => 'http://localhost:8080/',
  'origin' => 'http://localhost:8080',
  'content-type' => 'application/json',
  'accept-language' => 'zh-CN,zh;q=0.9',
  'accept-encoding' => 'gzip, deflate',
  'accept' => 'application/json',
  'content-length' => '96',
  'user-agent' => 'Mozilla/5.0 (iPhone; CPU iPhone OS 18_5 like Mac OS X) AppleWebKit/605.1.15 (KHTML, like Gecko) Version/18.5 Mobile/15E148 Safari/604.1',
  'host' => 'www.jiwankang.com',
)
[ info ] [ PARAM ] array (
  'order_money' => '998.00',
  'token' => 'c44ff269142cc0000a5aab51e13546e0',
  'method' => 'user.getuserpoint',
)
[ info ] [ DB ] INIT mysql
[ sql ] [ DB ] CONNECT:[ UseTime:0.000635s ] mysql:host=127.0.0.1;port=3306;dbname=jiwankang;charset=utf8mb4
[ sql ] [ SQL ] SHOW COLUMNS FROM `wb_user` [ RunTime:0.000518s ]
[ sql ] [ SQL ] SELECT * FROM `wb_user` WHERE (  `id` = 1 ) AND `wb_user`.`isdel` IS NULL LIMIT 1 [ RunTime:0.000184s ]
[ sql ] [ SQL ] SHOW COLUMNS FROM `wb_setting` [ RunTime:0.000381s ]
[ sql ] [ SQL ] SELECT * FROM `wb_setting` WHERE  `skey` = 'language' LIMIT 1 [ RunTime:0.000121s ]
[ sql ] [ SQL ] SELECT * FROM `wb_setting` WHERE  `skey` = 'language' LIMIT 1 [ RunTime:0.000140s ]
[ sql ] [ SQL ] SELECT * FROM `wb_setting` WHERE  `skey` = 'point_switch' LIMIT 1 [ RunTime:0.000079s ]
[ sql ] [ SQL ] SELECT `point` FROM `wb_user` WHERE (  `id` = 1 ) AND `wb_user`.`isdel` IS NULL LIMIT 1 [ RunTime:0.000091s ]
[ sql ] [ SQL ] SELECT * FROM `wb_setting` WHERE  `skey` = 'orders_point_proportion' LIMIT 1 [ RunTime:0.000076s ]
[ sql ] [ SQL ] SELECT * FROM `wb_setting` WHERE  `skey` = 'point_discounted_proportion' LIMIT 1 [ RunTime:0.000068s ]
---------------------------------------------------------------
[2026-04-01T19:51:14+08:00] 127.0.0.1 POST www.jiwankang.com/api.html
[运行时间：0.044652s] [吞吐率：22.40req/s] [内存消耗：4,820.80kb] [文件加载：107]
[ info ] [ LANG ] E:\wwwroot\2026\04\jiwankang\thinkphp\lang\zh-cn.php
[ info ] [ ROUTE ] array (
)
[ info ] [ HEADER ] array (
  'referer' => 'http://localhost:8080/',
  'origin' => 'http://localhost:8080',
  'content-type' => 'application/json',
  'accept-language' => 'zh-CN,zh;q=0.9',
  'accept-encoding' => 'gzip, deflate',
  'accept' => 'application/json',
  'content-length' => '65',
  'user-agent' => 'Mozilla/5.0 (iPhone; CPU iPhone OS 18_5 like Mac OS X) AppleWebKit/605.1.15 (KHTML, like Gecko) Version/18.5 Mobile/15E148 Safari/604.1',
  'host' => 'www.jiwankang.com',
)
[ info ] [ PARAM ] array (
  'token' => 'c44ff269142cc0000a5aab51e13546e0',
  'method' => 'user.info',
)
[ info ] [ DB ] INIT mysql
[ sql ] [ DB ] CONNECT:[ UseTime:0.000746s ] mysql:host=127.0.0.1;port=3306;dbname=jiwankang;charset=utf8mb4
[ sql ] [ SQL ] SHOW COLUMNS FROM `wb_user` [ RunTime:0.001559s ]
[ sql ] [ SQL ] SELECT * FROM `wb_user` WHERE (  `id` = 1 ) AND `wb_user`.`isdel` IS NULL LIMIT 1 [ RunTime:0.000636s ]
[ sql ] [ SQL ] SELECT `id`,`username`,`mobile`,`sex`,`birthday`,`avatar`,`nickname`,`balance`,`point`,`grade`,`status`,`pid`,`password`,`ctime`,`remarks`,`area_id`,`tiyan`,`num_point`,`exp` FROM `wb_user` WHERE (  `id` = 1 ) AND `wb_user`.`isdel` IS NULL LIMIT 1 [ RunTime:0.000848s ]
[ sql ] [ SQL ] SHOW COLUMNS FROM `wb_user_grade` [ RunTime:0.001364s ]
[ sql ] [ SQL ] SELECT * FROM `wb_user_grade` WHERE  `id` = 3 [ RunTime:0.000386s ]
[ sql ] [ SQL ] SELECT * FROM `wb_user_grade` WHERE  `id` = 3 LIMIT 1 [ RunTime:0.000759s ]
---------------------------------------------------------------
[2026-04-01T19:51:18+08:00] 127.0.0.1 OPTIONS www.jiwankang.com/api.html
[运行时间：0.017246s] [吞吐率：57.98req/s] [内存消耗：3,009.21kb] [文件加载：89]
[ info ] [ LANG ] E:\wwwroot\2026\04\jiwankang\thinkphp\lang\zh-cn.php
[ info ] [ ROUTE ] array (
)
[ info ] [ HEADER ] array (
  'sec-fetch-mode' => 'cors',
  'referer' => 'http://localhost:8080/',
  'origin' => 'http://localhost:8080',
  'access-control-request-method' => 'POST',
  'access-control-request-headers' => 'content-type',
  'accept-language' => 'zh-CN,zh;q=0.9',
  'accept-encoding' => 'gzip, deflate',
  'accept' => '*/*',
  'user-agent' => 'Mozilla/5.0 (iPhone; CPU iPhone OS 18_5 like Mac OS X) AppleWebKit/605.1.15 (KHTML, like Gecko) Version/18.5 Mobile/15E148 Safari/604.1',
  'host' => 'www.jiwankang.com',
  'content-length' => '',
  'content-type' => '',
)
[ info ] [ PARAM ] array (
)
---------------------------------------------------------------
[2026-04-01T19:51:18+08:00] 127.0.0.1 POST www.jiwankang.com/api.html
[运行时间：0.036479s] [吞吐率：27.41req/s] [内存消耗：4,864.77kb] [文件加载：105]
[ info ] [ LANG ] E:\wwwroot\2026\04\jiwankang\thinkphp\lang\zh-cn.php
[ info ] [ ROUTE ] array (
)
[ info ] [ HEADER ] array (
  'referer' => 'http://localhost:8080/',
  'origin' => 'http://localhost:8080',
  'content-type' => 'application/json',
  'accept-language' => 'zh-CN,zh;q=0.9',
  'accept-encoding' => 'gzip, deflate',
  'accept' => 'application/json',
  'content-length' => '97',
  'user-agent' => 'Mozilla/5.0 (iPhone; CPU iPhone OS 18_5 like Mac OS X) AppleWebKit/605.1.15 (KHTML, like Gecko) Version/18.5 Mobile/15E148 Safari/604.1',
  'host' => 'www.jiwankang.com',
)
[ info ] [ PARAM ] array (
  'product_id' => '3',
  'nums' => '5',
  'type' => '2',
  'token' => 'c44ff269142cc0000a5aab51e13546e0',
  'method' => 'cart.add',
)
[ info ] [ DB ] INIT mysql
[ sql ] [ DB ] CONNECT:[ UseTime:0.000725s ] mysql:host=127.0.0.1;port=3306;dbname=jiwankang;charset=utf8mb4
[ sql ] [ SQL ] SHOW COLUMNS FROM `wb_user` [ RunTime:0.000602s ]
[ sql ] [ SQL ] SELECT * FROM `wb_user` WHERE (  `id` = 1 ) AND `wb_user`.`isdel` IS NULL LIMIT 1 [ RunTime:0.000248s ]
[ sql ] [ SQL ] SHOW COLUMNS FROM `wb_products` [ RunTime:0.000541s ]
[ sql ] [ SQL ] SELECT * FROM `wb_products` WHERE  `id` = 3 LIMIT 1 [ RunTime:0.000223s ]
[ sql ] [ SQL ] SHOW COLUMNS FROM `wb_goods` [ RunTime:0.000907s ]
[ sql ] [ SQL ] SELECT `name`,`image_id`,`bn`,`marketable`,`spes_desc`,`is_combo`,`point`,`open_point` FROM `wb_goods` WHERE  `id` = 2 LIMIT 1 [ RunTime:0.000131s ]
[ sql ] [ SQL ] SELECT `p`.`id`,`g`.`marketable` FROM `wb_products` `p` INNER JOIN `wb_goods` `g` ON `g`.`id`=`p`.`goods_id` WHERE  `p`.`id` = '3' LIMIT 1 [ RunTime:0.000144s ]
[ sql ] [ SQL ] SHOW COLUMNS FROM `wb_cart` [ RunTime:0.000859s ]
[ sql ] [ SQL ] SELECT * FROM `wb_cart` WHERE  `product_id` = 3  AND `user_id` = 1  AND `type` = 1 LIMIT 1 [ RunTime:0.000151s ]
[ sql ] [ SQL ] UPDATE `wb_cart`  SET `nums` = 5  WHERE  `id` = 9 [ RunTime:0.000161s ]
---------------------------------------------------------------
[2026-04-01T19:51:18+08:00] 127.0.0.1 POST www.jiwankang.com/api.html
[运行时间：0.035197s] [吞吐率：28.41req/s] [内存消耗：4,656.99kb] [文件加载：106]
[ info ] [ LANG ] E:\wwwroot\2026\04\jiwankang\thinkphp\lang\zh-cn.php
[ info ] [ ROUTE ] array (
)
[ info ] [ HEADER ] array (
  'referer' => 'http://localhost:8080/',
  'origin' => 'http://localhost:8080',
  'content-type' => 'application/json',
  'accept-language' => 'zh-CN,zh;q=0.9',
  'accept-encoding' => 'gzip, deflate',
  'accept' => 'application/json',
  'content-length' => '93',
  'user-agent' => 'Mozilla/5.0 (iPhone; CPU iPhone OS 18_5 like Mac OS X) AppleWebKit/605.1.15 (KHTML, like Gecko) Version/18.5 Mobile/15E148 Safari/604.1',
  'host' => 'www.jiwankang.com',
)
[ info ] [ PARAM ] array (
  'display' => 'no_used',
  'token' => 'c44ff269142cc0000a5aab51e13546e0',
  'method' => 'coupon.usercoupon',
)
[ info ] [ DB ] INIT mysql
[ sql ] [ DB ] CONNECT:[ UseTime:0.000558s ] mysql:host=127.0.0.1;port=3306;dbname=jiwankang;charset=utf8mb4
[ sql ] [ SQL ] SHOW COLUMNS FROM `wb_user` [ RunTime:0.000654s ]
[ sql ] [ SQL ] SELECT * FROM `wb_user` WHERE (  `id` = 1 ) AND `wb_user`.`isdel` IS NULL LIMIT 1 [ RunTime:0.000254s ]
[ sql ] [ SQL ] SHOW COLUMNS FROM `wb_coupon` [ RunTime:0.000619s ]
[ sql ] [ SQL ] SELECT * FROM `wb_coupon` `c` INNER JOIN `wb_promotion` `p` ON `p`.`id`=`c`.`promotion_id` WHERE  `c`.`user_id` = '1'  AND `p`.`type` = '2'  AND `c`.`is_used` = '1'  AND `p`.`status` = '1'  AND ( (c.endtime = 0 and p.etime >= 1775044278) or (c.endtime >=1775044278) ) ORDER BY `c`.`ctime` ASC LIMIT 0,10 [ RunTime:0.000325s ]
[ sql ] [ SQL ] SELECT COUNT(*) AS tp_count FROM `wb_coupon` `c` INNER JOIN `wb_promotion` `p` ON `p`.`id`=`c`.`promotion_id` WHERE  `c`.`user_id` = '1'  AND `p`.`type` = '2'  AND `c`.`is_used` = '1'  AND `p`.`status` = '1'  AND ( (c.endtime = 0 and p.etime >= 1775044278) or (c.endtime >=1775044278) ) LIMIT 1 [ RunTime:0.000194s ]
---------------------------------------------------------------
[2026-04-01T19:51:18+08:00] 127.0.0.1 POST www.jiwankang.com/api.html
[运行时间：0.040015s] [吞吐率：24.99req/s] [内存消耗：4,856.52kb] [文件加载：105]
[ info ] [ LANG ] E:\wwwroot\2026\04\jiwankang\thinkphp\lang\zh-cn.php
[ info ] [ ROUTE ] array (
)
[ info ] [ HEADER ] array (
  'referer' => 'http://localhost:8080/',
  'origin' => 'http://localhost:8080',
  'content-type' => 'application/json',
  'accept-language' => 'zh-CN,zh;q=0.9',
  'accept-encoding' => 'gzip, deflate',
  'accept' => 'application/json',
  'content-length' => '79',
  'user-agent' => 'Mozilla/5.0 (iPhone; CPU iPhone OS 18_5 like Mac OS X) AppleWebKit/605.1.15 (KHTML, like Gecko) Version/18.5 Mobile/15E148 Safari/604.1',
  'host' => 'www.jiwankang.com',
)
[ info ] [ PARAM ] array (
  'token' => 'c44ff269142cc0000a5aab51e13546e0',
  'method' => 'user.getuserdefaultship',
)
[ info ] [ DB ] INIT mysql
[ sql ] [ DB ] CONNECT:[ UseTime:0.000812s ] mysql:host=127.0.0.1;port=3306;dbname=jiwankang;charset=utf8mb4
[ sql ] [ SQL ] SHOW COLUMNS FROM `wb_user` [ RunTime:0.000658s ]
[ sql ] [ SQL ] SELECT * FROM `wb_user` WHERE (  `id` = 1 ) AND `wb_user`.`isdel` IS NULL LIMIT 1 [ RunTime:0.000259s ]
[ sql ] [ SQL ] SHOW COLUMNS FROM `wb_user_ship` [ RunTime:0.001074s ]
[ sql ] [ SQL ] SELECT * FROM `wb_user_ship` WHERE  `user_id` = 1  AND `is_def` = 1 ORDER BY `utime` DESC LIMIT 1 [ RunTime:0.000203s ]
[ sql ] [ SQL ] SHOW COLUMNS FROM `wb_area` [ RunTime:0.000331s ]
[ sql ] [ SQL ] SELECT `id`,`name`,`parent_id`,`postal_code` FROM `wb_area` WHERE  `id` = 150525 LIMIT 1 [ RunTime:0.000170s ]
[ sql ] [ SQL ] SELECT `id`,`name`,`parent_id`,`postal_code` FROM `wb_area` WHERE  `parent_id` = 150500 [ RunTime:0.000704s ]
[ sql ] [ SQL ] SELECT `id`,`name`,`parent_id`,`postal_code` FROM `wb_area` WHERE  `id` = 150500 LIMIT 1 [ RunTime:0.000240s ]
[ sql ] [ SQL ] SELECT `id`,`name`,`parent_id`,`postal_code` FROM `wb_area` WHERE  `parent_id` = 150000 [ RunTime:0.000703s ]
[ sql ] [ SQL ] SELECT `id`,`name`,`parent_id`,`postal_code` FROM `wb_area` WHERE  `id` = 150000 LIMIT 1 [ RunTime:0.000110s ]
[ sql ] [ SQL ] SELECT `id`,`name`,`parent_id`,`postal_code` FROM `wb_area` WHERE  `parent_id` = 0 [ RunTime:0.000635s ]
---------------------------------------------------------------
[2026-04-01T19:51:18+08:00] 127.0.0.1 POST www.jiwankang.com/api.html
[运行时间：0.047874s] [吞吐率：20.89req/s] [内存消耗：5,257.77kb] [文件加载：113]
[ info ] [ LANG ] E:\wwwroot\2026\04\jiwankang\thinkphp\lang\zh-cn.php
[ info ] [ ROUTE ] array (
)
[ info ] [ HEADER ] array (
  'referer' => 'http://localhost:8080/',
  'origin' => 'http://localhost:8080',
  'content-type' => 'application/json',
  'accept-language' => 'zh-CN,zh;q=0.9',
  'accept-encoding' => 'gzip, deflate',
  'accept' => 'application/json',
  'content-length' => '153',
  'user-agent' => 'Mozilla/5.0 (iPhone; CPU iPhone OS 18_5 like Mac OS X) AppleWebKit/605.1.15 (KHTML, like Gecko) Version/18.5 Mobile/15E148 Safari/604.1',
  'host' => 'www.jiwankang.com',
)
[ info ] [ PARAM ] array (
  'ids' => '9',
  'area_id' => 0,
  'coupon_code' => '',
  'point' => 0,
  'type' => '1',
  'params' => '',
  'receipt_type' => '1',
  'token' => 'c44ff269142cc0000a5aab51e13546e0',
  'method' => 'cart.getlist',
)
[ info ] [ DB ] INIT mysql
[ sql ] [ DB ] CONNECT:[ UseTime:0.000964s ] mysql:host=127.0.0.1;port=3306;dbname=jiwankang;charset=utf8mb4
[ sql ] [ SQL ] SHOW COLUMNS FROM `wb_user` [ RunTime:0.001100s ]
[ sql ] [ SQL ] SELECT * FROM `wb_user` WHERE (  `id` = 1 ) AND `wb_user`.`isdel` IS NULL LIMIT 1 [ RunTime:0.000422s ]
[ sql ] [ SQL ] SHOW COLUMNS FROM `wb_cart` [ RunTime:0.000526s ]
[ sql ] [ SQL ] SELECT * FROM `wb_cart` WHERE  `user_id` = 1  AND `type` = 1  AND `id` IN (9) [ RunTime:0.000406s ]
[ sql ] [ SQL ] SHOW COLUMNS FROM `wb_products` [ RunTime:0.000481s ]
[ sql ] [ SQL ] SELECT * FROM `wb_products` WHERE  `id` = 3 LIMIT 1 [ RunTime:0.000267s ]
[ sql ] [ SQL ] SHOW COLUMNS FROM `wb_goods` [ RunTime:0.000374s ]
[ sql ] [ SQL ] SELECT `name`,`image_id`,`bn`,`marketable`,`spes_desc`,`is_combo`,`point`,`open_point` FROM `wb_goods` WHERE  `id` = 2 LIMIT 1 [ RunTime:0.000152s ]
[ sql ] [ SQL ] SELECT `grade` FROM `wb_user` WHERE (  `id` = 1 ) AND `wb_user`.`isdel` IS NULL LIMIT 1 [ RunTime:0.000433s ]
[ sql ] [ SQL ] SHOW COLUMNS FROM `wb_setting` [ RunTime:0.000538s ]
[ sql ] [ SQL ] SELECT * FROM `wb_setting` WHERE  `skey` = 'language' LIMIT 1 [ RunTime:0.000232s ]
[ sql ] [ SQL ] SELECT * FROM `wb_setting` WHERE  `skey` = 'language' LIMIT 1 [ RunTime:0.000142s ]
[ sql ] [ SQL ] SHOW COLUMNS FROM `wb_goods_grade` [ RunTime:0.000929s ]
[ sql ] [ SQL ] SELECT * FROM `wb_goods_grade` WHERE  `goods_id` = 2 [ RunTime:0.000147s ]
[ sql ] [ SQL ] SHOW COLUMNS FROM `wb_user_grade` [ RunTime:0.000283s ]
[ sql ] [ SQL ] SELECT `name` FROM `wb_user_grade` WHERE  `id` = 1 LIMIT 1 [ RunTime:0.000101s ]
[ sql ] [ SQL ] SELECT `name` FROM `wb_user_grade` WHERE  `id` = 2 LIMIT 1 [ RunTime:0.000076s ]
[ sql ] [ SQL ] SELECT `name` FROM `wb_user_grade` WHERE  `id` = 3 LIMIT 1 [ RunTime:0.000067s ]
[ sql ] [ SQL ] SELECT `name` FROM `wb_user_grade` WHERE  `id` = 4 LIMIT 1 [ RunTime:0.000065s ]
[ sql ] [ SQL ] SELECT `name` FROM `wb_user_grade` WHERE  `id` = 5 LIMIT 1 [ RunTime:0.000064s ]
[ sql ] [ SQL ] SELECT `p`.`id`,`g`.`marketable` FROM `wb_products` `p` INNER JOIN `wb_goods` `g` ON `g`.`id`=`p`.`goods_id` WHERE  `p`.`id` = '3' LIMIT 1 [ RunTime:0.000112s ]
[ sql ] [ SQL ] SELECT `goods_id` FROM `wb_products` WHERE  `id` = 3 LIMIT 1 [ RunTime:0.000071s ]
[ sql ] [ SQL ] SELECT `weight` FROM `wb_goods` WHERE  `id` = 2 LIMIT 1 [ RunTime:0.000072s ]
[ sql ] [ SQL ] SHOW COLUMNS FROM `wb_goods_collection` [ RunTime:0.001013s ]
[ sql ] [ SQL ] SELECT * FROM `wb_goods_collection` WHERE  `user_id` = 1  AND `goods_id` = 2 LIMIT 1 [ RunTime:0.000346s ]
[ sql ] [ SQL ] SHOW COLUMNS FROM `wb_promotion` [ RunTime:0.001673s ]
[ sql ] [ SQL ] SELECT * FROM `wb_promotion` WHERE (  `status` = 1  AND `stime` < 1775044278  AND `etime` > 1775044278  AND `type` = 1 ) AND `wb_promotion`.`isdel` IS NULL ORDER BY `sort` ASC [ RunTime:0.000277s ]
---------------------------------------------------------------
[2026-04-01T19:51:18+08:00] 127.0.0.1 POST www.jiwankang.com/api.html
[运行时间：0.044371s] [吞吐率：22.54req/s] [内存消耗：5,315.25kb] [文件加载：115]
[ info ] [ LANG ] E:\wwwroot\2026\04\jiwankang\thinkphp\lang\zh-cn.php
[ info ] [ ROUTE ] array (
)
[ info ] [ HEADER ] array (
  'referer' => 'http://localhost:8080/',
  'origin' => 'http://localhost:8080',
  'content-type' => 'application/json',
  'accept-language' => 'zh-CN,zh;q=0.9',
  'accept-encoding' => 'gzip, deflate',
  'accept' => 'application/json',
  'content-length' => '158',
  'user-agent' => 'Mozilla/5.0 (iPhone; CPU iPhone OS 18_5 like Mac OS X) AppleWebKit/605.1.15 (KHTML, like Gecko) Version/18.5 Mobile/15E148 Safari/604.1',
  'host' => 'www.jiwankang.com',
)
[ info ] [ PARAM ] array (
  'ids' => '9',
  'area_id' => '150525',
  'coupon_code' => '',
  'point' => 0,
  'type' => '1',
  'params' => '',
  'receipt_type' => '1',
  'token' => 'c44ff269142cc0000a5aab51e13546e0',
  'method' => 'cart.getlist',
)
[ info ] [ DB ] INIT mysql
[ sql ] [ DB ] CONNECT:[ UseTime:0.001127s ] mysql:host=127.0.0.1;port=3306;dbname=jiwankang;charset=utf8mb4
[ sql ] [ SQL ] SHOW COLUMNS FROM `wb_user` [ RunTime:0.000649s ]
[ sql ] [ SQL ] SELECT * FROM `wb_user` WHERE (  `id` = 1 ) AND `wb_user`.`isdel` IS NULL LIMIT 1 [ RunTime:0.000262s ]
[ sql ] [ SQL ] SHOW COLUMNS FROM `wb_cart` [ RunTime:0.000878s ]
[ sql ] [ SQL ] SELECT * FROM `wb_cart` WHERE  `user_id` = 1  AND `type` = 1  AND `id` IN (9) [ RunTime:0.000203s ]
[ sql ] [ SQL ] SHOW COLUMNS FROM `wb_products` [ RunTime:0.000368s ]
[ sql ] [ SQL ] SELECT * FROM `wb_products` WHERE  `id` = 3 LIMIT 1 [ RunTime:0.000195s ]
[ sql ] [ SQL ] SHOW COLUMNS FROM `wb_goods` [ RunTime:0.000337s ]
[ sql ] [ SQL ] SELECT `name`,`image_id`,`bn`,`marketable`,`spes_desc`,`is_combo`,`point`,`open_point` FROM `wb_goods` WHERE  `id` = 2 LIMIT 1 [ RunTime:0.000115s ]
[ sql ] [ SQL ] SELECT `grade` FROM `wb_user` WHERE (  `id` = 1 ) AND `wb_user`.`isdel` IS NULL LIMIT 1 [ RunTime:0.000113s ]
[ sql ] [ SQL ] SHOW COLUMNS FROM `wb_setting` [ RunTime:0.000243s ]
[ sql ] [ SQL ] SELECT * FROM `wb_setting` WHERE  `skey` = 'language' LIMIT 1 [ RunTime:0.000097s ]
[ sql ] [ SQL ] SELECT * FROM `wb_setting` WHERE  `skey` = 'language' LIMIT 1 [ RunTime:0.000073s ]
[ sql ] [ SQL ] SHOW COLUMNS FROM `wb_goods_grade` [ RunTime:0.000795s ]
[ sql ] [ SQL ] SELECT * FROM `wb_goods_grade` WHERE  `goods_id` = 2 [ RunTime:0.000137s ]
[ sql ] [ SQL ] SHOW COLUMNS FROM `wb_user_grade` [ RunTime:0.000798s ]
[ sql ] [ SQL ] SELECT `name` FROM `wb_user_grade` WHERE  `id` = 1 LIMIT 1 [ RunTime:0.000108s ]
[ sql ] [ SQL ] SELECT `name` FROM `wb_user_grade` WHERE  `id` = 2 LIMIT 1 [ RunTime:0.000081s ]
[ sql ] [ SQL ] SELECT `name` FROM `wb_user_grade` WHERE  `id` = 3 LIMIT 1 [ RunTime:0.000069s ]
[ sql ] [ SQL ] SELECT `name` FROM `wb_user_grade` WHERE  `id` = 4 LIMIT 1 [ RunTime:0.000068s ]
[ sql ] [ SQL ] SELECT `name` FROM `wb_user_grade` WHERE  `id` = 5 LIMIT 1 [ RunTime:0.000066s ]
[ sql ] [ SQL ] SELECT `p`.`id`,`g`.`marketable` FROM `wb_products` `p` INNER JOIN `wb_goods` `g` ON `g`.`id`=`p`.`goods_id` WHERE  `p`.`id` = '3' LIMIT 1 [ RunTime:0.000156s ]
[ sql ] [ SQL ] SELECT `goods_id` FROM `wb_products` WHERE  `id` = 3 LIMIT 1 [ RunTime:0.000075s ]
[ sql ] [ SQL ] SELECT `weight` FROM `wb_goods` WHERE  `id` = 2 LIMIT 1 [ RunTime:0.000072s ]
[ sql ] [ SQL ] SHOW COLUMNS FROM `wb_goods_collection` [ RunTime:0.000892s ]
[ sql ] [ SQL ] SELECT * FROM `wb_goods_collection` WHERE  `user_id` = 1  AND `goods_id` = 2 LIMIT 1 [ RunTime:0.000245s ]
[ sql ] [ SQL ] SHOW COLUMNS FROM `wb_promotion` [ RunTime:0.000329s ]
[ sql ] [ SQL ] SELECT * FROM `wb_promotion` WHERE (  `status` = 1  AND `stime` < 1775044278  AND `etime` > 1775044278  AND `type` = 1 ) AND `wb_promotion`.`isdel` IS NULL ORDER BY `sort` ASC [ RunTime:0.000246s ]
[ sql ] [ SQL ] SHOW COLUMNS FROM `wb_ship` [ RunTime:0.000999s ]
[ sql ] [ SQL ] SELECT * FROM `wb_ship` WHERE  `status` = 1  AND `type` = 2  AND (  FIND_IN_SET('150525',area_fee)  ) LIMIT 1 [ RunTime:0.000189s ]
[ sql ] [ SQL ] SELECT * FROM `wb_ship` WHERE  `is_def` = 1  AND `status` = 1 LIMIT 1 [ RunTime:0.000107s ]
[ sql ] [ SQL ] SELECT * FROM `wb_ship` WHERE  `status` = 1 LIMIT 1 [ RunTime:0.000092s ]
---------------------------------------------------------------
[2026-04-01T19:51:18+08:00] 127.0.0.1 POST www.jiwankang.com/api.html
[运行时间：0.028902s] [吞吐率：34.60req/s] [内存消耗：4,761.55kb] [文件加载：103]
[ info ] [ LANG ] E:\wwwroot\2026\04\jiwankang\thinkphp\lang\zh-cn.php
[ info ] [ ROUTE ] array (
)
[ info ] [ HEADER ] array (
  'referer' => 'http://localhost:8080/',
  'origin' => 'http://localhost:8080',
  'content-type' => 'application/json',
  'accept-language' => 'zh-CN,zh;q=0.9',
  'accept-encoding' => 'gzip, deflate',
  'accept' => 'application/json',
  'content-length' => '97',
  'user-agent' => 'Mozilla/5.0 (iPhone; CPU iPhone OS 18_5 like Mac OS X) AppleWebKit/605.1.15 (KHTML, like Gecko) Version/18.5 Mobile/15E148 Safari/604.1',
  'host' => 'www.jiwankang.com',
)
[ info ] [ PARAM ] array (
  'order_money' => '4990.00',
  'token' => 'c44ff269142cc0000a5aab51e13546e0',
  'method' => 'user.getuserpoint',
)
[ info ] [ DB ] INIT mysql
[ sql ] [ DB ] CONNECT:[ UseTime:0.000764s ] mysql:host=127.0.0.1;port=3306;dbname=jiwankang;charset=utf8mb4
[ sql ] [ SQL ] SHOW COLUMNS FROM `wb_user` [ RunTime:0.000424s ]
[ sql ] [ SQL ] SELECT * FROM `wb_user` WHERE (  `id` = 1 ) AND `wb_user`.`isdel` IS NULL LIMIT 1 [ RunTime:0.000294s ]
[ sql ] [ SQL ] SHOW COLUMNS FROM `wb_setting` [ RunTime:0.000810s ]
[ sql ] [ SQL ] SELECT * FROM `wb_setting` WHERE  `skey` = 'language' LIMIT 1 [ RunTime:0.000157s ]
[ sql ] [ SQL ] SELECT * FROM `wb_setting` WHERE  `skey` = 'language' LIMIT 1 [ RunTime:0.000129s ]
[ sql ] [ SQL ] SELECT * FROM `wb_setting` WHERE  `skey` = 'point_switch' LIMIT 1 [ RunTime:0.000128s ]
[ sql ] [ SQL ] SELECT `point` FROM `wb_user` WHERE (  `id` = 1 ) AND `wb_user`.`isdel` IS NULL LIMIT 1 [ RunTime:0.000126s ]
[ sql ] [ SQL ] SELECT * FROM `wb_setting` WHERE  `skey` = 'orders_point_proportion' LIMIT 1 [ RunTime:0.000089s ]
[ sql ] [ SQL ] SELECT * FROM `wb_setting` WHERE  `skey` = 'point_discounted_proportion' LIMIT 1 [ RunTime:0.000072s ]
---------------------------------------------------------------
[2026-04-01T19:51:18+08:00] 127.0.0.1 POST www.jiwankang.com/api.html
[运行时间：0.035399s] [吞吐率：28.25req/s] [内存消耗：4,761.55kb] [文件加载：103]
[ info ] [ LANG ] E:\wwwroot\2026\04\jiwankang\thinkphp\lang\zh-cn.php
[ info ] [ ROUTE ] array (
)
[ info ] [ HEADER ] array (
  'referer' => 'http://localhost:8080/',
  'origin' => 'http://localhost:8080',
  'content-type' => 'application/json',
  'accept-language' => 'zh-CN,zh;q=0.9',
  'accept-encoding' => 'gzip, deflate',
  'accept' => 'application/json',
  'content-length' => '97',
  'user-agent' => 'Mozilla/5.0 (iPhone; CPU iPhone OS 18_5 like Mac OS X) AppleWebKit/605.1.15 (KHTML, like Gecko) Version/18.5 Mobile/15E148 Safari/604.1',
  'host' => 'www.jiwankang.com',
)
[ info ] [ PARAM ] array (
  'order_money' => '4990.00',
  'token' => 'c44ff269142cc0000a5aab51e13546e0',
  'method' => 'user.getuserpoint',
)
[ info ] [ DB ] INIT mysql
[ sql ] [ DB ] CONNECT:[ UseTime:0.000662s ] mysql:host=127.0.0.1;port=3306;dbname=jiwankang;charset=utf8mb4
[ sql ] [ SQL ] SHOW COLUMNS FROM `wb_user` [ RunTime:0.000552s ]
[ sql ] [ SQL ] SELECT * FROM `wb_user` WHERE (  `id` = 1 ) AND `wb_user`.`isdel` IS NULL LIMIT 1 [ RunTime:0.000185s ]
[ sql ] [ SQL ] SHOW COLUMNS FROM `wb_setting` [ RunTime:0.000282s ]
[ sql ] [ SQL ] SELECT * FROM `wb_setting` WHERE  `skey` = 'language' LIMIT 1 [ RunTime:0.000101s ]
[ sql ] [ SQL ] SELECT * FROM `wb_setting` WHERE  `skey` = 'language' LIMIT 1 [ RunTime:0.000073s ]
[ sql ] [ SQL ] SELECT * FROM `wb_setting` WHERE  `skey` = 'point_switch' LIMIT 1 [ RunTime:0.000075s ]
[ sql ] [ SQL ] SELECT `point` FROM `wb_user` WHERE (  `id` = 1 ) AND `wb_user`.`isdel` IS NULL LIMIT 1 [ RunTime:0.000084s ]
[ sql ] [ SQL ] SELECT * FROM `wb_setting` WHERE  `skey` = 'orders_point_proportion' LIMIT 1 [ RunTime:0.000073s ]
[ sql ] [ SQL ] SELECT * FROM `wb_setting` WHERE  `skey` = 'point_discounted_proportion' LIMIT 1 [ RunTime:0.000067s ]
---------------------------------------------------------------
[2026-04-01T19:51:19+08:00] 127.0.0.1 POST www.jiwankang.com/api.html
[运行时间：0.072139s] [吞吐率：13.86req/s] [内存消耗：6,002.70kb] [文件加载：121]
[ info ] [ LANG ] E:\wwwroot\2026\04\jiwankang\thinkphp\lang\zh-cn.php
[ info ] [ ROUTE ] array (
)
[ info ] [ HEADER ] array (
  'referer' => 'http://localhost:8080/',
  'origin' => 'http://localhost:8080',
  'content-type' => 'application/json',
  'accept-language' => 'zh-CN,zh;q=0.9',
  'accept-encoding' => 'gzip, deflate',
  'accept' => 'application/json',
  'content-length' => '231',
  'user-agent' => 'Mozilla/5.0 (iPhone; CPU iPhone OS 18_5 like Mac OS X) AppleWebKit/605.1.15 (KHTML, like Gecko) Version/18.5 Mobile/15E148 Safari/604.1',
  'host' => 'www.jiwankang.com',
)
[ info ] [ PARAM ] array (
  'cart_ids' => '9',
  'memo' => '',
  'point' => 0,
  'receipt_type' => '1',
  'coupon_code' => '',
  'tax_type' => '1',
  'tax_name' => '不开发票',
  'tax_code' => '',
  'source' => '2',
  'uship_id' => '1',
  'area_id' => '150525',
  'token' => 'c44ff269142cc0000a5aab51e13546e0',
  'method' => 'order.create',
)
[ info ] [ DB ] INIT mysql
[ sql ] [ DB ] CONNECT:[ UseTime:0.000654s ] mysql:host=127.0.0.1;port=3306;dbname=jiwankang;charset=utf8mb4
[ sql ] [ SQL ] SHOW COLUMNS FROM `wb_user` [ RunTime:0.000518s ]
[ sql ] [ SQL ] SELECT * FROM `wb_user` WHERE (  `id` = 1 ) AND `wb_user`.`isdel` IS NULL LIMIT 1 [ RunTime:0.000189s ]
[ sql ] [ SQL ] SHOW COLUMNS FROM `wb_user_ship` [ RunTime:0.001198s ]
[ sql ] [ SQL ] SELECT * FROM `wb_user_ship` WHERE  `id` = 1  AND `user_id` = 1 LIMIT 1 [ RunTime:0.000222s ]
[ sql ] [ SQL ] SHOW COLUMNS FROM `wb_ship` [ RunTime:0.000445s ]
[ sql ] [ SQL ] SELECT * FROM `wb_ship` WHERE  `status` = 1  AND `area_fee` LIKE '%\\\\\"150525\\\\\"%'  AND `type` = 2 LIMIT 1 [ RunTime:0.000152s ]
[ sql ] [ SQL ] SELECT * FROM `wb_ship` WHERE  `is_def` = 1  AND `status` = 1 LIMIT 1 [ RunTime:0.000109s ]
[ sql ] [ SQL ] SELECT * FROM `wb_ship` WHERE  `status` = 1 LIMIT 1 [ RunTime:0.000086s ]
[ sql ] [ SQL ] SHOW COLUMNS FROM `wb_cart` [ RunTime:0.000265s ]
[ sql ] [ SQL ] SELECT * FROM `wb_cart` WHERE  `user_id` = 1  AND `type` = 1  AND `id` IN (9) [ RunTime:0.000113s ]
[ sql ] [ SQL ] SHOW COLUMNS FROM `wb_products` [ RunTime:0.000362s ]
[ sql ] [ SQL ] SELECT * FROM `wb_products` WHERE  `id` = 3 LIMIT 1 [ RunTime:0.000131s ]
[ sql ] [ SQL ] SHOW COLUMNS FROM `wb_goods` [ RunTime:0.000715s ]
[ sql ] [ SQL ] SELECT `name`,`image_id`,`bn`,`marketable`,`spes_desc`,`is_combo`,`point`,`open_point` FROM `wb_goods` WHERE  `id` = 2 LIMIT 1 [ RunTime:0.000274s ]
[ sql ] [ SQL ] SELECT `grade` FROM `wb_user` WHERE (  `id` = 1 ) AND `wb_user`.`isdel` IS NULL LIMIT 1 [ RunTime:0.000165s ]
[ sql ] [ SQL ] SHOW COLUMNS FROM `wb_setting` [ RunTime:0.000279s ]
[ sql ] [ SQL ] SELECT * FROM `wb_setting` WHERE  `skey` = 'language' LIMIT 1 [ RunTime:0.000101s ]
[ sql ] [ SQL ] SELECT * FROM `wb_setting` WHERE  `skey` = 'language' LIMIT 1 [ RunTime:0.000076s ]
[ sql ] [ SQL ] SHOW COLUMNS FROM `wb_goods_grade` [ RunTime:0.000224s ]
[ sql ] [ SQL ] SELECT * FROM `wb_goods_grade` WHERE  `goods_id` = 2 [ RunTime:0.000119s ]
[ sql ] [ SQL ] SHOW COLUMNS FROM `wb_user_grade` [ RunTime:0.000243s ]
[ sql ] [ SQL ] SELECT `name` FROM `wb_user_grade` WHERE  `id` = 1 LIMIT 1 [ RunTime:0.000095s ]
[ sql ] [ SQL ] SELECT `name` FROM `wb_user_grade` WHERE  `id` = 2 LIMIT 1 [ RunTime:0.000073s ]
[ sql ] [ SQL ] SELECT `name` FROM `wb_user_grade` WHERE  `id` = 3 LIMIT 1 [ RunTime:0.000071s ]
[ sql ] [ SQL ] SELECT `name` FROM `wb_user_grade` WHERE  `id` = 4 LIMIT 1 [ RunTime:0.000066s ]
[ sql ] [ SQL ] SELECT `name` FROM `wb_user_grade` WHERE  `id` = 5 LIMIT 1 [ RunTime:0.000067s ]
[ sql ] [ SQL ] SELECT `p`.`id`,`g`.`marketable` FROM `wb_products` `p` INNER JOIN `wb_goods` `g` ON `g`.`id`=`p`.`goods_id` WHERE  `p`.`id` = '3' LIMIT 1 [ RunTime:0.000107s ]
[ sql ] [ SQL ] SELECT `goods_id` FROM `wb_products` WHERE  `id` = 3 LIMIT 1 [ RunTime:0.000074s ]
[ sql ] [ SQL ] SELECT `weight` FROM `wb_goods` WHERE  `id` = 2 LIMIT 1 [ RunTime:0.000074s ]
[ sql ] [ SQL ] SHOW COLUMNS FROM `wb_goods_collection` [ RunTime:0.000234s ]
[ sql ] [ SQL ] SELECT * FROM `wb_goods_collection` WHERE  `user_id` = 1  AND `goods_id` = 2 LIMIT 1 [ RunTime:0.000115s ]
[ sql ] [ SQL ] SHOW COLUMNS FROM `wb_promotion` [ RunTime:0.000257s ]
[ sql ] [ SQL ] SELECT * FROM `wb_promotion` WHERE (  `status` = 1  AND `stime` < 1775044279  AND `etime` > 1775044279  AND `type` = 1 ) AND `wb_promotion`.`isdel` IS NULL ORDER BY `sort` ASC [ RunTime:0.000162s ]
[ sql ] [ SQL ] SELECT * FROM `wb_ship` WHERE  `status` = 1  AND `type` = 2  AND (  FIND_IN_SET('150525',area_fee)  ) LIMIT 1 [ RunTime:0.000134s ]
[ sql ] [ SQL ] SELECT * FROM `wb_ship` WHERE  `is_def` = 1  AND `status` = 1 LIMIT 1 [ RunTime:0.000091s ]
[ sql ] [ SQL ] SELECT * FROM `wb_ship` WHERE  `status` = 1 LIMIT 1 [ RunTime:0.000084s ]
[ sql ] [ SQL ] SHOW COLUMNS FROM `wb_order` [ RunTime:0.000936s ]
[ sql ] [ SQL ] INSERT INTO `wb_order` (`order_id` , `user_id` , `order_type` , `ship_area_id` , `ship_address` , `ship_name` , `ship_mobile` , `logistics_id` , `logistics_name` , `store_id` , `goods_amount` , `order_amount` , `cost_freight` , `promotion_list` , `point` , `point_money` , `weight` , `order_pmt` , `goods_pmt` , `coupon_pmt` , `coupon` , `ip` , `memo` , `source` , `tax_type` , `tax_title` , `tax_code` , `ctime` , `utime`) VALUES ('S04011951195903' , 1 , 1 , 150525 , '撒防守打法撒旦法' , '夏赟浩' , '18919660526' , NULL , NULL , 0 , 4990 , 4990 , 0 , '[]' , 0 , 0 , 0 , 0 , 0 , 0 , '[]' , '127.0.0.1' , '' , 2 , 1 , '不开发票' , '' , 1775044279 , 1775044279) [ RunTime:0.000296s ]
[ sql ] [ SQL ] SELECT * FROM `wb_setting` WHERE  `skey` = 'language' LIMIT 1 [ RunTime:0.000164s ]
[ sql ] [ SQL ] SELECT * FROM `wb_setting` WHERE  `skey` = 'language' LIMIT 1 [ RunTime:0.000153s ]
[ sql ] [ SQL ] SELECT `goods_id` FROM `wb_products` WHERE  `id` = 3 LIMIT 1 [ RunTime:0.000125s ]
[ sql ] [ SQL ] UPDATE `wb_goods`  SET `buy_count` = `buy_count` + 5  WHERE  `id` = 2 [ RunTime:0.000178s ]
[ sql ] [ SQL ] UPDATE `wb_products`  SET `freeze_stock` = `freeze_stock` + 5  WHERE  `id` = 3  AND (  IF(stock < freeze_stock, 0, stock - freeze_stock)-5>=0 ) [ RunTime:0.000198s ]
[ sql ] [ SQL ] SHOW COLUMNS FROM `wb_order_items` [ RunTime:0.000962s ]
[ sql ] [ SQL ] INSERT INTO `wb_order_items` (`order_id` , `goods_id` , `product_id` , `sn` , `bn` , `name` , `price` , `costprice` , `mktprice` , `image_url` , `nums` , `amount` , `promotion_amount` , `weight` , `sendnums` , `addon` , `cate_id` , `zw_tag` , `promotion_list` , `ave_price` , `ave_amount` , `utime`) VALUES ('S04011951195903' , 2 , 3 , 'P7748594377925' , 'G7748594377885' , '济丸康' , 998 , 0 , 0 , 'http://www.jiwankang.com/static/uploads/images/2026/03/30/177485734869ca2c8422846.png' , 5 , 4990 , 0 , 0 , 0 , NULL , 2 , 'T998' , '[]' , 998 , 4990 , 1775044279) [ RunTime:0.000154s ]
[ sql ] [ SQL ] DELETE FROM `wb_cart` WHERE  `user_id` = 1  AND `id` IN (9)  AND `type` = 1 [ RunTime:0.003167s ]
[ sql ] [ SQL ] SHOW COLUMNS FROM `wb_order_log` [ RunTime:0.001678s ]
[ sql ] [ SQL ] INSERT INTO `wb_order_log` (`order_id` , `user_id` , `type` , `msg` , `data` , `ctime`) VALUES ('S04011951195903' , 1 , 1 , '订单创建' , '{\"order_id\":\"S04011951195903\",\"user_id\":1,\"order_type\":\"1\",\"ship_area_id\":150525,\"ship_address\":\"\\u6492\\u9632\\u5b88\\u6253\\u6cd5\\u6492\\u65e6\\u6cd5\",\"ship_name\":\"\\u590f\\u8d5f\\u6d69\",\"ship_mobile\":\"18919660526\",\"logistics_id\":null,\"logistics_name\":null,\"store_id\":0,\"goods_amount\":\"4990.00\",\"order_amount\":\"4990.00\",\"cost_freight\":\"0.00\",\"promotion_list\":\"[]\",\"point\":0,\"point_money\":0,\"weight\":\"0.00\",\"order_pmt\":0,\"goods_pmt\":\"0.00\",\"coupon_pmt\":0,\"coupon\":\"[]\",\"ip\":\"127.0.0.1\",\"memo\":\"\",\"source\":\"2\",\"tax_type\":\"1\",\"tax_title\":\"\\u4e0d\\u5f00\\u53d1\\u7968\",\"tax_code\":\"\"}' , 1775044279) [ RunTime:0.001791s ]
[ sql ] [ SQL ] SELECT * FROM `wb_ship` WHERE  `id` IS NULL LIMIT 1 [ RunTime:0.000127s ]
[ sql ] [ SQL ] SHOW COLUMNS FROM `wb_area` [ RunTime:0.000779s ]
[ sql ] [ SQL ] SELECT `id`,`name`,`parent_id`,`postal_code` FROM `wb_area` WHERE  `id` = 150525 LIMIT 1 [ RunTime:0.000172s ]
[ sql ] [ SQL ] SELECT `id`,`name`,`parent_id`,`postal_code` FROM `wb_area` WHERE  `parent_id` = 150500 [ RunTime:0.000648s ]
[ sql ] [ SQL ] SELECT `id`,`name`,`parent_id`,`postal_code` FROM `wb_area` WHERE  `id` = 150500 LIMIT 1 [ RunTime:0.000085s ]
[ sql ] [ SQL ] SELECT `id`,`name`,`parent_id`,`postal_code` FROM `wb_area` WHERE  `parent_id` = 150000 [ RunTime:0.000668s ]
[ sql ] [ SQL ] SELECT `id`,`name`,`parent_id`,`postal_code` FROM `wb_area` WHERE  `id` = 150000 LIMIT 1 [ RunTime:0.000189s ]
[ sql ] [ SQL ] SELECT `id`,`name`,`parent_id`,`postal_code` FROM `wb_area` WHERE  `parent_id` = 0 [ RunTime:0.000710s ]
[ sql ] [ SQL ] SHOW COLUMNS FROM `wb_message_center` [ RunTime:0.001110s ]
[ sql ] [ SQL ] SELECT * FROM `wb_message_center` WHERE  `code` = 'create_order' LIMIT 1 [ RunTime:0.000141s ]
[ sql ] [ SQL ] SHOW COLUMNS FROM `wb_message` [ RunTime:0.000736s ]
[ sql ] [ SQL ] INSERT INTO `wb_message` (`user_id` , `code` , `params` , `content` , `ctime` , `utime`) VALUES (1 , 'create_order' , '{\"order_id\":\"S04011951195903\",\"user_id\":1,\"order_type\":\"1\",\"ship_area_id\":150525,\"ship_address\":\"\\u6492\\u9632\\u5b88\\u6253\\u6cd5\\u6492\\u65e6\\u6cd5\",\"ship_name\":\"\\u590f\\u8d5f\\u6d69\",\"ship_mobile\":\"18919660526\",\"logistics_id\":null,\"logistics_name\":null,\"store_id\":0,\"goods_amount\":\"4990.00\",\"order_amount\":\"4990.00\",\"cost_freight\":\"0.00\",\"promotion_list\":\"[]\",\"point\":0,\"point_money\":0,\"weight\":\"0.00\",\"order_pmt\":0,\"goods_pmt\":\"0.00\",\"coupon_pmt\":0,\"coupon\":\"[]\",\"ip\":\"127.0.0.1\",\"memo\":\"\",\"source\":\"2\",\"tax_type\":\"1\",\"tax_title\":\"\\u4e0d\\u5f00\\u53d1\\u7968\",\"tax_code\":\"\",\"tax_content\":\"\\u5546\\u54c1\\u660e\\u7ec6\",\"ship_id\":null,\"ship_addr\":\"\\u5185\\u8499\\u53e4\\u81ea\\u6cbb\\u533a \\u901a\\u8fbd\\u5e02 \\u5948\\u66fc\\u65d7 \\u6492\\u9632\\u5b88\\u6253\\u6cd5\\u6492\\u65e6\\u6cd5\",\"form_id\":\"\"}' , '订单创建成功。' , 1775044279 , 1775044279) [ RunTime:0.000163s ]
---------------------------------------------------------------
[2026-04-01T19:51:19+08:00] 127.0.0.1 POST www.jiwankang.com/api.html
[运行时间：0.029951s] [吞吐率：33.39req/s] [内存消耗：4,245.58kb] [文件加载：101]
[ info ] [ LANG ] E:\wwwroot\2026\04\jiwankang\thinkphp\lang\zh-cn.php
[ info ] [ ROUTE ] array (
)
[ info ] [ HEADER ] array (
  'referer' => 'http://localhost:8080/',
  'origin' => 'http://localhost:8080',
  'content-type' => 'application/json',
  'accept-language' => 'zh-CN,zh;q=0.9',
  'accept-encoding' => 'gzip, deflate',
  'accept' => 'application/json',
  'content-length' => '41',
  'user-agent' => 'Mozilla/5.0 (iPhone; CPU iPhone OS 18_5 like Mac OS X) AppleWebKit/605.1.15 (KHTML, like Gecko) Version/18.5 Mobile/15E148 Safari/604.1',
  'host' => 'www.jiwankang.com',
)
[ info ] [ PARAM ] array (
  'exp' => false,
  'method' => 'payments.getlist',
)
[ info ] [ DB ] INIT mysql
[ sql ] [ DB ] CONNECT:[ UseTime:0.000971s ] mysql:host=127.0.0.1;port=3306;dbname=jiwankang;charset=utf8mb4
[ sql ] [ SQL ] SHOW COLUMNS FROM `wb_payments` [ RunTime:0.001108s ]
[ sql ] [ SQL ] SELECT `code`,`name`,`sort`,`memo`,`status`,`is_online` FROM `wb_payments` WHERE  `status` = 1 ORDER BY `sort` ASC [ RunTime:0.000253s ]
---------------------------------------------------------------
[2026-04-01T19:51:19+08:00] 127.0.0.1 POST www.jiwankang.com/api.html
[运行时间：0.042013s] [吞吐率：23.80req/s] [内存消耗：4,636.29kb] [文件加载：101]
[ info ] [ LANG ] E:\wwwroot\2026\04\jiwankang\thinkphp\lang\zh-cn.php
[ info ] [ ROUTE ] array (
)
[ info ] [ HEADER ] array (
  'referer' => 'http://localhost:8080/',
  'origin' => 'http://localhost:8080',
  'content-type' => 'application/json',
  'accept-language' => 'zh-CN,zh;q=0.9',
  'accept-encoding' => 'gzip, deflate',
  'accept' => 'application/json',
  'content-length' => '114',
  'user-agent' => 'Mozilla/5.0 (iPhone; CPU iPhone OS 18_5 like Mac OS X) AppleWebKit/605.1.15 (KHTML, like Gecko) Version/18.5 Mobile/15E148 Safari/604.1',
  'host' => 'www.jiwankang.com',
)
[ info ] [ PARAM ] array (
  'ids' => 'S04011951195903',
  'payment_type' => '1',
  'token' => 'c44ff269142cc0000a5aab51e13546e0',
  'method' => 'payments.checkpay',
)
[ info ] [ DB ] INIT mysql
[ sql ] [ DB ] CONNECT:[ UseTime:0.001874s ] mysql:host=127.0.0.1;port=3306;dbname=jiwankang;charset=utf8mb4
[ sql ] [ SQL ] SHOW COLUMNS FROM `wb_order` [ RunTime:0.001804s ]
[ sql ] [ SQL ] SELECT * FROM `wb_order` WHERE (  `order_id` = 'S04011951195903'  AND `pay_status` = 1  AND `status` = 1 ) AND `wb_order`.`isdel` IS NULL LIMIT 1 [ RunTime:0.000894s ]
---------------------------------------------------------------
[2026-04-01T19:51:20+08:00] 127.0.0.1 POST www.jiwankang.com/api.html
[运行时间：0.065899s] [吞吐率：15.17req/s] [内存消耗：5,758.49kb] [文件加载：125]
[ info ] [ LANG ] E:\wwwroot\2026\04\jiwankang\thinkphp\lang\zh-cn.php
[ info ] [ ROUTE ] array (
)
[ info ] [ HEADER ] array (
  'referer' => 'http://localhost:8080/',
  'origin' => 'http://localhost:8080',
  'content-type' => 'application/json',
  'accept-language' => 'zh-CN,zh;q=0.9',
  'accept-encoding' => 'gzip, deflate',
  'accept' => 'application/json',
  'content-length' => '133',
  'user-agent' => 'Mozilla/5.0 (iPhone; CPU iPhone OS 18_5 like Mac OS X) AppleWebKit/605.1.15 (KHTML, like Gecko) Version/18.5 Mobile/15E148 Safari/604.1',
  'host' => 'www.jiwankang.com',
)
[ info ] [ PARAM ] array (
  'payment_code' => 'balancepay',
  'payment_type' => '1',
  'ids' => 'S04011951195903',
  'token' => 'c44ff269142cc0000a5aab51e13546e0',
  'method' => 'user.pay',
)
[ info ] [ DB ] INIT mysql
[ sql ] [ DB ] CONNECT:[ UseTime:0.000706s ] mysql:host=127.0.0.1;port=3306;dbname=jiwankang;charset=utf8mb4
[ sql ] [ SQL ] SHOW COLUMNS FROM `wb_user` [ RunTime:0.000667s ]
[ sql ] [ SQL ] SELECT * FROM `wb_user` WHERE (  `id` = 1 ) AND `wb_user`.`isdel` IS NULL LIMIT 1 [ RunTime:0.000200s ]
[ sql ] [ SQL ] SHOW COLUMNS FROM `wb_order` [ RunTime:0.000450s ]
[ sql ] [ SQL ] SELECT `pay_status` FROM `wb_order` WHERE (  `order_id` = 'S04011951195903' ) AND `wb_order`.`isdel` IS NULL LIMIT 1 [ RunTime:0.000217s ]
[ sql ] [ SQL ] SHOW COLUMNS FROM `wb_payments` [ RunTime:0.000839s ]
[ sql ] [ SQL ] SELECT * FROM `wb_payments` WHERE  `code` = 'balancepay'  AND `status` = 1 LIMIT 1 [ RunTime:0.000169s ]
[ sql ] [ SQL ] SELECT * FROM `wb_payments` WHERE  `code` = 'balancepay'  AND `status` = 1 LIMIT 1 [ RunTime:0.000114s ]
[ sql ] [ SQL ] SELECT * FROM `wb_order` WHERE (  `order_id` = 'S04011951195903'  AND `pay_status` = 1  AND `status` = 1 ) AND `wb_order`.`isdel` IS NULL LIMIT 1 [ RunTime:0.000165s ]
[ sql ] [ SQL ] SHOW COLUMNS FROM `wb_bill_payments` [ RunTime:0.000746s ]
[ sql ] [ SQL ] INSERT INTO `wb_bill_payments` (`payment_id` , `money` , `user_id` , `type` , `payment_code` , `ip` , `params` , `ctime` , `utime`) VALUES ('27750442807267' , 4990 , 1 , 1 , 'balancepay' , '127.0.0.1' , '[]' , 1775044280 , 1775044280) [ RunTime:0.000167s ]
[ sql ] [ SQL ] SHOW COLUMNS FROM `wb_bill_payments_rel` [ RunTime:0.000710s ]
[ sql ] [ SQL ] INSERT INTO `wb_bill_payments_rel` (`payment_id` , `source_id` , `money`) VALUES ('27750442807267' , 'S04011951195903' , 4990) [ RunTime:0.000107s ]
[ sql ] [ SQL ] SHOW COLUMNS FROM `wb_order_items` [ RunTime:0.000958s ]
[ sql ] [ SQL ] SELECT * FROM `wb_order_items` WHERE  `order_id` = 'S04011951195903' LIMIT 1 [ RunTime:0.000226s ]
[ sql ] [ SQL ] SELECT * FROM `wb_user` WHERE (  `id` = 1 ) AND `wb_user`.`isdel` IS NULL LIMIT 1 [ RunTime:0.000174s ]
[ sql ] [ SQL ] SHOW COLUMNS FROM `wb_balance` [ RunTime:0.000790s ]
[ sql ] [ SQL ] INSERT INTO `wb_balance` (`user_id` , `type` , `money` , `balance` , `source_id` , `memo` , `ctime`) VALUES (1 , 1 , -4990 , 987064 , '27750442807267' , '消费了4990元' , 1775044280) [ RunTime:0.000143s ]
[ sql ] [ SQL ] UPDATE `wb_user`  SET `balance` = 987064 , `utime` = 1775044280  WHERE (  `id` = 1 ) AND `wb_user`.`isdel` IS NULL [ RunTime:0.000158s ]
[ sql ] [ SQL ] SELECT * FROM `wb_bill_payments` WHERE  `payment_id` = '27750442807267' LIMIT 1 [ RunTime:0.000185s ]
[ sql ] [ SQL ] SELECT * FROM `wb_bill_payments` WHERE  `payment_id` = '27750442807267'  AND `money` = 4990  AND `status` <> 2 LIMIT 1 [ RunTime:0.000165s ]
[ sql ] [ SQL ] UPDATE `wb_bill_payments`  SET `status` = 2 , `payment_code` = 'balancepay' , `payed_msg` = NULL , `trade_no` = NULL , `utime` = 1775044280  WHERE  `payment_id` = '27750442807267'  AND `money` = 4990  AND `status` <> 2 [ RunTime:0.000196s ]
[ sql ] [ SQL ] SELECT * FROM `wb_bill_payments_rel` WHERE  `payment_id` = '27750442807267' [ RunTime:0.000116s ]
[ sql ] [ SQL ] SHOW COLUMNS FROM `wb_setting` [ RunTime:0.003181s ]
[ sql ] [ SQL ] SELECT * FROM `wb_setting` WHERE  `skey` = 'language' LIMIT 1 [ RunTime:0.000095s ]
[ sql ] [ SQL ] SELECT * FROM `wb_setting` WHERE  `skey` = 'language' LIMIT 1 [ RunTime:0.000095s ]
[ sql ] [ SQL ] SELECT * FROM `wb_order` WHERE (  `order_id` = 'S04011951195903'  AND `status` = 1 ) AND `wb_order`.`isdel` IS NULL LIMIT 1 [ RunTime:0.000363s ]
[ sql ] [ SQL ] UPDATE `wb_order`  SET `payment_code` = 'balancepay' , `payed` = 4990 , `pay_status` = 2 , `payment_time` = 1775044280  WHERE (  `order_id` = 'S04011951195903' ) AND `wb_order`.`isdel` IS NULL [ RunTime:0.000301s ]
[ sql ] [ SQL ] SELECT * FROM `wb_setting` WHERE  `skey` = 'order_butie' LIMIT 1 [ RunTime:0.000503s ]
[ sql ] [ SQL ] SELECT * FROM `wb_order_items` WHERE  `order_id` = 'S04011951195903' [ RunTime:0.000701s ]
[ sql ] [ SQL ] SHOW COLUMNS FROM `wb_money` [ RunTime:0.000985s ]
[ sql ] [ SQL ] SELECT `money` FROM `wb_money` WHERE  `type` = 1 LIMIT 1 [ RunTime:0.000133s ]
[ sql ] [ SQL ] SELECT * FROM `wb_money` WHERE  `type` = 1 LIMIT 1 [ RunTime:0.000091s ]
[ sql ] [ SQL ] UPDATE `wb_money`  SET `money` = 3742.5 , `utime` = 1775044280  WHERE  `id` = 1 [ RunTime:0.000161s ]
[ sql ] [ SQL ] SHOW COLUMNS FROM `wb_money_log` [ RunTime:0.000449s ]
[ sql ] [ SQL ] INSERT INTO `wb_money_log` (`money` , `flow_type` , `source_id` , `balance` , `ctime` , `utime`) VALUES (1247.5 , 1 , 'S04011951195903' , 3742.5 , 1775044280 , 1775044280) [ RunTime:0.000149s ]
[ sql ] [ SQL ] SELECT `mobile` FROM `wb_user` WHERE (  `id` = 1 ) AND `wb_user`.`isdel` IS NULL LIMIT 1 [ RunTime:0.000115s ]
[ sql ] [ SQL ] SHOW COLUMNS FROM `wb_message_center` [ RunTime:0.000293s ]
[ sql ] [ SQL ] SELECT * FROM `wb_message_center` WHERE  `code` = 'order_payed' LIMIT 1 [ RunTime:0.000112s ]
[ sql ] [ SQL ] SHOW COLUMNS FROM `wb_message` [ RunTime:0.000345s ]
[ sql ] [ SQL ] INSERT INTO `wb_message` (`user_id` , `code` , `params` , `content` , `ctime` , `utime`) VALUES (1 , 'order_payed' , '{\"order_id\":\"S04011951195903\",\"goods_amount\":\"4990.00\",\"payed\":\"0.00\",\"order_amount\":\"4990.00\",\"pay_status\":1,\"ship_status\":1,\"status\":1,\"order_type\":1,\"payment_code\":null,\"payment_time\":null,\"logistics_id\":null,\"logistics_name\":null,\"cost_freight\":\"0.00\",\"user_id\":1,\"seller_id\":null,\"confirm\":1,\"confirm_time\":null,\"store_id\":0,\"ship_area_id\":150525,\"ship_address\":\"\\u6492\\u9632\\u5b88\\u6253\\u6cd5\\u6492\\u65e6\\u6cd5\",\"ship_name\":\"\\u590f\\u8d5f\\u6d69\",\"ship_mobile\":\"18919660526\",\"weight\":0,\"tax_type\":1,\"tax_code\":\"\",\"tax_title\":\"\\u4e0d\\u5f00\\u53d1\\u7968\",\"point\":0,\"point_money\":\"0.00\",\"order_pmt\":\"0.00\",\"goods_pmt\":\"0.00\",\"coupon_pmt\":\"0.00\",\"coupon\":\"[]\",\"promotion_list\":\"[]\",\"memo\":\"\",\"ip\":\"127.0.0.1\",\"mark\":null,\"source\":2,\"is_comment\":1,\"ctime\":1775044279,\"utime\":1775044279,\"isdel\":null,\"pay_time\":\"2026-04-01 19:51:20\",\"money\":\"4990.00\",\"user_name\":\"18919660526\"}' , '恭喜您，订单支付成功,祝您购物愉快。' , 1775044280 , 1775044280) [ RunTime:0.000130s ]
[ sql ] [ SQL ] SELECT * FROM `wb_message_center` WHERE  `code` = 'seller_order_notice' LIMIT 1 [ RunTime:0.000105s ]
[ sql ] [ SQL ] SELECT `mobile` FROM `wb_user` WHERE (  `id` = 1 ) AND `wb_user`.`isdel` IS NULL LIMIT 1 [ RunTime:0.000092s ]
[ sql ] [ SQL ] SELECT * FROM `wb_setting` WHERE  `skey` = 'shop_mobile' LIMIT 1 [ RunTime:0.000084s ]
[ sql ] [ SQL ] SELECT * FROM `wb_order` WHERE (  `order_id` = 'S04011951195903' ) AND `wb_order`.`isdel` IS NULL LIMIT 1 [ RunTime:0.000181s ]
[ sql ] [ SQL ] SELECT * FROM `wb_user` WHERE (  `id` = 1 ) AND `wb_user`.`isdel` IS NULL LIMIT 1 [ RunTime:0.000126s ]
[ sql ] [ SQL ] SELECT SUM(`nums`) AS tp_sum FROM `wb_order` `o` INNER JOIN `wb_order_items` `i` ON `i`.`order_id`=`o`.`order_id` WHERE  `o`.`user_id` = '1'  AND `o`.`pay_status` = '2'  AND `i`.`cate_id` = '2'  AND `status` < 3 LIMIT 1 [ RunTime:0.000166s ]
[ sql ] [ SQL ] SELECT * FROM `wb_user` WHERE (  `id` = 1 ) AND `wb_user`.`isdel` IS NULL LIMIT 1 [ RunTime:0.000130s ]
[ sql ] [ SQL ] SHOW COLUMNS FROM `wb_order_log` [ RunTime:0.001645s ]
[ sql ] [ SQL ] INSERT INTO `wb_order_log` (`order_id` , `user_id` , `type` , `msg` , `data` , `ctime`) VALUES ('S04011951195903' , 1 , 2 , '订单支付成功' , '[{\"status\":true,\"data\":1,\"msg\":\"\\u8ba2\\u5355\\u652f\\u4ed8\\u6210\\u529f\"},{\"payment_code\":\"balancepay\",\"payed\":\"4990.00\",\"pay_status\":2,\"payment_time\":1775044280}]' , 1775044280) [ RunTime:0.000163s ]
[ error ] [8]未定义数组索引: memo[E:\wwwroot\2026\04\jiwankang\extend\org\payments\balancepay.php:38]
[ error ] [8]未定义数组索引: id[E:\wwwroot\2026\04\jiwankang\extend\org\payments\balancepay.php:38]
[ error ] [8]Object of class app\common\model\User could not be converted to int[E:\wwwroot\2026\04\jiwankang\addons\Userupgrade\Userupgrade.php:97]
---------------------------------------------------------------
[2026-04-01T19:51:21+08:00] 127.0.0.1 POST www.jiwankang.com/api.html
[运行时间：0.034685s] [吞吐率：28.83req/s] [内存消耗：4,721.13kb] [文件加载：107]
[ info ] [ LANG ] E:\wwwroot\2026\04\jiwankang\thinkphp\lang\zh-cn.php
[ info ] [ ROUTE ] array (
)
[ info ] [ HEADER ] array (
  'referer' => 'http://localhost:8080/',
  'origin' => 'http://localhost:8080',
  'content-type' => 'application/json',
  'accept-language' => 'zh-CN,zh;q=0.9',
  'accept-encoding' => 'gzip, deflate',
  'accept' => 'application/json',
  'content-length' => '102',
  'user-agent' => 'Mozilla/5.0 (iPhone; CPU iPhone OS 18_5 like Mac OS X) AppleWebKit/605.1.15 (KHTML, like Gecko) Version/18.5 Mobile/15E148 Safari/604.1',
  'host' => 'www.jiwankang.com',
)
[ info ] [ PARAM ] array (
  'payment_id' => '27750442807267',
  'token' => 'c44ff269142cc0000a5aab51e13546e0',
  'method' => 'payments.getinfo',
)
[ info ] [ DB ] INIT mysql
[ sql ] [ DB ] CONNECT:[ UseTime:0.000766s ] mysql:host=127.0.0.1;port=3306;dbname=jiwankang;charset=utf8mb4
[ sql ] [ SQL ] SHOW COLUMNS FROM `wb_user` [ RunTime:0.000572s ]
[ sql ] [ SQL ] SELECT * FROM `wb_user` WHERE (  `id` = 1 ) AND `wb_user`.`isdel` IS NULL LIMIT 1 [ RunTime:0.000251s ]
[ sql ] [ SQL ] SHOW COLUMNS FROM `wb_bill_payments` [ RunTime:0.000923s ]
[ sql ] [ SQL ] SELECT * FROM `wb_bill_payments` WHERE  `payment_id` = '27750442807267'  AND `user_id` = 1 LIMIT 1 [ RunTime:0.000306s ]
[ sql ] [ SQL ] SHOW COLUMNS FROM `wb_bill_payments_rel` [ RunTime:0.001106s ]
[ sql ] [ SQL ] SELECT * FROM `wb_bill_payments_rel` WHERE  `payment_id` = '27750442807267' [ RunTime:0.000308s ]
---------------------------------------------------------------
[2026-04-01T19:51:24+08:00] 127.0.0.1 OPTIONS www.jiwankang.com/api.html
[运行时间：0.023434s] [吞吐率：42.67req/s] [内存消耗：3,009.21kb] [文件加载：89]
[ info ] [ LANG ] E:\wwwroot\2026\04\jiwankang\thinkphp\lang\zh-cn.php
[ info ] [ ROUTE ] array (
)
[ info ] [ HEADER ] array (
  'sec-fetch-mode' => 'cors',
  'referer' => 'http://localhost:8080/',
  'origin' => 'http://localhost:8080',
  'access-control-request-method' => 'POST',
  'access-control-request-headers' => 'content-type',
  'accept-language' => 'zh-CN,zh;q=0.9',
  'accept-encoding' => 'gzip, deflate',
  'accept' => '*/*',
  'user-agent' => 'Mozilla/5.0 (iPhone; CPU iPhone OS 18_5 like Mac OS X) AppleWebKit/605.1.15 (KHTML, like Gecko) Version/18.5 Mobile/15E148 Safari/604.1',
  'host' => 'www.jiwankang.com',
  'content-length' => '',
  'content-type' => '',
)
[ info ] [ PARAM ] array (
)
---------------------------------------------------------------
[2026-04-01T19:51:24+08:00] 127.0.0.1 POST www.jiwankang.com/api.html
[运行时间：0.052180s] [吞吐率：19.16req/s] [内存消耗：4,820.80kb] [文件加载：107]
[ info ] [ LANG ] E:\wwwroot\2026\04\jiwankang\thinkphp\lang\zh-cn.php
[ info ] [ ROUTE ] array (
)
[ info ] [ HEADER ] array (
  'referer' => 'http://localhost:8080/',
  'origin' => 'http://localhost:8080',
  'content-type' => 'application/json',
  'accept-language' => 'zh-CN,zh;q=0.9',
  'accept-encoding' => 'gzip, deflate',
  'accept' => 'application/json',
  'content-length' => '65',
  'user-agent' => 'Mozilla/5.0 (iPhone; CPU iPhone OS 18_5 like Mac OS X) AppleWebKit/605.1.15 (KHTML, like Gecko) Version/18.5 Mobile/15E148 Safari/604.1',
  'host' => 'www.jiwankang.com',
)
[ info ] [ PARAM ] array (
  'token' => 'c44ff269142cc0000a5aab51e13546e0',
  'method' => 'user.info',
)
[ info ] [ DB ] INIT mysql
[ sql ] [ DB ] CONNECT:[ UseTime:0.022284s ] mysql:host=127.0.0.1;port=3306;dbname=jiwankang;charset=utf8mb4
[ sql ] [ SQL ] SHOW COLUMNS FROM `wb_user` [ RunTime:0.000951s ]
[ sql ] [ SQL ] SELECT * FROM `wb_user` WHERE (  `id` = 1 ) AND `wb_user`.`isdel` IS NULL LIMIT 1 [ RunTime:0.000585s ]
[ sql ] [ SQL ] SELECT `id`,`username`,`mobile`,`sex`,`birthday`,`avatar`,`nickname`,`balance`,`point`,`grade`,`status`,`pid`,`password`,`ctime`,`remarks`,`area_id`,`tiyan`,`num_point`,`exp` FROM `wb_user` WHERE (  `id` = 1 ) AND `wb_user`.`isdel` IS NULL LIMIT 1 [ RunTime:0.000255s ]
[ sql ] [ SQL ] SHOW COLUMNS FROM `wb_user_grade` [ RunTime:0.000319s ]
[ sql ] [ SQL ] SELECT * FROM `wb_user_grade` WHERE  `id` = 3 [ RunTime:0.000111s ]
[ sql ] [ SQL ] SELECT * FROM `wb_user_grade` WHERE  `id` = 3 LIMIT 1 [ RunTime:0.000111s ]
---------------------------------------------------------------
[2026-04-01T19:52:04+08:00] 127.0.0.1 OPTIONS www.jiwankang.com/api.html
[运行时间：0.024710s] [吞吐率：40.47req/s] [内存消耗：3,009.21kb] [文件加载：89]
[ info ] [ LANG ] E:\wwwroot\2026\04\jiwankang\thinkphp\lang\zh-cn.php
[ info ] [ ROUTE ] array (
)
[ info ] [ HEADER ] array (
  'sec-fetch-mode' => 'cors',
  'referer' => 'http://localhost:8080/',
  'origin' => 'http://localhost:8080',
  'access-control-request-method' => 'POST',
  'access-control-request-headers' => 'content-type',
  'accept-language' => 'zh-CN,zh;q=0.9',
  'accept-encoding' => 'gzip, deflate',
  'accept' => '*/*',
  'user-agent' => 'Mozilla/5.0 (iPhone; CPU iPhone OS 18_5 like Mac OS X) AppleWebKit/605.1.15 (KHTML, like Gecko) Version/18.5 Mobile/15E148 Safari/604.1',
  'host' => 'www.jiwankang.com',
  'content-length' => '',
  'content-type' => '',
)
[ info ] [ PARAM ] array (
)
---------------------------------------------------------------
[2026-04-01T19:52:04+08:00] 127.0.0.1 POST www.jiwankang.com/api.html
[运行时间：0.031225s] [吞吐率：32.03req/s] [内存消耗：4,820.80kb] [文件加载：107]
[ info ] [ LANG ] E:\wwwroot\2026\04\jiwankang\thinkphp\lang\zh-cn.php
[ info ] [ ROUTE ] array (
)
[ info ] [ HEADER ] array (
  'referer' => 'http://localhost:8080/',
  'origin' => 'http://localhost:8080',
  'content-type' => 'application/json',
  'accept-language' => 'zh-CN,zh;q=0.9',
  'accept-encoding' => 'gzip, deflate',
  'accept' => 'application/json',
  'content-length' => '65',
  'user-agent' => 'Mozilla/5.0 (iPhone; CPU iPhone OS 18_5 like Mac OS X) AppleWebKit/605.1.15 (KHTML, like Gecko) Version/18.5 Mobile/15E148 Safari/604.1',
  'host' => 'www.jiwankang.com',
)
[ info ] [ PARAM ] array (
  'token' => 'c44ff269142cc0000a5aab51e13546e0',
  'method' => 'user.info',
)
[ info ] [ DB ] INIT mysql
[ sql ] [ DB ] CONNECT:[ UseTime:0.001033s ] mysql:host=127.0.0.1;port=3306;dbname=jiwankang;charset=utf8mb4
[ sql ] [ SQL ] SHOW COLUMNS FROM `wb_user` [ RunTime:0.000967s ]
[ sql ] [ SQL ] SELECT * FROM `wb_user` WHERE (  `id` = 1 ) AND `wb_user`.`isdel` IS NULL LIMIT 1 [ RunTime:0.000341s ]
[ sql ] [ SQL ] SELECT `id`,`username`,`mobile`,`sex`,`birthday`,`avatar`,`nickname`,`balance`,`point`,`grade`,`status`,`pid`,`password`,`ctime`,`remarks`,`area_id`,`tiyan`,`num_point`,`exp` FROM `wb_user` WHERE (  `id` = 1 ) AND `wb_user`.`isdel` IS NULL LIMIT 1 [ RunTime:0.000301s ]
[ sql ] [ SQL ] SHOW COLUMNS FROM `wb_user_grade` [ RunTime:0.000427s ]
[ sql ] [ SQL ] SELECT * FROM `wb_user_grade` WHERE  `id` = 3 [ RunTime:0.000201s ]
[ sql ] [ SQL ] SELECT * FROM `wb_user_grade` WHERE  `id` = 3 LIMIT 1 [ RunTime:0.000186s ]
---------------------------------------------------------------
[2026-04-01T19:52:28+08:00] 127.0.0.1 OPTIONS www.jiwankang.com/api.html
[运行时间：0.020216s] [吞吐率：49.47req/s] [内存消耗：3,009.21kb] [文件加载：89]
[ info ] [ LANG ] E:\wwwroot\2026\04\jiwankang\thinkphp\lang\zh-cn.php
[ info ] [ ROUTE ] array (
)
[ info ] [ HEADER ] array (
  'sec-fetch-mode' => 'cors',
  'referer' => 'http://localhost:8080/',
  'origin' => 'http://localhost:8080',
  'access-control-request-method' => 'POST',
  'access-control-request-headers' => 'content-type',
  'accept-language' => 'zh-CN,zh;q=0.9',
  'accept-encoding' => 'gzip, deflate',
  'accept' => '*/*',
  'user-agent' => 'Mozilla/5.0 (iPhone; CPU iPhone OS 18_5 like Mac OS X) AppleWebKit/605.1.15 (KHTML, like Gecko) Version/18.5 Mobile/15E148 Safari/604.1',
  'host' => 'www.jiwankang.com',
  'content-length' => '',
  'content-type' => '',
)
[ info ] [ PARAM ] array (
)
---------------------------------------------------------------
[2026-04-01T19:52:28+08:00] 127.0.0.1 POST www.jiwankang.com/api.html
[运行时间：0.033782s] [吞吐率：29.60req/s] [内存消耗：4,820.80kb] [文件加载：107]
[ info ] [ LANG ] E:\wwwroot\2026\04\jiwankang\thinkphp\lang\zh-cn.php
[ info ] [ ROUTE ] array (
)
[ info ] [ HEADER ] array (
  'referer' => 'http://localhost:8080/',
  'origin' => 'http://localhost:8080',
  'content-type' => 'application/json',
  'accept-language' => 'zh-CN,zh;q=0.9',
  'accept-encoding' => 'gzip, deflate',
  'accept' => 'application/json',
  'content-length' => '65',
  'user-agent' => 'Mozilla/5.0 (iPhone; CPU iPhone OS 18_5 like Mac OS X) AppleWebKit/605.1.15 (KHTML, like Gecko) Version/18.5 Mobile/15E148 Safari/604.1',
  'host' => 'www.jiwankang.com',
)
[ info ] [ PARAM ] array (
  'token' => 'c44ff269142cc0000a5aab51e13546e0',
  'method' => 'user.info',
)
[ info ] [ DB ] INIT mysql
[ sql ] [ DB ] CONNECT:[ UseTime:0.000714s ] mysql:host=127.0.0.1;port=3306;dbname=jiwankang;charset=utf8mb4
[ sql ] [ SQL ] SHOW COLUMNS FROM `wb_user` [ RunTime:0.000625s ]
[ sql ] [ SQL ] SELECT * FROM `wb_user` WHERE (  `id` = 1 ) AND `wb_user`.`isdel` IS NULL LIMIT 1 [ RunTime:0.000432s ]
[ sql ] [ SQL ] SELECT `id`,`username`,`mobile`,`sex`,`birthday`,`avatar`,`nickname`,`balance`,`point`,`grade`,`status`,`pid`,`password`,`ctime`,`remarks`,`area_id`,`tiyan`,`num_point`,`exp` FROM `wb_user` WHERE (  `id` = 1 ) AND `wb_user`.`isdel` IS NULL LIMIT 1 [ RunTime:0.000443s ]
[ sql ] [ SQL ] SHOW COLUMNS FROM `wb_user_grade` [ RunTime:0.000468s ]
[ sql ] [ SQL ] SELECT * FROM `wb_user_grade` WHERE  `id` = 3 [ RunTime:0.000174s ]
[ sql ] [ SQL ] SELECT * FROM `wb_user_grade` WHERE  `id` = 3 LIMIT 1 [ RunTime:0.000312s ]
---------------------------------------------------------------
[2026-04-01T19:52:35+08:00] 127.0.0.1 OPTIONS www.jiwankang.com/api.html
[运行时间：0.020574s] [吞吐率：48.60req/s] [内存消耗：3,009.21kb] [文件加载：89]
[ info ] [ LANG ] E:\wwwroot\2026\04\jiwankang\thinkphp\lang\zh-cn.php
[ info ] [ ROUTE ] array (
)
[ info ] [ HEADER ] array (
  'sec-fetch-mode' => 'cors',
  'referer' => 'http://localhost:8080/',
  'origin' => 'http://localhost:8080',
  'access-control-request-method' => 'POST',
  'access-control-request-headers' => 'content-type',
  'accept-language' => 'zh-CN,zh;q=0.9',
  'accept-encoding' => 'gzip, deflate',
  'accept' => '*/*',
  'user-agent' => 'Mozilla/5.0 (iPhone; CPU iPhone OS 18_5 like Mac OS X) AppleWebKit/605.1.15 (KHTML, like Gecko) Version/18.5 Mobile/15E148 Safari/604.1',
  'host' => 'www.jiwankang.com',
  'content-length' => '',
  'content-type' => '',
)
[ info ] [ PARAM ] array (
)
---------------------------------------------------------------
[2026-04-01T19:52:35+08:00] 127.0.0.1 POST www.jiwankang.com/api.html
[运行时间：0.035485s] [吞吐率：28.18req/s] [内存消耗：4,820.80kb] [文件加载：107]
[ info ] [ LANG ] E:\wwwroot\2026\04\jiwankang\thinkphp\lang\zh-cn.php
[ info ] [ ROUTE ] array (
)
[ info ] [ HEADER ] array (
  'referer' => 'http://localhost:8080/',
  'origin' => 'http://localhost:8080',
  'content-type' => 'application/json',
  'accept-language' => 'zh-CN,zh;q=0.9',
  'accept-encoding' => 'gzip, deflate',
  'accept' => 'application/json',
  'content-length' => '65',
  'user-agent' => 'Mozilla/5.0 (iPhone; CPU iPhone OS 18_5 like Mac OS X) AppleWebKit/605.1.15 (KHTML, like Gecko) Version/18.5 Mobile/15E148 Safari/604.1',
  'host' => 'www.jiwankang.com',
)
[ info ] [ PARAM ] array (
  'token' => 'c44ff269142cc0000a5aab51e13546e0',
  'method' => 'user.info',
)
[ info ] [ DB ] INIT mysql
[ sql ] [ DB ] CONNECT:[ UseTime:0.001582s ] mysql:host=127.0.0.1;port=3306;dbname=jiwankang;charset=utf8mb4
[ sql ] [ SQL ] SHOW COLUMNS FROM `wb_user` [ RunTime:0.001573s ]
[ sql ] [ SQL ] SELECT * FROM `wb_user` WHERE (  `id` = 1 ) AND `wb_user`.`isdel` IS NULL LIMIT 1 [ RunTime:0.000423s ]
[ sql ] [ SQL ] SELECT `id`,`username`,`mobile`,`sex`,`birthday`,`avatar`,`nickname`,`balance`,`point`,`grade`,`status`,`pid`,`password`,`ctime`,`remarks`,`area_id`,`tiyan`,`num_point`,`exp` FROM `wb_user` WHERE (  `id` = 1 ) AND `wb_user`.`isdel` IS NULL LIMIT 1 [ RunTime:0.000279s ]
[ sql ] [ SQL ] SHOW COLUMNS FROM `wb_user_grade` [ RunTime:0.000403s ]
[ sql ] [ SQL ] SELECT * FROM `wb_user_grade` WHERE  `id` = 3 [ RunTime:0.000123s ]
[ sql ] [ SQL ] SELECT * FROM `wb_user_grade` WHERE  `id` = 3 LIMIT 1 [ RunTime:0.000109s ]
---------------------------------------------------------------
[2026-04-01T19:53:03+08:00] 127.0.0.1 OPTIONS www.jiwankang.com/api.html
[运行时间：0.017780s] [吞吐率：56.24req/s] [内存消耗：3,009.21kb] [文件加载：89]
[ info ] [ LANG ] E:\wwwroot\2026\04\jiwankang\thinkphp\lang\zh-cn.php
[ info ] [ ROUTE ] array (
)
[ info ] [ HEADER ] array (
  'sec-fetch-mode' => 'cors',
  'referer' => 'http://localhost:8080/',
  'origin' => 'http://localhost:8080',
  'access-control-request-method' => 'POST',
  'access-control-request-headers' => 'content-type',
  'accept-language' => 'zh-CN,zh;q=0.9',
  'accept-encoding' => 'gzip, deflate',
  'accept' => '*/*',
  'user-agent' => 'Mozilla/5.0 (iPhone; CPU iPhone OS 18_5 like Mac OS X) AppleWebKit/605.1.15 (KHTML, like Gecko) Version/18.5 Mobile/15E148 Safari/604.1',
  'host' => 'www.jiwankang.com',
  'content-length' => '',
  'content-type' => '',
)
[ info ] [ PARAM ] array (
)
---------------------------------------------------------------
[2026-04-01T19:53:03+08:00] 127.0.0.1 POST www.jiwankang.com/api.html
[运行时间：0.028200s] [吞吐率：35.46req/s] [内存消耗：4,820.80kb] [文件加载：107]
[ info ] [ LANG ] E:\wwwroot\2026\04\jiwankang\thinkphp\lang\zh-cn.php
[ info ] [ ROUTE ] array (
)
[ info ] [ HEADER ] array (
  'referer' => 'http://localhost:8080/',
  'origin' => 'http://localhost:8080',
  'content-type' => 'application/json',
  'accept-language' => 'zh-CN,zh;q=0.9',
  'accept-encoding' => 'gzip, deflate',
  'accept' => 'application/json',
  'content-length' => '65',
  'user-agent' => 'Mozilla/5.0 (iPhone; CPU iPhone OS 18_5 like Mac OS X) AppleWebKit/605.1.15 (KHTML, like Gecko) Version/18.5 Mobile/15E148 Safari/604.1',
  'host' => 'www.jiwankang.com',
)
[ info ] [ PARAM ] array (
  'token' => 'c44ff269142cc0000a5aab51e13546e0',
  'method' => 'user.info',
)
[ info ] [ DB ] INIT mysql
[ sql ] [ DB ] CONNECT:[ UseTime:0.000709s ] mysql:host=127.0.0.1;port=3306;dbname=jiwankang;charset=utf8mb4
[ sql ] [ SQL ] SHOW COLUMNS FROM `wb_user` [ RunTime:0.000742s ]
[ sql ] [ SQL ] SELECT * FROM `wb_user` WHERE (  `id` = 1 ) AND `wb_user`.`isdel` IS NULL LIMIT 1 [ RunTime:0.000255s ]
[ sql ] [ SQL ] SELECT `id`,`username`,`mobile`,`sex`,`birthday`,`avatar`,`nickname`,`balance`,`point`,`grade`,`status`,`pid`,`password`,`ctime`,`remarks`,`area_id`,`tiyan`,`num_point`,`exp` FROM `wb_user` WHERE (  `id` = 1 ) AND `wb_user`.`isdel` IS NULL LIMIT 1 [ RunTime:0.000217s ]
[ sql ] [ SQL ] SHOW COLUMNS FROM `wb_user_grade` [ RunTime:0.000384s ]
[ sql ] [ SQL ] SELECT * FROM `wb_user_grade` WHERE  `id` = 3 [ RunTime:0.000162s ]
[ sql ] [ SQL ] SELECT * FROM `wb_user_grade` WHERE  `id` = 3 LIMIT 1 [ RunTime:0.000181s ]
---------------------------------------------------------------
[2026-04-01T19:53:05+08:00] 127.0.0.1 POST www.jiwankang.com/api.html
[运行时间：0.034328s] [吞吐率：29.13req/s] [内存消耗：4,866.30kb] [文件加载：105]
[ info ] [ LANG ] E:\wwwroot\2026\04\jiwankang\thinkphp\lang\zh-cn.php
[ info ] [ ROUTE ] array (
)
[ info ] [ HEADER ] array (
  'referer' => 'http://localhost:8080/',
  'origin' => 'http://localhost:8080',
  'content-type' => 'application/json',
  'accept-language' => 'zh-CN,zh;q=0.9',
  'accept-encoding' => 'gzip, deflate',
  'accept' => 'application/json',
  'content-length' => '97',
  'user-agent' => 'Mozilla/5.0 (iPhone; CPU iPhone OS 18_5 like Mac OS X) AppleWebKit/605.1.15 (KHTML, like Gecko) Version/18.5 Mobile/15E148 Safari/604.1',
  'host' => 'www.jiwankang.com',
)
[ info ] [ PARAM ] array (
  'product_id' => '3',
  'nums' => '5',
  'type' => '2',
  'token' => 'c44ff269142cc0000a5aab51e13546e0',
  'method' => 'cart.add',
)
[ info ] [ DB ] INIT mysql
[ sql ] [ DB ] CONNECT:[ UseTime:0.000769s ] mysql:host=127.0.0.1;port=3306;dbname=jiwankang;charset=utf8mb4
[ sql ] [ SQL ] SHOW COLUMNS FROM `wb_user` [ RunTime:0.000612s ]
[ sql ] [ SQL ] SELECT * FROM `wb_user` WHERE (  `id` = 1 ) AND `wb_user`.`isdel` IS NULL LIMIT 1 [ RunTime:0.000352s ]
[ sql ] [ SQL ] SHOW COLUMNS FROM `wb_products` [ RunTime:0.000385s ]
[ sql ] [ SQL ] SELECT * FROM `wb_products` WHERE  `id` = 3 LIMIT 1 [ RunTime:0.000203s ]
[ sql ] [ SQL ] SHOW COLUMNS FROM `wb_goods` [ RunTime:0.000416s ]
[ sql ] [ SQL ] SELECT `name`,`image_id`,`bn`,`marketable`,`spes_desc`,`is_combo`,`point`,`open_point` FROM `wb_goods` WHERE  `id` = 2 LIMIT 1 [ RunTime:0.000126s ]
[ sql ] [ SQL ] SELECT `p`.`id`,`g`.`marketable` FROM `wb_products` `p` INNER JOIN `wb_goods` `g` ON `g`.`id`=`p`.`goods_id` WHERE  `p`.`id` = '3' LIMIT 1 [ RunTime:0.000133s ]
[ sql ] [ SQL ] SHOW COLUMNS FROM `wb_cart` [ RunTime:0.000803s ]
[ sql ] [ SQL ] SELECT * FROM `wb_cart` WHERE  `product_id` = 3  AND `user_id` = 1  AND `type` = 1 LIMIT 1 [ RunTime:0.000148s ]
[ sql ] [ SQL ] INSERT INTO `wb_cart` (`product_id` , `nums` , `user_id` , `type`) VALUES (3 , 5 , 1 , 1) [ RunTime:0.001763s ]
---------------------------------------------------------------
[2026-04-01T19:53:05+08:00] 127.0.0.1 POST www.jiwankang.com/api.html
[运行时间：0.047955s] [吞吐率：20.85req/s] [内存消耗：4,856.52kb] [文件加载：105]
[ info ] [ LANG ] E:\wwwroot\2026\04\jiwankang\thinkphp\lang\zh-cn.php
[ info ] [ ROUTE ] array (
)
[ info ] [ HEADER ] array (
  'referer' => 'http://localhost:8080/',
  'origin' => 'http://localhost:8080',
  'content-type' => 'application/json',
  'accept-language' => 'zh-CN,zh;q=0.9',
  'accept-encoding' => 'gzip, deflate',
  'accept' => 'application/json',
  'content-length' => '79',
  'user-agent' => 'Mozilla/5.0 (iPhone; CPU iPhone OS 18_5 like Mac OS X) AppleWebKit/605.1.15 (KHTML, like Gecko) Version/18.5 Mobile/15E148 Safari/604.1',
  'host' => 'www.jiwankang.com',
)
[ info ] [ PARAM ] array (
  'token' => 'c44ff269142cc0000a5aab51e13546e0',
  'method' => 'user.getuserdefaultship',
)
[ info ] [ DB ] INIT mysql
[ sql ] [ DB ] CONNECT:[ UseTime:0.001596s ] mysql:host=127.0.0.1;port=3306;dbname=jiwankang;charset=utf8mb4
[ sql ] [ SQL ] SHOW COLUMNS FROM `wb_user` [ RunTime:0.002117s ]
[ sql ] [ SQL ] SELECT * FROM `wb_user` WHERE (  `id` = 1 ) AND `wb_user`.`isdel` IS NULL LIMIT 1 [ RunTime:0.002079s ]
[ sql ] [ SQL ] SHOW COLUMNS FROM `wb_user_ship` [ RunTime:0.001885s ]
[ sql ] [ SQL ] SELECT * FROM `wb_user_ship` WHERE  `user_id` = 1  AND `is_def` = 1 ORDER BY `utime` DESC LIMIT 1 [ RunTime:0.000329s ]
[ sql ] [ SQL ] SHOW COLUMNS FROM `wb_area` [ RunTime:0.000434s ]
[ sql ] [ SQL ] SELECT `id`,`name`,`parent_id`,`postal_code` FROM `wb_area` WHERE  `id` = 150525 LIMIT 1 [ RunTime:0.000208s ]
[ sql ] [ SQL ] SELECT `id`,`name`,`parent_id`,`postal_code` FROM `wb_area` WHERE  `parent_id` = 150500 [ RunTime:0.000733s ]
[ sql ] [ SQL ] SELECT `id`,`name`,`parent_id`,`postal_code` FROM `wb_area` WHERE  `id` = 150500 LIMIT 1 [ RunTime:0.000198s ]
[ sql ] [ SQL ] SELECT `id`,`name`,`parent_id`,`postal_code` FROM `wb_area` WHERE  `parent_id` = 150000 [ RunTime:0.000724s ]
[ sql ] [ SQL ] SELECT `id`,`name`,`parent_id`,`postal_code` FROM `wb_area` WHERE  `id` = 150000 LIMIT 1 [ RunTime:0.000089s ]
[ sql ] [ SQL ] SELECT `id`,`name`,`parent_id`,`postal_code` FROM `wb_area` WHERE  `parent_id` = 0 [ RunTime:0.000631s ]
---------------------------------------------------------------
[2026-04-01T19:53:05+08:00] 127.0.0.1 POST www.jiwankang.com/api.html
[运行时间：0.052256s] [吞吐率：19.14req/s] [内存消耗：4,656.99kb] [文件加载：106]
[ info ] [ LANG ] E:\wwwroot\2026\04\jiwankang\thinkphp\lang\zh-cn.php
[ info ] [ ROUTE ] array (
)
[ info ] [ HEADER ] array (
  'referer' => 'http://localhost:8080/',
  'origin' => 'http://localhost:8080',
  'content-type' => 'application/json',
  'accept-language' => 'zh-CN,zh;q=0.9',
  'accept-encoding' => 'gzip, deflate',
  'accept' => 'application/json',
  'content-length' => '93',
  'user-agent' => 'Mozilla/5.0 (iPhone; CPU iPhone OS 18_5 like Mac OS X) AppleWebKit/605.1.15 (KHTML, like Gecko) Version/18.5 Mobile/15E148 Safari/604.1',
  'host' => 'www.jiwankang.com',
)
[ info ] [ PARAM ] array (
  'display' => 'no_used',
  'token' => 'c44ff269142cc0000a5aab51e13546e0',
  'method' => 'coupon.usercoupon',
)
[ info ] [ DB ] INIT mysql
[ sql ] [ DB ] CONNECT:[ UseTime:0.017157s ] mysql:host=127.0.0.1;port=3306;dbname=jiwankang;charset=utf8mb4
[ sql ] [ SQL ] SHOW COLUMNS FROM `wb_user` [ RunTime:0.000513s ]
[ sql ] [ SQL ] SELECT * FROM `wb_user` WHERE (  `id` = 1 ) AND `wb_user`.`isdel` IS NULL LIMIT 1 [ RunTime:0.000327s ]
[ sql ] [ SQL ] SHOW COLUMNS FROM `wb_coupon` [ RunTime:0.000448s ]
[ sql ] [ SQL ] SELECT * FROM `wb_coupon` `c` INNER JOIN `wb_promotion` `p` ON `p`.`id`=`c`.`promotion_id` WHERE  `c`.`user_id` = '1'  AND `p`.`type` = '2'  AND `c`.`is_used` = '1'  AND `p`.`status` = '1'  AND ( (c.endtime = 0 and p.etime >= 1775044385) or (c.endtime >=1775044385) ) ORDER BY `c`.`ctime` ASC LIMIT 0,10 [ RunTime:0.000287s ]
[ sql ] [ SQL ] SELECT COUNT(*) AS tp_count FROM `wb_coupon` `c` INNER JOIN `wb_promotion` `p` ON `p`.`id`=`c`.`promotion_id` WHERE  `c`.`user_id` = '1'  AND `p`.`type` = '2'  AND `c`.`is_used` = '1'  AND `p`.`status` = '1'  AND ( (c.endtime = 0 and p.etime >= 1775044385) or (c.endtime >=1775044385) ) LIMIT 1 [ RunTime:0.000327s ]
---------------------------------------------------------------
[2026-04-01T19:53:05+08:00] 127.0.0.1 POST www.jiwankang.com/api.html
[运行时间：0.064850s] [吞吐率：15.42req/s] [内存消耗：5,257.86kb] [文件加载：113]
[ info ] [ LANG ] E:\wwwroot\2026\04\jiwankang\thinkphp\lang\zh-cn.php
[ info ] [ ROUTE ] array (
)
[ info ] [ HEADER ] array (
  'referer' => 'http://localhost:8080/',
  'origin' => 'http://localhost:8080',
  'content-type' => 'application/json',
  'accept-language' => 'zh-CN,zh;q=0.9',
  'accept-encoding' => 'gzip, deflate',
  'accept' => 'application/json',
  'content-length' => '156',
  'user-agent' => 'Mozilla/5.0 (iPhone; CPU iPhone OS 18_5 like Mac OS X) AppleWebKit/605.1.15 (KHTML, like Gecko) Version/18.5 Mobile/15E148 Safari/604.1',
  'host' => 'www.jiwankang.com',
)
[ info ] [ PARAM ] array (
  'ids' => '10',
  'area_id' => 0,
  'coupon_code' => '',
  'point' => 0,
  'type' => '1',
  'params' => '',
  'receipt_type' => '1',
  'token' => 'c44ff269142cc0000a5aab51e13546e0',
  'method' => 'cart.getlist',
)
[ info ] [ DB ] INIT mysql
[ sql ] [ DB ] CONNECT:[ UseTime:0.015281s ] mysql:host=127.0.0.1;port=3306;dbname=jiwankang;charset=utf8mb4
[ sql ] [ SQL ] SHOW COLUMNS FROM `wb_user` [ RunTime:0.001009s ]
[ sql ] [ SQL ] SELECT * FROM `wb_user` WHERE (  `id` = 1 ) AND `wb_user`.`isdel` IS NULL LIMIT 1 [ RunTime:0.000331s ]
[ sql ] [ SQL ] SHOW COLUMNS FROM `wb_cart` [ RunTime:0.001327s ]
[ sql ] [ SQL ] SELECT * FROM `wb_cart` WHERE  `user_id` = 1  AND `type` = 1  AND `id` IN (10) [ RunTime:0.000379s ]
[ sql ] [ SQL ] SHOW COLUMNS FROM `wb_products` [ RunTime:0.000674s ]
[ sql ] [ SQL ] SELECT * FROM `wb_products` WHERE  `id` = 3 LIMIT 1 [ RunTime:0.000235s ]
[ sql ] [ SQL ] SHOW COLUMNS FROM `wb_goods` [ RunTime:0.000351s ]
[ sql ] [ SQL ] SELECT `name`,`image_id`,`bn`,`marketable`,`spes_desc`,`is_combo`,`point`,`open_point` FROM `wb_goods` WHERE  `id` = 2 LIMIT 1 [ RunTime:0.000125s ]
[ sql ] [ SQL ] SELECT `grade` FROM `wb_user` WHERE (  `id` = 1 ) AND `wb_user`.`isdel` IS NULL LIMIT 1 [ RunTime:0.000132s ]
[ sql ] [ SQL ] SHOW COLUMNS FROM `wb_setting` [ RunTime:0.000282s ]
[ sql ] [ SQL ] SELECT * FROM `wb_setting` WHERE  `skey` = 'language' LIMIT 1 [ RunTime:0.000101s ]
[ sql ] [ SQL ] SELECT * FROM `wb_setting` WHERE  `skey` = 'language' LIMIT 1 [ RunTime:0.000072s ]
[ sql ] [ SQL ] SHOW COLUMNS FROM `wb_goods_grade` [ RunTime:0.000354s ]
[ sql ] [ SQL ] SELECT * FROM `wb_goods_grade` WHERE  `goods_id` = 2 [ RunTime:0.000167s ]
[ sql ] [ SQL ] SHOW COLUMNS FROM `wb_user_grade` [ RunTime:0.000351s ]
[ sql ] [ SQL ] SELECT `name` FROM `wb_user_grade` WHERE  `id` = 1 LIMIT 1 [ RunTime:0.000118s ]
[ sql ] [ SQL ] SELECT `name` FROM `wb_user_grade` WHERE  `id` = 2 LIMIT 1 [ RunTime:0.000091s ]
[ sql ] [ SQL ] SELECT `name` FROM `wb_user_grade` WHERE  `id` = 3 LIMIT 1 [ RunTime:0.000141s ]
[ sql ] [ SQL ] SELECT `name` FROM `wb_user_grade` WHERE  `id` = 4 LIMIT 1 [ RunTime:0.000081s ]
[ sql ] [ SQL ] SELECT `name` FROM `wb_user_grade` WHERE  `id` = 5 LIMIT 1 [ RunTime:0.000070s ]
[ sql ] [ SQL ] SELECT `p`.`id`,`g`.`marketable` FROM `wb_products` `p` INNER JOIN `wb_goods` `g` ON `g`.`id`=`p`.`goods_id` WHERE  `p`.`id` = '3' LIMIT 1 [ RunTime:0.000117s ]
[ sql ] [ SQL ] SELECT `goods_id` FROM `wb_products` WHERE  `id` = 3 LIMIT 1 [ RunTime:0.000075s ]
[ sql ] [ SQL ] SELECT `weight` FROM `wb_goods` WHERE  `id` = 2 LIMIT 1 [ RunTime:0.000073s ]
[ sql ] [ SQL ] SHOW COLUMNS FROM `wb_goods_collection` [ RunTime:0.000292s ]
[ sql ] [ SQL ] SELECT * FROM `wb_goods_collection` WHERE  `user_id` = 1  AND `goods_id` = 2 LIMIT 1 [ RunTime:0.000129s ]
[ sql ] [ SQL ] SHOW COLUMNS FROM `wb_promotion` [ RunTime:0.000801s ]
[ sql ] [ SQL ] SELECT * FROM `wb_promotion` WHERE (  `status` = 1  AND `stime` < 1775044385  AND `etime` > 1775044385  AND `type` = 1 ) AND `wb_promotion`.`isdel` IS NULL ORDER BY `sort` ASC [ RunTime:0.000324s ]
---------------------------------------------------------------
[2026-04-01T19:53:05+08:00] 127.0.0.1 POST www.jiwankang.com/api.html
[运行时间：0.055680s] [吞吐率：17.96req/s] [内存消耗：5,315.28kb] [文件加载：115]
[ info ] [ LANG ] E:\wwwroot\2026\04\jiwankang\thinkphp\lang\zh-cn.php
[ info ] [ ROUTE ] array (
)
[ info ] [ HEADER ] array (
  'referer' => 'http://localhost:8080/',
  'origin' => 'http://localhost:8080',
  'content-type' => 'application/json',
  'accept-language' => 'zh-CN,zh;q=0.9',
  'accept-encoding' => 'gzip, deflate',
  'accept' => 'application/json',
  'content-length' => '161',
  'user-agent' => 'Mozilla/5.0 (iPhone; CPU iPhone OS 18_5 like Mac OS X) AppleWebKit/605.1.15 (KHTML, like Gecko) Version/18.5 Mobile/15E148 Safari/604.1',
  'host' => 'www.jiwankang.com',
)
[ info ] [ PARAM ] array (
  'ids' => '10',
  'area_id' => '150525',
  'coupon_code' => '',
  'point' => 0,
  'type' => '1',
  'params' => '',
  'receipt_type' => '1',
  'token' => 'c44ff269142cc0000a5aab51e13546e0',
  'method' => 'cart.getlist',
)
[ info ] [ DB ] INIT mysql
[ sql ] [ DB ] CONNECT:[ UseTime:0.013121s ] mysql:host=127.0.0.1;port=3306;dbname=jiwankang;charset=utf8mb4
[ sql ] [ SQL ] SHOW COLUMNS FROM `wb_user` [ RunTime:0.000733s ]
[ sql ] [ SQL ] SELECT * FROM `wb_user` WHERE (  `id` = 1 ) AND `wb_user`.`isdel` IS NULL LIMIT 1 [ RunTime:0.000218s ]
[ sql ] [ SQL ] SHOW COLUMNS FROM `wb_cart` [ RunTime:0.000359s ]
[ sql ] [ SQL ] SELECT * FROM `wb_cart` WHERE  `user_id` = 1  AND `type` = 1  AND `id` IN (10) [ RunTime:0.000126s ]
[ sql ] [ SQL ] SHOW COLUMNS FROM `wb_products` [ RunTime:0.000291s ]
[ sql ] [ SQL ] SELECT * FROM `wb_products` WHERE  `id` = 3 LIMIT 1 [ RunTime:0.000116s ]
[ sql ] [ SQL ] SHOW COLUMNS FROM `wb_goods` [ RunTime:0.000302s ]
[ sql ] [ SQL ] SELECT `name`,`image_id`,`bn`,`marketable`,`spes_desc`,`is_combo`,`point`,`open_point` FROM `wb_goods` WHERE  `id` = 2 LIMIT 1 [ RunTime:0.000110s ]
[ sql ] [ SQL ] SELECT `grade` FROM `wb_user` WHERE (  `id` = 1 ) AND `wb_user`.`isdel` IS NULL LIMIT 1 [ RunTime:0.000106s ]
[ sql ] [ SQL ] SHOW COLUMNS FROM `wb_setting` [ RunTime:0.000498s ]
[ sql ] [ SQL ] SELECT * FROM `wb_setting` WHERE  `skey` = 'language' LIMIT 1 [ RunTime:0.000197s ]
[ sql ] [ SQL ] SELECT * FROM `wb_setting` WHERE  `skey` = 'language' LIMIT 1 [ RunTime:0.000152s ]
[ sql ] [ SQL ] SHOW COLUMNS FROM `wb_goods_grade` [ RunTime:0.000921s ]
[ sql ] [ SQL ] SELECT * FROM `wb_goods_grade` WHERE  `goods_id` = 2 [ RunTime:0.000153s ]
[ sql ] [ SQL ] SHOW COLUMNS FROM `wb_user_grade` [ RunTime:0.000271s ]
[ sql ] [ SQL ] SELECT `name` FROM `wb_user_grade` WHERE  `id` = 1 LIMIT 1 [ RunTime:0.000114s ]
[ sql ] [ SQL ] SELECT `name` FROM `wb_user_grade` WHERE  `id` = 2 LIMIT 1 [ RunTime:0.000076s ]
[ sql ] [ SQL ] SELECT `name` FROM `wb_user_grade` WHERE  `id` = 3 LIMIT 1 [ RunTime:0.000071s ]
[ sql ] [ SQL ] SELECT `name` FROM `wb_user_grade` WHERE  `id` = 4 LIMIT 1 [ RunTime:0.000069s ]
[ sql ] [ SQL ] SELECT `name` FROM `wb_user_grade` WHERE  `id` = 5 LIMIT 1 [ RunTime:0.000067s ]
[ sql ] [ SQL ] SELECT `p`.`id`,`g`.`marketable` FROM `wb_products` `p` INNER JOIN `wb_goods` `g` ON `g`.`id`=`p`.`goods_id` WHERE  `p`.`id` = '3' LIMIT 1 [ RunTime:0.000113s ]
[ sql ] [ SQL ] SELECT `goods_id` FROM `wb_products` WHERE  `id` = 3 LIMIT 1 [ RunTime:0.000074s ]
[ sql ] [ SQL ] SELECT `weight` FROM `wb_goods` WHERE  `id` = 2 LIMIT 1 [ RunTime:0.000073s ]
[ sql ] [ SQL ] SHOW COLUMNS FROM `wb_goods_collection` [ RunTime:0.000778s ]
[ sql ] [ SQL ] SELECT * FROM `wb_goods_collection` WHERE  `user_id` = 1  AND `goods_id` = 2 LIMIT 1 [ RunTime:0.000135s ]
[ sql ] [ SQL ] SHOW COLUMNS FROM `wb_promotion` [ RunTime:0.000282s ]
[ sql ] [ SQL ] SELECT * FROM `wb_promotion` WHERE (  `status` = 1  AND `stime` < 1775044385  AND `etime` > 1775044385  AND `type` = 1 ) AND `wb_promotion`.`isdel` IS NULL ORDER BY `sort` ASC [ RunTime:0.000171s ]
[ sql ] [ SQL ] SHOW COLUMNS FROM `wb_ship` [ RunTime:0.000813s ]
[ sql ] [ SQL ] SELECT * FROM `wb_ship` WHERE  `status` = 1  AND `type` = 2  AND (  FIND_IN_SET('150525',area_fee)  ) LIMIT 1 [ RunTime:0.000164s ]
[ sql ] [ SQL ] SELECT * FROM `wb_ship` WHERE  `is_def` = 1  AND `status` = 1 LIMIT 1 [ RunTime:0.000100s ]
[ sql ] [ SQL ] SELECT * FROM `wb_ship` WHERE  `status` = 1 LIMIT 1 [ RunTime:0.000191s ]
---------------------------------------------------------------
[2026-04-01T19:53:05+08:00] 127.0.0.1 POST www.jiwankang.com/api.html
[运行时间：0.033334s] [吞吐率：30.00req/s] [内存消耗：4,761.55kb] [文件加载：103]
[ info ] [ LANG ] E:\wwwroot\2026\04\jiwankang\thinkphp\lang\zh-cn.php
[ info ] [ ROUTE ] array (
)
[ info ] [ HEADER ] array (
  'referer' => 'http://localhost:8080/',
  'origin' => 'http://localhost:8080',
  'content-type' => 'application/json',
  'accept-language' => 'zh-CN,zh;q=0.9',
  'accept-encoding' => 'gzip, deflate',
  'accept' => 'application/json',
  'content-length' => '97',
  'user-agent' => 'Mozilla/5.0 (iPhone; CPU iPhone OS 18_5 like Mac OS X) AppleWebKit/605.1.15 (KHTML, like Gecko) Version/18.5 Mobile/15E148 Safari/604.1',
  'host' => 'www.jiwankang.com',
)
[ info ] [ PARAM ] array (
  'order_money' => '4990.00',
  'token' => 'c44ff269142cc0000a5aab51e13546e0',
  'method' => 'user.getuserpoint',
)
[ info ] [ DB ] INIT mysql
[ sql ] [ DB ] CONNECT:[ UseTime:0.000878s ] mysql:host=127.0.0.1;port=3306;dbname=jiwankang;charset=utf8mb4
[ sql ] [ SQL ] SHOW COLUMNS FROM `wb_user` [ RunTime:0.000691s ]
[ sql ] [ SQL ] SELECT * FROM `wb_user` WHERE (  `id` = 1 ) AND `wb_user`.`isdel` IS NULL LIMIT 1 [ RunTime:0.000343s ]
[ sql ] [ SQL ] SHOW COLUMNS FROM `wb_setting` [ RunTime:0.000671s ]
[ sql ] [ SQL ] SELECT * FROM `wb_setting` WHERE  `skey` = 'language' LIMIT 1 [ RunTime:0.000194s ]
[ sql ] [ SQL ] SELECT * FROM `wb_setting` WHERE  `skey` = 'language' LIMIT 1 [ RunTime:0.000122s ]
[ sql ] [ SQL ] SELECT * FROM `wb_setting` WHERE  `skey` = 'point_switch' LIMIT 1 [ RunTime:0.000124s ]
[ sql ] [ SQL ] SELECT `point` FROM `wb_user` WHERE (  `id` = 1 ) AND `wb_user`.`isdel` IS NULL LIMIT 1 [ RunTime:0.000161s ]
[ sql ] [ SQL ] SELECT * FROM `wb_setting` WHERE  `skey` = 'orders_point_proportion' LIMIT 1 [ RunTime:0.000132s ]
[ sql ] [ SQL ] SELECT * FROM `wb_setting` WHERE  `skey` = 'point_discounted_proportion' LIMIT 1 [ RunTime:0.000106s ]
---------------------------------------------------------------
[2026-04-01T19:53:05+08:00] 127.0.0.1 POST www.jiwankang.com/api.html
[运行时间：0.045601s] [吞吐率：21.93req/s] [内存消耗：4,761.55kb] [文件加载：103]
[ info ] [ LANG ] E:\wwwroot\2026\04\jiwankang\thinkphp\lang\zh-cn.php
[ info ] [ ROUTE ] array (
)
[ info ] [ HEADER ] array (
  'referer' => 'http://localhost:8080/',
  'origin' => 'http://localhost:8080',
  'content-type' => 'application/json',
  'accept-language' => 'zh-CN,zh;q=0.9',
  'accept-encoding' => 'gzip, deflate',
  'accept' => 'application/json',
  'content-length' => '97',
  'user-agent' => 'Mozilla/5.0 (iPhone; CPU iPhone OS 18_5 like Mac OS X) AppleWebKit/605.1.15 (KHTML, like Gecko) Version/18.5 Mobile/15E148 Safari/604.1',
  'host' => 'www.jiwankang.com',
)
[ info ] [ PARAM ] array (
  'order_money' => '4990.00',
  'token' => 'c44ff269142cc0000a5aab51e13546e0',
  'method' => 'user.getuserpoint',
)
[ info ] [ DB ] INIT mysql
[ sql ] [ DB ] CONNECT:[ UseTime:0.001138s ] mysql:host=127.0.0.1;port=3306;dbname=jiwankang;charset=utf8mb4
[ sql ] [ SQL ] SHOW COLUMNS FROM `wb_user` [ RunTime:0.000995s ]
[ sql ] [ SQL ] SELECT * FROM `wb_user` WHERE (  `id` = 1 ) AND `wb_user`.`isdel` IS NULL LIMIT 1 [ RunTime:0.000422s ]
[ sql ] [ SQL ] SHOW COLUMNS FROM `wb_setting` [ RunTime:0.000594s ]
[ sql ] [ SQL ] SELECT * FROM `wb_setting` WHERE  `skey` = 'language' LIMIT 1 [ RunTime:0.000161s ]
[ sql ] [ SQL ] SELECT * FROM `wb_setting` WHERE  `skey` = 'language' LIMIT 1 [ RunTime:0.000075s ]
[ sql ] [ SQL ] SELECT * FROM `wb_setting` WHERE  `skey` = 'point_switch' LIMIT 1 [ RunTime:0.000076s ]
[ sql ] [ SQL ] SELECT `point` FROM `wb_user` WHERE (  `id` = 1 ) AND `wb_user`.`isdel` IS NULL LIMIT 1 [ RunTime:0.000182s ]
[ sql ] [ SQL ] SELECT * FROM `wb_setting` WHERE  `skey` = 'orders_point_proportion' LIMIT 1 [ RunTime:0.000155s ]
[ sql ] [ SQL ] SELECT * FROM `wb_setting` WHERE  `skey` = 'point_discounted_proportion' LIMIT 1 [ RunTime:0.000136s ]
---------------------------------------------------------------
[2026-04-01T19:53:06+08:00] 127.0.0.1 POST www.jiwankang.com/api.html
[运行时间：0.073366s] [吞吐率：13.63req/s] [内存消耗：6,002.80kb] [文件加载：121]
[ info ] [ LANG ] E:\wwwroot\2026\04\jiwankang\thinkphp\lang\zh-cn.php
[ info ] [ ROUTE ] array (
)
[ info ] [ HEADER ] array (
  'referer' => 'http://localhost:8080/',
  'origin' => 'http://localhost:8080',
  'content-type' => 'application/json',
  'accept-language' => 'zh-CN,zh;q=0.9',
  'accept-encoding' => 'gzip, deflate',
  'accept' => 'application/json',
  'content-length' => '234',
  'user-agent' => 'Mozilla/5.0 (iPhone; CPU iPhone OS 18_5 like Mac OS X) AppleWebKit/605.1.15 (KHTML, like Gecko) Version/18.5 Mobile/15E148 Safari/604.1',
  'host' => 'www.jiwankang.com',
)
[ info ] [ PARAM ] array (
  'cart_ids' => '10',
  'memo' => '',
  'point' => 0,
  'receipt_type' => '1',
  'coupon_code' => '',
  'tax_type' => '1',
  'tax_name' => '不开发票',
  'tax_code' => '',
  'source' => '2',
  'uship_id' => '1',
  'area_id' => '150525',
  'token' => 'c44ff269142cc0000a5aab51e13546e0',
  'method' => 'order.create',
)
[ info ] [ DB ] INIT mysql
[ sql ] [ DB ] CONNECT:[ UseTime:0.000654s ] mysql:host=127.0.0.1;port=3306;dbname=jiwankang;charset=utf8mb4
[ sql ] [ SQL ] SHOW COLUMNS FROM `wb_user` [ RunTime:0.000512s ]
[ sql ] [ SQL ] SELECT * FROM `wb_user` WHERE (  `id` = 1 ) AND `wb_user`.`isdel` IS NULL LIMIT 1 [ RunTime:0.000182s ]
[ sql ] [ SQL ] SHOW COLUMNS FROM `wb_user_ship` [ RunTime:0.000537s ]
[ sql ] [ SQL ] SELECT * FROM `wb_user_ship` WHERE  `id` = 1  AND `user_id` = 1 LIMIT 1 [ RunTime:0.000198s ]
[ sql ] [ SQL ] SHOW COLUMNS FROM `wb_ship` [ RunTime:0.000862s ]
[ sql ] [ SQL ] SELECT * FROM `wb_ship` WHERE  `status` = 1  AND `area_fee` LIKE '%\\\\\"150525\\\\\"%'  AND `type` = 2 LIMIT 1 [ RunTime:0.000151s ]
[ sql ] [ SQL ] SELECT * FROM `wb_ship` WHERE  `is_def` = 1  AND `status` = 1 LIMIT 1 [ RunTime:0.000099s ]
[ sql ] [ SQL ] SELECT * FROM `wb_ship` WHERE  `status` = 1 LIMIT 1 [ RunTime:0.000086s ]
[ sql ] [ SQL ] SHOW COLUMNS FROM `wb_cart` [ RunTime:0.001269s ]
[ sql ] [ SQL ] SELECT * FROM `wb_cart` WHERE  `user_id` = 1  AND `type` = 1  AND `id` IN (10) [ RunTime:0.000344s ]
[ sql ] [ SQL ] SHOW COLUMNS FROM `wb_products` [ RunTime:0.000878s ]
[ sql ] [ SQL ] SELECT * FROM `wb_products` WHERE  `id` = 3 LIMIT 1 [ RunTime:0.000139s ]
[ sql ] [ SQL ] SHOW COLUMNS FROM `wb_goods` [ RunTime:0.000774s ]
[ sql ] [ SQL ] SELECT `name`,`image_id`,`bn`,`marketable`,`spes_desc`,`is_combo`,`point`,`open_point` FROM `wb_goods` WHERE  `id` = 2 LIMIT 1 [ RunTime:0.000122s ]
[ sql ] [ SQL ] SELECT `grade` FROM `wb_user` WHERE (  `id` = 1 ) AND `wb_user`.`isdel` IS NULL LIMIT 1 [ RunTime:0.000114s ]
[ sql ] [ SQL ] SHOW COLUMNS FROM `wb_setting` [ RunTime:0.000251s ]
[ sql ] [ SQL ] SELECT * FROM `wb_setting` WHERE  `skey` = 'language' LIMIT 1 [ RunTime:0.000095s ]
[ sql ] [ SQL ] SELECT * FROM `wb_setting` WHERE  `skey` = 'language' LIMIT 1 [ RunTime:0.000072s ]
[ sql ] [ SQL ] SHOW COLUMNS FROM `wb_goods_grade` [ RunTime:0.000693s ]
[ sql ] [ SQL ] SELECT * FROM `wb_goods_grade` WHERE  `goods_id` = 2 [ RunTime:0.000127s ]
[ sql ] [ SQL ] SHOW COLUMNS FROM `wb_user_grade` [ RunTime:0.000251s ]
[ sql ] [ SQL ] SELECT `name` FROM `wb_user_grade` WHERE  `id` = 1 LIMIT 1 [ RunTime:0.000094s ]
[ sql ] [ SQL ] SELECT `name` FROM `wb_user_grade` WHERE  `id` = 2 LIMIT 1 [ RunTime:0.000073s ]
[ sql ] [ SQL ] SELECT `name` FROM `wb_user_grade` WHERE  `id` = 3 LIMIT 1 [ RunTime:0.000066s ]
[ sql ] [ SQL ] SELECT `name` FROM `wb_user_grade` WHERE  `id` = 4 LIMIT 1 [ RunTime:0.000064s ]
[ sql ] [ SQL ] SELECT `name` FROM `wb_user_grade` WHERE  `id` = 5 LIMIT 1 [ RunTime:0.000063s ]
[ sql ] [ SQL ] SELECT `p`.`id`,`g`.`marketable` FROM `wb_products` `p` INNER JOIN `wb_goods` `g` ON `g`.`id`=`p`.`goods_id` WHERE  `p`.`id` = '3' LIMIT 1 [ RunTime:0.000106s ]
[ sql ] [ SQL ] SELECT `goods_id` FROM `wb_products` WHERE  `id` = 3 LIMIT 1 [ RunTime:0.000213s ]
[ sql ] [ SQL ] SELECT `weight` FROM `wb_goods` WHERE  `id` = 2 LIMIT 1 [ RunTime:0.000141s ]
[ sql ] [ SQL ] SHOW COLUMNS FROM `wb_goods_collection` [ RunTime:0.001464s ]
[ sql ] [ SQL ] SELECT * FROM `wb_goods_collection` WHERE  `user_id` = 1  AND `goods_id` = 2 LIMIT 1 [ RunTime:0.000368s ]
[ sql ] [ SQL ] SHOW COLUMNS FROM `wb_promotion` [ RunTime:0.000866s ]
[ sql ] [ SQL ] SELECT * FROM `wb_promotion` WHERE (  `status` = 1  AND `stime` < 1775044386  AND `etime` > 1775044386  AND `type` = 1 ) AND `wb_promotion`.`isdel` IS NULL ORDER BY `sort` ASC [ RunTime:0.000192s ]
[ sql ] [ SQL ] SELECT * FROM `wb_ship` WHERE  `status` = 1  AND `type` = 2  AND (  FIND_IN_SET('150525',area_fee)  ) LIMIT 1 [ RunTime:0.000142s ]
[ sql ] [ SQL ] SELECT * FROM `wb_ship` WHERE  `is_def` = 1  AND `status` = 1 LIMIT 1 [ RunTime:0.000094s ]
[ sql ] [ SQL ] SELECT * FROM `wb_ship` WHERE  `status` = 1 LIMIT 1 [ RunTime:0.000083s ]
[ sql ] [ SQL ] SHOW COLUMNS FROM `wb_order` [ RunTime:0.000344s ]
[ sql ] [ SQL ] INSERT INTO `wb_order` (`order_id` , `user_id` , `order_type` , `ship_area_id` , `ship_address` , `ship_name` , `ship_mobile` , `logistics_id` , `logistics_name` , `store_id` , `goods_amount` , `order_amount` , `cost_freight` , `promotion_list` , `point` , `point_money` , `weight` , `order_pmt` , `goods_pmt` , `coupon_pmt` , `coupon` , `ip` , `memo` , `source` , `tax_type` , `tax_title` , `tax_code` , `ctime` , `utime`) VALUES ('S04011953063378' , 1 , 1 , 150525 , '撒防守打法撒旦法' , '夏赟浩' , '18919660526' , NULL , NULL , 0 , 4990 , 4990 , 0 , '[]' , 0 , 0 , 0 , 0 , 0 , 0 , '[]' , '127.0.0.1' , '' , 2 , 1 , '不开发票' , '' , 1775044386 , 1775044386) [ RunTime:0.000278s ]
[ sql ] [ SQL ] SELECT * FROM `wb_setting` WHERE  `skey` = 'language' LIMIT 1 [ RunTime:0.000260s ]
[ sql ] [ SQL ] SELECT * FROM `wb_setting` WHERE  `skey` = 'language' LIMIT 1 [ RunTime:0.000259s ]
[ sql ] [ SQL ] SELECT `goods_id` FROM `wb_products` WHERE  `id` = 3 LIMIT 1 [ RunTime:0.000175s ]
[ sql ] [ SQL ] UPDATE `wb_goods`  SET `buy_count` = `buy_count` + 5  WHERE  `id` = 2 [ RunTime:0.000152s ]
[ sql ] [ SQL ] UPDATE `wb_products`  SET `freeze_stock` = `freeze_stock` + 5  WHERE  `id` = 3  AND (  IF(stock < freeze_stock, 0, stock - freeze_stock)-5>=0 ) [ RunTime:0.000117s ]
[ sql ] [ SQL ] SHOW COLUMNS FROM `wb_order_items` [ RunTime:0.000871s ]
[ sql ] [ SQL ] INSERT INTO `wb_order_items` (`order_id` , `goods_id` , `product_id` , `sn` , `bn` , `name` , `price` , `costprice` , `mktprice` , `image_url` , `nums` , `amount` , `promotion_amount` , `weight` , `sendnums` , `addon` , `cate_id` , `zw_tag` , `promotion_list` , `ave_price` , `ave_amount` , `utime`) VALUES ('S04011953063378' , 2 , 3 , 'P7748594377925' , 'G7748594377885' , '济丸康' , 998 , 0 , 0 , 'http://www.jiwankang.com/static/uploads/images/2026/03/30/177485734869ca2c8422846.png' , 5 , 4990 , 0 , 0 , 0 , NULL , 2 , 'T998' , '[]' , 998 , 4990 , 1775044386) [ RunTime:0.000147s ]
[ sql ] [ SQL ] DELETE FROM `wb_cart` WHERE  `user_id` = 1  AND `id` IN (10)  AND `type` = 1 [ RunTime:0.001416s ]
[ sql ] [ SQL ] SHOW COLUMNS FROM `wb_order_log` [ RunTime:0.004806s ]
[ sql ] [ SQL ] INSERT INTO `wb_order_log` (`order_id` , `user_id` , `type` , `msg` , `data` , `ctime`) VALUES ('S04011953063378' , 1 , 1 , '订单创建' , '{\"order_id\":\"S04011953063378\",\"user_id\":1,\"order_type\":\"1\",\"ship_area_id\":150525,\"ship_address\":\"\\u6492\\u9632\\u5b88\\u6253\\u6cd5\\u6492\\u65e6\\u6cd5\",\"ship_name\":\"\\u590f\\u8d5f\\u6d69\",\"ship_mobile\":\"18919660526\",\"logistics_id\":null,\"logistics_name\":null,\"store_id\":0,\"goods_amount\":\"4990.00\",\"order_amount\":\"4990.00\",\"cost_freight\":\"0.00\",\"promotion_list\":\"[]\",\"point\":0,\"point_money\":0,\"weight\":\"0.00\",\"order_pmt\":0,\"goods_pmt\":\"0.00\",\"coupon_pmt\":0,\"coupon\":\"[]\",\"ip\":\"127.0.0.1\",\"memo\":\"\",\"source\":\"2\",\"tax_type\":\"1\",\"tax_title\":\"\\u4e0d\\u5f00\\u53d1\\u7968\",\"tax_code\":\"\"}' , 1775044386) [ RunTime:0.001791s ]
[ sql ] [ SQL ] SELECT * FROM `wb_ship` WHERE  `id` IS NULL LIMIT 1 [ RunTime:0.000131s ]
[ sql ] [ SQL ] SHOW COLUMNS FROM `wb_area` [ RunTime:0.000833s ]
[ sql ] [ SQL ] SELECT `id`,`name`,`parent_id`,`postal_code` FROM `wb_area` WHERE  `id` = 150525 LIMIT 1 [ RunTime:0.000124s ]
[ sql ] [ SQL ] SELECT `id`,`name`,`parent_id`,`postal_code` FROM `wb_area` WHERE  `parent_id` = 150500 [ RunTime:0.000649s ]
[ sql ] [ SQL ] SELECT `id`,`name`,`parent_id`,`postal_code` FROM `wb_area` WHERE  `id` = 150500 LIMIT 1 [ RunTime:0.000161s ]
[ sql ] [ SQL ] SELECT `id`,`name`,`parent_id`,`postal_code` FROM `wb_area` WHERE  `parent_id` = 150000 [ RunTime:0.000721s ]
[ sql ] [ SQL ] SELECT `id`,`name`,`parent_id`,`postal_code` FROM `wb_area` WHERE  `id` = 150000 LIMIT 1 [ RunTime:0.000126s ]
[ sql ] [ SQL ] SELECT `id`,`name`,`parent_id`,`postal_code` FROM `wb_area` WHERE  `parent_id` = 0 [ RunTime:0.000707s ]
[ sql ] [ SQL ] SHOW COLUMNS FROM `wb_message_center` [ RunTime:0.000814s ]
[ sql ] [ SQL ] SELECT * FROM `wb_message_center` WHERE  `code` = 'create_order' LIMIT 1 [ RunTime:0.000114s ]
[ sql ] [ SQL ] SHOW COLUMNS FROM `wb_message` [ RunTime:0.000779s ]
[ sql ] [ SQL ] INSERT INTO `wb_message` (`user_id` , `code` , `params` , `content` , `ctime` , `utime`) VALUES (1 , 'create_order' , '{\"order_id\":\"S04011953063378\",\"user_id\":1,\"order_type\":\"1\",\"ship_area_id\":150525,\"ship_address\":\"\\u6492\\u9632\\u5b88\\u6253\\u6cd5\\u6492\\u65e6\\u6cd5\",\"ship_name\":\"\\u590f\\u8d5f\\u6d69\",\"ship_mobile\":\"18919660526\",\"logistics_id\":null,\"logistics_name\":null,\"store_id\":0,\"goods_amount\":\"4990.00\",\"order_amount\":\"4990.00\",\"cost_freight\":\"0.00\",\"promotion_list\":\"[]\",\"point\":0,\"point_money\":0,\"weight\":\"0.00\",\"order_pmt\":0,\"goods_pmt\":\"0.00\",\"coupon_pmt\":0,\"coupon\":\"[]\",\"ip\":\"127.0.0.1\",\"memo\":\"\",\"source\":\"2\",\"tax_type\":\"1\",\"tax_title\":\"\\u4e0d\\u5f00\\u53d1\\u7968\",\"tax_code\":\"\",\"tax_content\":\"\\u5546\\u54c1\\u660e\\u7ec6\",\"ship_id\":null,\"ship_addr\":\"\\u5185\\u8499\\u53e4\\u81ea\\u6cbb\\u533a \\u901a\\u8fbd\\u5e02 \\u5948\\u66fc\\u65d7 \\u6492\\u9632\\u5b88\\u6253\\u6cd5\\u6492\\u65e6\\u6cd5\",\"form_id\":\"\"}' , '订单创建成功。' , 1775044386 , 1775044386) [ RunTime:0.000150s ]
---------------------------------------------------------------
[2026-04-01T19:53:07+08:00] 127.0.0.1 POST www.jiwankang.com/api.html
[运行时间：0.029983s] [吞吐率：33.35req/s] [内存消耗：4,636.29kb] [文件加载：101]
[ info ] [ LANG ] E:\wwwroot\2026\04\jiwankang\thinkphp\lang\zh-cn.php
[ info ] [ ROUTE ] array (
)
[ info ] [ HEADER ] array (
  'referer' => 'http://localhost:8080/',
  'origin' => 'http://localhost:8080',
  'content-type' => 'application/json',
  'accept-language' => 'zh-CN,zh;q=0.9',
  'accept-encoding' => 'gzip, deflate',
  'accept' => 'application/json',
  'content-length' => '114',
  'user-agent' => 'Mozilla/5.0 (iPhone; CPU iPhone OS 18_5 like Mac OS X) AppleWebKit/605.1.15 (KHTML, like Gecko) Version/18.5 Mobile/15E148 Safari/604.1',
  'host' => 'www.jiwankang.com',
)
[ info ] [ PARAM ] array (
  'ids' => 'S04011953063378',
  'payment_type' => '1',
  'token' => 'c44ff269142cc0000a5aab51e13546e0',
  'method' => 'payments.checkpay',
)
[ info ] [ DB ] INIT mysql
[ sql ] [ DB ] CONNECT:[ UseTime:0.000482s ] mysql:host=127.0.0.1;port=3306;dbname=jiwankang;charset=utf8mb4
[ sql ] [ SQL ] SHOW COLUMNS FROM `wb_order` [ RunTime:0.000638s ]
[ sql ] [ SQL ] SELECT * FROM `wb_order` WHERE (  `order_id` = 'S04011953063378'  AND `pay_status` = 1  AND `status` = 1 ) AND `wb_order`.`isdel` IS NULL LIMIT 1 [ RunTime:0.000252s ]
---------------------------------------------------------------
[2026-04-01T19:53:07+08:00] 127.0.0.1 POST www.jiwankang.com/api.html
[运行时间：0.050536s] [吞吐率：19.79req/s] [内存消耗：4,245.58kb] [文件加载：101]
[ info ] [ LANG ] E:\wwwroot\2026\04\jiwankang\thinkphp\lang\zh-cn.php
[ info ] [ ROUTE ] array (
)
[ info ] [ HEADER ] array (
  'referer' => 'http://localhost:8080/',
  'origin' => 'http://localhost:8080',
  'content-type' => 'application/json',
  'accept-language' => 'zh-CN,zh;q=0.9',
  'accept-encoding' => 'gzip, deflate',
  'accept' => 'application/json',
  'content-length' => '41',
  'user-agent' => 'Mozilla/5.0 (iPhone; CPU iPhone OS 18_5 like Mac OS X) AppleWebKit/605.1.15 (KHTML, like Gecko) Version/18.5 Mobile/15E148 Safari/604.1',
  'host' => 'www.jiwankang.com',
)
[ info ] [ PARAM ] array (
  'exp' => false,
  'method' => 'payments.getlist',
)
[ info ] [ DB ] INIT mysql
[ sql ] [ DB ] CONNECT:[ UseTime:0.020498s ] mysql:host=127.0.0.1;port=3306;dbname=jiwankang;charset=utf8mb4
[ sql ] [ SQL ] SHOW COLUMNS FROM `wb_payments` [ RunTime:0.002462s ]
[ sql ] [ SQL ] SELECT `code`,`name`,`sort`,`memo`,`status`,`is_online` FROM `wb_payments` WHERE  `status` = 1 ORDER BY `sort` ASC [ RunTime:0.000318s ]
---------------------------------------------------------------
[2026-04-01T19:53:08+08:00] 127.0.0.1 POST www.jiwankang.com/api.html
[运行时间：0.061715s] [吞吐率：16.20req/s] [内存消耗：5,758.46kb] [文件加载：125]
[ info ] [ LANG ] E:\wwwroot\2026\04\jiwankang\thinkphp\lang\zh-cn.php
[ info ] [ ROUTE ] array (
)
[ info ] [ HEADER ] array (
  'referer' => 'http://localhost:8080/',
  'origin' => 'http://localhost:8080',
  'content-type' => 'application/json',
  'accept-language' => 'zh-CN,zh;q=0.9',
  'accept-encoding' => 'gzip, deflate',
  'accept' => 'application/json',
  'content-length' => '133',
  'user-agent' => 'Mozilla/5.0 (iPhone; CPU iPhone OS 18_5 like Mac OS X) AppleWebKit/605.1.15 (KHTML, like Gecko) Version/18.5 Mobile/15E148 Safari/604.1',
  'host' => 'www.jiwankang.com',
)
[ info ] [ PARAM ] array (
  'payment_code' => 'balancepay',
  'payment_type' => '1',
  'ids' => 'S04011953063378',
  'token' => 'c44ff269142cc0000a5aab51e13546e0',
  'method' => 'user.pay',
)
[ info ] [ DB ] INIT mysql
[ sql ] [ DB ] CONNECT:[ UseTime:0.000813s ] mysql:host=127.0.0.1;port=3306;dbname=jiwankang;charset=utf8mb4
[ sql ] [ SQL ] SHOW COLUMNS FROM `wb_user` [ RunTime:0.000601s ]
[ sql ] [ SQL ] SELECT * FROM `wb_user` WHERE (  `id` = 1 ) AND `wb_user`.`isdel` IS NULL LIMIT 1 [ RunTime:0.000213s ]
[ sql ] [ SQL ] SHOW COLUMNS FROM `wb_order` [ RunTime:0.000977s ]
[ sql ] [ SQL ] SELECT `pay_status` FROM `wb_order` WHERE (  `order_id` = 'S04011953063378' ) AND `wb_order`.`isdel` IS NULL LIMIT 1 [ RunTime:0.000143s ]
[ sql ] [ SQL ] SHOW COLUMNS FROM `wb_payments` [ RunTime:0.000308s ]
[ sql ] [ SQL ] SELECT * FROM `wb_payments` WHERE  `code` = 'balancepay'  AND `status` = 1 LIMIT 1 [ RunTime:0.000155s ]
[ sql ] [ SQL ] SELECT * FROM `wb_payments` WHERE  `code` = 'balancepay'  AND `status` = 1 LIMIT 1 [ RunTime:0.000107s ]
[ sql ] [ SQL ] SELECT * FROM `wb_order` WHERE (  `order_id` = 'S04011953063378'  AND `pay_status` = 1  AND `status` = 1 ) AND `wb_order`.`isdel` IS NULL LIMIT 1 [ RunTime:0.000160s ]
[ sql ] [ SQL ] SHOW COLUMNS FROM `wb_bill_payments` [ RunTime:0.000788s ]
[ sql ] [ SQL ] INSERT INTO `wb_bill_payments` (`payment_id` , `money` , `user_id` , `type` , `payment_code` , `ip` , `params` , `ctime` , `utime`) VALUES ('27750443881185' , 4990 , 1 , 1 , 'balancepay' , '127.0.0.1' , '[]' , 1775044388 , 1775044388) [ RunTime:0.000147s ]
[ sql ] [ SQL ] SHOW COLUMNS FROM `wb_bill_payments_rel` [ RunTime:0.000752s ]
[ sql ] [ SQL ] INSERT INTO `wb_bill_payments_rel` (`payment_id` , `source_id` , `money`) VALUES ('27750443881185' , 'S04011953063378' , 4990) [ RunTime:0.000103s ]
[ sql ] [ SQL ] SHOW COLUMNS FROM `wb_order_items` [ RunTime:0.000846s ]
[ sql ] [ SQL ] SELECT * FROM `wb_order_items` WHERE  `order_id` = 'S04011953063378' LIMIT 1 [ RunTime:0.000192s ]
[ sql ] [ SQL ] SELECT * FROM `wb_user` WHERE (  `id` = 1 ) AND `wb_user`.`isdel` IS NULL LIMIT 1 [ RunTime:0.000159s ]
[ sql ] [ SQL ] SHOW COLUMNS FROM `wb_balance` [ RunTime:0.000761s ]
[ sql ] [ SQL ] INSERT INTO `wb_balance` (`user_id` , `type` , `money` , `balance` , `source_id` , `memo` , `ctime`) VALUES (1 , 1 , -4990 , 982074 , '27750443881185' , '消费了4990元' , 1775044388) [ RunTime:0.000129s ]
[ sql ] [ SQL ] UPDATE `wb_user`  SET `balance` = 982074 , `utime` = 1775044388  WHERE (  `id` = 1 ) AND `wb_user`.`isdel` IS NULL [ RunTime:0.000148s ]
[ sql ] [ SQL ] SELECT * FROM `wb_bill_payments` WHERE  `payment_id` = '27750443881185' LIMIT 1 [ RunTime:0.000129s ]
[ sql ] [ SQL ] SELECT * FROM `wb_bill_payments` WHERE  `payment_id` = '27750443881185'  AND `money` = 4990  AND `status` <> 2 LIMIT 1 [ RunTime:0.000137s ]
[ sql ] [ SQL ] UPDATE `wb_bill_payments`  SET `status` = 2 , `payment_code` = 'balancepay' , `payed_msg` = NULL , `trade_no` = NULL , `utime` = 1775044388  WHERE  `payment_id` = '27750443881185'  AND `money` = 4990  AND `status` <> 2 [ RunTime:0.000157s ]
[ sql ] [ SQL ] SELECT * FROM `wb_bill_payments_rel` WHERE  `payment_id` = '27750443881185' [ RunTime:0.000103s ]
[ sql ] [ SQL ] SHOW COLUMNS FROM `wb_setting` [ RunTime:0.000269s ]
[ sql ] [ SQL ] SELECT * FROM `wb_setting` WHERE  `skey` = 'language' LIMIT 1 [ RunTime:0.000091s ]
[ sql ] [ SQL ] SELECT * FROM `wb_setting` WHERE  `skey` = 'language' LIMIT 1 [ RunTime:0.000070s ]
[ sql ] [ SQL ] SELECT * FROM `wb_order` WHERE (  `order_id` = 'S04011953063378'  AND `status` = 1 ) AND `wb_order`.`isdel` IS NULL LIMIT 1 [ RunTime:0.000154s ]
[ sql ] [ SQL ] UPDATE `wb_order`  SET `payment_code` = 'balancepay' , `payed` = 4990 , `pay_status` = 2 , `payment_time` = 1775044388  WHERE (  `order_id` = 'S04011953063378' ) AND `wb_order`.`isdel` IS NULL [ RunTime:0.000172s ]
[ sql ] [ SQL ] SELECT * FROM `wb_setting` WHERE  `skey` = 'order_butie' LIMIT 1 [ RunTime:0.000114s ]
[ sql ] [ SQL ] SELECT * FROM `wb_order_items` WHERE  `order_id` = 'S04011953063378' [ RunTime:0.000137s ]
[ sql ] [ SQL ] SHOW COLUMNS FROM `wb_money` [ RunTime:0.002284s ]
[ sql ] [ SQL ] SELECT `money` FROM `wb_money` WHERE  `type` = 1 LIMIT 1 [ RunTime:0.000201s ]
[ sql ] [ SQL ] SELECT * FROM `wb_money` WHERE  `type` = 1 LIMIT 1 [ RunTime:0.000191s ]
[ sql ] [ SQL ] UPDATE `wb_money`  SET `money` = 4990 , `utime` = 1775044388  WHERE  `id` = 1 [ RunTime:0.000554s ]
[ sql ] [ SQL ] SHOW COLUMNS FROM `wb_money_log` [ RunTime:0.000695s ]
[ sql ] [ SQL ] INSERT INTO `wb_money_log` (`money` , `flow_type` , `source_id` , `balance` , `ctime` , `utime`) VALUES (1247.5 , 1 , 'S04011953063378' , 4990 , 1775044388 , 1775044388) [ RunTime:0.000152s ]
[ sql ] [ SQL ] SELECT `mobile` FROM `wb_user` WHERE (  `id` = 1 ) AND `wb_user`.`isdel` IS NULL LIMIT 1 [ RunTime:0.000111s ]
[ sql ] [ SQL ] SHOW COLUMNS FROM `wb_message_center` [ RunTime:0.000786s ]
[ sql ] [ SQL ] SELECT * FROM `wb_message_center` WHERE  `code` = 'order_payed' LIMIT 1 [ RunTime:0.000115s ]
[ sql ] [ SQL ] SHOW COLUMNS FROM `wb_message` [ RunTime:0.000794s ]
[ sql ] [ SQL ] INSERT INTO `wb_message` (`user_id` , `code` , `params` , `content` , `ctime` , `utime`) VALUES (1 , 'order_payed' , '{\"order_id\":\"S04011953063378\",\"goods_amount\":\"4990.00\",\"payed\":\"0.00\",\"order_amount\":\"4990.00\",\"pay_status\":1,\"ship_status\":1,\"status\":1,\"order_type\":1,\"payment_code\":null,\"payment_time\":null,\"logistics_id\":null,\"logistics_name\":null,\"cost_freight\":\"0.00\",\"user_id\":1,\"seller_id\":null,\"confirm\":1,\"confirm_time\":null,\"store_id\":0,\"ship_area_id\":150525,\"ship_address\":\"\\u6492\\u9632\\u5b88\\u6253\\u6cd5\\u6492\\u65e6\\u6cd5\",\"ship_name\":\"\\u590f\\u8d5f\\u6d69\",\"ship_mobile\":\"18919660526\",\"weight\":0,\"tax_type\":1,\"tax_code\":\"\",\"tax_title\":\"\\u4e0d\\u5f00\\u53d1\\u7968\",\"point\":0,\"point_money\":\"0.00\",\"order_pmt\":\"0.00\",\"goods_pmt\":\"0.00\",\"coupon_pmt\":\"0.00\",\"coupon\":\"[]\",\"promotion_list\":\"[]\",\"memo\":\"\",\"ip\":\"127.0.0.1\",\"mark\":null,\"source\":2,\"is_comment\":1,\"ctime\":1775044386,\"utime\":1775044386,\"isdel\":null,\"pay_time\":\"2026-04-01 19:53:08\",\"money\":\"4990.00\",\"user_name\":\"18919660526\"}' , '恭喜您，订单支付成功,祝您购物愉快。' , 1775044388 , 1775044388) [ RunTime:0.000148s ]
[ sql ] [ SQL ] SELECT * FROM `wb_message_center` WHERE  `code` = 'seller_order_notice' LIMIT 1 [ RunTime:0.000106s ]
[ sql ] [ SQL ] SELECT `mobile` FROM `wb_user` WHERE (  `id` = 1 ) AND `wb_user`.`isdel` IS NULL LIMIT 1 [ RunTime:0.000094s ]
[ sql ] [ SQL ] SELECT * FROM `wb_setting` WHERE  `skey` = 'shop_mobile' LIMIT 1 [ RunTime:0.000093s ]
[ sql ] [ SQL ] SELECT * FROM `wb_order` WHERE (  `order_id` = 'S04011953063378' ) AND `wb_order`.`isdel` IS NULL LIMIT 1 [ RunTime:0.000248s ]
[ sql ] [ SQL ] SELECT * FROM `wb_user` WHERE (  `id` = 1 ) AND `wb_user`.`isdel` IS NULL LIMIT 1 [ RunTime:0.000123s ]
[ sql ] [ SQL ] SELECT SUM(`nums`) AS tp_sum FROM `wb_order` `o` INNER JOIN `wb_order_items` `i` ON `i`.`order_id`=`o`.`order_id` WHERE  `o`.`user_id` = '1'  AND `o`.`pay_status` = '2'  AND `i`.`cate_id` = '2'  AND `status` < 3 LIMIT 1 [ RunTime:0.000224s ]
[ sql ] [ SQL ] SELECT * FROM `wb_user` WHERE (  `id` = 1 ) AND `wb_user`.`isdel` IS NULL LIMIT 1 [ RunTime:0.000133s ]
[ sql ] [ SQL ] SHOW COLUMNS FROM `wb_order_log` [ RunTime:0.000815s ]
[ sql ] [ SQL ] INSERT INTO `wb_order_log` (`order_id` , `user_id` , `type` , `msg` , `data` , `ctime`) VALUES ('S04011953063378' , 1 , 2 , '订单支付成功' , '[{\"status\":true,\"data\":1,\"msg\":\"\\u8ba2\\u5355\\u652f\\u4ed8\\u6210\\u529f\"},{\"payment_code\":\"balancepay\",\"payed\":\"4990.00\",\"pay_status\":2,\"payment_time\":1775044388}]' , 1775044388) [ RunTime:0.000123s ]
[ error ] [8]未定义数组索引: memo[E:\wwwroot\2026\04\jiwankang\extend\org\payments\balancepay.php:38]
[ error ] [8]未定义数组索引: id[E:\wwwroot\2026\04\jiwankang\extend\org\payments\balancepay.php:38]
[ error ] [8]Object of class app\common\model\User could not be converted to int[E:\wwwroot\2026\04\jiwankang\addons\Userupgrade\Userupgrade.php:97]
---------------------------------------------------------------
[2026-04-01T19:53:08+08:00] 127.0.0.1 POST www.jiwankang.com/api.html
[运行时间：0.034090s] [吞吐率：29.33req/s] [内存消耗：4,721.13kb] [文件加载：107]
[ info ] [ LANG ] E:\wwwroot\2026\04\jiwankang\thinkphp\lang\zh-cn.php
[ info ] [ ROUTE ] array (
)
[ info ] [ HEADER ] array (
  'referer' => 'http://localhost:8080/',
  'origin' => 'http://localhost:8080',
  'content-type' => 'application/json',
  'accept-language' => 'zh-CN,zh;q=0.9',
  'accept-encoding' => 'gzip, deflate',
  'accept' => 'application/json',
  'content-length' => '102',
  'user-agent' => 'Mozilla/5.0 (iPhone; CPU iPhone OS 18_5 like Mac OS X) AppleWebKit/605.1.15 (KHTML, like Gecko) Version/18.5 Mobile/15E148 Safari/604.1',
  'host' => 'www.jiwankang.com',
)
[ info ] [ PARAM ] array (
  'payment_id' => '27750443881185',
  'token' => 'c44ff269142cc0000a5aab51e13546e0',
  'method' => 'payments.getinfo',
)
[ info ] [ DB ] INIT mysql
[ sql ] [ DB ] CONNECT:[ UseTime:0.000813s ] mysql:host=127.0.0.1;port=3306;dbname=jiwankang;charset=utf8mb4
[ sql ] [ SQL ] SHOW COLUMNS FROM `wb_user` [ RunTime:0.000592s ]
[ sql ] [ SQL ] SELECT * FROM `wb_user` WHERE (  `id` = 1 ) AND `wb_user`.`isdel` IS NULL LIMIT 1 [ RunTime:0.000252s ]
[ sql ] [ SQL ] SHOW COLUMNS FROM `wb_bill_payments` [ RunTime:0.001003s ]
[ sql ] [ SQL ] SELECT * FROM `wb_bill_payments` WHERE  `payment_id` = '27750443881185'  AND `user_id` = 1 LIMIT 1 [ RunTime:0.000220s ]
[ sql ] [ SQL ] SHOW COLUMNS FROM `wb_bill_payments_rel` [ RunTime:0.000933s ]
[ sql ] [ SQL ] SELECT * FROM `wb_bill_payments_rel` WHERE  `payment_id` = '27750443881185' [ RunTime:0.000214s ]
---------------------------------------------------------------
[2026-04-01T20:13:23+08:00] 127.0.0.1 OPTIONS www.jiwankang.com/api.html
[运行时间：0.044597s] [吞吐率：22.42req/s] [内存消耗：3,009.21kb] [文件加载：89]
[ info ] [ LANG ] E:\wwwroot\2026\04\jiwankang\thinkphp\lang\zh-cn.php
[ info ] [ ROUTE ] array (
)
[ info ] [ HEADER ] array (
  'sec-fetch-mode' => 'cors',
  'referer' => 'http://localhost:8080/',
  'origin' => 'http://localhost:8080',
  'access-control-request-method' => 'POST',
  'access-control-request-headers' => 'content-type',
  'accept-language' => 'zh-CN,zh;q=0.9',
  'accept-encoding' => 'gzip, deflate',
  'accept' => '*/*',
  'user-agent' => 'Mozilla/5.0 (iPhone; CPU iPhone OS 18_5 like Mac OS X) AppleWebKit/605.1.15 (KHTML, like Gecko) Version/18.5 Mobile/15E148 Safari/604.1',
  'host' => 'www.jiwankang.com',
  'content-length' => '',
  'content-type' => '',
)
[ info ] [ PARAM ] array (
)
---------------------------------------------------------------
[2026-04-01T20:13:23+08:00] 127.0.0.1 POST www.jiwankang.com/api.html
[运行时间：0.075739s] [吞吐率：13.20req/s] [内存消耗：4,820.80kb] [文件加载：107]
[ info ] [ LANG ] E:\wwwroot\2026\04\jiwankang\thinkphp\lang\zh-cn.php
[ info ] [ ROUTE ] array (
)
[ info ] [ HEADER ] array (
  'referer' => 'http://localhost:8080/',
  'origin' => 'http://localhost:8080',
  'content-type' => 'application/json',
  'accept-language' => 'zh-CN,zh;q=0.9',
  'accept-encoding' => 'gzip, deflate',
  'accept' => 'application/json',
  'content-length' => '65',
  'user-agent' => 'Mozilla/5.0 (iPhone; CPU iPhone OS 18_5 like Mac OS X) AppleWebKit/605.1.15 (KHTML, like Gecko) Version/18.5 Mobile/15E148 Safari/604.1',
  'host' => 'www.jiwankang.com',
)
[ info ] [ PARAM ] array (
  'token' => 'c44ff269142cc0000a5aab51e13546e0',
  'method' => 'user.info',
)
[ info ] [ DB ] INIT mysql
[ sql ] [ DB ] CONNECT:[ UseTime:0.020015s ] mysql:host=127.0.0.1;port=3306;dbname=jiwankang;charset=utf8mb4
[ sql ] [ SQL ] SHOW COLUMNS FROM `wb_user` [ RunTime:0.000805s ]
[ sql ] [ SQL ] SELECT * FROM `wb_user` WHERE (  `id` = 1 ) AND `wb_user`.`isdel` IS NULL LIMIT 1 [ RunTime:0.000245s ]
[ sql ] [ SQL ] SELECT `id`,`username`,`mobile`,`sex`,`birthday`,`avatar`,`nickname`,`balance`,`point`,`grade`,`status`,`pid`,`password`,`ctime`,`remarks`,`area_id`,`tiyan`,`num_point`,`exp` FROM `wb_user` WHERE (  `id` = 1 ) AND `wb_user`.`isdel` IS NULL LIMIT 1 [ RunTime:0.000175s ]
[ sql ] [ SQL ] SHOW COLUMNS FROM `wb_user_grade` [ RunTime:0.000283s ]
[ sql ] [ SQL ] SELECT * FROM `wb_user_grade` WHERE  `id` = 3 [ RunTime:0.000288s ]
[ sql ] [ SQL ] SELECT * FROM `wb_user_grade` WHERE  `id` = 3 LIMIT 1 [ RunTime:0.000308s ]
---------------------------------------------------------------
[2026-04-01T20:13:25+08:00] 127.0.0.1 POST www.jiwankang.com/api.html
[运行时间：0.038922s] [吞吐率：25.69req/s] [内存消耗：4,866.30kb] [文件加载：105]
[ info ] [ LANG ] E:\wwwroot\2026\04\jiwankang\thinkphp\lang\zh-cn.php
[ info ] [ ROUTE ] array (
)
[ info ] [ HEADER ] array (
  'referer' => 'http://localhost:8080/',
  'origin' => 'http://localhost:8080',
  'content-type' => 'application/json',
  'accept-language' => 'zh-CN,zh;q=0.9',
  'accept-encoding' => 'gzip, deflate',
  'accept' => 'application/json',
  'content-length' => '97',
  'user-agent' => 'Mozilla/5.0 (iPhone; CPU iPhone OS 18_5 like Mac OS X) AppleWebKit/605.1.15 (KHTML, like Gecko) Version/18.5 Mobile/15E148 Safari/604.1',
  'host' => 'www.jiwankang.com',
)
[ info ] [ PARAM ] array (
  'product_id' => '3',
  'nums' => '5',
  'type' => '2',
  'token' => 'c44ff269142cc0000a5aab51e13546e0',
  'method' => 'cart.add',
)
[ info ] [ DB ] INIT mysql
[ sql ] [ DB ] CONNECT:[ UseTime:0.000812s ] mysql:host=127.0.0.1;port=3306;dbname=jiwankang;charset=utf8mb4
[ sql ] [ SQL ] SHOW COLUMNS FROM `wb_user` [ RunTime:0.000663s ]
[ sql ] [ SQL ] SELECT * FROM `wb_user` WHERE (  `id` = 1 ) AND `wb_user`.`isdel` IS NULL LIMIT 1 [ RunTime:0.000218s ]
[ sql ] [ SQL ] SHOW COLUMNS FROM `wb_products` [ RunTime:0.000335s ]
[ sql ] [ SQL ] SELECT * FROM `wb_products` WHERE  `id` = 3 LIMIT 1 [ RunTime:0.000127s ]
[ sql ] [ SQL ] SHOW COLUMNS FROM `wb_goods` [ RunTime:0.000345s ]
[ sql ] [ SQL ] SELECT `name`,`image_id`,`bn`,`marketable`,`spes_desc`,`is_combo`,`point`,`open_point` FROM `wb_goods` WHERE  `id` = 2 LIMIT 1 [ RunTime:0.000118s ]
[ sql ] [ SQL ] SELECT `p`.`id`,`g`.`marketable` FROM `wb_products` `p` INNER JOIN `wb_goods` `g` ON `g`.`id`=`p`.`goods_id` WHERE  `p`.`id` = '3' LIMIT 1 [ RunTime:0.000131s ]
[ sql ] [ SQL ] SHOW COLUMNS FROM `wb_cart` [ RunTime:0.000235s ]
[ sql ] [ SQL ] SELECT * FROM `wb_cart` WHERE  `product_id` = 3  AND `user_id` = 1  AND `type` = 1 LIMIT 1 [ RunTime:0.000137s ]
[ sql ] [ SQL ] INSERT INTO `wb_cart` (`product_id` , `nums` , `user_id` , `type`) VALUES (3 , 5 , 1 , 1) [ RunTime:0.002171s ]
---------------------------------------------------------------
[2026-04-01T20:13:25+08:00] 127.0.0.1 POST www.jiwankang.com/api.html
[运行时间：0.045016s] [吞吐率：22.21req/s] [内存消耗：4,656.99kb] [文件加载：106]
[ info ] [ LANG ] E:\wwwroot\2026\04\jiwankang\thinkphp\lang\zh-cn.php
[ info ] [ ROUTE ] array (
)
[ info ] [ HEADER ] array (
  'referer' => 'http://localhost:8080/',
  'origin' => 'http://localhost:8080',
  'content-type' => 'application/json',
  'accept-language' => 'zh-CN,zh;q=0.9',
  'accept-encoding' => 'gzip, deflate',
  'accept' => 'application/json',
  'content-length' => '93',
  'user-agent' => 'Mozilla/5.0 (iPhone; CPU iPhone OS 18_5 like Mac OS X) AppleWebKit/605.1.15 (KHTML, like Gecko) Version/18.5 Mobile/15E148 Safari/604.1',
  'host' => 'www.jiwankang.com',
)
[ info ] [ PARAM ] array (
  'display' => 'no_used',
  'token' => 'c44ff269142cc0000a5aab51e13546e0',
  'method' => 'coupon.usercoupon',
)
[ info ] [ DB ] INIT mysql
[ sql ] [ DB ] CONNECT:[ UseTime:0.000843s ] mysql:host=127.0.0.1;port=3306;dbname=jiwankang;charset=utf8mb4
[ sql ] [ SQL ] SHOW COLUMNS FROM `wb_user` [ RunTime:0.000750s ]
[ sql ] [ SQL ] SELECT * FROM `wb_user` WHERE (  `id` = 1 ) AND `wb_user`.`isdel` IS NULL LIMIT 1 [ RunTime:0.000269s ]
[ sql ] [ SQL ] SHOW COLUMNS FROM `wb_coupon` [ RunTime:0.000633s ]
[ sql ] [ SQL ] SELECT * FROM `wb_coupon` `c` INNER JOIN `wb_promotion` `p` ON `p`.`id`=`c`.`promotion_id` WHERE  `c`.`user_id` = '1'  AND `p`.`type` = '2'  AND `c`.`is_used` = '1'  AND `p`.`status` = '1'  AND ( (c.endtime = 0 and p.etime >= 1775045605) or (c.endtime >=1775045605) ) ORDER BY `c`.`ctime` ASC LIMIT 0,10 [ RunTime:0.000660s ]
[ sql ] [ SQL ] SELECT COUNT(*) AS tp_count FROM `wb_coupon` `c` INNER JOIN `wb_promotion` `p` ON `p`.`id`=`c`.`promotion_id` WHERE  `c`.`user_id` = '1'  AND `p`.`type` = '2'  AND `c`.`is_used` = '1'  AND `p`.`status` = '1'  AND ( (c.endtime = 0 and p.etime >= 1775045605) or (c.endtime >=1775045605) ) LIMIT 1 [ RunTime:0.000386s ]
---------------------------------------------------------------
[2026-04-01T20:13:25+08:00] 127.0.0.1 POST www.jiwankang.com/api.html
[运行时间：0.062522s] [吞吐率：15.99req/s] [内存消耗：4,856.52kb] [文件加载：105]
[ info ] [ LANG ] E:\wwwroot\2026\04\jiwankang\thinkphp\lang\zh-cn.php
[ info ] [ ROUTE ] array (
)
[ info ] [ HEADER ] array (
  'referer' => 'http://localhost:8080/',
  'origin' => 'http://localhost:8080',
  'content-type' => 'application/json',
  'accept-language' => 'zh-CN,zh;q=0.9',
  'accept-encoding' => 'gzip, deflate',
  'accept' => 'application/json',
  'content-length' => '79',
  'user-agent' => 'Mozilla/5.0 (iPhone; CPU iPhone OS 18_5 like Mac OS X) AppleWebKit/605.1.15 (KHTML, like Gecko) Version/18.5 Mobile/15E148 Safari/604.1',
  'host' => 'www.jiwankang.com',
)
[ info ] [ PARAM ] array (
  'token' => 'c44ff269142cc0000a5aab51e13546e0',
  'method' => 'user.getuserdefaultship',
)
[ info ] [ DB ] INIT mysql
[ sql ] [ DB ] CONNECT:[ UseTime:0.001356s ] mysql:host=127.0.0.1;port=3306;dbname=jiwankang;charset=utf8mb4
[ sql ] [ SQL ] SHOW COLUMNS FROM `wb_user` [ RunTime:0.000906s ]
[ sql ] [ SQL ] SELECT * FROM `wb_user` WHERE (  `id` = 1 ) AND `wb_user`.`isdel` IS NULL LIMIT 1 [ RunTime:0.000462s ]
[ sql ] [ SQL ] SHOW COLUMNS FROM `wb_user_ship` [ RunTime:0.000675s ]
[ sql ] [ SQL ] SELECT * FROM `wb_user_ship` WHERE  `user_id` = 1  AND `is_def` = 1 ORDER BY `utime` DESC LIMIT 1 [ RunTime:0.000475s ]
[ sql ] [ SQL ] SHOW COLUMNS FROM `wb_area` [ RunTime:0.001221s ]
[ sql ] [ SQL ] SELECT `id`,`name`,`parent_id`,`postal_code` FROM `wb_area` WHERE  `id` = 150525 LIMIT 1 [ RunTime:0.000637s ]
[ sql ] [ SQL ] SELECT `id`,`name`,`parent_id`,`postal_code` FROM `wb_area` WHERE  `parent_id` = 150500 [ RunTime:0.001257s ]
[ sql ] [ SQL ] SELECT `id`,`name`,`parent_id`,`postal_code` FROM `wb_area` WHERE  `id` = 150500 LIMIT 1 [ RunTime:0.000772s ]
[ sql ] [ SQL ] SELECT `id`,`name`,`parent_id`,`postal_code` FROM `wb_area` WHERE  `parent_id` = 150000 [ RunTime:0.001936s ]
[ sql ] [ SQL ] SELECT `id`,`name`,`parent_id`,`postal_code` FROM `wb_area` WHERE  `id` = 150000 LIMIT 1 [ RunTime:0.000691s ]
[ sql ] [ SQL ] SELECT `id`,`name`,`parent_id`,`postal_code` FROM `wb_area` WHERE  `parent_id` = 0 [ RunTime:0.001316s ]
---------------------------------------------------------------
[2026-04-01T20:13:25+08:00] 127.0.0.1 POST www.jiwankang.com/api.html
[运行时间：0.098096s] [吞吐率：10.19req/s] [内存消耗：5,257.86kb] [文件加载：113]
[ info ] [ LANG ] E:\wwwroot\2026\04\jiwankang\thinkphp\lang\zh-cn.php
[ info ] [ ROUTE ] array (
)
[ info ] [ HEADER ] array (
  'referer' => 'http://localhost:8080/',
  'origin' => 'http://localhost:8080',
  'content-type' => 'application/json',
  'accept-language' => 'zh-CN,zh;q=0.9',
  'accept-encoding' => 'gzip, deflate',
  'accept' => 'application/json',
  'content-length' => '156',
  'user-agent' => 'Mozilla/5.0 (iPhone; CPU iPhone OS 18_5 like Mac OS X) AppleWebKit/605.1.15 (KHTML, like Gecko) Version/18.5 Mobile/15E148 Safari/604.1',
  'host' => 'www.jiwankang.com',
)
[ info ] [ PARAM ] array (
  'ids' => '11',
  'area_id' => 0,
  'coupon_code' => '',
  'point' => 0,
  'type' => '1',
  'params' => '',
  'receipt_type' => '1',
  'token' => 'c44ff269142cc0000a5aab51e13546e0',
  'method' => 'cart.getlist',
)
[ info ] [ DB ] INIT mysql
[ sql ] [ DB ] CONNECT:[ UseTime:0.024185s ] mysql:host=127.0.0.1;port=3306;dbname=jiwankang;charset=utf8mb4
[ sql ] [ SQL ] SHOW COLUMNS FROM `wb_user` [ RunTime:0.001207s ]
[ sql ] [ SQL ] SELECT * FROM `wb_user` WHERE (  `id` = 1 ) AND `wb_user`.`isdel` IS NULL LIMIT 1 [ RunTime:0.000575s ]
[ sql ] [ SQL ] SHOW COLUMNS FROM `wb_cart` [ RunTime:0.002457s ]
[ sql ] [ SQL ] SELECT * FROM `wb_cart` WHERE  `user_id` = 1  AND `type` = 1  AND `id` IN (11) [ RunTime:0.000672s ]
[ sql ] [ SQL ] SHOW COLUMNS FROM `wb_products` [ RunTime:0.001700s ]
[ sql ] [ SQL ] SELECT * FROM `wb_products` WHERE  `id` = 3 LIMIT 1 [ RunTime:0.000560s ]
[ sql ] [ SQL ] SHOW COLUMNS FROM `wb_goods` [ RunTime:0.000929s ]
[ sql ] [ SQL ] SELECT `name`,`image_id`,`bn`,`marketable`,`spes_desc`,`is_combo`,`point`,`open_point` FROM `wb_goods` WHERE  `id` = 2 LIMIT 1 [ RunTime:0.000508s ]
[ sql ] [ SQL ] SELECT `grade` FROM `wb_user` WHERE (  `id` = 1 ) AND `wb_user`.`isdel` IS NULL LIMIT 1 [ RunTime:0.000564s ]
[ sql ] [ SQL ] SHOW COLUMNS FROM `wb_setting` [ RunTime:0.001168s ]
[ sql ] [ SQL ] SELECT * FROM `wb_setting` WHERE  `skey` = 'language' LIMIT 1 [ RunTime:0.000731s ]
[ sql ] [ SQL ] SELECT * FROM `wb_setting` WHERE  `skey` = 'language' LIMIT 1 [ RunTime:0.000388s ]
[ sql ] [ SQL ] SHOW COLUMNS FROM `wb_goods_grade` [ RunTime:0.002223s ]
[ sql ] [ SQL ] SELECT * FROM `wb_goods_grade` WHERE  `goods_id` = 2 [ RunTime:0.000621s ]
[ sql ] [ SQL ] SHOW COLUMNS FROM `wb_user_grade` [ RunTime:0.001097s ]
[ sql ] [ SQL ] SELECT `name` FROM `wb_user_grade` WHERE  `id` = 1 LIMIT 1 [ RunTime:0.000406s ]
[ sql ] [ SQL ] SELECT `name` FROM `wb_user_grade` WHERE  `id` = 2 LIMIT 1 [ RunTime:0.000249s ]
[ sql ] [ SQL ] SELECT `name` FROM `wb_user_grade` WHERE  `id` = 3 LIMIT 1 [ RunTime:0.000203s ]
[ sql ] [ SQL ] SELECT `name` FROM `wb_user_grade` WHERE  `id` = 4 LIMIT 1 [ RunTime:0.000227s ]
[ sql ] [ SQL ] SELECT `name` FROM `wb_user_grade` WHERE  `id` = 5 LIMIT 1 [ RunTime:0.000223s ]
[ sql ] [ SQL ] SELECT `p`.`id`,`g`.`marketable` FROM `wb_products` `p` INNER JOIN `wb_goods` `g` ON `g`.`id`=`p`.`goods_id` WHERE  `p`.`id` = '3' LIMIT 1 [ RunTime:0.000379s ]
[ sql ] [ SQL ] SELECT `goods_id` FROM `wb_products` WHERE  `id` = 3 LIMIT 1 [ RunTime:0.000180s ]
[ sql ] [ SQL ] SELECT `weight` FROM `wb_goods` WHERE  `id` = 2 LIMIT 1 [ RunTime:0.000218s ]
[ sql ] [ SQL ] SHOW COLUMNS FROM `wb_goods_collection` [ RunTime:0.001484s ]
[ sql ] [ SQL ] SELECT * FROM `wb_goods_collection` WHERE  `user_id` = 1  AND `goods_id` = 2 LIMIT 1 [ RunTime:0.000198s ]
[ sql ] [ SQL ] SHOW COLUMNS FROM `wb_promotion` [ RunTime:0.000567s ]
[ sql ] [ SQL ] SELECT * FROM `wb_promotion` WHERE (  `status` = 1  AND `stime` < 1775045605  AND `etime` > 1775045605  AND `type` = 1 ) AND `wb_promotion`.`isdel` IS NULL ORDER BY `sort` ASC [ RunTime:0.000413s ]
---------------------------------------------------------------
[2026-04-01T20:13:25+08:00] 127.0.0.1 POST www.jiwankang.com/api.html
[运行时间：0.065244s] [吞吐率：15.33req/s] [内存消耗：5,315.28kb] [文件加载：115]
[ info ] [ LANG ] E:\wwwroot\2026\04\jiwankang\thinkphp\lang\zh-cn.php
[ info ] [ ROUTE ] array (
)
[ info ] [ HEADER ] array (
  'referer' => 'http://localhost:8080/',
  'origin' => 'http://localhost:8080',
  'content-type' => 'application/json',
  'accept-language' => 'zh-CN,zh;q=0.9',
  'accept-encoding' => 'gzip, deflate',
  'accept' => 'application/json',
  'content-length' => '161',
  'user-agent' => 'Mozilla/5.0 (iPhone; CPU iPhone OS 18_5 like Mac OS X) AppleWebKit/605.1.15 (KHTML, like Gecko) Version/18.5 Mobile/15E148 Safari/604.1',
  'host' => 'www.jiwankang.com',
)
[ info ] [ PARAM ] array (
  'ids' => '11',
  'area_id' => '150525',
  'coupon_code' => '',
  'point' => 0,
  'type' => '1',
  'params' => '',
  'receipt_type' => '1',
  'token' => 'c44ff269142cc0000a5aab51e13546e0',
  'method' => 'cart.getlist',
)
[ info ] [ DB ] INIT mysql
[ sql ] [ DB ] CONNECT:[ UseTime:0.001455s ] mysql:host=127.0.0.1;port=3306;dbname=jiwankang;charset=utf8mb4
[ sql ] [ SQL ] SHOW COLUMNS FROM `wb_user` [ RunTime:0.001254s ]
[ sql ] [ SQL ] SELECT * FROM `wb_user` WHERE (  `id` = 1 ) AND `wb_user`.`isdel` IS NULL LIMIT 1 [ RunTime:0.000598s ]
[ sql ] [ SQL ] SHOW COLUMNS FROM `wb_cart` [ RunTime:0.000830s ]
[ sql ] [ SQL ] SELECT * FROM `wb_cart` WHERE  `user_id` = 1  AND `type` = 1  AND `id` IN (11) [ RunTime:0.000339s ]
[ sql ] [ SQL ] SHOW COLUMNS FROM `wb_products` [ RunTime:0.000741s ]
[ sql ] [ SQL ] SELECT * FROM `wb_products` WHERE  `id` = 3 LIMIT 1 [ RunTime:0.000284s ]
[ sql ] [ SQL ] SHOW COLUMNS FROM `wb_goods` [ RunTime:0.000506s ]
[ sql ] [ SQL ] SELECT `name`,`image_id`,`bn`,`marketable`,`spes_desc`,`is_combo`,`point`,`open_point` FROM `wb_goods` WHERE  `id` = 2 LIMIT 1 [ RunTime:0.000141s ]
[ sql ] [ SQL ] SELECT `grade` FROM `wb_user` WHERE (  `id` = 1 ) AND `wb_user`.`isdel` IS NULL LIMIT 1 [ RunTime:0.000175s ]
[ sql ] [ SQL ] SHOW COLUMNS FROM `wb_setting` [ RunTime:0.000414s ]
[ sql ] [ SQL ] SELECT * FROM `wb_setting` WHERE  `skey` = 'language' LIMIT 1 [ RunTime:0.000124s ]
[ sql ] [ SQL ] SELECT * FROM `wb_setting` WHERE  `skey` = 'language' LIMIT 1 [ RunTime:0.000174s ]
[ sql ] [ SQL ] SHOW COLUMNS FROM `wb_goods_grade` [ RunTime:0.000430s ]
[ sql ] [ SQL ] SELECT * FROM `wb_goods_grade` WHERE  `goods_id` = 2 [ RunTime:0.000273s ]
[ sql ] [ SQL ] SHOW COLUMNS FROM `wb_user_grade` [ RunTime:0.000650s ]
[ sql ] [ SQL ] SELECT `name` FROM `wb_user_grade` WHERE  `id` = 1 LIMIT 1 [ RunTime:0.000233s ]
[ sql ] [ SQL ] SELECT `name` FROM `wb_user_grade` WHERE  `id` = 2 LIMIT 1 [ RunTime:0.000151s ]
[ sql ] [ SQL ] SELECT `name` FROM `wb_user_grade` WHERE  `id` = 3 LIMIT 1 [ RunTime:0.000144s ]
[ sql ] [ SQL ] SELECT `name` FROM `wb_user_grade` WHERE  `id` = 4 LIMIT 1 [ RunTime:0.000093s ]
[ sql ] [ SQL ] SELECT `name` FROM `wb_user_grade` WHERE  `id` = 5 LIMIT 1 [ RunTime:0.000082s ]
[ sql ] [ SQL ] SELECT `p`.`id`,`g`.`marketable` FROM `wb_products` `p` INNER JOIN `wb_goods` `g` ON `g`.`id`=`p`.`goods_id` WHERE  `p`.`id` = '3' LIMIT 1 [ RunTime:0.000190s ]
[ sql ] [ SQL ] SELECT `goods_id` FROM `wb_products` WHERE  `id` = 3 LIMIT 1 [ RunTime:0.000143s ]
[ sql ] [ SQL ] SELECT `weight` FROM `wb_goods` WHERE  `id` = 2 LIMIT 1 [ RunTime:0.000095s ]
[ sql ] [ SQL ] SHOW COLUMNS FROM `wb_goods_collection` [ RunTime:0.001109s ]
[ sql ] [ SQL ] SELECT * FROM `wb_goods_collection` WHERE  `user_id` = 1  AND `goods_id` = 2 LIMIT 1 [ RunTime:0.000376s ]
[ sql ] [ SQL ] SHOW COLUMNS FROM `wb_promotion` [ RunTime:0.001018s ]
[ sql ] [ SQL ] SELECT * FROM `wb_promotion` WHERE (  `status` = 1  AND `stime` < 1775045605  AND `etime` > 1775045605  AND `type` = 1 ) AND `wb_promotion`.`isdel` IS NULL ORDER BY `sort` ASC [ RunTime:0.000399s ]
[ sql ] [ SQL ] SHOW COLUMNS FROM `wb_ship` [ RunTime:0.001044s ]
[ sql ] [ SQL ] SELECT * FROM `wb_ship` WHERE  `status` = 1  AND `type` = 2  AND (  FIND_IN_SET('150525',area_fee)  ) LIMIT 1 [ RunTime:0.000428s ]
[ sql ] [ SQL ] SELECT * FROM `wb_ship` WHERE  `is_def` = 1  AND `status` = 1 LIMIT 1 [ RunTime:0.000177s ]
[ sql ] [ SQL ] SELECT * FROM `wb_ship` WHERE  `status` = 1 LIMIT 1 [ RunTime:0.000177s ]
---------------------------------------------------------------
[2026-04-01T20:13:25+08:00] 127.0.0.1 POST www.jiwankang.com/api.html
[运行时间：0.049028s] [吞吐率：20.40req/s] [内存消耗：4,761.55kb] [文件加载：103]
[ info ] [ LANG ] E:\wwwroot\2026\04\jiwankang\thinkphp\lang\zh-cn.php
[ info ] [ ROUTE ] array (
)
[ info ] [ HEADER ] array (
  'referer' => 'http://localhost:8080/',
  'origin' => 'http://localhost:8080',
  'content-type' => 'application/json',
  'accept-language' => 'zh-CN,zh;q=0.9',
  'accept-encoding' => 'gzip, deflate',
  'accept' => 'application/json',
  'content-length' => '97',
  'user-agent' => 'Mozilla/5.0 (iPhone; CPU iPhone OS 18_5 like Mac OS X) AppleWebKit/605.1.15 (KHTML, like Gecko) Version/18.5 Mobile/15E148 Safari/604.1',
  'host' => 'www.jiwankang.com',
)
[ info ] [ PARAM ] array (
  'order_money' => '4990.00',
  'token' => 'c44ff269142cc0000a5aab51e13546e0',
  'method' => 'user.getuserpoint',
)
[ info ] [ DB ] INIT mysql
[ sql ] [ DB ] CONNECT:[ UseTime:0.001454s ] mysql:host=127.0.0.1;port=3306;dbname=jiwankang;charset=utf8mb4
[ sql ] [ SQL ] SHOW COLUMNS FROM `wb_user` [ RunTime:0.001057s ]
[ sql ] [ SQL ] SELECT * FROM `wb_user` WHERE (  `id` = 1 ) AND `wb_user`.`isdel` IS NULL LIMIT 1 [ RunTime:0.000246s ]
[ sql ] [ SQL ] SHOW COLUMNS FROM `wb_setting` [ RunTime:0.000396s ]
[ sql ] [ SQL ] SELECT * FROM `wb_setting` WHERE  `skey` = 'language' LIMIT 1 [ RunTime:0.000126s ]
[ sql ] [ SQL ] SELECT * FROM `wb_setting` WHERE  `skey` = 'language' LIMIT 1 [ RunTime:0.000074s ]
[ sql ] [ SQL ] SELECT * FROM `wb_setting` WHERE  `skey` = 'point_switch' LIMIT 1 [ RunTime:0.000073s ]
[ sql ] [ SQL ] SELECT `point` FROM `wb_user` WHERE (  `id` = 1 ) AND `wb_user`.`isdel` IS NULL LIMIT 1 [ RunTime:0.000088s ]
[ sql ] [ SQL ] SELECT * FROM `wb_setting` WHERE  `skey` = 'orders_point_proportion' LIMIT 1 [ RunTime:0.000071s ]
[ sql ] [ SQL ] SELECT * FROM `wb_setting` WHERE  `skey` = 'point_discounted_proportion' LIMIT 1 [ RunTime:0.000067s ]
---------------------------------------------------------------
[2026-04-01T20:13:25+08:00] 127.0.0.1 POST www.jiwankang.com/api.html
[运行时间：0.036823s] [吞吐率：27.16req/s] [内存消耗：4,761.55kb] [文件加载：103]
[ info ] [ LANG ] E:\wwwroot\2026\04\jiwankang\thinkphp\lang\zh-cn.php
[ info ] [ ROUTE ] array (
)
[ info ] [ HEADER ] array (
  'referer' => 'http://localhost:8080/',
  'origin' => 'http://localhost:8080',
  'content-type' => 'application/json',
  'accept-language' => 'zh-CN,zh;q=0.9',
  'accept-encoding' => 'gzip, deflate',
  'accept' => 'application/json',
  'content-length' => '97',
  'user-agent' => 'Mozilla/5.0 (iPhone; CPU iPhone OS 18_5 like Mac OS X) AppleWebKit/605.1.15 (KHTML, like Gecko) Version/18.5 Mobile/15E148 Safari/604.1',
  'host' => 'www.jiwankang.com',
)
[ info ] [ PARAM ] array (
  'order_money' => '4990.00',
  'token' => 'c44ff269142cc0000a5aab51e13546e0',
  'method' => 'user.getuserpoint',
)
[ info ] [ DB ] INIT mysql
[ sql ] [ DB ] CONNECT:[ UseTime:0.000637s ] mysql:host=127.0.0.1;port=3306;dbname=jiwankang;charset=utf8mb4
[ sql ] [ SQL ] SHOW COLUMNS FROM `wb_user` [ RunTime:0.000523s ]
[ sql ] [ SQL ] SELECT * FROM `wb_user` WHERE (  `id` = 1 ) AND `wb_user`.`isdel` IS NULL LIMIT 1 [ RunTime:0.000180s ]
[ sql ] [ SQL ] SHOW COLUMNS FROM `wb_setting` [ RunTime:0.000709s ]
[ sql ] [ SQL ] SELECT * FROM `wb_setting` WHERE  `skey` = 'language' LIMIT 1 [ RunTime:0.000484s ]
[ sql ] [ SQL ] SELECT * FROM `wb_setting` WHERE  `skey` = 'language' LIMIT 1 [ RunTime:0.000172s ]
[ sql ] [ SQL ] SELECT * FROM `wb_setting` WHERE  `skey` = 'point_switch' LIMIT 1 [ RunTime:0.000200s ]
[ sql ] [ SQL ] SELECT `point` FROM `wb_user` WHERE (  `id` = 1 ) AND `wb_user`.`isdel` IS NULL LIMIT 1 [ RunTime:0.000229s ]
[ sql ] [ SQL ] SELECT * FROM `wb_setting` WHERE  `skey` = 'orders_point_proportion' LIMIT 1 [ RunTime:0.000200s ]
[ sql ] [ SQL ] SELECT * FROM `wb_setting` WHERE  `skey` = 'point_discounted_proportion' LIMIT 1 [ RunTime:0.000266s ]
---------------------------------------------------------------
[2026-04-01T20:13:26+08:00] 127.0.0.1 POST www.jiwankang.com/api.html
[运行时间：0.078036s] [吞吐率：12.81req/s] [内存消耗：6,002.80kb] [文件加载：121]
[ info ] [ LANG ] E:\wwwroot\2026\04\jiwankang\thinkphp\lang\zh-cn.php
[ info ] [ ROUTE ] array (
)
[ info ] [ HEADER ] array (
  'referer' => 'http://localhost:8080/',
  'origin' => 'http://localhost:8080',
  'content-type' => 'application/json',
  'accept-language' => 'zh-CN,zh;q=0.9',
  'accept-encoding' => 'gzip, deflate',
  'accept' => 'application/json',
  'content-length' => '234',
  'user-agent' => 'Mozilla/5.0 (iPhone; CPU iPhone OS 18_5 like Mac OS X) AppleWebKit/605.1.15 (KHTML, like Gecko) Version/18.5 Mobile/15E148 Safari/604.1',
  'host' => 'www.jiwankang.com',
)
[ info ] [ PARAM ] array (
  'cart_ids' => '11',
  'memo' => '',
  'point' => 0,
  'receipt_type' => '1',
  'coupon_code' => '',
  'tax_type' => '1',
  'tax_name' => '不开发票',
  'tax_code' => '',
  'source' => '2',
  'uship_id' => '1',
  'area_id' => '150525',
  'token' => 'c44ff269142cc0000a5aab51e13546e0',
  'method' => 'order.create',
)
[ info ] [ DB ] INIT mysql
[ sql ] [ DB ] CONNECT:[ UseTime:0.001044s ] mysql:host=127.0.0.1;port=3306;dbname=jiwankang;charset=utf8mb4
[ sql ] [ SQL ] SHOW COLUMNS FROM `wb_user` [ RunTime:0.000749s ]
[ sql ] [ SQL ] SELECT * FROM `wb_user` WHERE (  `id` = 1 ) AND `wb_user`.`isdel` IS NULL LIMIT 1 [ RunTime:0.000240s ]
[ sql ] [ SQL ] SHOW COLUMNS FROM `wb_user_ship` [ RunTime:0.001028s ]
[ sql ] [ SQL ] SELECT * FROM `wb_user_ship` WHERE  `id` = 1  AND `user_id` = 1 LIMIT 1 [ RunTime:0.000168s ]
[ sql ] [ SQL ] SHOW COLUMNS FROM `wb_ship` [ RunTime:0.000313s ]
[ sql ] [ SQL ] SELECT * FROM `wb_ship` WHERE  `status` = 1  AND `area_fee` LIKE '%\\\\\"150525\\\\\"%'  AND `type` = 2 LIMIT 1 [ RunTime:0.000137s ]
[ sql ] [ SQL ] SELECT * FROM `wb_ship` WHERE  `is_def` = 1  AND `status` = 1 LIMIT 1 [ RunTime:0.000096s ]
[ sql ] [ SQL ] SELECT * FROM `wb_ship` WHERE  `status` = 1 LIMIT 1 [ RunTime:0.000087s ]
[ sql ] [ SQL ] SHOW COLUMNS FROM `wb_cart` [ RunTime:0.000244s ]
[ sql ] [ SQL ] SELECT * FROM `wb_cart` WHERE  `user_id` = 1  AND `type` = 1  AND `id` IN (11) [ RunTime:0.000111s ]
[ sql ] [ SQL ] SHOW COLUMNS FROM `wb_products` [ RunTime:0.000263s ]
[ sql ] [ SQL ] SELECT * FROM `wb_products` WHERE  `id` = 3 LIMIT 1 [ RunTime:0.000111s ]
[ sql ] [ SQL ] SHOW COLUMNS FROM `wb_goods` [ RunTime:0.000343s ]
[ sql ] [ SQL ] SELECT `name`,`image_id`,`bn`,`marketable`,`spes_desc`,`is_combo`,`point`,`open_point` FROM `wb_goods` WHERE  `id` = 2 LIMIT 1 [ RunTime:0.000328s ]
[ sql ] [ SQL ] SELECT `grade` FROM `wb_user` WHERE (  `id` = 1 ) AND `wb_user`.`isdel` IS NULL LIMIT 1 [ RunTime:0.000410s ]
[ sql ] [ SQL ] SHOW COLUMNS FROM `wb_setting` [ RunTime:0.000659s ]
[ sql ] [ SQL ] SELECT * FROM `wb_setting` WHERE  `skey` = 'language' LIMIT 1 [ RunTime:0.000143s ]
[ sql ] [ SQL ] SELECT * FROM `wb_setting` WHERE  `skey` = 'language' LIMIT 1 [ RunTime:0.000085s ]
[ sql ] [ SQL ] SHOW COLUMNS FROM `wb_goods_grade` [ RunTime:0.000949s ]
[ sql ] [ SQL ] SELECT * FROM `wb_goods_grade` WHERE  `goods_id` = 2 [ RunTime:0.000183s ]
[ sql ] [ SQL ] SHOW COLUMNS FROM `wb_user_grade` [ RunTime:0.000851s ]
[ sql ] [ SQL ] SELECT `name` FROM `wb_user_grade` WHERE  `id` = 1 LIMIT 1 [ RunTime:0.000115s ]
[ sql ] [ SQL ] SELECT `name` FROM `wb_user_grade` WHERE  `id` = 2 LIMIT 1 [ RunTime:0.000077s ]
[ sql ] [ SQL ] SELECT `name` FROM `wb_user_grade` WHERE  `id` = 3 LIMIT 1 [ RunTime:0.000067s ]
[ sql ] [ SQL ] SELECT `name` FROM `wb_user_grade` WHERE  `id` = 4 LIMIT 1 [ RunTime:0.000065s ]
[ sql ] [ SQL ] SELECT `name` FROM `wb_user_grade` WHERE  `id` = 5 LIMIT 1 [ RunTime:0.000066s ]
[ sql ] [ SQL ] SELECT `p`.`id`,`g`.`marketable` FROM `wb_products` `p` INNER JOIN `wb_goods` `g` ON `g`.`id`=`p`.`goods_id` WHERE  `p`.`id` = '3' LIMIT 1 [ RunTime:0.000113s ]
[ sql ] [ SQL ] SELECT `goods_id` FROM `wb_products` WHERE  `id` = 3 LIMIT 1 [ RunTime:0.000071s ]
[ sql ] [ SQL ] SELECT `weight` FROM `wb_goods` WHERE  `id` = 2 LIMIT 1 [ RunTime:0.000070s ]
[ sql ] [ SQL ] SHOW COLUMNS FROM `wb_goods_collection` [ RunTime:0.000758s ]
[ sql ] [ SQL ] SELECT * FROM `wb_goods_collection` WHERE  `user_id` = 1  AND `goods_id` = 2 LIMIT 1 [ RunTime:0.000139s ]
[ sql ] [ SQL ] SHOW COLUMNS FROM `wb_promotion` [ RunTime:0.000769s ]
[ sql ] [ SQL ] SELECT * FROM `wb_promotion` WHERE (  `status` = 1  AND `stime` < 1775045606  AND `etime` > 1775045606  AND `type` = 1 ) AND `wb_promotion`.`isdel` IS NULL ORDER BY `sort` ASC [ RunTime:0.000178s ]
[ sql ] [ SQL ] SELECT * FROM `wb_ship` WHERE  `status` = 1  AND `type` = 2  AND (  FIND_IN_SET('150525',area_fee)  ) LIMIT 1 [ RunTime:0.000141s ]
[ sql ] [ SQL ] SELECT * FROM `wb_ship` WHERE  `is_def` = 1  AND `status` = 1 LIMIT 1 [ RunTime:0.000095s ]
[ sql ] [ SQL ] SELECT * FROM `wb_ship` WHERE  `status` = 1 LIMIT 1 [ RunTime:0.000083s ]
[ sql ] [ SQL ] SHOW COLUMNS FROM `wb_order` [ RunTime:0.000824s ]
[ sql ] [ SQL ] INSERT INTO `wb_order` (`order_id` , `user_id` , `order_type` , `ship_area_id` , `ship_address` , `ship_name` , `ship_mobile` , `logistics_id` , `logistics_name` , `store_id` , `goods_amount` , `order_amount` , `cost_freight` , `promotion_list` , `point` , `point_money` , `weight` , `order_pmt` , `goods_pmt` , `coupon_pmt` , `coupon` , `ip` , `memo` , `source` , `tax_type` , `tax_title` , `tax_code` , `ctime` , `utime`) VALUES ('S04012013262819' , 1 , 1 , 150525 , '撒防守打法撒旦法' , '夏赟浩' , '18919660526' , NULL , NULL , 0 , 4990 , 4990 , 0 , '[]' , 0 , 0 , 0 , 0 , 0 , 0 , '[]' , '127.0.0.1' , '' , 2 , 1 , '不开发票' , '' , 1775045606 , 1775045606) [ RunTime:0.000194s ]
[ sql ] [ SQL ] SELECT * FROM `wb_setting` WHERE  `skey` = 'language' LIMIT 1 [ RunTime:0.000101s ]
[ sql ] [ SQL ] SELECT * FROM `wb_setting` WHERE  `skey` = 'language' LIMIT 1 [ RunTime:0.000071s ]
[ sql ] [ SQL ] SELECT `goods_id` FROM `wb_products` WHERE  `id` = 3 LIMIT 1 [ RunTime:0.000079s ]
[ sql ] [ SQL ] UPDATE `wb_goods`  SET `buy_count` = `buy_count` + 5  WHERE  `id` = 2 [ RunTime:0.000118s ]
[ sql ] [ SQL ] UPDATE `wb_products`  SET `freeze_stock` = `freeze_stock` + 5  WHERE  `id` = 3  AND (  IF(stock < freeze_stock, 0, stock - freeze_stock)-5>=0 ) [ RunTime:0.000111s ]
[ sql ] [ SQL ] SHOW COLUMNS FROM `wb_order_items` [ RunTime:0.000799s ]
[ sql ] [ SQL ] INSERT INTO `wb_order_items` (`order_id` , `goods_id` , `product_id` , `sn` , `bn` , `name` , `price` , `costprice` , `mktprice` , `image_url` , `nums` , `amount` , `promotion_amount` , `weight` , `sendnums` , `addon` , `cate_id` , `zw_tag` , `promotion_list` , `ave_price` , `ave_amount` , `utime`) VALUES ('S04012013262819' , 2 , 3 , 'P7748594377925' , 'G7748594377885' , '济丸康' , 998 , 0 , 0 , 'http://www.jiwankang.com/static/uploads/images/2026/03/30/177485734869ca2c8422846.png' , 5 , 4990 , 0 , 0 , 0 , NULL , 2 , 'T998' , '[]' , 998 , 4990 , 1775045606) [ RunTime:0.000153s ]
[ sql ] [ SQL ] DELETE FROM `wb_cart` WHERE  `user_id` = 1  AND `id` IN (11)  AND `type` = 1 [ RunTime:0.003541s ]
[ sql ] [ SQL ] SHOW COLUMNS FROM `wb_order_log` [ RunTime:0.001473s ]
[ sql ] [ SQL ] INSERT INTO `wb_order_log` (`order_id` , `user_id` , `type` , `msg` , `data` , `ctime`) VALUES ('S04012013262819' , 1 , 1 , '订单创建' , '{\"order_id\":\"S04012013262819\",\"user_id\":1,\"order_type\":\"1\",\"ship_area_id\":150525,\"ship_address\":\"\\u6492\\u9632\\u5b88\\u6253\\u6cd5\\u6492\\u65e6\\u6cd5\",\"ship_name\":\"\\u590f\\u8d5f\\u6d69\",\"ship_mobile\":\"18919660526\",\"logistics_id\":null,\"logistics_name\":null,\"store_id\":0,\"goods_amount\":\"4990.00\",\"order_amount\":\"4990.00\",\"cost_freight\":\"0.00\",\"promotion_list\":\"[]\",\"point\":0,\"point_money\":0,\"weight\":\"0.00\",\"order_pmt\":0,\"goods_pmt\":\"0.00\",\"coupon_pmt\":0,\"coupon\":\"[]\",\"ip\":\"127.0.0.1\",\"memo\":\"\",\"source\":\"2\",\"tax_type\":\"1\",\"tax_title\":\"\\u4e0d\\u5f00\\u53d1\\u7968\",\"tax_code\":\"\"}' , 1775045606) [ RunTime:0.001743s ]
[ sql ] [ SQL ] SELECT * FROM `wb_ship` WHERE  `id` IS NULL LIMIT 1 [ RunTime:0.000132s ]
[ sql ] [ SQL ] SHOW COLUMNS FROM `wb_area` [ RunTime:0.000804s ]
[ sql ] [ SQL ] SELECT `id`,`name`,`parent_id`,`postal_code` FROM `wb_area` WHERE  `id` = 150525 LIMIT 1 [ RunTime:0.000127s ]
[ sql ] [ SQL ] SELECT `id`,`name`,`parent_id`,`postal_code` FROM `wb_area` WHERE  `parent_id` = 150500 [ RunTime:0.000646s ]
[ sql ] [ SQL ] SELECT `id`,`name`,`parent_id`,`postal_code` FROM `wb_area` WHERE  `id` = 150500 LIMIT 1 [ RunTime:0.000082s ]
[ sql ] [ SQL ] SELECT `id`,`name`,`parent_id`,`postal_code` FROM `wb_area` WHERE  `parent_id` = 150000 [ RunTime:0.000627s ]
[ sql ] [ SQL ] SELECT `id`,`name`,`parent_id`,`postal_code` FROM `wb_area` WHERE  `id` = 150000 LIMIT 1 [ RunTime:0.000075s ]
[ sql ] [ SQL ] SELECT `id`,`name`,`parent_id`,`postal_code` FROM `wb_area` WHERE  `parent_id` = 0 [ RunTime:0.000629s ]
[ sql ] [ SQL ] SHOW COLUMNS FROM `wb_message_center` [ RunTime:0.000903s ]
[ sql ] [ SQL ] SELECT * FROM `wb_message_center` WHERE  `code` = 'create_order' LIMIT 1 [ RunTime:0.000132s ]
[ sql ] [ SQL ] SHOW COLUMNS FROM `wb_message` [ RunTime:0.001417s ]
[ sql ] [ SQL ] INSERT INTO `wb_message` (`user_id` , `code` , `params` , `content` , `ctime` , `utime`) VALUES (1 , 'create_order' , '{\"order_id\":\"S04012013262819\",\"user_id\":1,\"order_type\":\"1\",\"ship_area_id\":150525,\"ship_address\":\"\\u6492\\u9632\\u5b88\\u6253\\u6cd5\\u6492\\u65e6\\u6cd5\",\"ship_name\":\"\\u590f\\u8d5f\\u6d69\",\"ship_mobile\":\"18919660526\",\"logistics_id\":null,\"logistics_name\":null,\"store_id\":0,\"goods_amount\":\"4990.00\",\"order_amount\":\"4990.00\",\"cost_freight\":\"0.00\",\"promotion_list\":\"[]\",\"point\":0,\"point_money\":0,\"weight\":\"0.00\",\"order_pmt\":0,\"goods_pmt\":\"0.00\",\"coupon_pmt\":0,\"coupon\":\"[]\",\"ip\":\"127.0.0.1\",\"memo\":\"\",\"source\":\"2\",\"tax_type\":\"1\",\"tax_title\":\"\\u4e0d\\u5f00\\u53d1\\u7968\",\"tax_code\":\"\",\"tax_content\":\"\\u5546\\u54c1\\u660e\\u7ec6\",\"ship_id\":null,\"ship_addr\":\"\\u5185\\u8499\\u53e4\\u81ea\\u6cbb\\u533a \\u901a\\u8fbd\\u5e02 \\u5948\\u66fc\\u65d7 \\u6492\\u9632\\u5b88\\u6253\\u6cd5\\u6492\\u65e6\\u6cd5\",\"form_id\":\"\"}' , '订单创建成功。' , 1775045606 , 1775045606) [ RunTime:0.000425s ]
---------------------------------------------------------------
[2026-04-01T20:13:26+08:00] 127.0.0.1 POST www.jiwankang.com/api.html
[运行时间：0.064215s] [吞吐率：15.57req/s] [内存消耗：4,245.58kb] [文件加载：101]
[ info ] [ LANG ] E:\wwwroot\2026\04\jiwankang\thinkphp\lang\zh-cn.php
[ info ] [ ROUTE ] array (
)
[ info ] [ HEADER ] array (
  'referer' => 'http://localhost:8080/',
  'origin' => 'http://localhost:8080',
  'content-type' => 'application/json',
  'accept-language' => 'zh-CN,zh;q=0.9',
  'accept-encoding' => 'gzip, deflate',
  'accept' => 'application/json',
  'content-length' => '41',
  'user-agent' => 'Mozilla/5.0 (iPhone; CPU iPhone OS 18_5 like Mac OS X) AppleWebKit/605.1.15 (KHTML, like Gecko) Version/18.5 Mobile/15E148 Safari/604.1',
  'host' => 'www.jiwankang.com',
)
[ info ] [ PARAM ] array (
  'exp' => false,
  'method' => 'payments.getlist',
)
[ info ] [ DB ] INIT mysql
[ sql ] [ DB ] CONNECT:[ UseTime:0.011996s ] mysql:host=127.0.0.1;port=3306;dbname=jiwankang;charset=utf8mb4
[ sql ] [ SQL ] SHOW COLUMNS FROM `wb_payments` [ RunTime:0.001608s ]
[ sql ] [ SQL ] SELECT `code`,`name`,`sort`,`memo`,`status`,`is_online` FROM `wb_payments` WHERE  `status` = 1 ORDER BY `sort` ASC [ RunTime:0.000694s ]
---------------------------------------------------------------
[2026-04-01T20:13:26+08:00] 127.0.0.1 POST www.jiwankang.com/api.html
[运行时间：0.071513s] [吞吐率：13.98req/s] [内存消耗：4,636.29kb] [文件加载：101]
[ info ] [ LANG ] E:\wwwroot\2026\04\jiwankang\thinkphp\lang\zh-cn.php
[ info ] [ ROUTE ] array (
)
[ info ] [ HEADER ] array (
  'referer' => 'http://localhost:8080/',
  'origin' => 'http://localhost:8080',
  'content-type' => 'application/json',
  'accept-language' => 'zh-CN,zh;q=0.9',
  'accept-encoding' => 'gzip, deflate',
  'accept' => 'application/json',
  'content-length' => '114',
  'user-agent' => 'Mozilla/5.0 (iPhone; CPU iPhone OS 18_5 like Mac OS X) AppleWebKit/605.1.15 (KHTML, like Gecko) Version/18.5 Mobile/15E148 Safari/604.1',
  'host' => 'www.jiwankang.com',
)
[ info ] [ PARAM ] array (
  'ids' => 'S04012013262819',
  'payment_type' => '1',
  'token' => 'c44ff269142cc0000a5aab51e13546e0',
  'method' => 'payments.checkpay',
)
[ info ] [ DB ] INIT mysql
[ sql ] [ DB ] CONNECT:[ UseTime:0.009650s ] mysql:host=127.0.0.1;port=3306;dbname=jiwankang;charset=utf8mb4
[ sql ] [ SQL ] SHOW COLUMNS FROM `wb_order` [ RunTime:0.002125s ]
[ sql ] [ SQL ] SELECT * FROM `wb_order` WHERE (  `order_id` = 'S04012013262819'  AND `pay_status` = 1  AND `status` = 1 ) AND `wb_order`.`isdel` IS NULL LIMIT 1 [ RunTime:0.000883s ]
---------------------------------------------------------------
[2026-04-01T20:13:27+08:00] 127.0.0.1 POST www.jiwankang.com/api.html
[运行时间：0.066519s] [吞吐率：15.03req/s] [内存消耗：5,758.49kb] [文件加载：125]
[ info ] [ LANG ] E:\wwwroot\2026\04\jiwankang\thinkphp\lang\zh-cn.php
[ info ] [ ROUTE ] array (
)
[ info ] [ HEADER ] array (
  'referer' => 'http://localhost:8080/',
  'origin' => 'http://localhost:8080',
  'content-type' => 'application/json',
  'accept-language' => 'zh-CN,zh;q=0.9',
  'accept-encoding' => 'gzip, deflate',
  'accept' => 'application/json',
  'content-length' => '133',
  'user-agent' => 'Mozilla/5.0 (iPhone; CPU iPhone OS 18_5 like Mac OS X) AppleWebKit/605.1.15 (KHTML, like Gecko) Version/18.5 Mobile/15E148 Safari/604.1',
  'host' => 'www.jiwankang.com',
)
[ info ] [ PARAM ] array (
  'payment_code' => 'balancepay',
  'payment_type' => '1',
  'ids' => 'S04012013262819',
  'token' => 'c44ff269142cc0000a5aab51e13546e0',
  'method' => 'user.pay',
)
[ info ] [ DB ] INIT mysql
[ sql ] [ DB ] CONNECT:[ UseTime:0.000702s ] mysql:host=127.0.0.1;port=3306;dbname=jiwankang;charset=utf8mb4
[ sql ] [ SQL ] SHOW COLUMNS FROM `wb_user` [ RunTime:0.000553s ]
[ sql ] [ SQL ] SELECT * FROM `wb_user` WHERE (  `id` = 1 ) AND `wb_user`.`isdel` IS NULL LIMIT 1 [ RunTime:0.000208s ]
[ sql ] [ SQL ] SHOW COLUMNS FROM `wb_order` [ RunTime:0.000392s ]
[ sql ] [ SQL ] SELECT `pay_status` FROM `wb_order` WHERE (  `order_id` = 'S04012013262819' ) AND `wb_order`.`isdel` IS NULL LIMIT 1 [ RunTime:0.000141s ]
[ sql ] [ SQL ] SHOW COLUMNS FROM `wb_payments` [ RunTime:0.000339s ]
[ sql ] [ SQL ] SELECT * FROM `wb_payments` WHERE  `code` = 'balancepay'  AND `status` = 1 LIMIT 1 [ RunTime:0.000165s ]
[ sql ] [ SQL ] SELECT * FROM `wb_payments` WHERE  `code` = 'balancepay'  AND `status` = 1 LIMIT 1 [ RunTime:0.000207s ]
[ sql ] [ SQL ] SELECT * FROM `wb_order` WHERE (  `order_id` = 'S04012013262819'  AND `pay_status` = 1  AND `status` = 1 ) AND `wb_order`.`isdel` IS NULL LIMIT 1 [ RunTime:0.000196s ]
[ sql ] [ SQL ] SHOW COLUMNS FROM `wb_bill_payments` [ RunTime:0.000291s ]
[ sql ] [ SQL ] INSERT INTO `wb_bill_payments` (`payment_id` , `money` , `user_id` , `type` , `payment_code` , `ip` , `params` , `ctime` , `utime`) VALUES ('27750456078071' , 4990 , 1 , 1 , 'balancepay' , '127.0.0.1' , '[]' , 1775045607 , 1775045607) [ RunTime:0.000150s ]
[ sql ] [ SQL ] SHOW COLUMNS FROM `wb_bill_payments_rel` [ RunTime:0.003255s ]
[ sql ] [ SQL ] INSERT INTO `wb_bill_payments_rel` (`payment_id` , `source_id` , `money`) VALUES ('27750456078071' , 'S04012013262819' , 4990) [ RunTime:0.000106s ]
[ sql ] [ SQL ] SHOW COLUMNS FROM `wb_order_items` [ RunTime:0.000592s ]
[ sql ] [ SQL ] SELECT * FROM `wb_order_items` WHERE  `order_id` = 'S04012013262819' LIMIT 1 [ RunTime:0.000288s ]
[ sql ] [ SQL ] SELECT * FROM `wb_user` WHERE (  `id` = 1 ) AND `wb_user`.`isdel` IS NULL LIMIT 1 [ RunTime:0.000170s ]
[ sql ] [ SQL ] SHOW COLUMNS FROM `wb_balance` [ RunTime:0.000268s ]
[ sql ] [ SQL ] INSERT INTO `wb_balance` (`user_id` , `type` , `money` , `balance` , `source_id` , `memo` , `ctime`) VALUES (1 , 1 , -4990 , 977084 , '27750456078071' , '消费了4990元' , 1775045607) [ RunTime:0.000120s ]
[ sql ] [ SQL ] UPDATE `wb_user`  SET `balance` = 977084 , `utime` = 1775045607  WHERE (  `id` = 1 ) AND `wb_user`.`isdel` IS NULL [ RunTime:0.000138s ]
[ sql ] [ SQL ] SELECT * FROM `wb_bill_payments` WHERE  `payment_id` = '27750456078071' LIMIT 1 [ RunTime:0.000126s ]
[ sql ] [ SQL ] SELECT * FROM `wb_bill_payments` WHERE  `payment_id` = '27750456078071'  AND `money` = 4990  AND `status` <> 2 LIMIT 1 [ RunTime:0.000132s ]
[ sql ] [ SQL ] UPDATE `wb_bill_payments`  SET `status` = 2 , `payment_code` = 'balancepay' , `payed_msg` = NULL , `trade_no` = NULL , `utime` = 1775045607  WHERE  `payment_id` = '27750456078071'  AND `money` = 4990  AND `status` <> 2 [ RunTime:0.000189s ]
[ sql ] [ SQL ] SELECT * FROM `wb_bill_payments_rel` WHERE  `payment_id` = '27750456078071' [ RunTime:0.000124s ]
[ sql ] [ SQL ] SHOW COLUMNS FROM `wb_setting` [ RunTime:0.000270s ]
[ sql ] [ SQL ] SELECT * FROM `wb_setting` WHERE  `skey` = 'language' LIMIT 1 [ RunTime:0.000094s ]
[ sql ] [ SQL ] SELECT * FROM `wb_setting` WHERE  `skey` = 'language' LIMIT 1 [ RunTime:0.000070s ]
[ sql ] [ SQL ] SELECT * FROM `wb_order` WHERE (  `order_id` = 'S04012013262819'  AND `status` = 1 ) AND `wb_order`.`isdel` IS NULL LIMIT 1 [ RunTime:0.000159s ]
[ sql ] [ SQL ] UPDATE `wb_order`  SET `payment_code` = 'balancepay' , `payed` = 4990 , `pay_status` = 2 , `payment_time` = 1775045607  WHERE (  `order_id` = 'S04012013262819' ) AND `wb_order`.`isdel` IS NULL [ RunTime:0.000160s ]
[ sql ] [ SQL ] SELECT * FROM `wb_setting` WHERE  `skey` = 'order_butie' LIMIT 1 [ RunTime:0.000117s ]
[ sql ] [ SQL ] SELECT * FROM `wb_order_items` WHERE  `order_id` = 'S04012013262819' [ RunTime:0.000131s ]
[ sql ] [ SQL ] SHOW COLUMNS FROM `wb_money` [ RunTime:0.002944s ]
[ sql ] [ SQL ] SELECT `money` FROM `wb_money` WHERE  `type` = 1 LIMIT 1 [ RunTime:0.000413s ]
[ sql ] [ SQL ] SELECT * FROM `wb_money` WHERE  `type` = 1 LIMIT 1 [ RunTime:0.000437s ]
[ sql ] [ SQL ] UPDATE `wb_money`  SET `money` = 6237.5 , `utime` = 1775045607  WHERE  `id` = 1 [ RunTime:0.000466s ]
[ sql ] [ SQL ] SHOW COLUMNS FROM `wb_money_log` [ RunTime:0.000638s ]
[ sql ] [ SQL ] INSERT INTO `wb_money_log` (`money` , `flow_type` , `source_id` , `balance` , `ctime` , `utime`) VALUES (1247.5 , 1 , 'S04012013262819' , 6237.5 , 1775045607 , 1775045607) [ RunTime:0.000204s ]
[ sql ] [ SQL ] SELECT `mobile` FROM `wb_user` WHERE (  `id` = 1 ) AND `wb_user`.`isdel` IS NULL LIMIT 1 [ RunTime:0.000122s ]
[ sql ] [ SQL ] SHOW COLUMNS FROM `wb_message_center` [ RunTime:0.000276s ]
[ sql ] [ SQL ] SELECT * FROM `wb_message_center` WHERE  `code` = 'order_payed' LIMIT 1 [ RunTime:0.000105s ]
[ sql ] [ SQL ] SHOW COLUMNS FROM `wb_message` [ RunTime:0.000260s ]
[ sql ] [ SQL ] INSERT INTO `wb_message` (`user_id` , `code` , `params` , `content` , `ctime` , `utime`) VALUES (1 , 'order_payed' , '{\"order_id\":\"S04012013262819\",\"goods_amount\":\"4990.00\",\"payed\":\"0.00\",\"order_amount\":\"4990.00\",\"pay_status\":1,\"ship_status\":1,\"status\":1,\"order_type\":1,\"payment_code\":null,\"payment_time\":null,\"logistics_id\":null,\"logistics_name\":null,\"cost_freight\":\"0.00\",\"user_id\":1,\"seller_id\":null,\"confirm\":1,\"confirm_time\":null,\"store_id\":0,\"ship_area_id\":150525,\"ship_address\":\"\\u6492\\u9632\\u5b88\\u6253\\u6cd5\\u6492\\u65e6\\u6cd5\",\"ship_name\":\"\\u590f\\u8d5f\\u6d69\",\"ship_mobile\":\"18919660526\",\"weight\":0,\"tax_type\":1,\"tax_code\":\"\",\"tax_title\":\"\\u4e0d\\u5f00\\u53d1\\u7968\",\"point\":0,\"point_money\":\"0.00\",\"order_pmt\":\"0.00\",\"goods_pmt\":\"0.00\",\"coupon_pmt\":\"0.00\",\"coupon\":\"[]\",\"promotion_list\":\"[]\",\"memo\":\"\",\"ip\":\"127.0.0.1\",\"mark\":null,\"source\":2,\"is_comment\":1,\"ctime\":1775045606,\"utime\":1775045606,\"isdel\":null,\"pay_time\":\"2026-04-01 20:13:27\",\"money\":\"4990.00\",\"user_name\":\"18919660526\"}' , '恭喜您，订单支付成功,祝您购物愉快。' , 1775045607 , 1775045607) [ RunTime:0.000120s ]
[ sql ] [ SQL ] SELECT * FROM `wb_message_center` WHERE  `code` = 'seller_order_notice' LIMIT 1 [ RunTime:0.000094s ]
[ sql ] [ SQL ] SELECT `mobile` FROM `wb_user` WHERE (  `id` = 1 ) AND `wb_user`.`isdel` IS NULL LIMIT 1 [ RunTime:0.000089s ]
[ sql ] [ SQL ] SELECT * FROM `wb_setting` WHERE  `skey` = 'shop_mobile' LIMIT 1 [ RunTime:0.000104s ]
[ sql ] [ SQL ] SELECT * FROM `wb_order` WHERE (  `order_id` = 'S04012013262819' ) AND `wb_order`.`isdel` IS NULL LIMIT 1 [ RunTime:0.000247s ]
[ sql ] [ SQL ] SELECT * FROM `wb_user` WHERE (  `id` = 1 ) AND `wb_user`.`isdel` IS NULL LIMIT 1 [ RunTime:0.000141s ]
[ sql ] [ SQL ] SELECT SUM(`nums`) AS tp_sum FROM `wb_order` `o` INNER JOIN `wb_order_items` `i` ON `i`.`order_id`=`o`.`order_id` WHERE  `o`.`user_id` = '1'  AND `o`.`pay_status` = '2'  AND `i`.`cate_id` = '2'  AND `status` < 3 LIMIT 1 [ RunTime:0.000160s ]
[ sql ] [ SQL ] SELECT * FROM `wb_user` WHERE (  `id` = 1 ) AND `wb_user`.`isdel` IS NULL LIMIT 1 [ RunTime:0.000125s ]
[ sql ] [ SQL ] SHOW COLUMNS FROM `wb_order_log` [ RunTime:0.000304s ]
[ sql ] [ SQL ] INSERT INTO `wb_order_log` (`order_id` , `user_id` , `type` , `msg` , `data` , `ctime`) VALUES ('S04012013262819' , 1 , 2 , '订单支付成功' , '[{\"status\":true,\"data\":1,\"msg\":\"\\u8ba2\\u5355\\u652f\\u4ed8\\u6210\\u529f\"},{\"payment_code\":\"balancepay\",\"payed\":\"4990.00\",\"pay_status\":2,\"payment_time\":1775045607}]' , 1775045607) [ RunTime:0.000113s ]
[ error ] [8]未定义数组索引: memo[E:\wwwroot\2026\04\jiwankang\extend\org\payments\balancepay.php:38]
[ error ] [8]未定义数组索引: id[E:\wwwroot\2026\04\jiwankang\extend\org\payments\balancepay.php:38]
[ error ] [8]Object of class app\common\model\User could not be converted to int[E:\wwwroot\2026\04\jiwankang\addons\Userupgrade\Userupgrade.php:97]
---------------------------------------------------------------
[2026-04-01T20:13:28+08:00] 127.0.0.1 POST www.jiwankang.com/api.html
[运行时间：0.037672s] [吞吐率：26.54req/s] [内存消耗：4,721.13kb] [文件加载：107]
[ info ] [ LANG ] E:\wwwroot\2026\04\jiwankang\thinkphp\lang\zh-cn.php
[ info ] [ ROUTE ] array (
)
[ info ] [ HEADER ] array (
  'referer' => 'http://localhost:8080/',
  'origin' => 'http://localhost:8080',
  'content-type' => 'application/json',
  'accept-language' => 'zh-CN,zh;q=0.9',
  'accept-encoding' => 'gzip, deflate',
  'accept' => 'application/json',
  'content-length' => '102',
  'user-agent' => 'Mozilla/5.0 (iPhone; CPU iPhone OS 18_5 like Mac OS X) AppleWebKit/605.1.15 (KHTML, like Gecko) Version/18.5 Mobile/15E148 Safari/604.1',
  'host' => 'www.jiwankang.com',
)
[ info ] [ PARAM ] array (
  'payment_id' => '27750456078071',
  'token' => 'c44ff269142cc0000a5aab51e13546e0',
  'method' => 'payments.getinfo',
)
[ info ] [ DB ] INIT mysql
[ sql ] [ DB ] CONNECT:[ UseTime:0.000768s ] mysql:host=127.0.0.1;port=3306;dbname=jiwankang;charset=utf8mb4
[ sql ] [ SQL ] SHOW COLUMNS FROM `wb_user` [ RunTime:0.000511s ]
[ sql ] [ SQL ] SELECT * FROM `wb_user` WHERE (  `id` = 1 ) AND `wb_user`.`isdel` IS NULL LIMIT 1 [ RunTime:0.000567s ]
[ sql ] [ SQL ] SHOW COLUMNS FROM `wb_bill_payments` [ RunTime:0.000408s ]
[ sql ] [ SQL ] SELECT * FROM `wb_bill_payments` WHERE  `payment_id` = '27750456078071'  AND `user_id` = 1 LIMIT 1 [ RunTime:0.000154s ]
[ sql ] [ SQL ] SHOW COLUMNS FROM `wb_bill_payments_rel` [ RunTime:0.000366s ]
[ sql ] [ SQL ] SELECT * FROM `wb_bill_payments_rel` WHERE  `payment_id` = '27750456078071' [ RunTime:0.000176s ]
